fila_extraida,operador,periodo,producto,volumen_original,precio_original,motivo
6643,EL GUAEMBE S.R.L.,2025/01,Gas Oil Grado 3,40741.00,1531.00,"Volumen líquido mayor a 5000 m3 por producto y mes: posible escala o carga; pendiente de revisión, no se corrige."
6644,EL GUAEMBE S.R.L.,2025/01,Gas Oil Grado 2,163259.00,1246.00,"Volumen líquido mayor a 5000 m3 por producto y mes: posible escala o carga; pendiente de revisión, no se corrige."
6645,EL GUAEMBE S.R.L.,2025/01,Nafta (premium) de más de 95 Ron,13588.00,1474.00,"Volumen líquido mayor a 5000 m3 por producto y mes: posible escala o carga; pendiente de revisión, no se corrige."
6646,EL GUAEMBE S.R.L.,2025/01,Nafta (súper) entre 92 y 95 Ron,88246.00,1226.00,"Volumen líquido mayor a 5000 m3 por producto y mes: posible escala o carga; pendiente de revisión, no se corrige."
28549,EL GUAEMBE S.R.L.,2025/02,Nafta (súper) entre 92 y 95 Ron,78369.00,1251.00,"Volumen líquido mayor a 5000 m3 por producto y mes: posible escala o carga; pendiente de revisión, no se corrige."
28550,EL GUAEMBE S.R.L.,2025/02,Gas Oil Grado 2,159752.00,1271.00,"Volumen líquido mayor a 5000 m3 por producto y mes: posible escala o carga; pendiente de revisión, no se corrige."
28551,EL GUAEMBE S.R.L.,2025/02,Nafta (premium) de más de 95 Ron,10727.00,1504.00,"Volumen líquido mayor a 5000 m3 por producto y mes: posible escala o carga; pendiente de revisión, no se corrige."
28552,EL GUAEMBE S.R.L.,2025/02,Gas Oil Grado 3,41955.00,1531.00,"Volumen líquido mayor a 5000 m3 por producto y mes: posible escala o carga; pendiente de revisión, no se corrige."
50358,EL GUAEMBE S.R.L.,2025/03,Gas Oil Grado 3,44642.00,1566.00,"Volumen líquido mayor a 5000 m3 por producto y mes: posible escala o carga; pendiente de revisión, no se corrige."
50359,EL GUAEMBE S.R.L.,2025/03,Nafta (súper) entre 92 y 95 Ron,83105.00,1275.00,"Volumen líquido mayor a 5000 m3 por producto y mes: posible escala o carga; pendiente de revisión, no se corrige."
50360,EL GUAEMBE S.R.L.,2025/03,Gas Oil Grado 2,160346.00,1300.00,"Volumen líquido mayor a 5000 m3 por producto y mes: posible escala o carga; pendiente de revisión, no se corrige."
50361,EL GUAEMBE S.R.L.,2025/03,Nafta (premium) de más de 95 Ron,10013.00,1533.00,"Volumen líquido mayor a 5000 m3 por producto y mes: posible escala o carga; pendiente de revisión, no se corrige."
72196,EL GUAEMBE S.R.L.,2025/04,Gas Oil Grado 2,150390.00,1323.00,"Volumen líquido mayor a 5000 m3 por producto y mes: posible escala o carga; pendiente de revisión, no se corrige."
72197,EL GUAEMBE S.R.L.,2025/04,Nafta (premium) de más de 95 Ron,9172.00,1560.00,"Volumen líquido mayor a 5000 m3 por producto y mes: posible escala o carga; pendiente de revisión, no se corrige."
72198,EL GUAEMBE S.R.L.,2025/04,Nafta (súper) entre 92 y 95 Ron,76611.00,1297.00,"Volumen líquido mayor a 5000 m3 por producto y mes: posible escala o carga; pendiente de revisión, no se corrige."
72199,EL GUAEMBE S.R.L.,2025/04,Gas Oil Grado 3,43506.00,1593.00,"Volumen líquido mayor a 5000 m3 por producto y mes: posible escala o carga; pendiente de revisión, no se corrige."
93990,EL GUAEMBE S.R.L.,2025/05,Gas Oil Grado 3,40154.00,1472.00,"Volumen líquido mayor a 5000 m3 por producto y mes: posible escala o carga; pendiente de revisión, no se corrige."
93991,EL GUAEMBE S.R.L.,2025/05,Gas Oil Grado 2,177889.00,1289.00,"Volumen líquido mayor a 5000 m3 por producto y mes: posible escala o carga; pendiente de revisión, no se corrige."
93992,EL GUAEMBE S.R.L.,2025/05,Nafta (común) hasta 92 Ron,67745.00,1274.00,"Volumen líquido mayor a 5000 m3 por producto y mes: posible escala o carga; pendiente de revisión, no se corrige."
93993,EL GUAEMBE S.R.L.,2025/05,Nafta (premium) de más de 95 Ron,8061.00,1469.00,"Volumen líquido mayor a 5000 m3 por producto y mes: posible escala o carga; pendiente de revisión, no se corrige."
93994,EL GUAEMBE S.R.L.,2025/05,Nafta (súper) entre 92 y 95 Ron,67745.00,1274.00,"Volumen líquido mayor a 5000 m3 por producto y mes: posible escala o carga; pendiente de revisión, no se corrige."
115828,EL GUAEMBE S.R.L.,2025/06,Gas Oil Grado 3,27997.00,1489.00,"Volumen líquido mayor a 5000 m3 por producto y mes: posible escala o carga; pendiente de revisión, no se corrige."
115829,EL GUAEMBE S.R.L.,2025/06,Gas Oil Grado 2,144942.00,1304.00,"Volumen líquido mayor a 5000 m3 por producto y mes: posible escala o carga; pendiente de revisión, no se corrige."
115831,EL GUAEMBE S.R.L.,2025/06,Nafta (súper) entre 92 y 95 Ron,46387.00,1288.00,"Volumen líquido mayor a 5000 m3 por producto y mes: posible escala o carga; pendiente de revisión, no se corrige."
137567,EL GUAEMBE S.R.L.,2025/07,Gas Oil Grado 3,29027.00,1581.00,"Volumen líquido mayor a 5000 m3 por producto y mes: posible escala o carga; pendiente de revisión, no se corrige."
137568,EL GUAEMBE S.R.L.,2025/07,Nafta (súper) entre 92 y 95 Ron,48979.00,1363.00,"Volumen líquido mayor a 5000 m3 por producto y mes: posible escala o carga; pendiente de revisión, no se corrige."
137569,EL GUAEMBE S.R.L.,2025/07,Nafta (premium) de más de 95 Ron,6074.00,1578.00,"Volumen líquido mayor a 5000 m3 por producto y mes: posible escala o carga; pendiente de revisión, no se corrige."
137570,EL GUAEMBE S.R.L.,2025/07,Gas Oil Grado 2,185701.00,1379.00,"Volumen líquido mayor a 5000 m3 por producto y mes: posible escala o carga; pendiente de revisión, no se corrige."
159316,EL GUAEMBE S.R.L.,2025/08,Nafta (súper) entre 92 y 95 Ron,56052.00,1440.00,"Volumen líquido mayor a 5000 m3 por producto y mes: posible escala o carga; pendiente de revisión, no se corrige."
159317,EL GUAEMBE S.R.L.,2025/08,Gas Oil Grado 2,180080.00,1470.00,"Volumen líquido mayor a 5000 m3 por producto y mes: posible escala o carga; pendiente de revisión, no se corrige."
159318,EL GUAEMBE S.R.L.,2025/08,Nafta (premium) de más de 95 Ron,6140.00,1667.00,"Volumen líquido mayor a 5000 m3 por producto y mes: posible escala o carga; pendiente de revisión, no se corrige."
159319,EL GUAEMBE S.R.L.,2025/08,Gas Oil Grado 3,30875.00,1678.00,"Volumen líquido mayor a 5000 m3 por producto y mes: posible escala o carga; pendiente de revisión, no se corrige."
180974,EL GUAEMBE S.R.L.,2025/09,Gas Oil Grado 2,166763.00,1511.00,"Volumen líquido mayor a 5000 m3 por producto y mes: posible escala o carga; pendiente de revisión, no se corrige."
180975,EL GUAEMBE S.R.L.,2025/09,Nafta (premium) de más de 95 Ron,5328.00,1721.00,"Volumen líquido mayor a 5000 m3 por producto y mes: posible escala o carga; pendiente de revisión, no se corrige."
180976,EL GUAEMBE S.R.L.,2025/09,Nafta (súper) entre 92 y 95 Ron,50075.00,1498.00,"Volumen líquido mayor a 5000 m3 por producto y mes: posible escala o carga; pendiente de revisión, no se corrige."
180977,EL GUAEMBE S.R.L.,2025/09,Gas Oil Grado 3,29312.00,1744.00,"Volumen líquido mayor a 5000 m3 por producto y mes: posible escala o carga; pendiente de revisión, no se corrige."
202780,EL GUAEMBE S.R.L.,2025/10,Gas Oil Grado 3,32911.00,1797.00,"Volumen líquido mayor a 5000 m3 por producto y mes: posible escala o carga; pendiente de revisión, no se corrige."
202781,EL GUAEMBE S.R.L.,2025/10,Nafta (súper) entre 92 y 95 Ron,59118.00,1540.00,"Volumen líquido mayor a 5000 m3 por producto y mes: posible escala o carga; pendiente de revisión, no se corrige."
202782,EL GUAEMBE S.R.L.,2025/10,Gas Oil Grado 2,177483.00,1540.00,"Volumen líquido mayor a 5000 m3 por producto y mes: posible escala o carga; pendiente de revisión, no se corrige."
202783,EL GUAEMBE S.R.L.,2025/10,Nafta (premium) de más de 95 Ron,5754.00,1756.00,"Volumen líquido mayor a 5000 m3 por producto y mes: posible escala o carga; pendiente de revisión, no se corrige."
224503,EL GUAEMBE S.R.L.,2025/11,Gas Oil Grado 2,159976.00,1708.00,"Volumen líquido mayor a 5000 m3 por producto y mes: posible escala o carga; pendiente de revisión, no se corrige."
224504,EL GUAEMBE S.R.L.,2025/11,Gas Oil Grado 3,24476.00,1946.00,"Volumen líquido mayor a 5000 m3 por producto y mes: posible escala o carga; pendiente de revisión, no se corrige."
224505,EL GUAEMBE S.R.L.,2025/11,Nafta (súper) entre 92 y 95 Ron,54733.00,1685.00,"Volumen líquido mayor a 5000 m3 por producto y mes: posible escala o carga; pendiente de revisión, no se corrige."
224506,EL GUAEMBE S.R.L.,2025/11,Nafta (premium) de más de 95 Ron,5600.00,1924.00,"Volumen líquido mayor a 5000 m3 por producto y mes: posible escala o carga; pendiente de revisión, no se corrige."
246220,EL GUAEMBE S.R.L.,2025/12,Gas Oil Grado 2,128877.00,1749.00,"Volumen líquido mayor a 5000 m3 por producto y mes: posible escala o carga; pendiente de revisión, no se corrige."
246221,EL GUAEMBE S.R.L.,2025/12,Nafta (premium) de más de 95 Ron,6434.00,1938.00,"Volumen líquido mayor a 5000 m3 por producto y mes: posible escala o carga; pendiente de revisión, no se corrige."
246222,EL GUAEMBE S.R.L.,2025/12,Nafta (súper) entre 92 y 95 Ron,58923.00,1693.00,"Volumen líquido mayor a 5000 m3 por producto y mes: posible escala o carga; pendiente de revisión, no se corrige."
246223,EL GUAEMBE S.R.L.,2025/12,Gas Oil Grado 3,22918.00,1949.00,"Volumen líquido mayor a 5000 m3 por producto y mes: posible escala o carga; pendiente de revisión, no se corrige."
9874,GRUPO LV SRL,2025/01,Gas Oil Grado 2,70317.30,1337.76,"Volumen líquido mayor a 5000 m3 por producto y mes: posible escala o carga; pendiente de revisión, no se corrige."
9876,GRUPO LV SRL,2025/01,Nafta (premium) de más de 95 Ron,31965.90,1533.44,"Volumen líquido mayor a 5000 m3 por producto y mes: posible escala o carga; pendiente de revisión, no se corrige."
9877,GRUPO LV SRL,2025/01,Gas Oil Grado 3,28009.30,1594.90,"Volumen líquido mayor a 5000 m3 por producto y mes: posible escala o carga; pendiente de revisión, no se corrige."
14548,OPERADORA COMERCIAL SA,2025/01,Nafta (premium) de más de 95 Ron,34650.00,1513.50,"Volumen líquido mayor a 5000 m3 por producto y mes: posible escala o carga; pendiente de revisión, no se corrige."
14549,OPERADORA COMERCIAL SA,2025/01,Gas Oil Grado 2,20752.00,1317.00,"Volumen líquido mayor a 5000 m3 por producto y mes: posible escala o carga; pendiente de revisión, no se corrige."
14550,OPERADORA COMERCIAL SA,2025/01,Gas Oil Grado 3,13835.00,1583.00,"Volumen líquido mayor a 5000 m3 por producto y mes: posible escala o carga; pendiente de revisión, no se corrige."
14551,OPERADORA COMERCIAL SA,2025/01,Nafta (súper) entre 92 y 95 Ron,153516.00,1224.00,"Volumen líquido mayor a 5000 m3 por producto y mes: posible escala o carga; pendiente de revisión, no se corrige."
36446,OPERADORA COMERCIAL SA,2025/02,Nafta (premium) de más de 95 Ron,27684.00,1547.50,"Volumen líquido mayor a 5000 m3 por producto y mes: posible escala o carga; pendiente de revisión, no se corrige."
36448,OPERADORA COMERCIAL SA,2025/02,Gas Oil Grado 3,13926.00,1613.50,"Volumen líquido mayor a 5000 m3 por producto y mes: posible escala o carga; pendiente de revisión, no se corrige."
36450,OPERADORA COMERCIAL SA,2025/02,Nafta (súper) entre 92 y 95 Ron,191524.00,1234.00,"Volumen líquido mayor a 5000 m3 por producto y mes: posible escala o carga; pendiente de revisión, no se corrige."
36451,OPERADORA COMERCIAL SA,2025/02,Gas Oil Grado 2,34763.00,1350.50,"Volumen líquido mayor a 5000 m3 por producto y mes: posible escala o carga; pendiente de revisión, no se corrige."
58259,OPERADORA COMERCIAL SA,2025/03,Gas Oil Grado 2,20889.00,1393.00,"Volumen líquido mayor a 5000 m3 por producto y mes: posible escala o carga; pendiente de revisión, no se corrige."
58260,OPERADORA COMERCIAL SA,2025/03,Nafta (súper) entre 92 y 95 Ron,222458.00,1274.00,"Volumen líquido mayor a 5000 m3 por producto y mes: posible escala o carga; pendiente de revisión, no se corrige."
58261,OPERADORA COMERCIAL SA,2025/03,Gas Oil Grado 3,27799.00,1663.00,"Volumen líquido mayor a 5000 m3 por producto y mes: posible escala o carga; pendiente de revisión, no se corrige."
58265,OPERADORA COMERCIAL SA,2025/03,Nafta (premium) de más de 95 Ron,41730.00,1589.00,"Volumen líquido mayor a 5000 m3 por producto y mes: posible escala o carga; pendiente de revisión, no se corrige."
80103,OPERADORA COMERCIAL SA,2025/04,Gas Oil Grado 2,27724.00,1392.33,"Volumen líquido mayor a 5000 m3 por producto y mes: posible escala o carga; pendiente de revisión, no se corrige."
80104,OPERADORA COMERCIAL SA,2025/04,Nafta (súper) entre 92 y 95 Ron,153830.00,1285.33,"Volumen líquido mayor a 5000 m3 por producto y mes: posible escala o carga; pendiente de revisión, no se corrige."
80108,OPERADORA COMERCIAL SA,2025/04,Gas Oil Grado 3,20769.00,1663.00,"Volumen líquido mayor a 5000 m3 por producto y mes: posible escala o carga; pendiente de revisión, no se corrige."
80110,OPERADORA COMERCIAL SA,2025/04,Nafta (premium) de más de 95 Ron,20934.00,1600.67,"Volumen líquido mayor a 5000 m3 por producto y mes: posible escala o carga; pendiente de revisión, no se corrige."
101904,OPERADORA COMERCIAL SA,2025/05,Nafta (súper) entre 92 y 95 Ron,259700.00,1269.00,"Volumen líquido mayor a 5000 m3 por producto y mes: posible escala o carga; pendiente de revisión, no se corrige."
101905,OPERADORA COMERCIAL SA,2025/05,Gas Oil Grado 3,34672.00,1629.00,"Volumen líquido mayor a 5000 m3 por producto y mes: posible escala o carga; pendiente de revisión, no se corrige."
101906,OPERADORA COMERCIAL SA,2025/05,Nafta (premium) de más de 95 Ron,41804.00,1589.00,"Volumen líquido mayor a 5000 m3 por producto y mes: posible escala o carga; pendiente de revisión, no se corrige."
101907,OPERADORA COMERCIAL SA,2025/05,Gas Oil Grado 2,20813.00,1389.00,"Volumen líquido mayor a 5000 m3 por producto y mes: posible escala o carga; pendiente de revisión, no se corrige."
123717,OPERADORA COMERCIAL SA,2025/06,Nafta (premium) de más de 95 Ron,27899.00,1610.33,"Volumen líquido mayor a 5000 m3 por producto y mes: posible escala o carga; pendiente de revisión, no se corrige."
123719,OPERADORA COMERCIAL SA,2025/06,Nafta (súper) entre 92 y 95 Ron,147060.00,1332.67,"Volumen líquido mayor a 5000 m3 por producto y mes: posible escala o carga; pendiente de revisión, no se corrige."
123720,OPERADORA COMERCIAL SA,2025/06,Gas Oil Grado 3,20792.00,1647.33,"Volumen líquido mayor a 5000 m3 por producto y mes: posible escala o carga; pendiente de revisión, no se corrige."
123721,OPERADORA COMERCIAL SA,2025/06,Gas Oil Grado 2,27739.00,1431.67,"Volumen líquido mayor a 5000 m3 por producto y mes: posible escala o carga; pendiente de revisión, no se corrige."
145456,OPERADORA COMERCIAL SA,2025/07,Gas Oil Grado 2,20840.00,1488.50,"Volumen líquido mayor a 5000 m3 por producto y mes: posible escala o carga; pendiente de revisión, no se corrige."
145457,OPERADORA COMERCIAL SA,2025/07,Gas Oil Grado 3,20851.00,1712.00,"Volumen líquido mayor a 5000 m3 por producto y mes: posible escala o carga; pendiente de revisión, no se corrige."
145460,OPERADORA COMERCIAL SA,2025/07,Nafta (premium) de más de 95 Ron,27908.00,1686.50,"Volumen líquido mayor a 5000 m3 por producto y mes: posible escala o carga; pendiente de revisión, no se corrige."
145461,OPERADORA COMERCIAL SA,2025/07,Nafta (súper) entre 92 y 95 Ron,154166.00,1417.00,"Volumen líquido mayor a 5000 m3 por producto y mes: posible escala o carga; pendiente de revisión, no se corrige."
167188,OPERADORA COMERCIAL SA,2025/08,Nafta (premium) de más de 95 Ron,34834.00,1720.00,"Volumen líquido mayor a 5000 m3 por producto y mes: posible escala o carga; pendiente de revisión, no se corrige."
167190,OPERADORA COMERCIAL SA,2025/08,Gas Oil Grado 2,27745.00,1490.00,"Volumen líquido mayor a 5000 m3 por producto y mes: posible escala o carga; pendiente de revisión, no se corrige."
167191,OPERADORA COMERCIAL SA,2025/08,Gas Oil Grado 3,37687.00,1728.67,"Volumen líquido mayor a 5000 m3 por producto y mes: posible escala o carga; pendiente de revisión, no se corrige."
167192,OPERADORA COMERCIAL SA,2025/08,Nafta (súper) entre 92 y 95 Ron,123062.00,1445.33,"Volumen líquido mayor a 5000 m3 por producto y mes: posible escala o carga; pendiente de revisión, no se corrige."
188845,OPERADORA COMERCIAL SA,2025/09,Gas Oil Grado 3,20669.00,1789.67,"Volumen líquido mayor a 5000 m3 por producto y mes: posible escala o carga; pendiente de revisión, no se corrige."
188846,OPERADORA COMERCIAL SA,2025/09,Gas Oil Grado 2,20724.00,1594.67,"Volumen líquido mayor a 5000 m3 por producto y mes: posible escala o carga; pendiente de revisión, no se corrige."
188848,OPERADORA COMERCIAL SA,2025/09,Nafta (premium) de más de 95 Ron,34724.00,1783.00,"Volumen líquido mayor a 5000 m3 por producto y mes: posible escala o carga; pendiente de revisión, no se corrige."
188850,OPERADORA COMERCIAL SA,2025/09,Nafta (súper) entre 92 y 95 Ron,146808.00,1518.33,"Volumen líquido mayor a 5000 m3 por producto y mes: posible escala o carga; pendiente de revisión, no se corrige."
210620,OPERADORA COMERCIAL SA,2025/10,Nafta (premium) de más de 95 Ron,34772.00,1852.33,"Volumen líquido mayor a 5000 m3 por producto y mes: posible escala o carga; pendiente de revisión, no se corrige."
210621,OPERADORA COMERCIAL SA,2025/10,Nafta (súper) entre 92 y 95 Ron,179636.00,1572.33,"Volumen líquido mayor a 5000 m3 por producto y mes: posible escala o carga; pendiente de revisión, no se corrige."
210623,OPERADORA COMERCIAL SA,2025/10,Gas Oil Grado 2,13852.00,1680.33,"Volumen líquido mayor a 5000 m3 por producto y mes: posible escala o carga; pendiente de revisión, no se corrige."
210626,OPERADORA COMERCIAL SA,2025/10,Gas Oil Grado 3,27693.00,1895.67,"Volumen líquido mayor a 5000 m3 por producto y mes: posible escala o carga; pendiente de revisión, no se corrige."
232355,OPERADORA COMERCIAL SA,2025/11,Gas Oil Grado 2,20814.00,1828.00,"Volumen líquido mayor a 5000 m3 por producto y mes: posible escala o carga; pendiente de revisión, no se corrige."
232356,OPERADORA COMERCIAL SA,2025/11,Nafta (súper) entre 92 y 95 Ron,156142.00,1659.00,"Volumen líquido mayor a 5000 m3 por producto y mes: posible escala o carga; pendiente de revisión, no se corrige."
232358,OPERADORA COMERCIAL SA,2025/11,Nafta (premium) de más de 95 Ron,34923.00,1956.50,"Volumen líquido mayor a 5000 m3 por producto y mes: posible escala o carga; pendiente de revisión, no se corrige."
232362,OPERADORA COMERCIAL SA,2025/11,Gas Oil Grado 3,20746.00,2004.00,"Volumen líquido mayor a 5000 m3 por producto y mes: posible escala o carga; pendiente de revisión, no se corrige."
254106,OPERADORA COMERCIAL SA,2025/12,Gas Oil Grado 2,13849.00,1889.00,"Volumen líquido mayor a 5000 m3 por producto y mes: posible escala o carga; pendiente de revisión, no se corrige."
254109,OPERADORA COMERCIAL SA,2025/12,Nafta (premium) de más de 95 Ron,34679.00,2024.00,"Volumen líquido mayor a 5000 m3 por producto y mes: posible escala o carga; pendiente de revisión, no se corrige."
254110,OPERADORA COMERCIAL SA,2025/12,Gas Oil Grado 3,27644.00,2064.00,"Volumen líquido mayor a 5000 m3 por producto y mes: posible escala o carga; pendiente de revisión, no se corrige."
254111,OPERADORA COMERCIAL SA,2025/12,Nafta (súper) entre 92 y 95 Ron,185161.00,1720.00,"Volumen líquido mayor a 5000 m3 por producto y mes: posible escala o carga; pendiente de revisión, no se corrige."
14552,OPERADORA COMERCIAL SA,2025/01,Nafta (premium) de más de 95 Ron,13901.00,1513.50,"Volumen líquido mayor a 5000 m3 por producto y mes: posible escala o carga; pendiente de revisión, no se corrige."
14553,OPERADORA COMERCIAL SA,2025/01,Gas Oil Grado 2,63561.00,1317.00,"Volumen líquido mayor a 5000 m3 por producto y mes: posible escala o carga; pendiente de revisión, no se corrige."
14554,OPERADORA COMERCIAL SA,2025/01,Gas Oil Grado 3,28866.00,1583.00,"Volumen líquido mayor a 5000 m3 por producto y mes: posible escala o carga; pendiente de revisión, no se corrige."
14555,OPERADORA COMERCIAL SA,2025/01,Nafta (súper) entre 92 y 95 Ron,162007.00,1224.00,"Volumen líquido mayor a 5000 m3 por producto y mes: posible escala o carga; pendiente de revisión, no se corrige."
36445,OPERADORA COMERCIAL SA,2025/02,Nafta (premium) de más de 95 Ron,27916.00,1547.50,"Volumen líquido mayor a 5000 m3 por producto y mes: posible escala o carga; pendiente de revisión, no se corrige."
36447,OPERADORA COMERCIAL SA,2025/02,Gas Oil Grado 3,27840.00,1613.50,"Volumen líquido mayor a 5000 m3 por producto y mes: posible escala o carga; pendiente de revisión, no se corrige."
36449,OPERADORA COMERCIAL SA,2025/02,Gas Oil Grado 2,34821.00,1350.50,"Volumen líquido mayor a 5000 m3 por producto y mes: posible escala o carga; pendiente de revisión, no se corrige."
36452,OPERADORA COMERCIAL SA,2025/02,Nafta (súper) entre 92 y 95 Ron,177948.00,1234.00,"Volumen líquido mayor a 5000 m3 por producto y mes: posible escala o carga; pendiente de revisión, no se corrige."
58258,OPERADORA COMERCIAL SA,2025/03,Nafta (súper) entre 92 y 95 Ron,236432.00,1274.00,"Volumen líquido mayor a 5000 m3 por producto y mes: posible escala o carga; pendiente de revisión, no se corrige."
58262,OPERADORA COMERCIAL SA,2025/03,Gas Oil Grado 2,48746.00,1393.00,"Volumen líquido mayor a 5000 m3 por producto y mes: posible escala o carga; pendiente de revisión, no se corrige."
58263,OPERADORA COMERCIAL SA,2025/03,Gas Oil Grado 3,13981.00,1663.00,"Volumen líquido mayor a 5000 m3 por producto y mes: posible escala o carga; pendiente de revisión, no se corrige."
58264,OPERADORA COMERCIAL SA,2025/03,Nafta (premium) de más de 95 Ron,13963.00,1589.00,"Volumen líquido mayor a 5000 m3 por producto y mes: posible escala o carga; pendiente de revisión, no se corrige."
80105,OPERADORA COMERCIAL SA,2025/04,Gas Oil Grado 2,20620.00,1392.33,"Volumen líquido mayor a 5000 m3 por producto y mes: posible escala o carga; pendiente de revisión, no se corrige."
80106,OPERADORA COMERCIAL SA,2025/04,Nafta (súper) entre 92 y 95 Ron,92522.00,1285.33,"Volumen líquido mayor a 5000 m3 por producto y mes: posible escala o carga; pendiente de revisión, no se corrige."
80107,OPERADORA COMERCIAL SA,2025/04,Nafta (premium) de más de 95 Ron,6975.00,1600.67,"Volumen líquido mayor a 5000 m3 por producto y mes: posible escala o carga; pendiente de revisión, no se corrige."
80109,OPERADORA COMERCIAL SA,2025/04,Gas Oil Grado 3,13905.00,1663.00,"Volumen líquido mayor a 5000 m3 por producto y mes: posible escala o carga; pendiente de revisión, no se corrige."
101900,OPERADORA COMERCIAL SA,2025/05,Nafta (súper) entre 92 y 95 Ron,153633.00,1269.00,"Volumen líquido mayor a 5000 m3 por producto y mes: posible escala o carga; pendiente de revisión, no se corrige."
101901,OPERADORA COMERCIAL SA,2025/05,Gas Oil Grado 3,13839.00,1629.00,"Volumen líquido mayor a 5000 m3 por producto y mes: posible escala o carga; pendiente de revisión, no se corrige."
101902,OPERADORA COMERCIAL SA,2025/05,Gas Oil Grado 2,41181.00,1389.00,"Volumen líquido mayor a 5000 m3 por producto y mes: posible escala o carga; pendiente de revisión, no se corrige."
101903,OPERADORA COMERCIAL SA,2025/05,Nafta (premium) de más de 95 Ron,13936.00,1589.00,"Volumen líquido mayor a 5000 m3 por producto y mes: posible escala o carga; pendiente de revisión, no se corrige."
123718,OPERADORA COMERCIAL SA,2025/06,Gas Oil Grado 3,13844.00,1647.33,"Volumen líquido mayor a 5000 m3 por producto y mes: posible escala o carga; pendiente de revisión, no se corrige."
123722,OPERADORA COMERCIAL SA,2025/06,Gas Oil Grado 2,26701.00,1431.67,"Volumen líquido mayor a 5000 m3 por producto y mes: posible escala o carga; pendiente de revisión, no se corrige."
123723,OPERADORA COMERCIAL SA,2025/06,Nafta (premium) de más de 95 Ron,13966.00,1610.33,"Volumen líquido mayor a 5000 m3 por producto y mes: posible escala o carga; pendiente de revisión, no se corrige."
123724,OPERADORA COMERCIAL SA,2025/06,Nafta (súper) entre 92 y 95 Ron,123375.00,1332.67,"Volumen líquido mayor a 5000 m3 por producto y mes: posible escala o carga; pendiente de revisión, no se corrige."
145455,OPERADORA COMERCIAL SA,2025/07,Gas Oil Grado 3,20780.00,1712.00,"Volumen líquido mayor a 5000 m3 por producto y mes: posible escala o carga; pendiente de revisión, no se corrige."
145458,OPERADORA COMERCIAL SA,2025/07,Nafta (súper) entre 92 y 95 Ron,109471.00,1417.00,"Volumen líquido mayor a 5000 m3 por producto y mes: posible escala o carga; pendiente de revisión, no se corrige."
145459,OPERADORA COMERCIAL SA,2025/07,Nafta (premium) de más de 95 Ron,13965.00,1686.50,"Volumen líquido mayor a 5000 m3 por producto y mes: posible escala o carga; pendiente de revisión, no se corrige."
145462,OPERADORA COMERCIAL SA,2025/07,Gas Oil Grado 2,33414.00,1488.50,"Volumen líquido mayor a 5000 m3 por producto y mes: posible escala o carga; pendiente de revisión, no se corrige."
167186,OPERADORA COMERCIAL SA,2025/08,Nafta (súper) entre 92 y 95 Ron,116256.00,1445.33,"Volumen líquido mayor a 5000 m3 por producto y mes: posible escala o carga; pendiente de revisión, no se corrige."
167187,OPERADORA COMERCIAL SA,2025/08,Gas Oil Grado 3,13869.00,1728.67,"Volumen líquido mayor a 5000 m3 por producto y mes: posible escala o carga; pendiente de revisión, no se corrige."
167189,OPERADORA COMERCIAL SA,2025/08,Nafta (premium) de más de 95 Ron,13898.00,1720.00,"Volumen líquido mayor a 5000 m3 por producto y mes: posible escala o carga; pendiente de revisión, no se corrige."
167193,OPERADORA COMERCIAL SA,2025/08,Gas Oil Grado 2,33474.00,1490.00,"Volumen líquido mayor a 5000 m3 por producto y mes: posible escala o carga; pendiente de revisión, no se corrige."
188843,OPERADORA COMERCIAL SA,2025/09,Gas Oil Grado 2,47295.00,1594.67,"Volumen líquido mayor a 5000 m3 por producto y mes: posible escala o carga; pendiente de revisión, no se corrige."
188844,OPERADORA COMERCIAL SA,2025/09,Nafta (premium) de más de 95 Ron,13967.00,1783.00,"Volumen líquido mayor a 5000 m3 por producto y mes: posible escala o carga; pendiente de revisión, no se corrige."
188847,OPERADORA COMERCIAL SA,2025/09,Gas Oil Grado 3,13853.00,1789.67,"Volumen líquido mayor a 5000 m3 por producto y mes: posible escala o carga; pendiente de revisión, no se corrige."
188849,OPERADORA COMERCIAL SA,2025/09,Nafta (súper) entre 92 y 95 Ron,146923.00,1518.33,"Volumen líquido mayor a 5000 m3 por producto y mes: posible escala o carga; pendiente de revisión, no se corrige."
210622,OPERADORA COMERCIAL SA,2025/10,Nafta (súper) entre 92 y 95 Ron,114094.00,1572.33,"Volumen líquido mayor a 5000 m3 por producto y mes: posible escala o carga; pendiente de revisión, no se corrige."
210624,OPERADORA COMERCIAL SA,2025/10,Gas Oil Grado 3,13702.00,1895.67,"Volumen líquido mayor a 5000 m3 por producto y mes: posible escala o carga; pendiente de revisión, no se corrige."
210625,OPERADORA COMERCIAL SA,2025/10,Nafta (premium) de más de 95 Ron,13959.00,1852.33,"Volumen líquido mayor a 5000 m3 por producto y mes: posible escala o carga; pendiente de revisión, no se corrige."
210627,OPERADORA COMERCIAL SA,2025/10,Gas Oil Grado 2,47335.00,1680.33,"Volumen líquido mayor a 5000 m3 por producto y mes: posible escala o carga; pendiente de revisión, no se corrige."
232357,OPERADORA COMERCIAL SA,2025/11,Gas Oil Grado 2,47226.00,1828.00,"Volumen líquido mayor a 5000 m3 por producto y mes: posible escala o carga; pendiente de revisión, no se corrige."
232359,OPERADORA COMERCIAL SA,2025/11,Gas Oil Grado 3,13871.00,2004.00,"Volumen líquido mayor a 5000 m3 por producto y mes: posible escala o carga; pendiente de revisión, no se corrige."
232360,OPERADORA COMERCIAL SA,2025/11,Nafta (súper) entre 92 y 95 Ron,93518.00,1659.00,"Volumen líquido mayor a 5000 m3 por producto y mes: posible escala o carga; pendiente de revisión, no se corrige."
232361,OPERADORA COMERCIAL SA,2025/11,Nafta (premium) de más de 95 Ron,13979.00,1956.50,"Volumen líquido mayor a 5000 m3 por producto y mes: posible escala o carga; pendiente de revisión, no se corrige."
254107,OPERADORA COMERCIAL SA,2025/12,Gas Oil Grado 2,40352.00,1889.00,"Volumen líquido mayor a 5000 m3 por producto y mes: posible escala o carga; pendiente de revisión, no se corrige."
254108,OPERADORA COMERCIAL SA,2025/12,Gas Oil Grado 3,14812.00,2064.00,"Volumen líquido mayor a 5000 m3 por producto y mes: posible escala o carga; pendiente de revisión, no se corrige."
254112,OPERADORA COMERCIAL SA,2025/12,Nafta (súper) entre 92 y 95 Ron,113938.00,1720.00,"Volumen líquido mayor a 5000 m3 por producto y mes: posible escala o carga; pendiente de revisión, no se corrige."
254113,OPERADORA COMERCIAL SA,2025/12,Nafta (premium) de más de 95 Ron,13819.00,2024.00,"Volumen líquido mayor a 5000 m3 por producto y mes: posible escala o carga; pendiente de revisión, no se corrige."
256308,PETROVALLE S.A.,2025/12,Nafta (súper) entre 92 y 95 Ron,32853.00,1693.00,"Volumen líquido mayor a 5000 m3 por producto y mes: posible escala o carga; pendiente de revisión, no se corrige."
104263,PETROVALLE S.A.,2025/05,Gas Oil Grado 3,9284.00,1472.00,"Volumen líquido mayor a 5000 m3 por producto y mes: posible escala o carga; pendiente de revisión, no se corrige."
174522,AFLOVAC S.A.,2025/09,Gas Oil Grado 2,25297.00,1569.00,"Volumen líquido mayor a 5000 m3 por producto y mes: posible escala o carga; pendiente de revisión, no se corrige."
174523,AFLOVAC S.A.,2025/09,Gas Oil Grado 3,19199.00,1780.00,"Volumen líquido mayor a 5000 m3 por producto y mes: posible escala o carga; pendiente de revisión, no se corrige."
174524,AFLOVAC S.A.,2025/09,Nafta (súper) entre 92 y 95 Ron,41017.00,1528.00,"Volumen líquido mayor a 5000 m3 por producto y mes: posible escala o carga; pendiente de revisión, no se corrige."
196331,AFLOVAC S.A.,2025/10,Gas Oil Grado 2,34744.00,1615.00,"Volumen líquido mayor a 5000 m3 por producto y mes: posible escala o carga; pendiente de revisión, no se corrige."
196333,AFLOVAC S.A.,2025/10,Nafta (súper) entre 92 y 95 Ron,45028.00,1581.00,"Volumen líquido mayor a 5000 m3 por producto y mes: posible escala o carga; pendiente de revisión, no se corrige."
196334,AFLOVAC S.A.,2025/10,Gas Oil Grado 3,20452.00,1847.00,"Volumen líquido mayor a 5000 m3 por producto y mes: posible escala o carga; pendiente de revisión, no se corrige."
218061,AFLOVAC S.A.,2025/11,Gas Oil Grado 3,19725.00,1963.00,"Volumen líquido mayor a 5000 m3 por producto y mes: posible escala o carga; pendiente de revisión, no se corrige."
218062,AFLOVAC S.A.,2025/11,Gas Oil Grado 2,47897.00,1790.00,"Volumen líquido mayor a 5000 m3 por producto y mes: posible escala o carga; pendiente de revisión, no se corrige."
218063,AFLOVAC S.A.,2025/11,Nafta (súper) entre 92 y 95 Ron,40322.00,1759.00,"Volumen líquido mayor a 5000 m3 por producto y mes: posible escala o carga; pendiente de revisión, no se corrige."
239771,AFLOVAC S.A.,2025/12,Nafta (súper) entre 92 y 95 Ron,48945.00,1753.00,"Volumen líquido mayor a 5000 m3 por producto y mes: posible escala o carga; pendiente de revisión, no se corrige."
239772,AFLOVAC S.A.,2025/12,Gas Oil Grado 2,36749.00,1835.00,"Volumen líquido mayor a 5000 m3 por producto y mes: posible escala o carga; pendiente de revisión, no se corrige."
239773,AFLOVAC S.A.,2025/12,Gas Oil Grado 3,18434.00,2015.00,"Volumen líquido mayor a 5000 m3 por producto y mes: posible escala o carga; pendiente de revisión, no se corrige."
91347,COMBUSTIBLES ASOCIADOS S.A.,2025/05,Nafta (premium) de más de 95 Ron,32988.90,1571.31,"Volumen líquido mayor a 5000 m3 por producto y mes: posible escala o carga; pendiente de revisión, no se corrige."
91348,COMBUSTIBLES ASOCIADOS S.A.,2025/05,Gas Oil Grado 3,104142.00,1593.82,"Volumen líquido mayor a 5000 m3 por producto y mes: posible escala o carga; pendiente de revisión, no se corrige."
91349,COMBUSTIBLES ASOCIADOS S.A.,2025/05,Nafta (súper) entre 92 y 95 Ron,134798.00,1324.35,"Volumen líquido mayor a 5000 m3 por producto y mes: posible escala o carga; pendiente de revisión, no se corrige."
91350,COMBUSTIBLES ASOCIADOS S.A.,2025/05,Gas Oil Grado 2,59198.40,1372.76,"Volumen líquido mayor a 5000 m3 por producto y mes: posible escala o carga; pendiente de revisión, no se corrige."
69648,COMBUSTIBLES DE LA FRONTERA S.A.,2025/04,Nafta (premium) de más de 95 Ron,5700.00,1623.00,"Volumen líquido mayor a 5000 m3 por producto y mes: posible escala o carga; pendiente de revisión, no se corrige."
69649,COMBUSTIBLES DE LA FRONTERA S.A.,2025/04,Gas Oil Grado 3,18600.00,1593.00,"Volumen líquido mayor a 5000 m3 por producto y mes: posible escala o carga; pendiente de revisión, no se corrige."
69650,COMBUSTIBLES DE LA FRONTERA S.A.,2025/04,Gas Oil Grado 2,14000.00,1399.00,"Volumen líquido mayor a 5000 m3 por producto y mes: posible escala o carga; pendiente de revisión, no se corrige."
69651,COMBUSTIBLES DE LA FRONTERA S.A.,2025/04,Nafta (súper) entre 92 y 95 Ron,29000.00,1297.00,"Volumen líquido mayor a 5000 m3 por producto y mes: posible escala o carga; pendiente de revisión, no se corrige."
135622,CONVAC SA,2025/07,Gas Oil Grado 2,332575.00,1418.00,"Volumen líquido mayor a 5000 m3 por producto y mes: posible escala o carga; pendiente de revisión, no se corrige."
135623,CONVAC SA,2025/07,Nafta (premium) de más de 95 Ron,75282.00,1660.00,"Volumen líquido mayor a 5000 m3 por producto y mes: posible escala o carga; pendiente de revisión, no se corrige."
135624,CONVAC SA,2025/07,Gas Oil Grado 3,230478.00,1689.00,"Volumen líquido mayor a 5000 m3 por producto y mes: posible escala o carga; pendiente de revisión, no se corrige."
135625,CONVAC SA,2025/07,Nafta (súper) entre 92 y 95 Ron,270044.00,1408.00,"Volumen líquido mayor a 5000 m3 por producto y mes: posible escala o carga; pendiente de revisión, no se corrige."
6494,EE SS VIRGEN DE ITATI,2025/01,Gas Oil Grado 2,390688.00,1165.00,"Volumen líquido mayor a 5000 m3 por producto y mes: posible escala o carga; pendiente de revisión, no se corrige."
6495,EE SS VIRGEN DE ITATI,2025/01,Nafta (súper) entre 92 y 95 Ron,197437.00,1240.00,"Volumen líquido mayor a 5000 m3 por producto y mes: posible escala o carga; pendiente de revisión, no se corrige."
6496,EE SS VIRGEN DE ITATI,2025/01,Gas Oil Grado 3,113404.00,1552.00,"Volumen líquido mayor a 5000 m3 por producto y mes: posible escala o carga; pendiente de revisión, no se corrige."
6497,EE SS VIRGEN DE ITATI,2025/01,Nafta (premium) de más de 95 Ron,70089.00,1500.00,"Volumen líquido mayor a 5000 m3 por producto y mes: posible escala o carga; pendiente de revisión, no se corrige."
6876,ELTRIANGULOBELLAVISTENSE,2025/01,Gas Oil Grado 2,116966.00,1235.00,"Volumen líquido mayor a 5000 m3 por producto y mes: posible escala o carga; pendiente de revisión, no se corrige."
246497,EL YACARE S.R.L.,2025/12,Nafta (súper) entre 92 y 95 Ron,21930.00,1718.45,"Volumen líquido mayor a 5000 m3 por producto y mes: posible escala o carga; pendiente de revisión, no se corrige."
246498,EL YACARE S.R.L.,2025/12,Gas Oil Grado 2,32070.00,1714.63,"Volumen líquido mayor a 5000 m3 por producto y mes: posible escala o carga; pendiente de revisión, no se corrige."
246499,EL YACARE S.R.L.,2025/12,Gas Oil Grado 3,11470.00,1917.01,"Volumen líquido mayor a 5000 m3 por producto y mes: posible escala o carga; pendiente de revisión, no se corrige."
204710,FRANCISCO HIPOLITO GORTARI,2025/10,Nafta (súper) entre 92 y 95 Ron,55258.00,1616.00,"Volumen líquido mayor a 5000 m3 por producto y mes: posible escala o carga; pendiente de revisión, no se corrige."
30621,FULL PETROL SA,2025/02,Gas Oil Grado 2,15367.00,1366.00,"Volumen líquido mayor a 5000 m3 por producto y mes: posible escala o carga; pendiente de revisión, no se corrige."
30623,FULL PETROL SA,2025/02,Gas Oil Grado 3,24305.00,1585.00,"Volumen líquido mayor a 5000 m3 por producto y mes: posible escala o carga; pendiente de revisión, no se corrige."
30624,FULL PETROL SA,2025/02,Nafta (súper) entre 92 y 95 Ron,119791.00,1260.00,"Volumen líquido mayor a 5000 m3 por producto y mes: posible escala o carga; pendiente de revisión, no se corrige."
30626,FULL PETROL SA,2025/02,Nafta (premium) de más de 95 Ron,13997.00,1539.00,"Volumen líquido mayor a 5000 m3 por producto y mes: posible escala o carga; pendiente de revisión, no se corrige."
52430,FULL PETROL SA,2025/03,Gas Oil Grado 2,77815.00,1397.00,"Volumen líquido mayor a 5000 m3 por producto y mes: posible escala o carga; pendiente de revisión, no se corrige."
52431,FULL PETROL SA,2025/03,Nafta (súper) entre 92 y 95 Ron,118500.00,1252.00,"Volumen líquido mayor a 5000 m3 por producto y mes: posible escala o carga; pendiente de revisión, no se corrige."
52433,FULL PETROL SA,2025/03,Gas Oil Grado 3,22733.00,1586.00,"Volumen líquido mayor a 5000 m3 por producto y mes: posible escala o carga; pendiente de revisión, no se corrige."
52435,FULL PETROL SA,2025/03,Nafta (premium) de más de 95 Ron,10780.00,1533.00,"Volumen líquido mayor a 5000 m3 por producto y mes: posible escala o carga; pendiente de revisión, no se corrige."
74260,FULL PETROL SA,2025/04,Gas Oil Grado 2,68086.00,1421.00,"Volumen líquido mayor a 5000 m3 por producto y mes: posible escala o carga; pendiente de revisión, no se corrige."
74263,FULL PETROL SA,2025/04,Nafta (común) hasta 92 Ron,110846.00,1274.00,"Volumen líquido mayor a 5000 m3 por producto y mes: posible escala o carga; pendiente de revisión, no se corrige."
74264,FULL PETROL SA,2025/04,Gas Oil Grado 3,22020.00,1595.00,"Volumen líquido mayor a 5000 m3 por producto y mes: posible escala o carga; pendiente de revisión, no se corrige."
74265,FULL PETROL SA,2025/04,Nafta (premium) de más de 95 Ron,11799.00,1555.00,"Volumen líquido mayor a 5000 m3 por producto y mes: posible escala o carga; pendiente de revisión, no se corrige."
14043,ÑANDU S.R.L.,2025/01,Gas Oil Grado 3,76498.00,1561.00,"Volumen líquido mayor a 5000 m3 por producto y mes: posible escala o carga; pendiente de revisión, no se corrige."
14046,ÑANDU S.R.L.,2025/01,Gas Oil Grado 2,74486.00,1305.00,"Volumen líquido mayor a 5000 m3 por producto y mes: posible escala o carga; pendiente de revisión, no se corrige."
18890,SALADAS COMBUSTIBLES S.R.L.,2025/01,Nafta (súper) entre 92 y 95 Ron,256061.00,1204.00,"Volumen líquido mayor a 5000 m3 por producto y mes: posible escala o carga; pendiente de revisión, no se corrige."
18891,SALADAS COMBUSTIBLES S.R.L.,2025/01,Gas Oil Grado 2,112605.00,1246.00,"Volumen líquido mayor a 5000 m3 por producto y mes: posible escala o carga; pendiente de revisión, no se corrige."
18892,SALADAS COMBUSTIBLES S.R.L.,2025/01,Nafta (premium) de más de 95 Ron,34010.00,1464.00,"Volumen líquido mayor a 5000 m3 por producto y mes: posible escala o carga; pendiente de revisión, no se corrige."
18893,SALADAS COMBUSTIBLES S.R.L.,2025/01,Gas Oil Grado 3,49991.00,1495.00,"Volumen líquido mayor a 5000 m3 por producto y mes: posible escala o carga; pendiente de revisión, no se corrige."
40681,SALADAS COMBUSTIBLES S.R.L.,2025/02,Nafta (súper) entre 92 y 95 Ron,22750.00,1229.00,"Volumen líquido mayor a 5000 m3 por producto y mes: posible escala o carga; pendiente de revisión, no se corrige."
40682,SALADAS COMBUSTIBLES S.R.L.,2025/02,Gas Oil Grado 3,49552.00,1531.00,"Volumen líquido mayor a 5000 m3 por producto y mes: posible escala o carga; pendiente de revisión, no se corrige."
40683,SALADAS COMBUSTIBLES S.R.L.,2025/02,Nafta (premium) de más de 95 Ron,31395.00,1494.00,"Volumen líquido mayor a 5000 m3 por producto y mes: posible escala o carga; pendiente de revisión, no se corrige."
40684,SALADAS COMBUSTIBLES S.R.L.,2025/02,Gas Oil Grado 2,110135.00,1271.00,"Volumen líquido mayor a 5000 m3 por producto y mes: posible escala o carga; pendiente de revisión, no se corrige."
62532,SALADAS COMBUSTIBLES S.R.L.,2025/03,Gas Oil Grado 3,52719.00,1566.00,"Volumen líquido mayor a 5000 m3 por producto y mes: posible escala o carga; pendiente de revisión, no se corrige."
62533,SALADAS COMBUSTIBLES S.R.L.,2025/03,Nafta (premium) de más de 95 Ron,35812.00,1523.00,"Volumen líquido mayor a 5000 m3 por producto y mes: posible escala o carga; pendiente de revisión, no se corrige."
62534,SALADAS COMBUSTIBLES S.R.L.,2025/03,Nafta (súper) entre 92 y 95 Ron,258187.00,1252.00,"Volumen líquido mayor a 5000 m3 por producto y mes: posible escala o carga; pendiente de revisión, no se corrige."
62535,SALADAS COMBUSTIBLES S.R.L.,2025/03,Gas Oil Grado 2,120414.00,1300.00,"Volumen líquido mayor a 5000 m3 por producto y mes: posible escala o carga; pendiente de revisión, no se corrige."
84319,SALADAS COMBUSTIBLES S.R.L.,2025/04,Gas Oil Grado 3,52391.00,1593.00,"Volumen líquido mayor a 5000 m3 por producto y mes: posible escala o carga; pendiente de revisión, no se corrige."
84320,SALADAS COMBUSTIBLES S.R.L.,2025/04,Nafta (súper) entre 92 y 95 Ron,223163.00,1274.00,"Volumen líquido mayor a 5000 m3 por producto y mes: posible escala o carga; pendiente de revisión, no se corrige."
84321,SALADAS COMBUSTIBLES S.R.L.,2025/04,Nafta (premium) de más de 95 Ron,34284.00,1550.00,"Volumen líquido mayor a 5000 m3 por producto y mes: posible escala o carga; pendiente de revisión, no se corrige."
84322,SALADAS COMBUSTIBLES S.R.L.,2025/04,Gas Oil Grado 2,115711.00,1323.00,"Volumen líquido mayor a 5000 m3 por producto y mes: posible escala o carga; pendiente de revisión, no se corrige."
236558,SALADAS COMBUSTIBLES S.R.L.,2025/11,Nafta (premium) de más de 95 Ron,35000.00,1867.00,"Volumen líquido mayor a 5000 m3 por producto y mes: posible escala o carga; pendiente de revisión, no se corrige."
236559,SALADAS COMBUSTIBLES S.R.L.,2025/11,Gas Oil Grado 3,55602.00,1874.50,"Volumen líquido mayor a 5000 m3 por producto y mes: posible escala o carga; pendiente de revisión, no se corrige."
238502,TOLEDO  ORLANDO MANUEL,2025/11,Gas Oil Grado 2,6800.00,1754.00,"Volumen líquido mayor a 5000 m3 por producto y mes: posible escala o carga; pendiente de revisión, no se corrige."
218565,ALFREDO BRUGNOLI E HIJOS S.C.C,2025/11,Gas Oil Grado 2,147189.00,1645.00,"Volumen líquido mayor a 5000 m3 por producto y mes: posible escala o carga; pendiente de revisión, no se corrige."
218566,ALFREDO BRUGNOLI E HIJOS S.C.C,2025/11,Nafta (premium) de más de 95 Ron,15490.00,1825.00,"Volumen líquido mayor a 5000 m3 por producto y mes: posible escala o carga; pendiente de revisión, no se corrige."
218567,ALFREDO BRUGNOLI E HIJOS S.C.C,2025/11,Gas Oil Grado 3,76279.00,1840.00,"Volumen líquido mayor a 5000 m3 por producto y mes: posible escala o carga; pendiente de revisión, no se corrige."
218568,ALFREDO BRUGNOLI E HIJOS S.C.C,2025/11,Nafta (súper) entre 92 y 95 Ron,109721.00,1596.00,"Volumen líquido mayor a 5000 m3 por producto y mes: posible escala o carga; pendiente de revisión, no se corrige."
66650,ANGIONI NESTOR ORLANDO,2025/04,Gas Oil Grado 3,12919.00,1575.00,"Volumen líquido mayor a 5000 m3 por producto y mes: posible escala o carga; pendiente de revisión, no se corrige."
66652,ANGIONI NESTOR ORLANDO,2025/04,Nafta (súper) entre 92 y 95 Ron,8106.00,1269.00,"Volumen líquido mayor a 5000 m3 por producto y mes: posible escala o carga; pendiente de revisión, no se corrige."
66653,ANGIONI NESTOR ORLANDO,2025/04,Gas Oil Grado 2,30534.00,1349.00,"Volumen líquido mayor a 5000 m3 por producto y mes: posible escala o carga; pendiente de revisión, no se corrige."
88439,ANGIONI NESTOR ORLANDO,2025/05,Nafta (súper) entre 92 y 95 Ron,5288.00,1269.00,"Volumen líquido mayor a 5000 m3 por producto y mes: posible escala o carga; pendiente de revisión, no se corrige."
88440,ANGIONI NESTOR ORLANDO,2025/05,Gas Oil Grado 2,10598.00,1349.00,"Volumen líquido mayor a 5000 m3 por producto y mes: posible escala o carga; pendiente de revisión, no se corrige."
88441,ANGIONI NESTOR ORLANDO,2025/05,Gas Oil Grado 3,6983.00,1575.00,"Volumen líquido mayor a 5000 m3 por producto y mes: posible escala o carga; pendiente de revisión, no se corrige."
23992,AUTO STAR SRL,2025/02,Gas Oil Grado 3,48.02,1.53,"Precio promedio fuera del intervalo de selección 100-5000 ARS por unidad. Umbral didáctico, no prueba de error."
23993,AUTO STAR SRL,2025/02,Nafta (súper) entre 92 y 95 Ron,290.60,1.23,"Precio promedio fuera del intervalo de selección 100-5000 ARS por unidad. Umbral didáctico, no prueba de error."
23994,AUTO STAR SRL,2025/02,Nafta (premium) de más de 95 Ron,49.66,1.49,"Precio promedio fuera del intervalo de selección 100-5000 ARS por unidad. Umbral didáctico, no prueba de error."
45802,AUTO STAR SRL,2025/03,Gas Oil Grado 3,56936.00,1560.00,"Volumen líquido mayor a 5000 m3 por producto y mes: posible escala o carga; pendiente de revisión, no se corrige."
45804,AUTO STAR SRL,2025/03,Nafta (premium) de más de 95 Ron,59237.00,1523.00,"Volumen líquido mayor a 5000 m3 por producto y mes: posible escala o carga; pendiente de revisión, no se corrige."
67639,AUTO STAR SRL,2025/04,Nafta (común) hasta 92 Ron,347099.00,1274.00,"Volumen líquido mayor a 5000 m3 por producto y mes: posible escala o carga; pendiente de revisión, no se corrige."
67640,AUTO STAR SRL,2025/04,Gas Oil Grado 3,55298.20,1587.00,"Volumen líquido mayor a 5000 m3 por producto y mes: posible escala o carga; pendiente de revisión, no se corrige."
67641,AUTO STAR SRL,2025/04,Nafta (premium) de más de 95 Ron,60823.10,1550.00,"Volumen líquido mayor a 5000 m3 por producto y mes: posible escala o carga; pendiente de revisión, no se corrige."
89441,AUTO STAR SRL,2025/05,Nafta (común) hasta 92 Ron,351990.00,1252.00,"Volumen líquido mayor a 5000 m3 por producto y mes: posible escala o carga; pendiente de revisión, no se corrige."
89442,AUTO STAR SRL,2025/05,Nafta (premium) de más de 95 Ron,57090.90,1460.00,"Volumen líquido mayor a 5000 m3 por producto y mes: posible escala o carga; pendiente de revisión, no se corrige."
89443,AUTO STAR SRL,2025/05,Gas Oil Grado 3,54221.70,1466.00,"Volumen líquido mayor a 5000 m3 por producto y mes: posible escala o carga; pendiente de revisión, no se corrige."
111302,AUTO STAR SRL,2025/06,Nafta (común) hasta 92 Ron,328967.00,1266.00,"Volumen líquido mayor a 5000 m3 por producto y mes: posible escala o carga; pendiente de revisión, no se corrige."
111303,AUTO STAR SRL,2025/06,Gas Oil Grado 3,60871.80,1483.00,"Volumen líquido mayor a 5000 m3 por producto y mes: posible escala o carga; pendiente de revisión, no se corrige."
111304,AUTO STAR SRL,2025/06,Nafta (premium) de más de 95 Ron,58914.50,1477.00,"Volumen líquido mayor a 5000 m3 por producto y mes: posible escala o carga; pendiente de revisión, no se corrige."
133053,AUTO STAR SRL,2025/07,Nafta (premium) de más de 95 Ron,57132.00,1560.00,"Volumen líquido mayor a 5000 m3 por producto y mes: posible escala o carga; pendiente de revisión, no se corrige."
133054,AUTO STAR SRL,2025/07,Gas Oil Grado 3,51707.70,1567.00,"Volumen líquido mayor a 5000 m3 por producto y mes: posible escala o carga; pendiente de revisión, no se corrige."
133055,AUTO STAR SRL,2025/07,Nafta (común) hasta 92 Ron,285893.00,1327.00,"Volumen líquido mayor a 5000 m3 por producto y mes: posible escala o carga; pendiente de revisión, no se corrige."
154801,AUTO STAR SRL,2025/08,Gas Oil Grado 3,53322.20,1658.00,"Volumen líquido mayor a 5000 m3 por producto y mes: posible escala o carga; pendiente de revisión, no se corrige."
154802,AUTO STAR SRL,2025/08,Nafta (común) hasta 92 Ron,308821.00,1429.00,"Volumen líquido mayor a 5000 m3 por producto y mes: posible escala o carga; pendiente de revisión, no se corrige."
154803,AUTO STAR SRL,2025/08,Nafta (premium) de más de 95 Ron,56337.00,1662.00,"Volumen líquido mayor a 5000 m3 por producto y mes: posible escala o carga; pendiente de revisión, no se corrige."
176438,AUTO STAR SRL,2025/09,Nafta (premium) de más de 95 Ron,52289.20,1708.00,"Volumen líquido mayor a 5000 m3 por producto y mes: posible escala o carga; pendiente de revisión, no se corrige."
176439,AUTO STAR SRL,2025/09,Nafta (común) hasta 92 Ron,268544.00,1481.00,"Volumen líquido mayor a 5000 m3 por producto y mes: posible escala o carga; pendiente de revisión, no se corrige."
176440,AUTO STAR SRL,2025/09,Gas Oil Grado 3,48375.40,1729.00,"Volumen líquido mayor a 5000 m3 por producto y mes: posible escala o carga; pendiente de revisión, no se corrige."
198252,AUTO STAR SRL,2025/10,Gas Oil Grado 3,24405.50,1768.00,"Volumen líquido mayor a 5000 m3 por producto y mes: posible escala o carga; pendiente de revisión, no se corrige."
198253,AUTO STAR SRL,2025/10,Nafta (común) hasta 92 Ron,258263.00,1521.00,"Volumen líquido mayor a 5000 m3 por producto y mes: posible escala o carga; pendiente de revisión, no se corrige."
198254,AUTO STAR SRL,2025/10,Nafta (súper) entre 92 y 95 Ron,26360.60,1766.00,"Volumen líquido mayor a 5000 m3 por producto y mes: posible escala o carga; pendiente de revisión, no se corrige."
219998,AUTO STAR SRL,2025/11,Nafta (súper) entre 92 y 95 Ron,48110.70,1881.00,"Volumen líquido mayor a 5000 m3 por producto y mes: posible escala o carga; pendiente de revisión, no se corrige."
219999,AUTO STAR SRL,2025/11,Gas Oil Grado 3,52778.30,1886.00,"Volumen líquido mayor a 5000 m3 por producto y mes: posible escala o carga; pendiente de revisión, no se corrige."
220000,AUTO STAR SRL,2025/11,Nafta (común) hasta 92 Ron,273799.00,1668.00,"Volumen líquido mayor a 5000 m3 por producto y mes: posible escala o carga; pendiente de revisión, no se corrige."
241701,AUTO STAR SRL,2025/12,Gas Oil Grado 3,61779.90,1915.00,"Volumen líquido mayor a 5000 m3 por producto y mes: posible escala o carga; pendiente de revisión, no se corrige."
241702,AUTO STAR SRL,2025/12,Nafta (premium) de más de 95 Ron,60133.90,1890.00,"Volumen líquido mayor a 5000 m3 por producto y mes: posible escala o carga; pendiente de revisión, no se corrige."
241703,AUTO STAR SRL,2025/12,Nafta (súper) entre 92 y 95 Ron,311739.00,1683.00,"Volumen líquido mayor a 5000 m3 por producto y mes: posible escala o carga; pendiente de revisión, no se corrige."
155134,BASAIL COMBUSTIBLES SRL,2025/08,Nafta (premium) de más de 95 Ron,28170.00,1748.78,"Volumen líquido mayor a 5000 m3 por producto y mes: posible escala o carga; pendiente de revisión, no se corrige."
177174,"BOROSKY, ELSA INES",2025/09,Nafta (premium) de más de 95 Ron,1750.00,1.34,"Precio promedio fuera del intervalo de selección 100-5000 ARS por unidad. Umbral didáctico, no prueba de error."
16400,PETROGAR S.R.L.,2025/01,Gas Oil Grado 3,37573.00,1492.14,"Volumen líquido mayor a 5000 m3 por producto y mes: posible escala o carga; pendiente de revisión, no se corrige."
65840,AGRICULTORES FEDERADOS ARGENTINOS S.C.L.,2025/04,Nafta (premium) de más de 95 Ron,6.06,1.59,"Precio promedio fuera del intervalo de selección 100-5000 ARS por unidad. Umbral didáctico, no prueba de error."
65854,AGRICULTORES FEDERADOS ARGENTINOS S.C.L.,2025/04,Gas Oil Grado 2,266.22,1.27,"Precio promedio fuera del intervalo de selección 100-5000 ARS por unidad. Umbral didáctico, no prueba de error."
65868,AGRICULTORES FEDERADOS ARGENTINOS S.C.L.,2025/04,Gas Oil Grado 3,26.60,1.44,"Precio promedio fuera del intervalo de selección 100-5000 ARS por unidad. Umbral didáctico, no prueba de error."
65869,AGRICULTORES FEDERADOS ARGENTINOS S.C.L.,2025/04,Nafta (súper) entre 92 y 95 Ron,43.77,1.33,"Precio promedio fuera del intervalo de selección 100-5000 ARS por unidad. Umbral didáctico, no prueba de error."
87605,AGRICULTORES FEDERADOS ARGENTINOS S.C.L.,2025/05,Nafta (súper) entre 92 y 95 Ron,42.04,1.40,"Precio promedio fuera del intervalo de selección 100-5000 ARS por unidad. Umbral didáctico, no prueba de error."
87608,AGRICULTORES FEDERADOS ARGENTINOS S.C.L.,2025/05,Nafta (premium) de más de 95 Ron,6.94,1.63,"Precio promedio fuera del intervalo de selección 100-5000 ARS por unidad. Umbral didáctico, no prueba de error."
87612,AGRICULTORES FEDERADOS ARGENTINOS S.C.L.,2025/05,Gas Oil Grado 3,27.67,1.51,"Precio promedio fuera del intervalo de selección 100-5000 ARS por unidad. Umbral didáctico, no prueba de error."
87616,AGRICULTORES FEDERADOS ARGENTINOS S.C.L.,2025/05,Gas Oil Grado 2,141.15,1.37,"Precio promedio fuera del intervalo de selección 100-5000 ARS por unidad. Umbral didáctico, no prueba de error."
109451,AGRICULTORES FEDERADOS ARGENTINOS S.C.L.,2025/06,Nafta (súper) entre 92 y 95 Ron,42.04,1.32,"Precio promedio fuera del intervalo de selección 100-5000 ARS por unidad. Umbral didáctico, no prueba de error."
109453,AGRICULTORES FEDERADOS ARGENTINOS S.C.L.,2025/06,Gas Oil Grado 2,141.15,1.27,"Precio promedio fuera del intervalo de selección 100-5000 ARS por unidad. Umbral didáctico, no prueba de error."
109455,AGRICULTORES FEDERADOS ARGENTINOS S.C.L.,2025/06,Nafta (premium) de más de 95 Ron,6.94,1.54,"Precio promedio fuera del intervalo de selección 100-5000 ARS por unidad. Umbral didáctico, no prueba de error."
109457,AGRICULTORES FEDERADOS ARGENTINOS S.C.L.,2025/06,Gas Oil Grado 3,27.67,1.44,"Precio promedio fuera del intervalo de selección 100-5000 ARS por unidad. Umbral didáctico, no prueba de error."
131209,AGRICULTORES FEDERADOS ARGENTINOS S.C.L.,2025/07,Gas Oil Grado 2,108.50,1.37,"Precio promedio fuera del intervalo de selección 100-5000 ARS por unidad. Umbral didáctico, no prueba de error."
131213,AGRICULTORES FEDERADOS ARGENTINOS S.C.L.,2025/07,Gas Oil Grado 3,28.32,1.51,"Precio promedio fuera del intervalo de selección 100-5000 ARS por unidad. Umbral didáctico, no prueba de error."
131217,AGRICULTORES FEDERADOS ARGENTINOS S.C.L.,2025/07,Nafta (premium) de más de 95 Ron,6.74,1.63,"Precio promedio fuera del intervalo de selección 100-5000 ARS por unidad. Umbral didáctico, no prueba de error."
131221,AGRICULTORES FEDERADOS ARGENTINOS S.C.L.,2025/07,Nafta (súper) entre 92 y 95 Ron,39.94,1.40,"Precio promedio fuera del intervalo de selección 100-5000 ARS por unidad. Umbral didáctico, no prueba de error."
152956,AGRICULTORES FEDERADOS ARGENTINOS S.C.L.,2025/08,Gas Oil Grado 2,127.09,1.34,"Precio promedio fuera del intervalo de selección 100-5000 ARS por unidad. Umbral didáctico, no prueba de error."
152960,AGRICULTORES FEDERADOS ARGENTINOS S.C.L.,2025/08,Nafta (premium) de más de 95 Ron,6.56,1.67,"Precio promedio fuera del intervalo de selección 100-5000 ARS por unidad. Umbral didáctico, no prueba de error."
152964,AGRICULTORES FEDERADOS ARGENTINOS S.C.L.,2025/08,Nafta (súper) entre 92 y 95 Ron,40.18,1.43,"Precio promedio fuera del intervalo de selección 100-5000 ARS por unidad. Umbral didáctico, no prueba de error."
152966,AGRICULTORES FEDERADOS ARGENTINOS S.C.L.,2025/08,Gas Oil Grado 3,26.23,1.49,"Precio promedio fuera del intervalo de selección 100-5000 ARS por unidad. Umbral didáctico, no prueba de error."
174600,AGRICULTORES FEDERADOS ARGENTINOS S.C.L.,2025/09,Gas Oil Grado 3,35.14,1.55,"Precio promedio fuera del intervalo de selección 100-5000 ARS por unidad. Umbral didáctico, no prueba de error."
174606,AGRICULTORES FEDERADOS ARGENTINOS S.C.L.,2025/09,Nafta (súper) entre 92 y 95 Ron,43.33,1.47,"Precio promedio fuera del intervalo de selección 100-5000 ARS por unidad. Umbral didáctico, no prueba de error."
174610,AGRICULTORES FEDERADOS ARGENTINOS S.C.L.,2025/09,Nafta (premium) de más de 95 Ron,6.87,1.68,"Precio promedio fuera del intervalo de selección 100-5000 ARS por unidad. Umbral didáctico, no prueba de error."
174614,AGRICULTORES FEDERADOS ARGENTINOS S.C.L.,2025/09,Gas Oil Grado 2,160.27,1.39,"Precio promedio fuera del intervalo de selección 100-5000 ARS por unidad. Umbral didáctico, no prueba de error."
196415,AGRICULTORES FEDERADOS ARGENTINOS S.C.L.,2025/10,Gas Oil Grado 2,152.78,1.45,"Precio promedio fuera del intervalo de selección 100-5000 ARS por unidad. Umbral didáctico, no prueba de error."
196419,AGRICULTORES FEDERADOS ARGENTINOS S.C.L.,2025/10,Nafta (premium) de más de 95 Ron,7.02,1.80,"Precio promedio fuera del intervalo de selección 100-5000 ARS por unidad. Umbral didáctico, no prueba de error."
196421,AGRICULTORES FEDERADOS ARGENTINOS S.C.L.,2025/10,Gas Oil Grado 3,36.51,1.63,"Precio promedio fuera del intervalo de selección 100-5000 ARS por unidad. Umbral didáctico, no prueba de error."
196423,AGRICULTORES FEDERADOS ARGENTINOS S.C.L.,2025/10,Nafta (súper) entre 92 y 95 Ron,44.28,1.55,"Precio promedio fuera del intervalo de selección 100-5000 ARS por unidad. Umbral didáctico, no prueba de error."
218168,AGRICULTORES FEDERADOS ARGENTINOS S.C.L.,2025/11,Nafta (súper) entre 92 y 95 Ron,40.26,1.59,"Precio promedio fuera del intervalo de selección 100-5000 ARS por unidad. Umbral didáctico, no prueba de error."
218170,AGRICULTORES FEDERADOS ARGENTINOS S.C.L.,2025/11,Gas Oil Grado 2,224.63,1.45,"Precio promedio fuera del intervalo de selección 100-5000 ARS por unidad. Umbral didáctico, no prueba de error."
218172,AGRICULTORES FEDERADOS ARGENTINOS S.C.L.,2025/11,Gas Oil Grado 3,26.68,1.63,"Precio promedio fuera del intervalo de selección 100-5000 ARS por unidad. Umbral didáctico, no prueba de error."
218174,AGRICULTORES FEDERADOS ARGENTINOS S.C.L.,2025/11,Nafta (premium) de más de 95 Ron,6.17,1.87,"Precio promedio fuera del intervalo de selección 100-5000 ARS por unidad. Umbral didáctico, no prueba de error."
239881,AGRICULTORES FEDERADOS ARGENTINOS S.C.L.,2025/12,Nafta (súper) entre 92 y 95 Ron,42.66,1.60,"Precio promedio fuera del intervalo de selección 100-5000 ARS por unidad. Umbral didáctico, no prueba de error."
239884,AGRICULTORES FEDERADOS ARGENTINOS S.C.L.,2025/12,Nafta (premium) de más de 95 Ron,6.93,1.89,"Precio promedio fuera del intervalo de selección 100-5000 ARS por unidad. Umbral didáctico, no prueba de error."
239885,AGRICULTORES FEDERADOS ARGENTINOS S.C.L.,2025/12,Gas Oil Grado 3,21.39,1.71,"Precio promedio fuera del intervalo de selección 100-5000 ARS por unidad. Umbral didáctico, no prueba de error."
239886,AGRICULTORES FEDERADOS ARGENTINOS S.C.L.,2025/12,Gas Oil Grado 2,185.42,1.58,"Precio promedio fuera del intervalo de selección 100-5000 ARS por unidad. Umbral didáctico, no prueba de error."
23236,ARQUESA SA,2025/02,Gas Oil Grado 2,54429.00,1209.15,"Volumen líquido mayor a 5000 m3 por producto y mes: posible escala o carga; pendiente de revisión, no se corrige."
45049,ARQUESA SA,2025/03,Gas Oil Grado 2,128917.00,1272.31,"Volumen líquido mayor a 5000 m3 por producto y mes: posible escala o carga; pendiente de revisión, no se corrige."
66895,ARQUESA SA,2025/04,Gas Oil Grado 2,18000.00,1296.00,"Volumen líquido mayor a 5000 m3 por producto y mes: posible escala o carga; pendiente de revisión, no se corrige."
88688,ARQUESA SA,2025/05,Gas Oil Grado 3,20078.00,1513.00,"Volumen líquido mayor a 5000 m3 por producto y mes: posible escala o carga; pendiente de revisión, no se corrige."
88689,ARQUESA SA,2025/05,Gas Oil Grado 2,101480.00,1296.00,"Volumen líquido mayor a 5000 m3 por producto y mes: posible escala o carga; pendiente de revisión, no se corrige."
110550,ARQUESA SA,2025/06,Gas Oil Grado 3,5005.00,1414.00,"Volumen líquido mayor a 5000 m3 por producto y mes: posible escala o carga; pendiente de revisión, no se corrige."
110551,ARQUESA SA,2025/06,Gas Oil Grado 2,8400.00,1277.00,"Volumen líquido mayor a 5000 m3 por producto y mes: posible escala o carga; pendiente de revisión, no se corrige."
132298,ARQUESA SA,2025/07,Gas Oil Grado 2,57980.00,1364.00,"Volumen líquido mayor a 5000 m3 por producto y mes: posible escala o carga; pendiente de revisión, no se corrige."
154050,ARQUESA SA,2025/08,Gas Oil Grado 2,39930.00,1408.50,"Volumen líquido mayor a 5000 m3 por producto y mes: posible escala o carga; pendiente de revisión, no se corrige."
175683,ARQUESA SA,2025/09,Gas Oil Grado 2,70850.00,1408.50,"Volumen líquido mayor a 5000 m3 por producto y mes: posible escala o carga; pendiente de revisión, no se corrige."
197481,ARQUESA SA,2025/10,Gas Oil Grado 3,5972.00,1552.00,"Volumen líquido mayor a 5000 m3 por producto y mes: posible escala o carga; pendiente de revisión, no se corrige."
197482,ARQUESA SA,2025/10,Gas Oil Grado 2,112251.00,1408.50,"Volumen líquido mayor a 5000 m3 por producto y mes: posible escala o carga; pendiente de revisión, no se corrige."
219221,ARQUESA SA,2025/11,Gas Oil Grado 2,157421.00,1577.35,"Volumen líquido mayor a 5000 m3 por producto y mes: posible escala o carga; pendiente de revisión, no se corrige."
240928,ARQUESA SA,2025/12,Gas Oil Grado 2,98123.00,1717.00,"Volumen líquido mayor a 5000 m3 por producto y mes: posible escala o carga; pendiente de revisión, no se corrige."
156359,CHABAS COMBUSTIBLES S.R.L.,2025/08,GNC,102000.00,5.99,"Precio promedio fuera del intervalo de selección 100-5000 ARS por unidad. Umbral didáctico, no prueba de error."
4854,COOPERATIVA AGROPECUARIA DE MALABRIGO LTDA,2025/01,Nafta (súper) entre 92 y 95 Ron,8503.00,1204.00,"Volumen líquido mayor a 5000 m3 por producto y mes: posible escala o carga; pendiente de revisión, no se corrige."
26866,CORBAL S.A.,2025/02,Nafta (súper) entre 92 y 95 Ron,9537.00,1229.00,"Volumen líquido mayor a 5000 m3 por producto y mes: posible escala o carga; pendiente de revisión, no se corrige."
26867,CORBAL S.A.,2025/02,Gas Oil Grado 3,6021.00,1459.00,"Volumen líquido mayor a 5000 m3 por producto y mes: posible escala o carga; pendiente de revisión, no se corrige."
26868,CORBAL S.A.,2025/02,Gas Oil Grado 2,313611.00,1195.00,"Volumen líquido mayor a 5000 m3 por producto y mes: posible escala o carga; pendiente de revisión, no se corrige."
179310,CORBAL S.A.,2025/09,Nafta (súper) entre 92 y 95 Ron,8520.00,1488.00,"Volumen líquido mayor a 5000 m3 por producto y mes: posible escala o carga; pendiente de revisión, no se corrige."
27107,CUBERAS GONZALO A. Y CUBERAS RODRIGO R. S.H,2025/02,Gas Oil Grado 2,11180.80,1294.96,"Volumen líquido mayor a 5000 m3 por producto y mes: posible escala o carga; pendiente de revisión, no se corrige."
48910,CUBERAS GONZALO A. Y CUBERAS RODRIGO R. S.H,2025/03,Gas Oil Grado 2,29446.30,1274.11,"Volumen líquido mayor a 5000 m3 por producto y mes: posible escala o carga; pendiente de revisión, no se corrige."
70751,CUBERAS GONZALO A. Y CUBERAS RODRIGO R. S.H,2025/04,Gas Oil Grado 2,78552.70,1334.69,"Volumen líquido mayor a 5000 m3 por producto y mes: posible escala o carga; pendiente de revisión, no se corrige."
70752,CUBERAS GONZALO A. Y CUBERAS RODRIGO R. S.H,2025/04,Gas Oil Grado 3,5501.14,1498.68,"Volumen líquido mayor a 5000 m3 por producto y mes: posible escala o carga; pendiente de revisión, no se corrige."
92547,CUBERAS GONZALO A. Y CUBERAS RODRIGO R. S.H,2025/05,Gas Oil Grado 2,56495.40,1322.27,"Volumen líquido mayor a 5000 m3 por producto y mes: posible escala o carga; pendiente de revisión, no se corrige."
114383,CUBERAS GONZALO A. Y CUBERAS RODRIGO R. S.H,2025/06,Gas Oil Grado 2,64998.40,1344.75,"Volumen líquido mayor a 5000 m3 por producto y mes: posible escala o carga; pendiente de revisión, no se corrige."
136114,CUBERAS GONZALO A. Y CUBERAS RODRIGO R. S.H,2025/07,Gas Oil Grado 2,59699.90,1410.73,"Volumen líquido mayor a 5000 m3 por producto y mes: posible escala o carga; pendiente de revisión, no se corrige."
136115,CUBERAS GONZALO A. Y CUBERAS RODRIGO R. S.H,2025/07,Nafta (súper) entre 92 y 95 Ron,5415.67,1361.81,"Volumen líquido mayor a 5000 m3 por producto y mes: posible escala o carga; pendiente de revisión, no se corrige."
157861,CUBERAS GONZALO A. Y CUBERAS RODRIGO R. S.H,2025/08,Gas Oil Grado 2,47303.40,1464.77,"Volumen líquido mayor a 5000 m3 por producto y mes: posible escala o carga; pendiente de revisión, no se corrige."
157864,CUBERAS GONZALO A. Y CUBERAS RODRIGO R. S.H,2025/08,Nafta (súper) entre 92 y 95 Ron,5518.22,1405.12,"Volumen líquido mayor a 5000 m3 por producto y mes: posible escala o carga; pendiente de revisión, no se corrige."
179540,CUBERAS GONZALO A. Y CUBERAS RODRIGO R. S.H,2025/09,Gas Oil Grado 3,6742.37,1671.07,"Volumen líquido mayor a 5000 m3 por producto y mes: posible escala o carga; pendiente de revisión, no se corrige."
179541,CUBERAS GONZALO A. Y CUBERAS RODRIGO R. S.H,2025/09,Nafta (común) hasta 92 Ron,5341.37,1478.27,"Volumen líquido mayor a 5000 m3 por producto y mes: posible escala o carga; pendiente de revisión, no se corrige."
179542,CUBERAS GONZALO A. Y CUBERAS RODRIGO R. S.H,2025/09,Gas Oil Grado 2,48939.50,1464.99,"Volumen líquido mayor a 5000 m3 por producto y mes: posible escala o carga; pendiente de revisión, no se corrige."
201338,CUBERAS GONZALO A. Y CUBERAS RODRIGO R. S.H,2025/10,Gas Oil Grado 2,60404.40,1551.62,"Volumen líquido mayor a 5000 m3 por producto y mes: posible escala o carga; pendiente de revisión, no se corrige."
201340,CUBERAS GONZALO A. Y CUBERAS RODRIGO R. S.H,2025/10,Gas Oil Grado 3,7848.99,1722.24,"Volumen líquido mayor a 5000 m3 por producto y mes: posible escala o carga; pendiente de revisión, no se corrige."
201341,CUBERAS GONZALO A. Y CUBERAS RODRIGO R. S.H,2025/10,Nafta (súper) entre 92 y 95 Ron,6288.37,1525.00,"Volumen líquido mayor a 5000 m3 por producto y mes: posible escala o carga; pendiente de revisión, no se corrige."
223054,CUBERAS GONZALO A. Y CUBERAS RODRIGO R. S.H,2025/11,Gas Oil Grado 3,6300.22,1787.79,"Volumen líquido mayor a 5000 m3 por producto y mes: posible escala o carga; pendiente de revisión, no se corrige."
223057,CUBERAS GONZALO A. Y CUBERAS RODRIGO R. S.H,2025/11,Nafta (súper) entre 92 y 95 Ron,6629.04,1609.00,"Volumen líquido mayor a 5000 m3 por producto y mes: posible escala o carga; pendiente de revisión, no se corrige."
244757,CUBERAS GONZALO A. Y CUBERAS RODRIGO R. S.H,2025/12,Nafta (súper) entre 92 y 95 Ron,8346.35,1735.10,"Volumen líquido mayor a 5000 m3 por producto y mes: posible escala o carga; pendiente de revisión, no se corrige."
244758,CUBERAS GONZALO A. Y CUBERAS RODRIGO R. S.H,2025/12,Gas Oil Grado 3,14827.50,1767.84,"Volumen líquido mayor a 5000 m3 por producto y mes: posible escala o carga; pendiente de revisión, no se corrige."
244759,CUBERAS GONZALO A. Y CUBERAS RODRIGO R. S.H,2025/12,Gas Oil Grado 2,64743.90,1674.01,"Volumen líquido mayor a 5000 m3 por producto y mes: posible escala o carga; pendiente de revisión, no se corrige."
201997,DEVENTER SAE,2025/10,Gas Oil Grado 3,40779.00,1648.27,"Volumen líquido mayor a 5000 m3 por producto y mes: posible escala o carga; pendiente de revisión, no se corrige."
6406,EDGAR FELTRIN Y SERGIO BASSO SH,2025/01,Nafta (premium) de más de 95 Ron,6980.00,1444.00,"Volumen líquido mayor a 5000 m3 por producto y mes: posible escala o carga; pendiente de revisión, no se corrige."
137740,EL PUERTO COMBUSTIBLES S.A.,2025/07,Gas Oil Grado 3,21.02,21.02,"Precio promedio fuera del intervalo de selección 100-5000 ARS por unidad. Umbral didáctico, no prueba de error."
7871,ESTACION DE SERV.RAUL S.R.L.,2025/01,Nafta (súper) entre 92 y 95 Ron,249597.00,1216.00,"Volumen líquido mayor a 5000 m3 por producto y mes: posible escala o carga; pendiente de revisión, no se corrige."
7933,ESTACIONES DE SERVICIOS EDARGUS S.R.L.,2025/01,Gas Oil Grado 2,241626.00,1251.00,"Volumen líquido mayor a 5000 m3 por producto y mes: posible escala o carga; pendiente de revisión, no se corrige."
7934,ESTACIONES DE SERVICIOS EDARGUS S.R.L.,2025/01,Gas Oil Grado 3,123817.00,1479.00,"Volumen líquido mayor a 5000 m3 por producto y mes: posible escala o carga; pendiente de revisión, no se corrige."
7936,ESTACIONES DE SERVICIOS EDARGUS S.R.L.,2025/01,Nafta (súper) entre 92 y 95 Ron,307929.00,1241.00,"Volumen líquido mayor a 5000 m3 por producto y mes: posible escala o carga; pendiente de revisión, no se corrige."
7937,ESTACIONES DE SERVICIOS EDARGUS S.R.L.,2025/01,Nafta (premium) de más de 95 Ron,140370.00,1493.00,"Volumen líquido mayor a 5000 m3 por producto y mes: posible escala o carga; pendiente de revisión, no se corrige."
29846,ESTACIONES DE SERVICIOS EDARGUS S.R.L.,2025/02,Nafta (premium) de más de 95 Ron,131742.00,1493.00,"Volumen líquido mayor a 5000 m3 por producto y mes: posible escala o carga; pendiente de revisión, no se corrige."
29848,ESTACIONES DE SERVICIOS EDARGUS S.R.L.,2025/02,Nafta (súper) entre 92 y 95 Ron,293814.00,1241.00,"Volumen líquido mayor a 5000 m3 por producto y mes: posible escala o carga; pendiente de revisión, no se corrige."
29849,ESTACIONES DE SERVICIOS EDARGUS S.R.L.,2025/02,Gas Oil Grado 3,114139.00,1479.00,"Volumen líquido mayor a 5000 m3 por producto y mes: posible escala o carga; pendiente de revisión, no se corrige."
29850,ESTACIONES DE SERVICIOS EDARGUS S.R.L.,2025/02,Gas Oil Grado 2,246114.00,1251.00,"Volumen líquido mayor a 5000 m3 por producto y mes: posible escala o carga; pendiente de revisión, no se corrige."
248271,F&T SERVICIOS S.R.L,2025/12,Gas Oil Grado 2,17960.00,1780.00,"Volumen líquido mayor a 5000 m3 por producto y mes: posible escala o carga; pendiente de revisión, no se corrige."
30622,FULL PETROL SA,2025/02,Nafta (premium) de más de 95 Ron,31372.00,1535.00,"Volumen líquido mayor a 5000 m3 por producto y mes: posible escala o carga; pendiente de revisión, no se corrige."
30625,FULL PETROL SA,2025/02,Gas Oil Grado 2,16986.00,1343.00,"Volumen líquido mayor a 5000 m3 por producto y mes: posible escala o carga; pendiente de revisión, no se corrige."
30627,FULL PETROL SA,2025/02,Nafta (súper) entre 92 y 95 Ron,118639.00,1272.00,"Volumen líquido mayor a 5000 m3 por producto y mes: posible escala o carga; pendiente de revisión, no se corrige."
30628,FULL PETROL SA,2025/02,Gas Oil Grado 3,24869.00,1523.00,"Volumen líquido mayor a 5000 m3 por producto y mes: posible escala o carga; pendiente de revisión, no se corrige."
52428,FULL PETROL SA,2025/03,Gas Oil Grado 2,18518.00,1371.00,"Volumen líquido mayor a 5000 m3 por producto y mes: posible escala o carga; pendiente de revisión, no se corrige."
52429,FULL PETROL SA,2025/03,Nafta (súper) entre 92 y 95 Ron,131752.00,1297.00,"Volumen líquido mayor a 5000 m3 por producto y mes: posible escala o carga; pendiente de revisión, no se corrige."
52432,FULL PETROL SA,2025/03,Gas Oil Grado 3,29446.00,1553.00,"Volumen líquido mayor a 5000 m3 por producto y mes: posible escala o carga; pendiente de revisión, no se corrige."
52434,FULL PETROL SA,2025/03,Nafta (premium) de más de 95 Ron,33647.00,1566.00,"Volumen líquido mayor a 5000 m3 por producto y mes: posible escala o carga; pendiente de revisión, no se corrige."
74259,FULL PETROL SA,2025/04,Gas Oil Grado 2,20358.00,1393.00,"Volumen líquido mayor a 5000 m3 por producto y mes: posible escala o carga; pendiente de revisión, no se corrige."
74261,FULL PETROL SA,2025/04,Gas Oil Grado 3,27719.00,1578.00,"Volumen líquido mayor a 5000 m3 por producto y mes: posible escala o carga; pendiente de revisión, no se corrige."
74262,FULL PETROL SA,2025/04,Nafta (premium) de más de 95 Ron,30353.00,1591.00,"Volumen líquido mayor a 5000 m3 por producto y mes: posible escala o carga; pendiente de revisión, no se corrige."
74266,FULL PETROL SA,2025/04,Nafta (súper) entre 92 y 95 Ron,129006.00,1318.00,"Volumen líquido mayor a 5000 m3 por producto y mes: posible escala o carga; pendiente de revisión, no se corrige."
30987,GAXMART S.A,2025/02,GNC,117051.00,25.60,"Precio promedio fuera del intervalo de selección 100-5000 ARS por unidad. Umbral didáctico, no prueba de error."
9249,GIACOMELLI DAMIAN JESUS,2025/01,Nafta (súper) entre 92 y 95 Ron,14815.00,1197.30,"Volumen líquido mayor a 5000 m3 por producto y mes: posible escala o carga; pendiente de revisión, no se corrige."
9250,GIACOMELLI DAMIAN JESUS,2025/01,Gas Oil Grado 3,9500.00,1468.50,"Volumen líquido mayor a 5000 m3 por producto y mes: posible escala o carga; pendiente de revisión, no se corrige."
9251,GIACOMELLI DAMIAN JESUS,2025/01,Gas Oil Grado 2,23509.00,1269.83,"Volumen líquido mayor a 5000 m3 por producto y mes: posible escala o carga; pendiente de revisión, no se corrige."
31154,GIACOMELLI DAMIAN JESUS,2025/02,Gas Oil Grado 2,24893.00,1306.00,"Volumen líquido mayor a 5000 m3 por producto y mes: posible escala o carga; pendiente de revisión, no se corrige."
31155,GIACOMELLI DAMIAN JESUS,2025/02,Nafta (súper) entre 92 y 95 Ron,13036.00,1242.00,"Volumen líquido mayor a 5000 m3 por producto y mes: posible escala o carga; pendiente de revisión, no se corrige."
31156,GIACOMELLI DAMIAN JESUS,2025/02,Gas Oil Grado 3,9459.00,1495.00,"Volumen líquido mayor a 5000 m3 por producto y mes: posible escala o carga; pendiente de revisión, no se corrige."
52959,GIACOMELLI DAMIAN JESUS,2025/03,Gas Oil Grado 2,53080.00,1316.00,"Volumen líquido mayor a 5000 m3 por producto y mes: posible escala o carga; pendiente de revisión, no se corrige."
52960,GIACOMELLI DAMIAN JESUS,2025/03,Gas Oil Grado 3,10813.00,1521.00,"Volumen líquido mayor a 5000 m3 por producto y mes: posible escala o carga; pendiente de revisión, no se corrige."
52962,GIACOMELLI DAMIAN JESUS,2025/03,Nafta (súper) entre 92 y 95 Ron,14362.00,1260.00,"Volumen líquido mayor a 5000 m3 por producto y mes: posible escala o carga; pendiente de revisión, no se corrige."
74788,GIACOMELLI DAMIAN JESUS,2025/04,Nafta (súper) entre 92 y 95 Ron,13282.00,1280.00,"Volumen líquido mayor a 5000 m3 por producto y mes: posible escala o carga; pendiente de revisión, no se corrige."
74789,GIACOMELLI DAMIAN JESUS,2025/04,Gas Oil Grado 2,73291.00,1337.00,"Volumen líquido mayor a 5000 m3 por producto y mes: posible escala o carga; pendiente de revisión, no se corrige."
74791,GIACOMELLI DAMIAN JESUS,2025/04,Gas Oil Grado 3,10516.00,1530.00,"Volumen líquido mayor a 5000 m3 por producto y mes: posible escala o carga; pendiente de revisión, no se corrige."
96599,GIACOMELLI DAMIAN JESUS,2025/05,Nafta (premium) de más de 95 Ron,5156.00,1586.00,"Volumen líquido mayor a 5000 m3 por producto y mes: posible escala o carga; pendiente de revisión, no se corrige."
96600,GIACOMELLI DAMIAN JESUS,2025/05,Gas Oil Grado 3,9490.00,1530.00,"Volumen líquido mayor a 5000 m3 por producto y mes: posible escala o carga; pendiente de revisión, no se corrige."
96601,GIACOMELLI DAMIAN JESUS,2025/05,Nafta (súper) entre 92 y 95 Ron,15825.00,1280.00,"Volumen líquido mayor a 5000 m3 por producto y mes: posible escala o carga; pendiente de revisión, no se corrige."
96602,GIACOMELLI DAMIAN JESUS,2025/05,Gas Oil Grado 2,45852.00,1300.00,"Volumen líquido mayor a 5000 m3 por producto y mes: posible escala o carga; pendiente de revisión, no se corrige."
118423,GIACOMELLI DAMIAN JESUS,2025/06,Gas Oil Grado 2,50083.00,1310.00,"Volumen líquido mayor a 5000 m3 por producto y mes: posible escala o carga; pendiente de revisión, no se corrige."
118424,GIACOMELLI DAMIAN JESUS,2025/06,Gas Oil Grado 3,14334.00,1530.00,"Volumen líquido mayor a 5000 m3 por producto y mes: posible escala o carga; pendiente de revisión, no se corrige."
118426,GIACOMELLI DAMIAN JESUS,2025/06,Nafta (súper) entre 92 y 95 Ron,18383.00,1300.00,"Volumen líquido mayor a 5000 m3 por producto y mes: posible escala o carga; pendiente de revisión, no se corrige."
140160,GIACOMELLI DAMIAN JESUS,2025/07,Nafta (súper) entre 92 y 95 Ron,13189.00,1317.64,"Volumen líquido mayor a 5000 m3 por producto y mes: posible escala o carga; pendiente de revisión, no se corrige."
140161,GIACOMELLI DAMIAN JESUS,2025/07,Gas Oil Grado 3,14942.00,1662.00,"Volumen líquido mayor a 5000 m3 por producto y mes: posible escala o carga; pendiente de revisión, no se corrige."
140162,GIACOMELLI DAMIAN JESUS,2025/07,Gas Oil Grado 2,39182.00,1392.65,"Volumen líquido mayor a 5000 m3 por producto y mes: posible escala o carga; pendiente de revisión, no se corrige."
161907,GIACOMELLI DAMIAN JESUS,2025/08,Gas Oil Grado 2,30517.00,1438.00,"Volumen líquido mayor a 5000 m3 por producto y mes: posible escala o carga; pendiente de revisión, no se corrige."
161908,GIACOMELLI DAMIAN JESUS,2025/08,Nafta (súper) entre 92 y 95 Ron,16965.00,1360.87,"Volumen líquido mayor a 5000 m3 por producto y mes: posible escala o carga; pendiente de revisión, no se corrige."
161909,GIACOMELLI DAMIAN JESUS,2025/08,Nafta (premium) de más de 95 Ron,5213.00,1695.00,"Volumen líquido mayor a 5000 m3 por producto y mes: posible escala o carga; pendiente de revisión, no se corrige."
161910,GIACOMELLI DAMIAN JESUS,2025/08,Gas Oil Grado 3,10829.00,1662.00,"Volumen líquido mayor a 5000 m3 por producto y mes: posible escala o carga; pendiente de revisión, no se corrige."
183569,GIACOMELLI DAMIAN JESUS,2025/09,Nafta (súper) entre 92 y 95 Ron,22001.00,1477.20,"Volumen líquido mayor a 5000 m3 por producto y mes: posible escala o carga; pendiente de revisión, no se corrige."
183570,GIACOMELLI DAMIAN JESUS,2025/09,Gas Oil Grado 2,37645.00,1461.75,"Volumen líquido mayor a 5000 m3 por producto y mes: posible escala o carga; pendiente de revisión, no se corrige."
183572,GIACOMELLI DAMIAN JESUS,2025/09,Gas Oil Grado 3,10102.00,1668.27,"Volumen líquido mayor a 5000 m3 por producto y mes: posible escala o carga; pendiente de revisión, no se corrige."
205368,GIACOMELLI DAMIAN JESUS,2025/10,Nafta (premium) de más de 95 Ron,5327.00,1780.00,"Volumen líquido mayor a 5000 m3 por producto y mes: posible escala o carga; pendiente de revisión, no se corrige."
205369,GIACOMELLI DAMIAN JESUS,2025/10,Nafta (súper) entre 92 y 95 Ron,15183.00,1528.62,"Volumen líquido mayor a 5000 m3 por producto y mes: posible escala o carga; pendiente de revisión, no se corrige."
205370,GIACOMELLI DAMIAN JESUS,2025/10,Gas Oil Grado 2,26407.00,1490.00,"Volumen líquido mayor a 5000 m3 por producto y mes: posible escala o carga; pendiente de revisión, no se corrige."
205371,GIACOMELLI DAMIAN JESUS,2025/10,Gas Oil Grado 3,14194.00,1713.85,"Volumen líquido mayor a 5000 m3 por producto y mes: posible escala o carga; pendiente de revisión, no se corrige."
227103,GIACOMELLI DAMIAN JESUS,2025/11,Gas Oil Grado 3,14020.00,1811.99,"Volumen líquido mayor a 5000 m3 por producto y mes: posible escala o carga; pendiente de revisión, no se corrige."
227104,GIACOMELLI DAMIAN JESUS,2025/11,Nafta (súper) entre 92 y 95 Ron,14321.00,1582.06,"Volumen líquido mayor a 5000 m3 por producto y mes: posible escala o carga; pendiente de revisión, no se corrige."
227106,GIACOMELLI DAMIAN JESUS,2025/11,Gas Oil Grado 2,52054.00,1563.29,"Volumen líquido mayor a 5000 m3 por producto y mes: posible escala o carga; pendiente de revisión, no se corrige."
248838,GIACOMELLI DAMIAN JESUS,2025/12,Nafta (súper) entre 92 y 95 Ron,15820.00,1677.30,"Volumen líquido mayor a 5000 m3 por producto y mes: posible escala o carga; pendiente de revisión, no se corrige."
248839,GIACOMELLI DAMIAN JESUS,2025/12,Gas Oil Grado 2,49221.00,1666.95,"Volumen líquido mayor a 5000 m3 por producto y mes: posible escala o carga; pendiente de revisión, no se corrige."
248841,GIACOMELLI DAMIAN JESUS,2025/12,Gas Oil Grado 3,14290.00,1915.03,"Volumen líquido mayor a 5000 m3 por producto y mes: posible escala o carga; pendiente de revisión, no se corrige."
120083,JOSÉ MARÍA BERTOZZI,2025/06,Kerosene,5.07,7.50,"Precio promedio fuera del intervalo de selección 100-5000 ARS por unidad. Umbral didáctico, no prueba de error."
11034,JULIO GONZALEZ E HIJOS SRL,2025/01,Nafta (súper) entre 92 y 95 Ron,222900.00,1210.49,"Volumen líquido mayor a 5000 m3 por producto y mes: posible escala o carga; pendiente de revisión, no se corrige."
11035,JULIO GONZALEZ E HIJOS SRL,2025/01,Nafta (premium) de más de 95 Ron,79800.00,1463.57,"Volumen líquido mayor a 5000 m3 por producto y mes: posible escala o carga; pendiente de revisión, no se corrige."
11037,JULIO GONZALEZ E HIJOS SRL,2025/01,Gas Oil Grado 2,58300.00,1225.34,"Volumen líquido mayor a 5000 m3 por producto y mes: posible escala o carga; pendiente de revisión, no se corrige."
11038,JULIO GONZALEZ E HIJOS SRL,2025/01,Gas Oil Grado 3,78850.00,1449.75,"Volumen líquido mayor a 5000 m3 por producto y mes: posible escala o carga; pendiente de revisión, no se corrige."
13107,MARIA DEL HUERTO SRL,2025/01,Nafta (premium) de más de 95 Ron,33430.10,1433.81,"Volumen líquido mayor a 5000 m3 por producto y mes: posible escala o carga; pendiente de revisión, no se corrige."
13108,MARIA DEL HUERTO SRL,2025/01,Nafta (súper) entre 92 y 95 Ron,135647.00,1204.38,"Volumen líquido mayor a 5000 m3 por producto y mes: posible escala o carga; pendiente de revisión, no se corrige."
13109,MARIA DEL HUERTO SRL,2025/01,Gas Oil Grado 3,51286.10,1425.05,"Volumen líquido mayor a 5000 m3 por producto y mes: posible escala o carga; pendiente de revisión, no se corrige."
13110,MARIA DEL HUERTO SRL,2025/01,Gas Oil Grado 2,216990.00,1226.84,"Volumen líquido mayor a 5000 m3 por producto y mes: posible escala o carga; pendiente de revisión, no se corrige."
35008,MARIA DEL HUERTO SRL,2025/02,Gas Oil Grado 2,149264.00,1250.92,"Volumen líquido mayor a 5000 m3 por producto y mes: posible escala o carga; pendiente de revisión, no se corrige."
35009,MARIA DEL HUERTO SRL,2025/02,Nafta (súper) entre 92 y 95 Ron,113864.00,1229.08,"Volumen líquido mayor a 5000 m3 por producto y mes: posible escala o carga; pendiente de revisión, no se corrige."
35010,MARIA DEL HUERTO SRL,2025/02,Nafta (premium) de más de 95 Ron,26650.60,1458.12,"Volumen líquido mayor a 5000 m3 por producto y mes: posible escala o carga; pendiente de revisión, no se corrige."
35011,MARIA DEL HUERTO SRL,2025/02,Gas Oil Grado 3,34618.20,1460.65,"Volumen líquido mayor a 5000 m3 por producto y mes: posible escala o carga; pendiente de revisión, no se corrige."
56815,MARIA DEL HUERTO SRL,2025/03,Nafta (súper) entre 92 y 95 Ron,136795.00,1251.65,"Volumen líquido mayor a 5000 m3 por producto y mes: posible escala o carga; pendiente de revisión, no se corrige."
56816,MARIA DEL HUERTO SRL,2025/03,Nafta (premium) de más de 95 Ron,36586.30,1482.63,"Volumen líquido mayor a 5000 m3 por producto y mes: posible escala o carga; pendiente de revisión, no se corrige."
56817,MARIA DEL HUERTO SRL,2025/03,Gas Oil Grado 2,152514.00,1274.05,"Volumen líquido mayor a 5000 m3 por producto y mes: posible escala o carga; pendiente de revisión, no se corrige."
56818,MARIA DEL HUERTO SRL,2025/03,Gas Oil Grado 3,50693.80,1482.13,"Volumen líquido mayor a 5000 m3 por producto y mes: posible escala o carga; pendiente de revisión, no se corrige."
78648,MARIA DEL HUERTO SRL,2025/04,Nafta (premium) de más de 95 Ron,27777.70,1517.30,"Volumen líquido mayor a 5000 m3 por producto y mes: posible escala o carga; pendiente de revisión, no se corrige."
78649,MARIA DEL HUERTO SRL,2025/04,Nafta (súper) entre 92 y 95 Ron,114930.00,1275.34,"Volumen líquido mayor a 5000 m3 por producto y mes: posible escala o carga; pendiente de revisión, no se corrige."
78650,MARIA DEL HUERTO SRL,2025/04,Gas Oil Grado 2,159244.00,1295.23,"Volumen líquido mayor a 5000 m3 por producto y mes: posible escala o carga; pendiente de revisión, no se corrige."
78651,MARIA DEL HUERTO SRL,2025/04,Gas Oil Grado 3,54240.60,1509.72,"Volumen líquido mayor a 5000 m3 por producto y mes: posible escala o carga; pendiente de revisión, no se corrige."
100454,MARIA DEL HUERTO SRL,2025/05,Nafta (premium) de más de 95 Ron,32161.80,1431.03,"Volumen líquido mayor a 5000 m3 por producto y mes: posible escala o carga; pendiente de revisión, no se corrige."
100455,MARIA DEL HUERTO SRL,2025/05,Nafta (súper) entre 92 y 95 Ron,120723.00,1251.22,"Volumen líquido mayor a 5000 m3 por producto y mes: posible escala o carga; pendiente de revisión, no se corrige."
100456,MARIA DEL HUERTO SRL,2025/05,Gas Oil Grado 2,188337.00,1257.36,"Volumen líquido mayor a 5000 m3 por producto y mes: posible escala o carga; pendiente de revisión, no se corrige."
100457,MARIA DEL HUERTO SRL,2025/05,Gas Oil Grado 3,47293.60,1385.18,"Volumen líquido mayor a 5000 m3 por producto y mes: posible escala o carga; pendiente de revisión, no se corrige."
13578,MENENDEZ Y CIA SRL,2025/01,Gas Oil Grado 3,37560.40,1482.68,"Volumen líquido mayor a 5000 m3 por producto y mes: posible escala o carga; pendiente de revisión, no se corrige."
13579,MENENDEZ Y CIA SRL,2025/01,Nafta (premium) de más de 95 Ron,72863.00,1492.29,"Volumen líquido mayor a 5000 m3 por producto y mes: posible escala o carga; pendiente de revisión, no se corrige."
13580,MENENDEZ Y CIA SRL,2025/01,Gas Oil Grado 2,27566.90,1306.50,"Volumen líquido mayor a 5000 m3 por producto y mes: posible escala o carga; pendiente de revisión, no se corrige."
13581,MENENDEZ Y CIA SRL,2025/01,Nafta (súper) entre 92 y 95 Ron,166843.00,1230.39,"Volumen líquido mayor a 5000 m3 por producto y mes: posible escala o carga; pendiente de revisión, no se corrige."
35479,MENENDEZ Y CIA SRL,2025/02,Gas Oil Grado 3,33669.00,1522.39,"Volumen líquido mayor a 5000 m3 por producto y mes: posible escala o carga; pendiente de revisión, no se corrige."
35480,MENENDEZ Y CIA SRL,2025/02,Nafta (premium) de más de 95 Ron,66622.50,1534.28,"Volumen líquido mayor a 5000 m3 por producto y mes: posible escala o carga; pendiente de revisión, no se corrige."
35481,MENENDEZ Y CIA SRL,2025/02,Nafta (súper) entre 92 y 95 Ron,151861.00,1268.40,"Volumen líquido mayor a 5000 m3 por producto y mes: posible escala o carga; pendiente de revisión, no se corrige."
35482,MENENDEZ Y CIA SRL,2025/02,Gas Oil Grado 2,28668.90,1342.67,"Volumen líquido mayor a 5000 m3 por producto y mes: posible escala o carga; pendiente de revisión, no se corrige."
57283,MENENDEZ Y CIA SRL,2025/03,Gas Oil Grado 2,32761.60,1370.65,"Volumen líquido mayor a 5000 m3 por producto y mes: posible escala o carga; pendiente de revisión, no se corrige."
57284,MENENDEZ Y CIA SRL,2025/03,Nafta (premium) de más de 95 Ron,75110.90,1565.90,"Volumen líquido mayor a 5000 m3 por producto y mes: posible escala o carga; pendiente de revisión, no se corrige."
57285,MENENDEZ Y CIA SRL,2025/03,Gas Oil Grado 3,40393.10,1553.66,"Volumen líquido mayor a 5000 m3 por producto y mes: posible escala o carga; pendiente de revisión, no se corrige."
57286,MENENDEZ Y CIA SRL,2025/03,Nafta (súper) entre 92 y 95 Ron,187866.00,1297.27,"Volumen líquido mayor a 5000 m3 por producto y mes: posible escala o carga; pendiente de revisión, no se corrige."
79120,MENENDEZ Y CIA SRL,2025/04,Nafta (súper) entre 92 y 95 Ron,174222.00,1345.46,"Volumen líquido mayor a 5000 m3 por producto y mes: posible escala o carga; pendiente de revisión, no se corrige."
79121,MENENDEZ Y CIA SRL,2025/04,Nafta (premium) de más de 95 Ron,73082.20,1598.10,"Volumen líquido mayor a 5000 m3 por producto y mes: posible escala o carga; pendiente de revisión, no se corrige."
79122,MENENDEZ Y CIA SRL,2025/04,Gas Oil Grado 3,41567.40,1581.56,"Volumen líquido mayor a 5000 m3 por producto y mes: posible escala o carga; pendiente de revisión, no se corrige."
79123,MENENDEZ Y CIA SRL,2025/04,Gas Oil Grado 2,31773.70,1397.30,"Volumen líquido mayor a 5000 m3 por producto y mes: posible escala o carga; pendiente de revisión, no se corrige."
100925,MENENDEZ Y CIA SRL,2025/05,Gas Oil Grado 2,41562.90,1525.26,"Volumen líquido mayor a 5000 m3 por producto y mes: posible escala o carga; pendiente de revisión, no se corrige."
100926,MENENDEZ Y CIA SRL,2025/05,Gas Oil Grado 3,28203.50,1368.99,"Volumen líquido mayor a 5000 m3 por producto y mes: posible escala o carga; pendiente de revisión, no se corrige."
100927,MENENDEZ Y CIA SRL,2025/05,Nafta (súper) entre 92 y 95 Ron,175939.00,1303.04,"Volumen líquido mayor a 5000 m3 por producto y mes: posible escala o carga; pendiente de revisión, no se corrige."
100928,MENENDEZ Y CIA SRL,2025/05,Nafta (premium) de más de 95 Ron,75699.90,1548.06,"Volumen líquido mayor a 5000 m3 por producto y mes: posible escala o carga; pendiente de revisión, no se corrige."
122742,MENENDEZ Y CIA SRL,2025/06,Gas Oil Grado 3,41022.40,1555.47,"Volumen líquido mayor a 5000 m3 por producto y mes: posible escala o carga; pendiente de revisión, no se corrige."
122743,MENENDEZ Y CIA SRL,2025/06,Gas Oil Grado 2,34056.70,1400.01,"Volumen líquido mayor a 5000 m3 por producto y mes: posible escala o carga; pendiente de revisión, no se corrige."
122744,MENENDEZ Y CIA SRL,2025/06,Nafta (súper) entre 92 y 95 Ron,168284.00,1330.66,"Volumen líquido mayor a 5000 m3 por producto y mes: posible escala o carga; pendiente de revisión, no se corrige."
122745,MENENDEZ Y CIA SRL,2025/06,Nafta (premium) de más de 95 Ron,76784.40,1575.82,"Volumen líquido mayor a 5000 m3 por producto y mes: posible escala o carga; pendiente de revisión, no se corrige."
144476,MENENDEZ Y CIA SRL,2025/07,Gas Oil Grado 3,39159.80,1617.36,"Volumen líquido mayor a 5000 m3 por producto y mes: posible escala o carga; pendiente de revisión, no se corrige."
144477,MENENDEZ Y CIA SRL,2025/07,Nafta (premium) de más de 95 Ron,66769.00,1648.89,"Volumen líquido mayor a 5000 m3 por producto y mes: posible escala o carga; pendiente de revisión, no se corrige."
144478,MENENDEZ Y CIA SRL,2025/07,Gas Oil Grado 2,28157.60,1470.38,"Volumen líquido mayor a 5000 m3 por producto y mes: posible escala o carga; pendiente de revisión, no se corrige."
144479,MENENDEZ Y CIA SRL,2025/07,Nafta (súper) entre 92 y 95 Ron,149383.00,1388.34,"Volumen líquido mayor a 5000 m3 por producto y mes: posible escala o carga; pendiente de revisión, no se corrige."
166204,MENENDEZ Y CIA SRL,2025/08,Gas Oil Grado 3,50979.10,1675.01,"Volumen líquido mayor a 5000 m3 por producto y mes: posible escala o carga; pendiente de revisión, no se corrige."
166205,MENENDEZ Y CIA SRL,2025/08,Gas Oil Grado 2,36223.20,1531.73,"Volumen líquido mayor a 5000 m3 por producto y mes: posible escala o carga; pendiente de revisión, no se corrige."
166206,MENENDEZ Y CIA SRL,2025/08,Nafta (premium) de más de 95 Ron,95104.30,1712.17,"Volumen líquido mayor a 5000 m3 por producto y mes: posible escala o carga; pendiente de revisión, no se corrige."
166207,MENENDEZ Y CIA SRL,2025/08,Nafta (súper) entre 92 y 95 Ron,215740.00,1447.99,"Volumen líquido mayor a 5000 m3 por producto y mes: posible escala o carga; pendiente de revisión, no se corrige."
187867,MENENDEZ Y CIA SRL,2025/09,Gas Oil Grado 3,45124.70,1774.49,"Volumen líquido mayor a 5000 m3 por producto y mes: posible escala o carga; pendiente de revisión, no se corrige."
187868,MENENDEZ Y CIA SRL,2025/09,Gas Oil Grado 2,34621.10,1619.58,"Volumen líquido mayor a 5000 m3 por producto y mes: posible escala o carga; pendiente de revisión, no se corrige."
187869,MENENDEZ Y CIA SRL,2025/09,Nafta (premium) de más de 95 Ron,82061.00,1809.63,"Volumen líquido mayor a 5000 m3 por producto y mes: posible escala o carga; pendiente de revisión, no se corrige."
187870,MENENDEZ Y CIA SRL,2025/09,Nafta (súper) entre 92 y 95 Ron,174898.00,1539.14,"Volumen líquido mayor a 5000 m3 por producto y mes: posible escala o carga; pendiente de revisión, no se corrige."
209654,MENENDEZ Y CIA SRL,2025/10,Nafta (súper) entre 92 y 95 Ron,177977.00,1607.94,"Volumen líquido mayor a 5000 m3 por producto y mes: posible escala o carga; pendiente de revisión, no se corrige."
209655,MENENDEZ Y CIA SRL,2025/10,Nafta (premium) de más de 95 Ron,82974.90,1896.82,"Volumen líquido mayor a 5000 m3 por producto y mes: posible escala o carga; pendiente de revisión, no se corrige."
209656,MENENDEZ Y CIA SRL,2025/10,Gas Oil Grado 2,32169.60,1683.86,"Volumen líquido mayor a 5000 m3 por producto y mes: posible escala o carga; pendiente de revisión, no se corrige."
209657,MENENDEZ Y CIA SRL,2025/10,Gas Oil Grado 3,46112.30,1862.68,"Volumen líquido mayor a 5000 m3 por producto y mes: posible escala o carga; pendiente de revisión, no se corrige."
253874,NUESTRA SEÑORA DE LAS MERCEDES SRL,2025/12,Gas Oil Grado 3,8926.33,1896.00,"Volumen líquido mayor a 5000 m3 por producto y mes: posible escala o carga; pendiente de revisión, no se corrige."
124320,OPESSA ACA RECONQUISTA,2025/06,Gas Oil Grado 2,1277.00,85.58,"Precio promedio fuera del intervalo de selección 100-5000 ARS por unidad. Umbral didáctico, no prueba de error."
61307,RAUL GREGORIO CABODEVILA,2025/03,Gas Oil Grado 3,93496.00,1553.00,"Volumen líquido mayor a 5000 m3 por producto y mes: posible escala o carga; pendiente de revisión, no se corrige."
148450,RAUL GREGORIO CABODEVILA,2025/07,Gas Oil Grado 2,229103.00,1645.00,"Volumen líquido mayor a 5000 m3 por producto y mes: posible escala o carga; pendiente de revisión, no se corrige."
257005,RAUL GREGORIO CABODEVILA,2025/12,Nafta (premium) de más de 95 Ron,28861.00,2090.00,"Volumen líquido mayor a 5000 m3 por producto y mes: posible escala o carga; pendiente de revisión, no se corrige."
17771,REFINERIA BAHIA BLANCA S.A.U.,2025/01,Gas Oil Grado 3,1.00,1.00,"Precio promedio fuera del intervalo de selección 100-5000 ARS por unidad. Umbral didáctico, no prueba de error."
39685,REFINERIA BAHIA BLANCA S.A.U.,2025/02,Gas Oil Grado 3,1.00,1.00,"Precio promedio fuera del intervalo de selección 100-5000 ARS por unidad. Umbral didáctico, no prueba de error."
61563,REFINERIA BAHIA BLANCA S.A.U.,2025/03,Gas Oil Grado 3,1.00,1.00,"Precio promedio fuera del intervalo de selección 100-5000 ARS por unidad. Umbral didáctico, no prueba de error."
83222,REFINERIA BAHIA BLANCA S.A.U.,2025/04,Gas Oil Grado 3,1.00,1.00,"Precio promedio fuera del intervalo de selección 100-5000 ARS por unidad. Umbral didáctico, no prueba de error."
105025,REFINERIA BAHIA BLANCA S.A.U.,2025/05,Gas Oil Grado 3,1.00,1.00,"Precio promedio fuera del intervalo de selección 100-5000 ARS por unidad. Umbral didáctico, no prueba de error."
126786,REFINERIA BAHIA BLANCA S.A.U.,2025/06,Gas Oil Grado 3,1.00,1.00,"Precio promedio fuera del intervalo de selección 100-5000 ARS por unidad. Umbral didáctico, no prueba de error."
148635,REFINERIA BAHIA BLANCA S.A.U.,2025/07,Gas Oil Grado 3,1.00,1.00,"Precio promedio fuera del intervalo de selección 100-5000 ARS por unidad. Umbral didáctico, no prueba de error."
170197,REFINERIA BAHIA BLANCA S.A.U.,2025/08,Gas Oil Grado 3,1.00,1.00,"Precio promedio fuera del intervalo de selección 100-5000 ARS por unidad. Umbral didáctico, no prueba de error."
192043,REFINERIA BAHIA BLANCA S.A.U.,2025/09,Gas Oil Grado 3,1.00,1.00,"Precio promedio fuera del intervalo de selección 100-5000 ARS por unidad. Umbral didáctico, no prueba de error."
127062,REICHEL S.A.,2025/06,Nafta (premium) de más de 95 Ron,7.51,15,"Precio promedio fuera del intervalo de selección 100-5000 ARS por unidad. Umbral didáctico, no prueba de error."
18399,RODONES Y AGNELLO SRL,2025/01,Nafta (súper) entre 92 y 95 Ron,44448.00,1204.00,"Volumen líquido mayor a 5000 m3 por producto y mes: posible escala o carga; pendiente de revisión, no se corrige."
18400,RODONES Y AGNELLO SRL,2025/01,Gas Oil Grado 2,32132.00,1225.00,"Volumen líquido mayor a 5000 m3 por producto y mes: posible escala o carga; pendiente de revisión, no se corrige."
18401,RODONES Y AGNELLO SRL,2025/01,Gas Oil Grado 3,8125.00,1430.00,"Volumen líquido mayor a 5000 m3 por producto y mes: posible escala o carga; pendiente de revisión, no se corrige."
40188,RODONES Y AGNELLO SRL,2025/02,Gas Oil Grado 3,6664.00,1459.00,"Volumen líquido mayor a 5000 m3 por producto y mes: posible escala o carga; pendiente de revisión, no se corrige."
40190,RODONES Y AGNELLO SRL,2025/02,Nafta (súper) entre 92 y 95 Ron,62584.00,1229.00,"Volumen líquido mayor a 5000 m3 por producto y mes: posible escala o carga; pendiente de revisión, no se corrige."
40191,RODONES Y AGNELLO SRL,2025/02,Gas Oil Grado 2,26175.00,1250.00,"Volumen líquido mayor a 5000 m3 por producto y mes: posible escala o carga; pendiente de revisión, no se corrige."
62040,RODONES Y AGNELLO SRL,2025/03,Nafta (súper) entre 92 y 95 Ron,74424.00,1252.00,"Volumen líquido mayor a 5000 m3 por producto y mes: posible escala o carga; pendiente de revisión, no se corrige."
62043,RODONES Y AGNELLO SRL,2025/03,Gas Oil Grado 3,9198.00,1487.00,"Volumen líquido mayor a 5000 m3 por producto y mes: posible escala o carga; pendiente de revisión, no se corrige."
62044,RODONES Y AGNELLO SRL,2025/03,Gas Oil Grado 2,26546.00,1274.00,"Volumen líquido mayor a 5000 m3 por producto y mes: posible escala o carga; pendiente de revisión, no se corrige."
83827,RODONES Y AGNELLO SRL,2025/04,Gas Oil Grado 3,8354.00,1513.00,"Volumen líquido mayor a 5000 m3 por producto y mes: posible escala o carga; pendiente de revisión, no se corrige."
83829,RODONES Y AGNELLO SRL,2025/04,Nafta (súper) entre 92 y 95 Ron,57207.00,1274.00,"Volumen líquido mayor a 5000 m3 por producto y mes: posible escala o carga; pendiente de revisión, no se corrige."
83830,RODONES Y AGNELLO SRL,2025/04,Gas Oil Grado 2,25165.00,1296.00,"Volumen líquido mayor a 5000 m3 por producto y mes: posible escala o carga; pendiente de revisión, no se corrige."
105652,RODONES Y AGNELLO SRL,2025/05,Nafta (súper) entre 92 y 95 Ron,63491.00,1252.00,"Volumen líquido mayor a 5000 m3 por producto y mes: posible escala o carga; pendiente de revisión, no se corrige."
105653,RODONES Y AGNELLO SRL,2025/05,Gas Oil Grado 2,26969.00,1263.00,"Volumen líquido mayor a 5000 m3 por producto y mes: posible escala o carga; pendiente de revisión, no se corrige."
105654,RODONES Y AGNELLO SRL,2025/05,Gas Oil Grado 3,8838.00,1398.00,"Volumen líquido mayor a 5000 m3 por producto y mes: posible escala o carga; pendiente de revisión, no se corrige."
127436,RODONES Y AGNELLO SRL,2025/06,Gas Oil Grado 2,35914.00,1277.00,"Volumen líquido mayor a 5000 m3 por producto y mes: posible escala o carga; pendiente de revisión, no se corrige."
127437,RODONES Y AGNELLO SRL,2025/06,Nafta (súper) entre 92 y 95 Ron,68287.00,1266.00,"Volumen líquido mayor a 5000 m3 por producto y mes: posible escala o carga; pendiente de revisión, no se corrige."
127438,RODONES Y AGNELLO SRL,2025/06,Gas Oil Grado 3,7405.00,1414.00,"Volumen líquido mayor a 5000 m3 por producto y mes: posible escala o carga; pendiente de revisión, no se corrige."
127439,RODONES Y AGNELLO SRL,2025/06,Nafta (premium) de más de 95 Ron,5184.00,1454.00,"Volumen líquido mayor a 5000 m3 por producto y mes: posible escala o carga; pendiente de revisión, no se corrige."
149180,RODONES Y AGNELLO SRL,2025/07,Nafta (premium) de más de 95 Ron,6644.00,1527.00,"Volumen líquido mayor a 5000 m3 por producto y mes: posible escala o carga; pendiente de revisión, no se corrige."
149181,RODONES Y AGNELLO SRL,2025/07,Gas Oil Grado 2,43098.00,1354.00,"Volumen líquido mayor a 5000 m3 por producto y mes: posible escala o carga; pendiente de revisión, no se corrige."
149182,RODONES Y AGNELLO SRL,2025/07,Gas Oil Grado 3,8620.00,1485.00,"Volumen líquido mayor a 5000 m3 por producto y mes: posible escala o carga; pendiente de revisión, no se corrige."
149183,RODONES Y AGNELLO SRL,2025/07,Nafta (súper) entre 92 y 95 Ron,66849.00,1343.00,"Volumen líquido mayor a 5000 m3 por producto y mes: posible escala o carga; pendiente de revisión, no se corrige."
170798,RODONES Y AGNELLO SRL,2025/08,Gas Oil Grado 2,46594.00,1440.00,"Volumen líquido mayor a 5000 m3 por producto y mes: posible escala o carga; pendiente de revisión, no se corrige."
170799,RODONES Y AGNELLO SRL,2025/08,Nafta (premium) de más de 95 Ron,5107.00,1636.00,"Volumen líquido mayor a 5000 m3 por producto y mes: posible escala o carga; pendiente de revisión, no se corrige."
170800,RODONES Y AGNELLO SRL,2025/08,Nafta (súper) entre 92 y 95 Ron,71866.00,1422.00,"Volumen líquido mayor a 5000 m3 por producto y mes: posible escala o carga; pendiente de revisión, no se corrige."
170802,RODONES Y AGNELLO SRL,2025/08,Gas Oil Grado 3,7767.00,1613.00,"Volumen líquido mayor a 5000 m3 por producto y mes: posible escala o carga; pendiente de revisión, no se corrige."
192586,RODONES Y AGNELLO SRL,2025/09,Gas Oil Grado 2,39011.00,1484.00,"Volumen líquido mayor a 5000 m3 por producto y mes: posible escala o carga; pendiente de revisión, no se corrige."
192587,RODONES Y AGNELLO SRL,2025/09,Nafta (súper) entre 92 y 95 Ron,61885.00,1492.00,"Volumen líquido mayor a 5000 m3 por producto y mes: posible escala o carga; pendiente de revisión, no se corrige."
192590,RODONES Y AGNELLO SRL,2025/09,Gas Oil Grado 3,10865.00,1657.00,"Volumen líquido mayor a 5000 m3 por producto y mes: posible escala o carga; pendiente de revisión, no se corrige."
214324,RODONES Y AGNELLO SRL,2025/10,Nafta (súper) entre 92 y 95 Ron,63289.00,1527.00,"Volumen líquido mayor a 5000 m3 por producto y mes: posible escala o carga; pendiente de revisión, no se corrige."
214325,RODONES Y AGNELLO SRL,2025/10,Gas Oil Grado 2,37765.00,1532.00,"Volumen líquido mayor a 5000 m3 por producto y mes: posible escala o carga; pendiente de revisión, no se corrige."
214326,RODONES Y AGNELLO SRL,2025/10,Gas Oil Grado 3,18501.00,1720.00,"Volumen líquido mayor a 5000 m3 por producto y mes: posible escala o carga; pendiente de revisión, no se corrige."
236043,RODONES Y AGNELLO SRL,2025/11,Nafta (súper) entre 92 y 95 Ron,72204.00,1657.00,"Volumen líquido mayor a 5000 m3 por producto y mes: posible escala o carga; pendiente de revisión, no se corrige."
236045,RODONES Y AGNELLO SRL,2025/11,Gas Oil Grado 3,11436.00,1843.00,"Volumen líquido mayor a 5000 m3 por producto y mes: posible escala o carga; pendiente de revisión, no se corrige."
236046,RODONES Y AGNELLO SRL,2025/11,Gas Oil Grado 2,26947.00,1662.00,"Volumen líquido mayor a 5000 m3 por producto y mes: posible escala o carga; pendiente de revisión, no se corrige."
257743,RODONES Y AGNELLO SRL,2025/12,Gas Oil Grado 2,32798.00,1757.00,"Volumen líquido mayor a 5000 m3 por producto y mes: posible escala o carga; pendiente de revisión, no se corrige."
257745,RODONES Y AGNELLO SRL,2025/12,Gas Oil Grado 3,12196.00,1884.00,"Volumen líquido mayor a 5000 m3 por producto y mes: posible escala o carga; pendiente de revisión, no se corrige."
257747,RODONES Y AGNELLO SRL,2025/12,Nafta (súper) entre 92 y 95 Ron,79515.00,1668.00,"Volumen líquido mayor a 5000 m3 por producto y mes: posible escala o carga; pendiente de revisión, no se corrige."
84649,SANTA TERESA COMBUSTIBLES S.R.L.,2025/04,Gas Oil Grado 2,48844.00,1399.00,"Volumen líquido mayor a 5000 m3 por producto y mes: posible escala o carga; pendiente de revisión, no se corrige."
106876,SERVICENTRO ESSO DE ROGELIO LILLINI E HIJOS,2025/05,Gas Oil Grado 2,1363170.00,1331.29,"Volumen líquido mayor a 5000 m3 por producto y mes: posible escala o carga; pendiente de revisión, no se corrige."
108131,TOSELLI HNOS SA,2025/05,Nafta (súper) entre 92 y 95 Ron,114389.00,1325.00,"Volumen líquido mayor a 5000 m3 por producto y mes: posible escala o carga; pendiente de revisión, no se corrige."
86575,"UNION AGRICOLA DE AVELLANEDA, COOP.LTDA.",2025/04,Gas Oil Grado 3,24.17,1.51,"Precio promedio fuera del intervalo de selección 100-5000 ARS por unidad. Umbral didáctico, no prueba de error."
86577,"UNION AGRICOLA DE AVELLANEDA, COOP.LTDA.",2025/04,Nafta (súper) entre 92 y 95 Ron,46.68,1.27,"Precio promedio fuera del intervalo de selección 100-5000 ARS por unidad. Umbral didáctico, no prueba de error."
86572,"UNION AGRICOLA DE AVELLANEDA, COOP.LTDA.",2025/04,Nafta (súper) entre 92 y 95 Ron,17.54,1.27,"Precio promedio fuera del intervalo de selección 100-5000 ARS por unidad. Umbral didáctico, no prueba de error."
86576,"UNION AGRICOLA DE AVELLANEDA, COOP.LTDA.",2025/04,Gas Oil Grado 3,10.60,1.51,"Precio promedio fuera del intervalo de selección 100-5000 ARS por unidad. Umbral didáctico, no prueba de error."
86566,"UNION AGRICOLA DE AVELLANEDA, COOP.LTDA.",2025/04,Gas Oil Grado 3,15.21,1.51,"Precio promedio fuera del intervalo de selección 100-5000 ARS por unidad. Umbral didáctico, no prueba de error."
86570,"UNION AGRICOLA DE AVELLANEDA, COOP.LTDA.",2025/04,Nafta (súper) entre 92 y 95 Ron,12.82,1.27,"Precio promedio fuera del intervalo de selección 100-5000 ARS por unidad. Umbral didáctico, no prueba de error."
86578,"UNION AGRICOLA DE AVELLANEDA,COOP.LTDA.",2025/04,Gas Oil Grado 3,5.09,1.51,"Precio promedio fuera del intervalo de selección 100-5000 ARS por unidad. Umbral didáctico, no prueba de error."
86579,"UNION AGRICOLA DE AVELLANEDA,COOP.LTDA.",2025/04,Nafta (súper) entre 92 y 95 Ron,11.07,1.27,"Precio promedio fuera del intervalo de selección 100-5000 ARS por unidad. Umbral didáctico, no prueba de error."
44229,AIMETTA S.R.L.,2025/03,Nafta (premium) de más de 95 Ron,47775.00,1525.00,"Volumen líquido mayor a 5000 m3 por producto y mes: posible escala o carga; pendiente de revisión, no se corrige."
131478,AIMETTA S.R.L.,2025/07,Nafta (premium) de más de 95 Ron,49174.00,1545.00,"Volumen líquido mayor a 5000 m3 por producto y mes: posible escala o carga; pendiente de revisión, no se corrige."
109833,ALBERTO RAFAEL ALT Y HÉCTOR JOSÉ ALT S.H.,2025/06,Nafta (premium) de más de 95 Ron,67373.00,1479.00,"Volumen líquido mayor a 5000 m3 por producto y mes: posible escala o carga; pendiente de revisión, no se corrige."
218512,ALCANO S.R.L,2025/11,Nafta (súper) entre 92 y 95 Ron,108465.00,1646.78,"Volumen líquido mayor a 5000 m3 por producto y mes: posible escala o carga; pendiente de revisión, no se corrige."
218513,ALCANO S.R.L,2025/11,Gas Oil Grado 3,29500.20,1877.69,"Volumen líquido mayor a 5000 m3 por producto y mes: posible escala o carga; pendiente de revisión, no se corrige."
218515,ALCANO S.R.L,2025/11,Gas Oil Grado 2,6560.25,1681.55,"Volumen líquido mayor a 5000 m3 por producto y mes: posible escala o carga; pendiente de revisión, no se corrige."
218518,ALCANO S.R.L,2025/11,Nafta (premium) de más de 95 Ron,54015.50,1941.61,"Volumen líquido mayor a 5000 m3 por producto y mes: posible escala o carga; pendiente de revisión, no se corrige."
240220,ALCANO S.R.L,2025/12,Nafta (premium) de más de 95 Ron,77063.40,1985.92,"Volumen líquido mayor a 5000 m3 por producto y mes: posible escala o carga; pendiente de revisión, no se corrige."
240221,ALCANO S.R.L,2025/12,Nafta (súper) entre 92 y 95 Ron,128920.00,1710.93,"Volumen líquido mayor a 5000 m3 por producto y mes: posible escala o carga; pendiente de revisión, no se corrige."
240223,ALCANO S.R.L,2025/12,Gas Oil Grado 3,30004.90,1975.35,"Volumen líquido mayor a 5000 m3 por producto y mes: posible escala o carga; pendiente de revisión, no se corrige."
240224,ALCANO S.R.L,2025/12,Gas Oil Grado 2,8015.83,1766.45,"Volumen líquido mayor a 5000 m3 por producto y mes: posible escala o carga; pendiente de revisión, no se corrige."
44366,ALEJANDRO A.DEMARIA Y NELLY R. TORRE S.H.,2025/03,Nafta (súper) entre 92 y 95 Ron,71186.00,1271.00,"Volumen líquido mayor a 5000 m3 por producto y mes: posible escala o carga; pendiente de revisión, no se corrige."
1324,ARMANDO MARCUZZI SRL,2025/01,Gas Oil Grado 3,80139.00,1454.67,"Volumen líquido mayor a 5000 m3 por producto y mes: posible escala o carga; pendiente de revisión, no se corrige."
1325,ARMANDO MARCUZZI SRL,2025/01,Gas Oil Grado 2,82513.00,1219.93,"Volumen líquido mayor a 5000 m3 por producto y mes: posible escala o carga; pendiente de revisión, no se corrige."
1326,ARMANDO MARCUZZI SRL,2025/01,Nafta (súper) entre 92 y 95 Ron,277594.00,1025.30,"Volumen líquido mayor a 5000 m3 por producto y mes: posible escala o carga; pendiente de revisión, no se corrige."
1327,ARMANDO MARCUZZI SRL,2025/01,Nafta (premium) de más de 95 Ron,76912.00,1257.00,"Volumen líquido mayor a 5000 m3 por producto y mes: posible escala o carga; pendiente de revisión, no se corrige."
23209,ARMANDO MARCUZZI SRL,2025/02,Nafta (súper) entre 92 y 95 Ron,214317.00,1246.00,"Volumen líquido mayor a 5000 m3 por producto y mes: posible escala o carga; pendiente de revisión, no se corrige."
23210,ARMANDO MARCUZZI SRL,2025/02,Nafta (premium) de más de 95 Ron,63206.00,1495.00,"Volumen líquido mayor a 5000 m3 por producto y mes: posible escala o carga; pendiente de revisión, no se corrige."
23211,ARMANDO MARCUZZI SRL,2025/02,Gas Oil Grado 3,71002.00,1138.00,"Volumen líquido mayor a 5000 m3 por producto y mes: posible escala o carga; pendiente de revisión, no se corrige."
23212,ARMANDO MARCUZZI SRL,2025/02,Gas Oil Grado 2,74780.00,1261.95,"Volumen líquido mayor a 5000 m3 por producto y mes: posible escala o carga; pendiente de revisión, no se corrige."
45023,ARMANDO MARCUZZI SRL,2025/03,Gas Oil Grado 3,59603.00,1393.03,"Volumen líquido mayor a 5000 m3 por producto y mes: posible escala o carga; pendiente de revisión, no se corrige."
45024,ARMANDO MARCUZZI SRL,2025/03,Nafta (premium) de más de 95 Ron,55816.00,1500.29,"Volumen líquido mayor a 5000 m3 por producto y mes: posible escala o carga; pendiente de revisión, no se corrige."
45025,ARMANDO MARCUZZI SRL,2025/03,Gas Oil Grado 2,65340.00,1228.00,"Volumen líquido mayor a 5000 m3 por producto y mes: posible escala o carga; pendiente de revisión, no se corrige."
45026,ARMANDO MARCUZZI SRL,2025/03,Nafta (súper) entre 92 y 95 Ron,218898.00,1276.00,"Volumen líquido mayor a 5000 m3 por producto y mes: posible escala o carga; pendiente de revisión, no se corrige."
66869,ARMANDO MARCUZZI SRL,2025/04,Gas Oil Grado 2,55108.80,1298.77,"Volumen líquido mayor a 5000 m3 por producto y mes: posible escala o carga; pendiente de revisión, no se corrige."
66870,ARMANDO MARCUZZI SRL,2025/04,Nafta (súper) entre 92 y 95 Ron,196661.00,1286.15,"Volumen líquido mayor a 5000 m3 por producto y mes: posible escala o carga; pendiente de revisión, no se corrige."
66871,ARMANDO MARCUZZI SRL,2025/04,Gas Oil Grado 3,51599.00,1529.31,"Volumen líquido mayor a 5000 m3 por producto y mes: posible escala o carga; pendiente de revisión, no se corrige."
66872,ARMANDO MARCUZZI SRL,2025/04,Nafta (premium) de más de 95 Ron,47410.00,1543.66,"Volumen líquido mayor a 5000 m3 por producto y mes: posible escala o carga; pendiente de revisión, no se corrige."
175660,ARMANDO MARCUZZI SRL,2025/09,Nafta (súper) entre 92 y 95 Ron,94424.00,1502.52,"Volumen líquido mayor a 5000 m3 por producto y mes: posible escala o carga; pendiente de revisión, no se corrige."
220233,BARALE S.A.,2025/11,Gas Oil Grado 2,205721.00,1636.91,"Volumen líquido mayor a 5000 m3 por producto y mes: posible escala o carga; pendiente de revisión, no se corrige."
2496,BAUTISTA ODASSO E HIJO  S.R.L.,2025/01,Nafta (súper) entre 92 y 95 Ron,62,1.24,"Precio promedio fuera del intervalo de selección 100-5000 ARS por unidad. Umbral didáctico, no prueba de error."
89953,BENITEZ PEDRO ROGELIO,2025/05,Nafta (premium) de más de 95 Ron,6865.00,1462.00,"Volumen líquido mayor a 5000 m3 por producto y mes: posible escala o carga; pendiente de revisión, no se corrige."
133562,BENZIN S.R.L.,2025/07,Nafta (premium) de más de 95 Ron,23415.00,1559.00,"Volumen líquido mayor a 5000 m3 por producto y mes: posible escala o carga; pendiente de revisión, no se corrige."
46877,CAPPRI HNOS. S.H.,2025/03,Gas Oil Grado 2,9962.00,1356.00,"Volumen líquido mayor a 5000 m3 por producto y mes: posible escala o carga; pendiente de revisión, no se corrige."
90726,CAROLINA EDITH ROLLA,2025/05,GNC,47295.00,97.34,"Precio promedio fuera del intervalo de selección 100-5000 ARS por unidad. Umbral didáctico, no prueba de error."
134468,CATTANEO HNOS SRL,2025/07,Nafta (premium) de más de 95 Ron,57437.00,1572.57,"Volumen líquido mayor a 5000 m3 por producto y mes: posible escala o carga; pendiente de revisión, no se corrige."
199667,CATTANEO HNOS SRL,2025/10,Nafta (súper) entre 92 y 95 Ron,144924.00,1574.53,"Volumen líquido mayor a 5000 m3 por producto y mes: posible escala o carga; pendiente de revisión, no se corrige."
4112,COMBUSTIBLES DEL CERRO S.R.L.,2025/01,Nafta (súper) entre 92 y 95 Ron,6000.00,1200.00,"Volumen líquido mayor a 5000 m3 por producto y mes: posible escala o carga; pendiente de revisión, no se corrige."
25996,COMBUSTIBLES DEL CERRO S.R.L.,2025/02,Nafta (súper) entre 92 y 95 Ron,14000.00,1360.00,"Volumen líquido mayor a 5000 m3 por producto y mes: posible escala o carga; pendiente de revisión, no se corrige."
47808,COMBUSTIBLES DEL CERRO S.R.L.,2025/03,Nafta (súper) entre 92 y 95 Ron,14000.00,1360.00,"Volumen líquido mayor a 5000 m3 por producto y mes: posible escala o carga; pendiente de revisión, no se corrige."
69653,COMBUSTIBLES DEL CERRO S.R.L.,2025/04,Nafta (súper) entre 92 y 95 Ron,14000.00,1360.00,"Volumen líquido mayor a 5000 m3 por producto y mes: posible escala o carga; pendiente de revisión, no se corrige."
91453,COMBUSTIBLES DEL CERRO S.R.L.,2025/05,Nafta (súper) entre 92 y 95 Ron,8000.00,1300.00,"Volumen líquido mayor a 5000 m3 por producto y mes: posible escala o carga; pendiente de revisión, no se corrige."
113292,COMBUSTIBLES DEL CERRO S.R.L.,2025/06,Nafta (súper) entre 92 y 95 Ron,9000.00,1300.00,"Volumen líquido mayor a 5000 m3 por producto y mes: posible escala o carga; pendiente de revisión, no se corrige."
135034,COMBUSTIBLES DEL CERRO S.R.L.,2025/07,Nafta (súper) entre 92 y 95 Ron,9000.00,1300.00,"Volumen líquido mayor a 5000 m3 por producto y mes: posible escala o carga; pendiente de revisión, no se corrige."
4245,COMBUSTIBLES ITALO ARGENTINO S.A.,2025/01,Gas Oil Grado 2,40.26,1.24,"Precio promedio fuera del intervalo de selección 100-5000 ARS por unidad. Umbral didáctico, no prueba de error."
26127,COMBUSTIBLES ITALO ARGENTINO S.A.,2025/02,Nafta (súper) entre 92 y 95 Ron,1690.41,1.25,"Precio promedio fuera del intervalo de selección 100-5000 ARS por unidad. Umbral didáctico, no prueba de error."
48431,COOP. AGRICOLA TAMBERA DE  JAMES CRAIK LTDA.,2025/03,Gas Oil Grado 2,10.56,1.48,"Precio promedio fuera del intervalo de selección 100-5000 ARS por unidad. Umbral didáctico, no prueba de error."
70268,COOP. AGRICOLA TAMBERA DE  JAMES CRAIK LTDA.,2025/04,Gas Oil Grado 2,17398.60,1238.83,"Volumen líquido mayor a 5000 m3 por producto y mes: posible escala o carga; pendiente de revisión, no se corrige."
70270,COOP. AGRICOLA TAMBERA DE  JAMES CRAIK LTDA.,2025/04,Nafta (súper) entre 92 y 95 Ron,23371.70,1219.89,"Volumen líquido mayor a 5000 m3 por producto y mes: posible escala o carga; pendiente de revisión, no se corrige."
70271,COOP. AGRICOLA TAMBERA DE  JAMES CRAIK LTDA.,2025/04,Gas Oil Grado 3,6269.97,1474.83,"Volumen líquido mayor a 5000 m3 por producto y mes: posible escala o carga; pendiente de revisión, no se corrige."
92071,COOP. AGRICOLA TAMBERA DE  JAMES CRAIK LTDA.,2025/05,Gas Oil Grado 2,14347.00,1238.83,"Volumen líquido mayor a 5000 m3 por producto y mes: posible escala o carga; pendiente de revisión, no se corrige."
92072,COOP. AGRICOLA TAMBERA DE  JAMES CRAIK LTDA.,2025/05,Gas Oil Grado 3,7293.00,1474.83,"Volumen líquido mayor a 5000 m3 por producto y mes: posible escala o carga; pendiente de revisión, no se corrige."
92073,COOP. AGRICOLA TAMBERA DE  JAMES CRAIK LTDA.,2025/05,Nafta (súper) entre 92 y 95 Ron,26966.00,1168.90,"Volumen líquido mayor a 5000 m3 por producto y mes: posible escala o carga; pendiente de revisión, no se corrige."
113908,COOP. AGRICOLA TAMBERA DE  JAMES CRAIK LTDA.,2025/06,Nafta (súper) entre 92 y 95 Ron,23332.00,1156.67,"Volumen líquido mayor a 5000 m3 por producto y mes: posible escala o carga; pendiente de revisión, no se corrige."
113909,COOP. AGRICOLA TAMBERA DE  JAMES CRAIK LTDA.,2025/06,Gas Oil Grado 2,10189.00,1228.01,"Volumen líquido mayor a 5000 m3 por producto y mes: posible escala o carga; pendiente de revisión, no se corrige."
113910,COOP. AGRICOLA TAMBERA DE  JAMES CRAIK LTDA.,2025/06,Gas Oil Grado 3,6259.00,1464.01,"Volumen líquido mayor a 5000 m3 por producto y mes: posible escala o carga; pendiente de revisión, no se corrige."
135640,COOP. AGRICOLA TAMBERA DE  JAMES CRAIK LTDA.,2025/07,Nafta (súper) entre 92 y 95 Ron,27297.60,1150.49,"Volumen líquido mayor a 5000 m3 por producto y mes: posible escala o carga; pendiente de revisión, no se corrige."
135641,COOP. AGRICOLA TAMBERA DE  JAMES CRAIK LTDA.,2025/07,Gas Oil Grado 3,7183.43,1458.56,"Volumen líquido mayor a 5000 m3 por producto y mes: posible escala o carga; pendiente de revisión, no se corrige."
135642,COOP. AGRICOLA TAMBERA DE  JAMES CRAIK LTDA.,2025/07,Gas Oil Grado 2,12919.50,1222.72,"Volumen líquido mayor a 5000 m3 por producto y mes: posible escala o carga; pendiente de revisión, no se corrige."
157386,COOP. AGRICOLA TAMBERA DE  JAMES CRAIK LTDA.,2025/08,Nafta (súper) entre 92 y 95 Ron,28334.00,1244.00,"Volumen líquido mayor a 5000 m3 por producto y mes: posible escala o carga; pendiente de revisión, no se corrige."
157387,COOP. AGRICOLA TAMBERA DE  JAMES CRAIK LTDA.,2025/08,Gas Oil Grado 3,7104.00,1476.98,"Volumen líquido mayor a 5000 m3 por producto y mes: posible escala o carga; pendiente de revisión, no se corrige."
157388,COOP. AGRICOLA TAMBERA DE  JAMES CRAIK LTDA.,2025/08,Gas Oil Grado 2,13299.00,1296.98,"Volumen líquido mayor a 5000 m3 por producto y mes: posible escala o carga; pendiente de revisión, no se corrige."
200858,COOP. AGRICOLA TAMBERA DE  JAMES CRAIK LTDA.,2025/10,Gas Oil Grado 3,10013.00,1514.64,"Volumen líquido mayor a 5000 m3 por producto y mes: posible escala o carga; pendiente de revisión, no se corrige."
200859,COOP. AGRICOLA TAMBERA DE  JAMES CRAIK LTDA.,2025/10,Nafta (súper) entre 92 y 95 Ron,31131.00,1304.17,"Volumen líquido mayor a 5000 m3 por producto y mes: posible escala o carga; pendiente de revisión, no se corrige."
200860,COOP. AGRICOLA TAMBERA DE  JAMES CRAIK LTDA.,2025/10,Gas Oil Grado 2,30734.10,1336.64,"Volumen líquido mayor a 5000 m3 por producto y mes: posible escala o carga; pendiente de revisión, no se corrige."
200861,COOP. AGRICOLA TAMBERA DE  JAMES CRAIK LTDA.,2025/10,Nafta (premium) de más de 95 Ron,6151.00,1554.16,"Volumen líquido mayor a 5000 m3 por producto y mes: posible escala o carga; pendiente de revisión, no se corrige."
222573,COOP. AGRICOLA TAMBERA DE  JAMES CRAIK LTDA.,2025/11,Gas Oil Grado 3,11151.10,1553.73,"Volumen líquido mayor a 5000 m3 por producto y mes: posible escala o carga; pendiente de revisión, no se corrige."
222574,COOP. AGRICOLA TAMBERA DE  JAMES CRAIK LTDA.,2025/11,Gas Oil Grado 2,29532.00,1414.73,"Volumen líquido mayor a 5000 m3 por producto y mes: posible escala o carga; pendiente de revisión, no se corrige."
222575,COOP. AGRICOLA TAMBERA DE  JAMES CRAIK LTDA.,2025/11,Nafta (súper) entre 92 y 95 Ron,30402.40,1360.63,"Volumen líquido mayor a 5000 m3 por producto y mes: posible escala o carga; pendiente de revisión, no se corrige."
244280,COOP. AGRICOLA TAMBERA DE  JAMES CRAIK LTDA.,2025/12,Nafta (premium) de más de 95 Ron,6100.21,1694.34,"Volumen líquido mayor a 5000 m3 por producto y mes: posible escala o carga; pendiente de revisión, no se corrige."
244281,COOP. AGRICOLA TAMBERA DE  JAMES CRAIK LTDA.,2025/12,Gas Oil Grado 2,21833.70,1535.77,"Volumen líquido mayor a 5000 m3 por producto y mes: posible escala o carga; pendiente de revisión, no se corrige."
244282,COOP. AGRICOLA TAMBERA DE  JAMES CRAIK LTDA.,2025/12,Nafta (súper) entre 92 y 95 Ron,33939.60,1492.34,"Volumen líquido mayor a 5000 m3 por producto y mes: posible escala o carga; pendiente de revisión, no se corrige."
244283,COOP. AGRICOLA TAMBERA DE  JAMES CRAIK LTDA.,2025/12,Gas Oil Grado 3,11394.80,1679.77,"Volumen líquido mayor a 5000 m3 por producto y mes: posible escala o carga; pendiente de revisión, no se corrige."
48658,COPES SAS,2025/03,Nafta (súper) entre 92 y 95 Ron,72079.70,1265.01,"Volumen líquido mayor a 5000 m3 por producto y mes: posible escala o carga; pendiente de revisión, no se corrige."
48662,COPES SAS,2025/03,Nafta (premium) de más de 95 Ron,7396.15,1518.00,"Volumen líquido mayor a 5000 m3 por producto y mes: posible escala o carga; pendiente de revisión, no se corrige."
222811,COPES SAS,2025/11,GNC,49704.70,89.02,"Precio promedio fuera del intervalo de selección 100-5000 ARS por unidad. Umbral didáctico, no prueba de error."
4999,CORGAS S.A,2025/01,Gas Oil Grado 2,28053.00,1261.50,"Volumen líquido mayor a 5000 m3 por producto y mes: posible escala o carga; pendiente de revisión, no se corrige."
5001,CORGAS S.A,2025/01,Nafta (premium) de más de 95 Ron,14024.00,1453.00,"Volumen líquido mayor a 5000 m3 por producto y mes: posible escala o carga; pendiente de revisión, no se corrige."
5002,CORGAS S.A,2025/01,Nafta (súper) entre 92 y 95 Ron,101584.00,1188.50,"Volumen líquido mayor a 5000 m3 por producto y mes: posible escala o carga; pendiente de revisión, no se corrige."
5003,CORGAS S.A,2025/01,Gas Oil Grado 3,17315.00,1439.50,"Volumen líquido mayor a 5000 m3 por producto y mes: posible escala o carga; pendiente de revisión, no se corrige."
26882,CORGAS S.A,2025/02,Gas Oil Grado 2,26479.00,1318.00,"Volumen líquido mayor a 5000 m3 por producto y mes: posible escala o carga; pendiente de revisión, no se corrige."
26883,CORGAS S.A,2025/02,Nafta (premium) de más de 95 Ron,12245.00,1504.00,"Volumen líquido mayor a 5000 m3 por producto y mes: posible escala o carga; pendiente de revisión, no se corrige."
26884,CORGAS S.A,2025/02,Nafta (súper) entre 92 y 95 Ron,96120.00,1244.50,"Volumen líquido mayor a 5000 m3 por producto y mes: posible escala o carga; pendiente de revisión, no se corrige."
26886,CORGAS S.A,2025/02,Gas Oil Grado 3,15912.00,1499.00,"Volumen líquido mayor a 5000 m3 por producto y mes: posible escala o carga; pendiente de revisión, no se corrige."
48690,CORGAS S.A,2025/03,Gas Oil Grado 3,15932.00,1529.00,"Volumen líquido mayor a 5000 m3 por producto y mes: posible escala o carga; pendiente de revisión, no se corrige."
48692,CORGAS S.A,2025/03,Nafta (súper) entre 92 y 95 Ron,144587.00,1270.00,"Volumen líquido mayor a 5000 m3 por producto y mes: posible escala o carga; pendiente de revisión, no se corrige."
48693,CORGAS S.A,2025/03,Nafta (premium) de más de 95 Ron,10486.00,1534.00,"Volumen líquido mayor a 5000 m3 por producto y mes: posible escala o carga; pendiente de revisión, no se corrige."
48694,CORGAS S.A,2025/03,Gas Oil Grado 2,30823.00,1344.50,"Volumen líquido mayor a 5000 m3 por producto y mes: posible escala o carga; pendiente de revisión, no se corrige."
70530,CORGAS S.A,2025/04,Gas Oil Grado 3,16047.00,1558.50,"Volumen líquido mayor a 5000 m3 por producto y mes: posible escala o carga; pendiente de revisión, no se corrige."
70531,CORGAS S.A,2025/04,Gas Oil Grado 2,33056.00,1369.00,"Volumen líquido mayor a 5000 m3 por producto y mes: posible escala o carga; pendiente de revisión, no se corrige."
70532,CORGAS S.A,2025/04,Nafta (premium) de más de 95 Ron,14361.00,1570.00,"Volumen líquido mayor a 5000 m3 por producto y mes: posible escala o carga; pendiente de revisión, no se corrige."
70533,CORGAS S.A,2025/04,Nafta (súper) entre 92 y 95 Ron,101045.00,1293.50,"Volumen líquido mayor a 5000 m3 por producto y mes: posible escala o carga; pendiente de revisión, no se corrige."
92331,CORGAS S.A,2025/05,Nafta (premium) de más de 95 Ron,15019.00,1575.00,"Volumen líquido mayor a 5000 m3 por producto y mes: posible escala o carga; pendiente de revisión, no se corrige."
92333,CORGAS S.A,2025/05,Nafta (súper) entre 92 y 95 Ron,105095.00,1291.00,"Volumen líquido mayor a 5000 m3 por producto y mes: posible escala o carga; pendiente de revisión, no se corrige."
92334,CORGAS S.A,2025/05,Gas Oil Grado 3,16589.00,1557.50,"Volumen líquido mayor a 5000 m3 por producto y mes: posible escala o carga; pendiente de revisión, no se corrige."
92335,CORGAS S.A,2025/05,Gas Oil Grado 2,31471.00,1366.00,"Volumen líquido mayor a 5000 m3 por producto y mes: posible escala o carga; pendiente de revisión, no se corrige."
114170,CORGAS S.A,2025/06,Nafta (premium) de más de 95 Ron,13894.00,1594.00,"Volumen líquido mayor a 5000 m3 por producto y mes: posible escala o carga; pendiente de revisión, no se corrige."
114172,CORGAS S.A,2025/06,Nafta (súper) entre 92 y 95 Ron,103875.00,1320.00,"Volumen líquido mayor a 5000 m3 por producto y mes: posible escala o carga; pendiente de revisión, no se corrige."
114173,CORGAS S.A,2025/06,Gas Oil Grado 3,16387.00,1570.50,"Volumen líquido mayor a 5000 m3 por producto y mes: posible escala o carga; pendiente de revisión, no se corrige."
114174,CORGAS S.A,2025/06,Gas Oil Grado 2,31963.00,1398.50,"Volumen líquido mayor a 5000 m3 por producto y mes: posible escala o carga; pendiente de revisión, no se corrige."
135901,CORGAS S.A,2025/07,Gas Oil Grado 2,31731.00,1472.00,"Volumen líquido mayor a 5000 m3 por producto y mes: posible escala o carga; pendiente de revisión, no se corrige."
135902,CORGAS S.A,2025/07,Nafta (premium) de más de 95 Ron,14980.00,1664.00,"Volumen líquido mayor a 5000 m3 por producto y mes: posible escala o carga; pendiente de revisión, no se corrige."
135903,CORGAS S.A,2025/07,Nafta (súper) entre 92 y 95 Ron,111980.00,1380.50,"Volumen líquido mayor a 5000 m3 por producto y mes: posible escala o carga; pendiente de revisión, no se corrige."
135904,CORGAS S.A,2025/07,Gas Oil Grado 3,17708.00,1629.00,"Volumen líquido mayor a 5000 m3 por producto y mes: posible escala o carga; pendiente de revisión, no se corrige."
157648,CORGAS S.A,2025/08,Nafta (premium) de más de 95 Ron,13663.00,1724.00,"Volumen líquido mayor a 5000 m3 por producto y mes: posible escala o carga; pendiente de revisión, no se corrige."
157650,CORGAS S.A,2025/08,Gas Oil Grado 3,15111.00,1674.00,"Volumen líquido mayor a 5000 m3 por producto y mes: posible escala o carga; pendiente de revisión, no se corrige."
157651,CORGAS S.A,2025/08,Nafta (súper) entre 92 y 95 Ron,105836.00,1394.00,"Volumen líquido mayor a 5000 m3 por producto y mes: posible escala o carga; pendiente de revisión, no se corrige."
157652,CORGAS S.A,2025/08,Gas Oil Grado 2,30531.00,1509.00,"Volumen líquido mayor a 5000 m3 por producto y mes: posible escala o carga; pendiente de revisión, no se corrige."
179325,CORGAS S.A,2025/09,Nafta (súper) entre 92 y 95 Ron,109207.00,1479.00,"Volumen líquido mayor a 5000 m3 por producto y mes: posible escala o carga; pendiente de revisión, no se corrige."
179326,CORGAS S.A,2025/09,Gas Oil Grado 3,14823.00,1734.00,"Volumen líquido mayor a 5000 m3 por producto y mes: posible escala o carga; pendiente de revisión, no se corrige."
179328,CORGAS S.A,2025/09,Gas Oil Grado 2,30402.00,1549.00,"Volumen líquido mayor a 5000 m3 por producto y mes: posible escala o carga; pendiente de revisión, no se corrige."
179329,CORGAS S.A,2025/09,Nafta (premium) de más de 95 Ron,13384.00,1779.00,"Volumen líquido mayor a 5000 m3 por producto y mes: posible escala o carga; pendiente de revisión, no se corrige."
201125,CORGAS S.A,2025/10,Nafta (súper) entre 92 y 95 Ron,112724.00,1529.00,"Volumen líquido mayor a 5000 m3 por producto y mes: posible escala o carga; pendiente de revisión, no se corrige."
201126,CORGAS S.A,2025/10,Gas Oil Grado 2,33800.00,1599.00,"Volumen líquido mayor a 5000 m3 por producto y mes: posible escala o carga; pendiente de revisión, no se corrige."
201127,CORGAS S.A,2025/10,Gas Oil Grado 3,15922.00,1814.00,"Volumen líquido mayor a 5000 m3 por producto y mes: posible escala o carga; pendiente de revisión, no se corrige."
201128,CORGAS S.A,2025/10,Nafta (premium) de más de 95 Ron,14934.00,1839.00,"Volumen líquido mayor a 5000 m3 por producto y mes: posible escala o carga; pendiente de revisión, no se corrige."
222840,CORGAS S.A,2025/11,Gas Oil Grado 2,30983.00,1715.00,"Volumen líquido mayor a 5000 m3 por producto y mes: posible escala o carga; pendiente de revisión, no se corrige."
222842,CORGAS S.A,2025/11,Nafta (súper) entre 92 y 95 Ron,112924.00,1605.00,"Volumen líquido mayor a 5000 m3 por producto y mes: posible escala o carga; pendiente de revisión, no se corrige."
222843,CORGAS S.A,2025/11,Nafta (premium) de más de 95 Ron,14005.00,1943.00,"Volumen líquido mayor a 5000 m3 por producto y mes: posible escala o carga; pendiente de revisión, no se corrige."
222844,CORGAS S.A,2025/11,Gas Oil Grado 3,13802.00,1909.00,"Volumen líquido mayor a 5000 m3 por producto y mes: posible escala o carga; pendiente de revisión, no se corrige."
244546,CORGAS S.A,2025/12,Gas Oil Grado 2,30981.00,1722.00,"Volumen líquido mayor a 5000 m3 por producto y mes: posible escala o carga; pendiente de revisión, no se corrige."
244548,CORGAS S.A,2025/12,Nafta (súper) entre 92 y 95 Ron,119723.00,1624.00,"Volumen líquido mayor a 5000 m3 por producto y mes: posible escala o carga; pendiente de revisión, no se corrige."
244549,CORGAS S.A,2025/12,Nafta (premium) de más de 95 Ron,14906.00,1934.00,"Volumen líquido mayor a 5000 m3 por producto y mes: posible escala o carga; pendiente de revisión, no se corrige."
244550,CORGAS S.A,2025/12,Gas Oil Grado 3,16661.00,1913.50,"Volumen líquido mayor a 5000 m3 por producto y mes: posible escala o carga; pendiente de revisión, no se corrige."
201175,CORTONA Y PAUTASSO S.A.,2025/10,Nafta (súper) entre 92 y 95 Ron,76065.00,1626.00,"Volumen líquido mayor a 5000 m3 por producto y mes: posible escala o carga; pendiente de revisión, no se corrige."
27480,DECAFIP SRL,2025/02,Nafta (premium) de más de 95 Ron,42701.70,1496.00,"Volumen líquido mayor a 5000 m3 por producto y mes: posible escala o carga; pendiente de revisión, no se corrige."
136489,DECAFIP SRL,2025/07,Gas Oil Grado 3,108415.00,1517.00,"Volumen líquido mayor a 5000 m3 por producto y mes: posible escala o carga; pendiente de revisión, no se corrige."
136490,DECAFIP SRL,2025/07,Nafta (súper) entre 92 y 95 Ron,175357.00,1361.00,"Volumen líquido mayor a 5000 m3 por producto y mes: posible escala o carga; pendiente de revisión, no se corrige."
136491,DECAFIP SRL,2025/07,Nafta (premium) de más de 95 Ron,49880.00,1571.00,"Volumen líquido mayor a 5000 m3 por producto y mes: posible escala o carga; pendiente de revisión, no se corrige."
136492,DECAFIP SRL,2025/07,Gas Oil Grado 2,179316.00,1368.00,"Volumen líquido mayor a 5000 m3 por producto y mes: posible escala o carga; pendiente de revisión, no se corrige."
245125,DECAFIP SRL,2025/12,Nafta (súper) entre 92 y 95 Ron,202529.00,1641.00,"Volumen líquido mayor a 5000 m3 por producto y mes: posible escala o carga; pendiente de revisión, no se corrige."
245126,DECAFIP SRL,2025/12,Gas Oil Grado 3,112751.00,1889.00,"Volumen líquido mayor a 5000 m3 por producto y mes: posible escala o carga; pendiente de revisión, no se corrige."
245127,DECAFIP SRL,2025/12,Nafta (premium) de más de 95 Ron,56300.00,1837.00,"Volumen líquido mayor a 5000 m3 por producto y mes: posible escala o carga; pendiente de revisión, no se corrige."
245128,DECAFIP SRL,2025/12,Gas Oil Grado 2,156129.00,1755.00,"Volumen líquido mayor a 5000 m3 por producto y mes: posible escala o carga; pendiente de revisión, no se corrige."
158495,DEMAR S.A.,2025/08,Nafta (premium) de más de 95 Ron,10232.00,1648.13,"Volumen líquido mayor a 5000 m3 por producto y mes: posible escala o carga; pendiente de revisión, no se corrige."
158496,DEMAR S.A.,2025/08,Gas Oil Grado 2,33542.00,1439.05,"Volumen líquido mayor a 5000 m3 por producto y mes: posible escala o carga; pendiente de revisión, no se corrige."
158497,DEMAR S.A.,2025/08,Nafta (súper) entre 92 y 95 Ron,94076.00,1432.42,"Volumen líquido mayor a 5000 m3 por producto y mes: posible escala o carga; pendiente de revisión, no se corrige."
201971,DEMAR S.A.,2025/10,Nafta (súper) entre 92 y 95 Ron,93009.00,1562.31,"Volumen líquido mayor a 5000 m3 por producto y mes: posible escala o carga; pendiente de revisión, no se corrige."
201973,DEMAR S.A.,2025/10,Gas Oil Grado 3,33087.00,1780.26,"Volumen líquido mayor a 5000 m3 por producto y mes: posible escala o carga; pendiente de revisión, no se corrige."
201974,DEMAR S.A.,2025/10,Nafta (premium) de más de 95 Ron,11105.00,1831.75,"Volumen líquido mayor a 5000 m3 por producto y mes: posible escala o carga; pendiente de revisión, no se corrige."
201975,DEMAR S.A.,2025/10,Gas Oil Grado 2,42044.00,1604.39,"Volumen líquido mayor a 5000 m3 por producto y mes: posible escala o carga; pendiente de revisión, no se corrige."
6061,DON BOSCO SRL,2025/01,Nafta (súper) entre 92 y 95 Ron,44554.00,1135.00,"Volumen líquido mayor a 5000 m3 por producto y mes: posible escala o carga; pendiente de revisión, no se corrige."
27963,DON BOSCO SRL,2025/02,Gas Oil Grado 2,8510.00,1155.00,"Volumen líquido mayor a 5000 m3 por producto y mes: posible escala o carga; pendiente de revisión, no se corrige."
49778,DON BOSCO SRL,2025/03,Nafta (súper) entre 92 y 95 Ron,51499.00,1135.00,"Volumen líquido mayor a 5000 m3 por producto y mes: posible escala o carga; pendiente de revisión, no se corrige."
49779,DON BOSCO SRL,2025/03,Nafta (premium) de más de 95 Ron,5999.00,1348.00,"Volumen líquido mayor a 5000 m3 por producto y mes: posible escala o carga; pendiente de revisión, no se corrige."
49781,DON BOSCO SRL,2025/03,Gas Oil Grado 3,6841.00,1155.00,"Volumen líquido mayor a 5000 m3 por producto y mes: posible escala o carga; pendiente de revisión, no se corrige."
71611,DON BOSCO SRL,2025/04,Gas Oil Grado 2,5383.00,1309.00,"Volumen líquido mayor a 5000 m3 por producto y mes: posible escala o carga; pendiente de revisión, no se corrige."
71612,DON BOSCO SRL,2025/04,Nafta (premium) de más de 95 Ron,6333.00,1545.00,"Volumen líquido mayor a 5000 m3 por producto y mes: posible escala o carga; pendiente de revisión, no se corrige."
71614,DON BOSCO SRL,2025/04,Nafta (súper) entre 92 y 95 Ron,53741.00,1287.00,"Volumen líquido mayor a 5000 m3 por producto y mes: posible escala o carga; pendiente de revisión, no se corrige."
93403,DON BOSCO SRL,2025/05,Nafta (premium) de más de 95 Ron,5333.93,1545.00,"Volumen líquido mayor a 5000 m3 por producto y mes: posible escala o carga; pendiente de revisión, no se corrige."
93404,DON BOSCO SRL,2025/05,Nafta (súper) entre 92 y 95 Ron,51542.00,1287.00,"Volumen líquido mayor a 5000 m3 por producto y mes: posible escala o carga; pendiente de revisión, no se corrige."
93406,DON BOSCO SRL,2025/05,Gas Oil Grado 2,5383.00,1309.00,"Volumen líquido mayor a 5000 m3 por producto y mes: posible escala o carga; pendiente de revisión, no se corrige."
115237,DON BOSCO SRL,2025/06,Gas Oil Grado 2,6426.00,1309.00,"Volumen líquido mayor a 5000 m3 por producto y mes: posible escala o carga; pendiente de revisión, no se corrige."
115238,DON BOSCO SRL,2025/06,Nafta (súper) entre 92 y 95 Ron,52994.00,1287.00,"Volumen líquido mayor a 5000 m3 por producto y mes: posible escala o carga; pendiente de revisión, no se corrige."
115239,DON BOSCO SRL,2025/06,Nafta (premium) de más de 95 Ron,6539.00,1545.00,"Volumen líquido mayor a 5000 m3 por producto y mes: posible escala o carga; pendiente de revisión, no se corrige."
136977,DON BOSCO SRL,2025/07,Nafta (súper) entre 92 y 95 Ron,60113.00,1305.00,"Volumen líquido mayor a 5000 m3 por producto y mes: posible escala o carga; pendiente de revisión, no se corrige."
136978,DON BOSCO SRL,2025/07,Nafta (premium) de más de 95 Ron,6790.00,1545.00,"Volumen líquido mayor a 5000 m3 por producto y mes: posible escala o carga; pendiente de revisión, no se corrige."
136980,DON BOSCO SRL,2025/07,Gas Oil Grado 2,7683.00,1324.00,"Volumen líquido mayor a 5000 m3 por producto y mes: posible escala o carga; pendiente de revisión, no se corrige."
158729,DON BOSCO SRL,2025/08,Nafta (súper) entre 92 y 95 Ron,64350.00,1356.38,"Volumen líquido mayor a 5000 m3 por producto y mes: posible escala o carga; pendiente de revisión, no se corrige."
158731,DON BOSCO SRL,2025/08,Nafta (premium) de más de 95 Ron,7016.00,1562.54,"Volumen líquido mayor a 5000 m3 por producto y mes: posible escala o carga; pendiente de revisión, no se corrige."
158732,DON BOSCO SRL,2025/08,Gas Oil Grado 2,7018.00,1374.70,"Volumen líquido mayor a 5000 m3 por producto y mes: posible escala o carga; pendiente de revisión, no se corrige."
180390,DON BOSCO SRL,2025/09,Nafta (súper) entre 92 y 95 Ron,66098.00,1432.60,"Volumen líquido mayor a 5000 m3 por producto y mes: posible escala o carga; pendiente de revisión, no se corrige."
180391,DON BOSCO SRL,2025/09,Nafta (premium) de más de 95 Ron,8153.69,1653.60,"Volumen líquido mayor a 5000 m3 por producto y mes: posible escala o carga; pendiente de revisión, no se corrige."
180392,DON BOSCO SRL,2025/09,Gas Oil Grado 2,7358.24,1462.27,"Volumen líquido mayor a 5000 m3 por producto y mes: posible escala o carga; pendiente de revisión, no se corrige."
202201,DON BOSCO SRL,2025/10,Gas Oil Grado 3,6732.00,1672.35,"Volumen líquido mayor a 5000 m3 por producto y mes: posible escala o carga; pendiente de revisión, no se corrige."
202202,DON BOSCO SRL,2025/10,Gas Oil Grado 2,7402.00,1510.99,"Volumen líquido mayor a 5000 m3 por producto y mes: posible escala o carga; pendiente de revisión, no se corrige."
202203,DON BOSCO SRL,2025/10,Nafta (súper) entre 92 y 95 Ron,76610.00,1493.87,"Volumen líquido mayor a 5000 m3 por producto y mes: posible escala o carga; pendiente de revisión, no se corrige."
202204,DON BOSCO SRL,2025/10,Nafta (premium) de más de 95 Ron,7584.00,1726.80,"Volumen líquido mayor a 5000 m3 por producto y mes: posible escala o carga; pendiente de revisión, no se corrige."
223915,DON BOSCO SRL,2025/11,Nafta (súper) entre 92 y 95 Ron,69279.00,1575.54,"Volumen líquido mayor a 5000 m3 por producto y mes: posible escala o carga; pendiente de revisión, no se corrige."
223917,DON BOSCO SRL,2025/11,Gas Oil Grado 2,6329.00,1626.72,"Volumen líquido mayor a 5000 m3 por producto y mes: posible escala o carga; pendiente de revisión, no se corrige."
223918,DON BOSCO SRL,2025/11,Gas Oil Grado 3,5396.00,1753.74,"Volumen líquido mayor a 5000 m3 por producto y mes: posible escala o carga; pendiente de revisión, no se corrige."
223919,DON BOSCO SRL,2025/11,Nafta (premium) de más de 95 Ron,7188.00,1806.90,"Volumen líquido mayor a 5000 m3 por producto y mes: posible escala o carga; pendiente de revisión, no se corrige."
245635,DON BOSCO SRL,2025/12,Nafta (súper) entre 92 y 95 Ron,70467.50,1668.64,"Volumen líquido mayor a 5000 m3 por producto y mes: posible escala o carga; pendiente de revisión, no se corrige."
245636,DON BOSCO SRL,2025/12,Gas Oil Grado 3,7109.63,1860.90,"Volumen líquido mayor a 5000 m3 por producto y mes: posible escala o carga; pendiente de revisión, no se corrige."
245637,DON BOSCO SRL,2025/12,Nafta (premium) de más de 95 Ron,7503.02,1952.45,"Volumen líquido mayor a 5000 m3 por producto y mes: posible escala o carga; pendiente de revisión, no se corrige."
245638,DON BOSCO SRL,2025/12,Gas Oil Grado 2,5976.21,1748.60,"Volumen líquido mayor a 5000 m3 por producto y mes: posible escala o carga; pendiente de revisión, no se corrige."
115478,ECHANIZ HERMANOS S.A.,2025/06,GNC,679.19,80.07,"Precio promedio fuera del intervalo de selección 100-5000 ARS por unidad. Umbral didáctico, no prueba de error."
115512,ECHANIZ HERMANOS S.A.,2025/06,GNC,722.99,18.64,"Precio promedio fuera del intervalo de selección 100-5000 ARS por unidad. Umbral didáctico, no prueba de error."
6513,EIZAGUIRRE JUAN MARCELO (EX PETREIZA COMBUSTIBLES),2025/01,Gas Oil Grado 3,13242.00,1215.50,"Volumen líquido mayor a 5000 m3 por producto y mes: posible escala o carga; pendiente de revisión, no se corrige."
28417,EIZAGUIRRE JUAN MARCELO (EX PETREIZA COMBUSTIBLES),2025/02,Gas Oil Grado 3,10328.60,1260.50,"Volumen líquido mayor a 5000 m3 por producto y mes: posible escala o carga; pendiente de revisión, no se corrige."
50230,EIZAGUIRRE JUAN MARCELO (EX PETREIZA COMBUSTIBLES),2025/03,Gas Oil Grado 2,9564.73,1298.00,"Volumen líquido mayor a 5000 m3 por producto y mes: posible escala o carga; pendiente de revisión, no se corrige."
72069,EIZAGUIRRE JUAN MARCELO (EX PETREIZA COMBUSTIBLES),2025/04,Gas Oil Grado 2,6120.75,1260.50,"Volumen líquido mayor a 5000 m3 por producto y mes: posible escala o carga; pendiente de revisión, no se corrige."
93859,EIZAGUIRRE JUAN MARCELO (EX PETREIZA COMBUSTIBLES),2025/05,Gas Oil Grado 2,15906.00,1285.00,"Volumen líquido mayor a 5000 m3 por producto y mes: posible escala o carga; pendiente de revisión, no se corrige."
115695,EIZAGUIRRE JUAN MARCELO (EX PETREIZA COMBUSTIBLES),2025/06,Gas Oil Grado 3,16426.80,1498.00,"Volumen líquido mayor a 5000 m3 por producto y mes: posible escala o carga; pendiente de revisión, no se corrige."
137433,EIZAGUIRRE JUAN MARCELO (EX PETREIZA COMBUSTIBLES),2025/07,Gas Oil Grado 3,14582.50,1499.99,"Volumen líquido mayor a 5000 m3 por producto y mes: posible escala o carga; pendiente de revisión, no se corrige."
159186,EIZAGUIRRE JUAN MARCELO (EX PETREIZA COMBUSTIBLES),2025/08,Gas Oil Grado 2,10353.30,1525.13,"Volumen líquido mayor a 5000 m3 por producto y mes: posible escala o carga; pendiente de revisión, no se corrige."
180875,EL CACAHUETE S.R.L.,2025/09,Nafta (súper) entre 92 y 95 Ron,59560.00,1525.00,"Volumen líquido mayor a 5000 m3 por producto y mes: posible escala o carga; pendiente de revisión, no se corrige."
202681,EL CACAHUETE S.R.L.,2025/10,Nafta (premium) de más de 95 Ron,9919.00,1699.00,"Volumen líquido mayor a 5000 m3 por producto y mes: posible escala o carga; pendiente de revisión, no se corrige."
137531,EL EUSKAL SRL,2025/07,Gas Oil Grado 2,121287.00,1383.99,"Volumen líquido mayor a 5000 m3 por producto y mes: posible escala o carga; pendiente de revisión, no se corrige."
137533,EL EUSKAL SRL,2025/07,Nafta (premium) de más de 95 Ron,5974.07,1605.24,"Volumen líquido mayor a 5000 m3 por producto y mes: posible escala o carga; pendiente de revisión, no se corrige."
137537,EL EUSKAL SRL,2025/07,Nafta (súper) entre 92 y 95 Ron,27862.50,1402.56,"Volumen líquido mayor a 5000 m3 por producto y mes: posible escala o carga; pendiente de revisión, no se corrige."
137539,EL EUSKAL SRL,2025/07,Gas Oil Grado 3,13888.40,1557.05,"Volumen líquido mayor a 5000 m3 por producto y mes: posible escala o carga; pendiente de revisión, no se corrige."
159279,EL EUSKAL SRL,2025/08,Gas Oil Grado 3,13597.50,1638.74,"Volumen líquido mayor a 5000 m3 por producto y mes: posible escala o carga; pendiente de revisión, no se corrige."
159283,EL EUSKAL SRL,2025/08,Gas Oil Grado 2,100558.00,1444.35,"Volumen líquido mayor a 5000 m3 por producto y mes: posible escala o carga; pendiente de revisión, no se corrige."
159285,EL EUSKAL SRL,2025/08,Nafta (premium) de más de 95 Ron,6701.74,1691.30,"Volumen líquido mayor a 5000 m3 por producto y mes: posible escala o carga; pendiente de revisión, no se corrige."
159292,EL EUSKAL SRL,2025/08,Nafta (súper) entre 92 y 95 Ron,28055.10,1473.30,"Volumen líquido mayor a 5000 m3 por producto y mes: posible escala o carga; pendiente de revisión, no se corrige."
137534,EL EUSKAL SRL,2025/07,Gas Oil Grado 3,9556.79,1562.76,"Volumen líquido mayor a 5000 m3 por producto y mes: posible escala o carga; pendiente de revisión, no se corrige."
137542,EL EUSKAL SRL,2025/07,Gas Oil Grado 2,32504.20,1364.01,"Volumen líquido mayor a 5000 m3 por producto y mes: posible escala o carga; pendiente de revisión, no se corrige."
137546,EL EUSKAL SRL,2025/07,Nafta (súper) entre 92 y 95 Ron,17616.20,1402.74,"Volumen líquido mayor a 5000 m3 por producto y mes: posible escala o carga; pendiente de revisión, no se corrige."
159291,EL EUSKAL SRL,2025/08,Nafta (súper) entre 92 y 95 Ron,17889.30,1472.83,"Volumen líquido mayor a 5000 m3 por producto y mes: posible escala o carga; pendiente de revisión, no se corrige."
159294,EL EUSKAL SRL,2025/08,Gas Oil Grado 2,39272.70,1468.61,"Volumen líquido mayor a 5000 m3 por producto y mes: posible escala o carga; pendiente de revisión, no se corrige."
159295,EL EUSKAL SRL,2025/08,Gas Oil Grado 3,7793.62,1646.29,"Volumen líquido mayor a 5000 m3 por producto y mes: posible escala o carga; pendiente de revisión, no se corrige."
137536,EL EUSKAL SRL,2025/07,Nafta (premium) de más de 95 Ron,11877.70,1605.33,"Volumen líquido mayor a 5000 m3 por producto y mes: posible escala o carga; pendiente de revisión, no se corrige."
137538,EL EUSKAL SRL,2025/07,Nafta (súper) entre 92 y 95 Ron,64117.80,1402.88,"Volumen líquido mayor a 5000 m3 por producto y mes: posible escala o carga; pendiente de revisión, no se corrige."
137540,EL EUSKAL SRL,2025/07,Gas Oil Grado 2,183853.00,1355.12,"Volumen líquido mayor a 5000 m3 por producto y mes: posible escala o carga; pendiente de revisión, no se corrige."
137541,EL EUSKAL SRL,2025/07,Gas Oil Grado 3,27536.40,1557.79,"Volumen líquido mayor a 5000 m3 por producto y mes: posible escala o carga; pendiente de revisión, no se corrige."
159280,EL EUSKAL SRL,2025/08,Gas Oil Grado 3,28015.00,1635.18,"Volumen líquido mayor a 5000 m3 por producto y mes: posible escala o carga; pendiente de revisión, no se corrige."
159281,EL EUSKAL SRL,2025/08,Gas Oil Grado 2,117491.00,1427.46,"Volumen líquido mayor a 5000 m3 por producto y mes: posible escala o carga; pendiente de revisión, no se corrige."
159288,EL EUSKAL SRL,2025/08,Nafta (premium) de más de 95 Ron,12331.60,1696.09,"Volumen líquido mayor a 5000 m3 por producto y mes: posible escala o carga; pendiente de revisión, no se corrige."
159290,EL EUSKAL SRL,2025/08,Nafta (súper) entre 92 y 95 Ron,64158.70,1471.81,"Volumen líquido mayor a 5000 m3 por producto y mes: posible escala o carga; pendiente de revisión, no se corrige."
137530,EL EUSKAL SRL,2025/07,Gas Oil Grado 2,129236.00,1401.69,"Volumen líquido mayor a 5000 m3 por producto y mes: posible escala o carga; pendiente de revisión, no se corrige."
137544,EL EUSKAL SRL,2025/07,Gas Oil Grado 3,18325.80,1557.55,"Volumen líquido mayor a 5000 m3 por producto y mes: posible escala o carga; pendiente de revisión, no se corrige."
137545,EL EUSKAL SRL,2025/07,Nafta (súper) entre 92 y 95 Ron,26287.20,1403.15,"Volumen líquido mayor a 5000 m3 por producto y mes: posible escala o carga; pendiente de revisión, no se corrige."
159282,EL EUSKAL SRL,2025/08,Nafta (súper) entre 92 y 95 Ron,26230.30,1474.60,"Volumen líquido mayor a 5000 m3 por producto y mes: posible escala o carga; pendiente de revisión, no se corrige."
159284,EL EUSKAL SRL,2025/08,Gas Oil Grado 3,19477.00,1640.47,"Volumen líquido mayor a 5000 m3 por producto y mes: posible escala o carga; pendiente de revisión, no se corrige."
159286,EL EUSKAL SRL,2025/08,Gas Oil Grado 2,116092.00,1463.36,"Volumen líquido mayor a 5000 m3 por producto y mes: posible escala o carga; pendiente de revisión, no se corrige."
159287,EL EUSKAL SRL,2025/08,Nafta (premium) de más de 95 Ron,5662.35,1690.87,"Volumen líquido mayor a 5000 m3 por producto y mes: posible escala o carga; pendiente de revisión, no se corrige."
7256,E.S.DON ANTONIO DE A.E.CARRERA,2025/01,Nafta (premium) de más de 95 Ron,45803.20,1518.07,"Volumen líquido mayor a 5000 m3 por producto y mes: posible escala o carga; pendiente de revisión, no se corrige."
7257,E.S.DON ANTONIO DE A.E.CARRERA,2025/01,Gas Oil Grado 3,53963.40,1496.87,"Volumen líquido mayor a 5000 m3 por producto y mes: posible escala o carga; pendiente de revisión, no se corrige."
7258,E.S.DON ANTONIO DE A.E.CARRERA,2025/01,Gas Oil Grado 2,54769.20,1272.94,"Volumen líquido mayor a 5000 m3 por producto y mes: posible escala o carga; pendiente de revisión, no se corrige."
7259,E.S.DON ANTONIO DE A.E.CARRERA,2025/01,Nafta (súper) entre 92 y 95 Ron,151578.00,1263.44,"Volumen líquido mayor a 5000 m3 por producto y mes: posible escala o carga; pendiente de revisión, no se corrige."
29163,E.S.DON ANTONIO DE A.E.CARRERA,2025/02,Gas Oil Grado 2,39865.60,1326.98,"Volumen líquido mayor a 5000 m3 por producto y mes: posible escala o carga; pendiente de revisión, no se corrige."
29164,E.S.DON ANTONIO DE A.E.CARRERA,2025/02,Gas Oil Grado 3,44894.50,1534.61,"Volumen líquido mayor a 5000 m3 por producto y mes: posible escala o carga; pendiente de revisión, no se corrige."
29165,E.S.DON ANTONIO DE A.E.CARRERA,2025/02,Nafta (súper) entre 92 y 95 Ron,128539.00,1298.26,"Volumen líquido mayor a 5000 m3 por producto y mes: posible escala o carga; pendiente de revisión, no se corrige."
29166,E.S.DON ANTONIO DE A.E.CARRERA,2025/02,Nafta (premium) de más de 95 Ron,36532.40,1559.17,"Volumen líquido mayor a 5000 m3 por producto y mes: posible escala o carga; pendiente de revisión, no se corrige."
50967,E.S.DON ANTONIO DE A.E.CARRERA,2025/03,Gas Oil Grado 2,51180.10,1353.67,"Volumen líquido mayor a 5000 m3 por producto y mes: posible escala o carga; pendiente de revisión, no se corrige."
50968,E.S.DON ANTONIO DE A.E.CARRERA,2025/03,Nafta (premium) de más de 95 Ron,38520.40,1589.45,"Volumen líquido mayor a 5000 m3 por producto y mes: posible escala o carga; pendiente de revisión, no se corrige."
50969,E.S.DON ANTONIO DE A.E.CARRERA,2025/03,Gas Oil Grado 3,52364.70,1562.74,"Volumen líquido mayor a 5000 m3 por producto y mes: posible escala o carga; pendiente de revisión, no se corrige."
50970,E.S.DON ANTONIO DE A.E.CARRERA,2025/03,Nafta (súper) entre 92 y 95 Ron,138825.00,1324.02,"Volumen líquido mayor a 5000 m3 por producto y mes: posible escala o carga; pendiente de revisión, no se corrige."
72798,E.S.DON ANTONIO DE A.E.CARRERA,2025/04,Nafta (súper) entre 92 y 95 Ron,125805.00,1348.58,"Volumen líquido mayor a 5000 m3 por producto y mes: posible escala o carga; pendiente de revisión, no se corrige."
72799,E.S.DON ANTONIO DE A.E.CARRERA,2025/04,Gas Oil Grado 2,48496.70,1379.47,"Volumen líquido mayor a 5000 m3 por producto y mes: posible escala o carga; pendiente de revisión, no se corrige."
72800,E.S.DON ANTONIO DE A.E.CARRERA,2025/04,Nafta (premium) de más de 95 Ron,34147.80,1619.49,"Volumen líquido mayor a 5000 m3 por producto y mes: posible escala o carga; pendiente de revisión, no se corrige."
72801,E.S.DON ANTONIO DE A.E.CARRERA,2025/04,Gas Oil Grado 3,49928.90,1587.45,"Volumen líquido mayor a 5000 m3 por producto y mes: posible escala o carga; pendiente de revisión, no se corrige."
94603,E.S.DON ANTONIO DE A.E.CARRERA,2025/05,Gas Oil Grado 2,45707.30,1362.45,"Volumen líquido mayor a 5000 m3 por producto y mes: posible escala o carga; pendiente de revisión, no se corrige."
94604,E.S.DON ANTONIO DE A.E.CARRERA,2025/05,Nafta (premium) de más de 95 Ron,34471.10,1569.81,"Volumen líquido mayor a 5000 m3 por producto y mes: posible escala o carga; pendiente de revisión, no se corrige."
94605,E.S.DON ANTONIO DE A.E.CARRERA,2025/05,Nafta (súper) entre 92 y 95 Ron,127194.00,1339.07,"Volumen líquido mayor a 5000 m3 por producto y mes: posible escala o carga; pendiente de revisión, no se corrige."
94606,E.S.DON ANTONIO DE A.E.CARRERA,2025/05,Gas Oil Grado 3,52158.40,1539.68,"Volumen líquido mayor a 5000 m3 por producto y mes: posible escala o carga; pendiente de revisión, no se corrige."
116434,E.S.DON ANTONIO DE A.E.CARRERA,2025/06,Nafta (súper) entre 92 y 95 Ron,121086.00,1372.74,"Volumen líquido mayor a 5000 m3 por producto y mes: posible escala o carga; pendiente de revisión, no se corrige."
116435,E.S.DON ANTONIO DE A.E.CARRERA,2025/06,Gas Oil Grado 2,49947.10,1390.53,"Volumen líquido mayor a 5000 m3 por producto y mes: posible escala o carga; pendiente de revisión, no se corrige."
116437,E.S.DON ANTONIO DE A.E.CARRERA,2025/06,Gas Oil Grado 3,44719.20,1563.55,"Volumen líquido mayor a 5000 m3 por producto y mes: posible escala o carga; pendiente de revisión, no se corrige."
116438,E.S.DON ANTONIO DE A.E.CARRERA,2025/06,Nafta (premium) de más de 95 Ron,34768.10,1603.45,"Volumen líquido mayor a 5000 m3 por producto y mes: posible escala o carga; pendiente de revisión, no se corrige."
138172,E.S.DON ANTONIO DE A.E.CARRERA,2025/07,Gas Oil Grado 3,60793.50,1629.34,"Volumen líquido mayor a 5000 m3 por producto y mes: posible escala o carga; pendiente de revisión, no se corrige."
138173,E.S.DON ANTONIO DE A.E.CARRERA,2025/07,Nafta (súper) entre 92 y 95 Ron,139292.00,1429.06,"Volumen líquido mayor a 5000 m3 por producto y mes: posible escala o carga; pendiente de revisión, no se corrige."
138174,E.S.DON ANTONIO DE A.E.CARRERA,2025/07,Nafta (premium) de más de 95 Ron,44467.10,1670.39,"Volumen líquido mayor a 5000 m3 por producto y mes: posible escala o carga; pendiente de revisión, no se corrige."
138176,E.S.DON ANTONIO DE A.E.CARRERA,2025/07,Gas Oil Grado 2,57067.20,1447.35,"Volumen líquido mayor a 5000 m3 por producto y mes: posible escala o carga; pendiente de revisión, no se corrige."
159925,E.S.DON ANTONIO DE A.E.CARRERA,2025/08,Gas Oil Grado 2,45830.50,1528.21,"Volumen líquido mayor a 5000 m3 por producto y mes: posible escala o carga; pendiente de revisión, no se corrige."
159926,E.S.DON ANTONIO DE A.E.CARRERA,2025/08,Nafta (premium) de más de 95 Ron,39580.90,1737.03,"Volumen líquido mayor a 5000 m3 por producto y mes: posible escala o carga; pendiente de revisión, no se corrige."
159927,E.S.DON ANTONIO DE A.E.CARRERA,2025/08,Gas Oil Grado 3,54629.50,1697.08,"Volumen líquido mayor a 5000 m3 por producto y mes: posible escala o carga; pendiente de revisión, no se corrige."
159928,E.S.DON ANTONIO DE A.E.CARRERA,2025/08,Nafta (súper) entre 92 y 95 Ron,129975.00,1492.67,"Volumen líquido mayor a 5000 m3 por producto y mes: posible escala o carga; pendiente de revisión, no se corrige."
181583,E.S.DON ANTONIO DE A.E.CARRERA,2025/09,Nafta (premium) de más de 95 Ron,35796.00,1890.51,"Volumen líquido mayor a 5000 m3 por producto y mes: posible escala o carga; pendiente de revisión, no se corrige."
181584,E.S.DON ANTONIO DE A.E.CARRERA,2025/09,Gas Oil Grado 3,49001.30,1838.50,"Volumen líquido mayor a 5000 m3 por producto y mes: posible escala o carga; pendiente de revisión, no se corrige."
181585,E.S.DON ANTONIO DE A.E.CARRERA,2025/09,Nafta (súper) entre 92 y 95 Ron,119948.00,1604.53,"Volumen líquido mayor a 5000 m3 por producto y mes: posible escala o carga; pendiente de revisión, no se corrige."
181586,E.S.DON ANTONIO DE A.E.CARRERA,2025/09,Gas Oil Grado 2,42735.80,1635.04,"Volumen líquido mayor a 5000 m3 por producto y mes: posible escala o carga; pendiente de revisión, no se corrige."
203381,E.S.DON ANTONIO DE A.E.CARRERA,2025/10,Gas Oil Grado 3,54138.20,1872.25,"Volumen líquido mayor a 5000 m3 por producto y mes: posible escala o carga; pendiente de revisión, no se corrige."
203382,E.S.DON ANTONIO DE A.E.CARRERA,2025/10,Nafta (premium) de más de 95 Ron,39133.30,1934.74,"Volumen líquido mayor a 5000 m3 por producto y mes: posible escala o carga; pendiente de revisión, no se corrige."
203383,E.S.DON ANTONIO DE A.E.CARRERA,2025/10,Nafta (súper) entre 92 y 95 Ron,129473.00,1651.94,"Volumen líquido mayor a 5000 m3 por producto y mes: posible escala o carga; pendiente de revisión, no se corrige."
203384,E.S.DON ANTONIO DE A.E.CARRERA,2025/10,Gas Oil Grado 2,42519.10,1670.46,"Volumen líquido mayor a 5000 m3 por producto y mes: posible escala o carga; pendiente de revisión, no se corrige."
225111,E.S.DON ANTONIO DE A.E.CARRERA,2025/11,Nafta (premium) de más de 95 Ron,39004.10,2009.78,"Volumen líquido mayor a 5000 m3 por producto y mes: posible escala o carga; pendiente de revisión, no se corrige."
225112,E.S.DON ANTONIO DE A.E.CARRERA,2025/11,Gas Oil Grado 3,50410.00,1942.78,"Volumen líquido mayor a 5000 m3 por producto y mes: posible escala o carga; pendiente de revisión, no se corrige."
225113,E.S.DON ANTONIO DE A.E.CARRERA,2025/11,Nafta (súper) entre 92 y 95 Ron,126913.00,1728.65,"Volumen líquido mayor a 5000 m3 por producto y mes: posible escala o carga; pendiente de revisión, no se corrige."
225115,E.S.DON ANTONIO DE A.E.CARRERA,2025/11,Gas Oil Grado 2,38721.80,1740.73,"Volumen líquido mayor a 5000 m3 por producto y mes: posible escala o carga; pendiente de revisión, no se corrige."
246834,E.S.DON ANTONIO DE A.E.CARRERA,2025/12,Gas Oil Grado 3,51497.40,2063.07,"Volumen líquido mayor a 5000 m3 por producto y mes: posible escala o carga; pendiente de revisión, no se corrige."
246835,E.S.DON ANTONIO DE A.E.CARRERA,2025/12,Nafta (súper) entre 92 y 95 Ron,137058.00,1833.62,"Volumen líquido mayor a 5000 m3 por producto y mes: posible escala o carga; pendiente de revisión, no se corrige."
246836,E.S.DON ANTONIO DE A.E.CARRERA,2025/12,Nafta (premium) de más de 95 Ron,41199.50,2103.92,"Volumen líquido mayor a 5000 m3 por producto y mes: posible escala o carga; pendiente de revisión, no se corrige."
246838,E.S.DON ANTONIO DE A.E.CARRERA,2025/12,Gas Oil Grado 2,43068.20,1857.43,"Volumen líquido mayor a 5000 m3 por producto y mes: posible escala o carga; pendiente de revisión, no se corrige."
51092,ESSFE SAS,2025/03,Nafta (súper) entre 92 y 95 Ron,157057.00,1213.93,"Volumen líquido mayor a 5000 m3 por producto y mes: posible escala o carga; pendiente de revisión, no se corrige."
51093,ESSFE SAS,2025/03,Gas Oil Grado 2,10715.10,1292.55,"Volumen líquido mayor a 5000 m3 por producto y mes: posible escala o carga; pendiente de revisión, no se corrige."
51094,ESSFE SAS,2025/03,Nafta (premium) de más de 95 Ron,47685.70,1469.94,"Volumen líquido mayor a 5000 m3 por producto y mes: posible escala o carga; pendiente de revisión, no se corrige."
51095,ESSFE SAS,2025/03,Gas Oil Grado 3,18932.60,2069.93,"Volumen líquido mayor a 5000 m3 por producto y mes: posible escala o carga; pendiente de revisión, no se corrige."
117020,ESTACION DE SERVICIO UNIVERSO SRL,2025/06,Nafta (premium) de más de 95 Ron,83185.10,1457.98,"Volumen líquido mayor a 5000 m3 por producto y mes: posible escala o carga; pendiente de revisión, no se corrige."
204498,FERRANDO Y FERRANDO S.R.L,2025/10,Nafta (súper) entre 92 y 95 Ron,199900.00,1533.00,"Volumen líquido mayor a 5000 m3 por producto y mes: posible escala o carga; pendiente de revisión, no se corrige."
139425,FLORENTINO LUIS FRANCO,2025/07,Gas Oil Grado 2,16138.70,1461.00,"Volumen líquido mayor a 5000 m3 por producto y mes: posible escala o carga; pendiente de revisión, no se corrige."
139426,FLORENTINO LUIS FRANCO,2025/07,Nafta (súper) entre 92 y 95 Ron,5348.21,1370.00,"Volumen líquido mayor a 5000 m3 por producto y mes: posible escala o carga; pendiente de revisión, no se corrige."
9722,GRACIELA BEATRIZ ALLAIS,2025/01,Gas Oil Grado 2,1.00,1.00,"Precio promedio fuera del intervalo de selección 100-5000 ARS por unidad. Umbral didáctico, no prueba de error."
9723,GRACIELA BEATRIZ ALLAIS,2025/01,Gas Oil Grado 3,1.00,1.00,"Precio promedio fuera del intervalo de selección 100-5000 ARS por unidad. Umbral didáctico, no prueba de error."
9724,GRACIELA BEATRIZ ALLAIS,2025/01,Kerosene,1.00,1.00,"Precio promedio fuera del intervalo de selección 100-5000 ARS por unidad. Umbral didáctico, no prueba de error."
9725,GRACIELA BEATRIZ ALLAIS,2025/01,Nafta (premium) de más de 95 Ron,1.00,1.00,"Precio promedio fuera del intervalo de selección 100-5000 ARS por unidad. Umbral didáctico, no prueba de error."
9726,GRACIELA BEATRIZ ALLAIS,2025/01,Nafta (súper) entre 92 y 95 Ron,1.00,1.00,"Precio promedio fuera del intervalo de selección 100-5000 ARS por unidad. Umbral didáctico, no prueba de error."
31633,GRACIELA BEATRIZ ALLAIS,2025/02,Nafta (súper) entre 92 y 95 Ron,1.00,1.00,"Precio promedio fuera del intervalo de selección 100-5000 ARS por unidad. Umbral didáctico, no prueba de error."
31634,GRACIELA BEATRIZ ALLAIS,2025/02,Gas Oil Grado 2,1.00,1.00,"Precio promedio fuera del intervalo de selección 100-5000 ARS por unidad. Umbral didáctico, no prueba de error."
31635,GRACIELA BEATRIZ ALLAIS,2025/02,Kerosene,1.00,1.00,"Precio promedio fuera del intervalo de selección 100-5000 ARS por unidad. Umbral didáctico, no prueba de error."
31636,GRACIELA BEATRIZ ALLAIS,2025/02,Gas Oil Grado 3,1.00,1.00,"Precio promedio fuera del intervalo de selección 100-5000 ARS por unidad. Umbral didáctico, no prueba de error."
31637,GRACIELA BEATRIZ ALLAIS,2025/02,Nafta (premium) de más de 95 Ron,1.00,1.00,"Precio promedio fuera del intervalo de selección 100-5000 ARS por unidad. Umbral didáctico, no prueba de error."
53438,GRACIELA BEATRIZ ALLAIS,2025/03,Nafta (súper) entre 92 y 95 Ron,1.00,1.00,"Precio promedio fuera del intervalo de selección 100-5000 ARS por unidad. Umbral didáctico, no prueba de error."
53439,GRACIELA BEATRIZ ALLAIS,2025/03,Gas Oil Grado 2,1.00,1.00,"Precio promedio fuera del intervalo de selección 100-5000 ARS por unidad. Umbral didáctico, no prueba de error."
53440,GRACIELA BEATRIZ ALLAIS,2025/03,Kerosene,1.00,1.00,"Precio promedio fuera del intervalo de selección 100-5000 ARS por unidad. Umbral didáctico, no prueba de error."
53441,GRACIELA BEATRIZ ALLAIS,2025/03,Nafta (premium) de más de 95 Ron,1.00,1.00,"Precio promedio fuera del intervalo de selección 100-5000 ARS por unidad. Umbral didáctico, no prueba de error."
53442,GRACIELA BEATRIZ ALLAIS,2025/03,Gas Oil Grado 3,1.00,1.00,"Precio promedio fuera del intervalo de selección 100-5000 ARS por unidad. Umbral didáctico, no prueba de error."
75266,GRACIELA BEATRIZ ALLAIS,2025/04,Nafta (premium) de más de 95 Ron,1.00,1.00,"Precio promedio fuera del intervalo de selección 100-5000 ARS por unidad. Umbral didáctico, no prueba de error."
75267,GRACIELA BEATRIZ ALLAIS,2025/04,Kerosene,1.00,1.00,"Precio promedio fuera del intervalo de selección 100-5000 ARS por unidad. Umbral didáctico, no prueba de error."
75268,GRACIELA BEATRIZ ALLAIS,2025/04,Gas Oil Grado 3,1.00,1.00,"Precio promedio fuera del intervalo de selección 100-5000 ARS por unidad. Umbral didáctico, no prueba de error."
75269,GRACIELA BEATRIZ ALLAIS,2025/04,Nafta (súper) entre 92 y 95 Ron,1.00,1.00,"Precio promedio fuera del intervalo de selección 100-5000 ARS por unidad. Umbral didáctico, no prueba de error."
75270,GRACIELA BEATRIZ ALLAIS,2025/04,Gas Oil Grado 2,1.00,1.00,"Precio promedio fuera del intervalo de selección 100-5000 ARS por unidad. Umbral didáctico, no prueba de error."
97078,GRACIELA BEATRIZ ALLAIS,2025/05,Kerosene,1.00,1.00,"Precio promedio fuera del intervalo de selección 100-5000 ARS por unidad. Umbral didáctico, no prueba de error."
97079,GRACIELA BEATRIZ ALLAIS,2025/05,Gas Oil Grado 2,1.00,1.00,"Precio promedio fuera del intervalo de selección 100-5000 ARS por unidad. Umbral didáctico, no prueba de error."
97080,GRACIELA BEATRIZ ALLAIS,2025/05,Gas Oil Grado 3,1.00,1.00,"Precio promedio fuera del intervalo de selección 100-5000 ARS por unidad. Umbral didáctico, no prueba de error."
97081,GRACIELA BEATRIZ ALLAIS,2025/05,Nafta (premium) de más de 95 Ron,1.00,1.00,"Precio promedio fuera del intervalo de selección 100-5000 ARS por unidad. Umbral didáctico, no prueba de error."
97082,GRACIELA BEATRIZ ALLAIS,2025/05,Nafta (súper) entre 92 y 95 Ron,1.00,1.00,"Precio promedio fuera del intervalo de selección 100-5000 ARS por unidad. Umbral didáctico, no prueba de error."
118906,GRACIELA BEATRIZ ALLAIS,2025/06,Nafta (premium) de más de 95 Ron,1.00,1.00,"Precio promedio fuera del intervalo de selección 100-5000 ARS por unidad. Umbral didáctico, no prueba de error."
118907,GRACIELA BEATRIZ ALLAIS,2025/06,Gas Oil Grado 3,1.00,1.00,"Precio promedio fuera del intervalo de selección 100-5000 ARS por unidad. Umbral didáctico, no prueba de error."
118908,GRACIELA BEATRIZ ALLAIS,2025/06,Gas Oil Grado 2,1.00,1.00,"Precio promedio fuera del intervalo de selección 100-5000 ARS por unidad. Umbral didáctico, no prueba de error."
118909,GRACIELA BEATRIZ ALLAIS,2025/06,Nafta (súper) entre 92 y 95 Ron,1.00,1.00,"Precio promedio fuera del intervalo de selección 100-5000 ARS por unidad. Umbral didáctico, no prueba de error."
118910,GRACIELA BEATRIZ ALLAIS,2025/06,Kerosene,1.00,1.00,"Precio promedio fuera del intervalo de selección 100-5000 ARS por unidad. Umbral didáctico, no prueba de error."
140640,GRACIELA BEATRIZ ALLAIS,2025/07,Nafta (súper) entre 92 y 95 Ron,1.00,1.00,"Precio promedio fuera del intervalo de selección 100-5000 ARS por unidad. Umbral didáctico, no prueba de error."
140641,GRACIELA BEATRIZ ALLAIS,2025/07,Nafta (premium) de más de 95 Ron,1.00,1.00,"Precio promedio fuera del intervalo de selección 100-5000 ARS por unidad. Umbral didáctico, no prueba de error."
140642,GRACIELA BEATRIZ ALLAIS,2025/07,Gas Oil Grado 3,1.00,1.00,"Precio promedio fuera del intervalo de selección 100-5000 ARS por unidad. Umbral didáctico, no prueba de error."
140643,GRACIELA BEATRIZ ALLAIS,2025/07,Kerosene,1.00,1.00,"Precio promedio fuera del intervalo de selección 100-5000 ARS por unidad. Umbral didáctico, no prueba de error."
140644,GRACIELA BEATRIZ ALLAIS,2025/07,Gas Oil Grado 2,1.00,1.00,"Precio promedio fuera del intervalo de selección 100-5000 ARS por unidad. Umbral didáctico, no prueba de error."
162387,GRACIELA BEATRIZ ALLAIS,2025/08,Gas Oil Grado 2,1.00,1.00,"Precio promedio fuera del intervalo de selección 100-5000 ARS por unidad. Umbral didáctico, no prueba de error."
162388,GRACIELA BEATRIZ ALLAIS,2025/08,Nafta (premium) de más de 95 Ron,1.00,1.00,"Precio promedio fuera del intervalo de selección 100-5000 ARS por unidad. Umbral didáctico, no prueba de error."
162389,GRACIELA BEATRIZ ALLAIS,2025/08,Nafta (súper) entre 92 y 95 Ron,1.00,1.00,"Precio promedio fuera del intervalo de selección 100-5000 ARS por unidad. Umbral didáctico, no prueba de error."
162390,GRACIELA BEATRIZ ALLAIS,2025/08,Gas Oil Grado 3,1.00,1.00,"Precio promedio fuera del intervalo de selección 100-5000 ARS por unidad. Umbral didáctico, no prueba de error."
162391,GRACIELA BEATRIZ ALLAIS,2025/08,Kerosene,1.00,1.00,"Precio promedio fuera del intervalo de selección 100-5000 ARS por unidad. Umbral didáctico, no prueba de error."
184047,GRACIELA BEATRIZ ALLAIS,2025/09,Gas Oil Grado 3,1.00,1.00,"Precio promedio fuera del intervalo de selección 100-5000 ARS por unidad. Umbral didáctico, no prueba de error."
184048,GRACIELA BEATRIZ ALLAIS,2025/09,Nafta (premium) de más de 95 Ron,1.00,1.00,"Precio promedio fuera del intervalo de selección 100-5000 ARS por unidad. Umbral didáctico, no prueba de error."
184049,GRACIELA BEATRIZ ALLAIS,2025/09,Gas Oil Grado 2,1.00,1.00,"Precio promedio fuera del intervalo de selección 100-5000 ARS por unidad. Umbral didáctico, no prueba de error."
184050,GRACIELA BEATRIZ ALLAIS,2025/09,Kerosene,1.00,1.00,"Precio promedio fuera del intervalo de selección 100-5000 ARS por unidad. Umbral didáctico, no prueba de error."
184051,GRACIELA BEATRIZ ALLAIS,2025/09,Nafta (súper) entre 92 y 95 Ron,1.00,1.00,"Precio promedio fuera del intervalo de selección 100-5000 ARS por unidad. Umbral didáctico, no prueba de error."
205845,GRACIELA BEATRIZ ALLAIS,2025/10,Gas Oil Grado 3,1.00,1.00,"Precio promedio fuera del intervalo de selección 100-5000 ARS por unidad. Umbral didáctico, no prueba de error."
205846,GRACIELA BEATRIZ ALLAIS,2025/10,Gas Oil Grado 2,1.00,1.00,"Precio promedio fuera del intervalo de selección 100-5000 ARS por unidad. Umbral didáctico, no prueba de error."
205847,GRACIELA BEATRIZ ALLAIS,2025/10,Nafta (premium) de más de 95 Ron,1.00,1.00,"Precio promedio fuera del intervalo de selección 100-5000 ARS por unidad. Umbral didáctico, no prueba de error."
205848,GRACIELA BEATRIZ ALLAIS,2025/10,Kerosene,1.00,1.00,"Precio promedio fuera del intervalo de selección 100-5000 ARS por unidad. Umbral didáctico, no prueba de error."
205849,GRACIELA BEATRIZ ALLAIS,2025/10,Nafta (súper) entre 92 y 95 Ron,1.00,1.00,"Precio promedio fuera del intervalo de selección 100-5000 ARS por unidad. Umbral didáctico, no prueba de error."
227575,GRACIELA BEATRIZ ALLAIS,2025/11,Gas Oil Grado 3,1.00,1.00,"Precio promedio fuera del intervalo de selección 100-5000 ARS por unidad. Umbral didáctico, no prueba de error."
227576,GRACIELA BEATRIZ ALLAIS,2025/11,Gas Oil Grado 2,1.00,1.00,"Precio promedio fuera del intervalo de selección 100-5000 ARS por unidad. Umbral didáctico, no prueba de error."
227577,GRACIELA BEATRIZ ALLAIS,2025/11,Kerosene,1.00,1.00,"Precio promedio fuera del intervalo de selección 100-5000 ARS por unidad. Umbral didáctico, no prueba de error."
227578,GRACIELA BEATRIZ ALLAIS,2025/11,Nafta (súper) entre 92 y 95 Ron,1.00,1.00,"Precio promedio fuera del intervalo de selección 100-5000 ARS por unidad. Umbral didáctico, no prueba de error."
227579,GRACIELA BEATRIZ ALLAIS,2025/11,Nafta (premium) de más de 95 Ron,1.00,1.00,"Precio promedio fuera del intervalo de selección 100-5000 ARS por unidad. Umbral didáctico, no prueba de error."
249315,GRACIELA BEATRIZ ALLAIS,2025/12,Gas Oil Grado 2,1.00,1.00,"Precio promedio fuera del intervalo de selección 100-5000 ARS por unidad. Umbral didáctico, no prueba de error."
249316,GRACIELA BEATRIZ ALLAIS,2025/12,Gas Oil Grado 3,1.00,1.00,"Precio promedio fuera del intervalo de selección 100-5000 ARS por unidad. Umbral didáctico, no prueba de error."
249317,GRACIELA BEATRIZ ALLAIS,2025/12,Kerosene,1.00,1.00,"Precio promedio fuera del intervalo de selección 100-5000 ARS por unidad. Umbral didáctico, no prueba de error."
249318,GRACIELA BEATRIZ ALLAIS,2025/12,Nafta (súper) entre 92 y 95 Ron,1.00,1.00,"Precio promedio fuera del intervalo de selección 100-5000 ARS por unidad. Umbral didáctico, no prueba de error."
249319,GRACIELA BEATRIZ ALLAIS,2025/12,Nafta (premium) de más de 95 Ron,1.00,1.00,"Precio promedio fuera del intervalo de selección 100-5000 ARS por unidad. Umbral didáctico, no prueba de error."
227664,GRUPO CBH COMBUSTIBLES S.R.L.,2025/11,Nafta (común) hasta 92 Ron,36.35,1.67,"Precio promedio fuera del intervalo de selección 100-5000 ARS por unidad. Umbral didáctico, no prueba de error."
9948,GUARESCHI Y ASOC. S.H.,2025/01,Gas Oil Grado 3,41694.00,1442.43,"Volumen líquido mayor a 5000 m3 por producto y mes: posible escala o carga; pendiente de revisión, no se corrige."
9949,GUARESCHI Y ASOC. S.H.,2025/01,Nafta (súper) entre 92 y 95 Ron,204575.00,1220.56,"Volumen líquido mayor a 5000 m3 por producto y mes: posible escala o carga; pendiente de revisión, no se corrige."
9950,GUARESCHI Y ASOC. S.H.,2025/01,Gas Oil Grado 2,18439.00,1235.79,"Volumen líquido mayor a 5000 m3 por producto y mes: posible escala o carga; pendiente de revisión, no se corrige."
9951,GUARESCHI Y ASOC. S.H.,2025/01,Nafta (premium) de más de 95 Ron,57625.00,1464.63,"Volumen líquido mayor a 5000 m3 por producto y mes: posible escala o carga; pendiente de revisión, no se corrige."
32082,HERMES Y WALTER GUARESCHI S.R.L.,2025/02,Nafta (premium) de más de 95 Ron,14861.50,1492.11,"Volumen líquido mayor a 5000 m3 por producto y mes: posible escala o carga; pendiente de revisión, no se corrige."
32083,HERMES Y WALTER GUARESCHI S.R.L.,2025/02,Gas Oil Grado 3,19571.40,1473.04,"Volumen líquido mayor a 5000 m3 por producto y mes: posible escala o carga; pendiente de revisión, no se corrige."
32084,HERMES Y WALTER GUARESCHI S.R.L.,2025/02,Nafta (súper) entre 92 y 95 Ron,64447.90,1243.15,"Volumen líquido mayor a 5000 m3 por producto y mes: posible escala o carga; pendiente de revisión, no se corrige."
32086,HERMES Y WALTER GUARESCHI S.R.L.,2025/02,Gas Oil Grado 2,31642.90,1262.08,"Volumen líquido mayor a 5000 m3 por producto y mes: posible escala o carga; pendiente de revisión, no se corrige."
53887,HERMES Y WALTER GUARESCHI S.R.L.,2025/03,Nafta (súper) entre 92 y 95 Ron,62084.10,1269.64,"Volumen líquido mayor a 5000 m3 por producto y mes: posible escala o carga; pendiente de revisión, no se corrige."
53888,HERMES Y WALTER GUARESCHI S.R.L.,2025/03,Nafta (premium) de más de 95 Ron,20961.80,1523.00,"Volumen líquido mayor a 5000 m3 por producto y mes: posible escala o carga; pendiente de revisión, no se corrige."
53890,HERMES Y WALTER GUARESCHI S.R.L.,2025/03,Gas Oil Grado 3,25242.10,1504.42,"Volumen líquido mayor a 5000 m3 por producto y mes: posible escala o carga; pendiente de revisión, no se corrige."
53891,HERMES Y WALTER GUARESCHI S.R.L.,2025/03,Gas Oil Grado 2,41579.90,1289.75,"Volumen líquido mayor a 5000 m3 por producto y mes: posible escala o carga; pendiente de revisión, no se corrige."
75720,HERMES Y WALTER GUARESCHI S.R.L.,2025/04,Nafta (premium) de más de 95 Ron,12653.00,1554.79,"Volumen líquido mayor a 5000 m3 por producto y mes: posible escala o carga; pendiente de revisión, no se corrige."
75722,HERMES Y WALTER GUARESCHI S.R.L.,2025/04,Gas Oil Grado 2,63612.60,1324.17,"Volumen líquido mayor a 5000 m3 por producto y mes: posible escala o carga; pendiente de revisión, no se corrige."
75723,HERMES Y WALTER GUARESCHI S.R.L.,2025/04,Gas Oil Grado 3,28602.80,1529.03,"Volumen líquido mayor a 5000 m3 por producto y mes: posible escala o carga; pendiente de revisión, no se corrige."
97528,HERMES Y WALTER GUARESCHI S.R.L.,2025/05,Gas Oil Grado 2,46751.20,1283.34,"Volumen líquido mayor a 5000 m3 por producto y mes: posible escala o carga; pendiente de revisión, no se corrige."
97529,HERMES Y WALTER GUARESCHI S.R.L.,2025/05,Gas Oil Grado 3,28992.30,1410.06,"Volumen líquido mayor a 5000 m3 por producto y mes: posible escala o carga; pendiente de revisión, no se corrige."
97530,HERMES Y WALTER GUARESCHI S.R.L.,2025/05,Nafta (súper) entre 92 y 95 Ron,60570.00,1269.42,"Volumen líquido mayor a 5000 m3 por producto y mes: posible escala o carga; pendiente de revisión, no se corrige."
97531,HERMES Y WALTER GUARESCHI S.R.L.,2025/05,Nafta (premium) de más de 95 Ron,14443.40,1462.96,"Volumen líquido mayor a 5000 m3 por producto y mes: posible escala o carga; pendiente de revisión, no se corrige."
119357,HERMES Y WALTER GUARESCHI S.R.L.,2025/06,Nafta (súper) entre 92 y 95 Ron,51614.10,1283.78,"Volumen líquido mayor a 5000 m3 por producto y mes: posible escala o carga; pendiente de revisión, no se corrige."
119358,HERMES Y WALTER GUARESCHI S.R.L.,2025/06,Nafta (premium) de más de 95 Ron,18419.40,1479.34,"Volumen líquido mayor a 5000 m3 por producto y mes: posible escala o carga; pendiente de revisión, no se corrige."
119359,HERMES Y WALTER GUARESCHI S.R.L.,2025/06,Gas Oil Grado 3,28058.20,1427.48,"Volumen líquido mayor a 5000 m3 por producto y mes: posible escala o carga; pendiente de revisión, no se corrige."
119360,HERMES Y WALTER GUARESCHI S.R.L.,2025/06,Gas Oil Grado 2,49930.80,1290.81,"Volumen líquido mayor a 5000 m3 por producto y mes: posible escala o carga; pendiente de revisión, no se corrige."
141088,HERMES Y WALTER GUARESCHI S.R.L.,2025/07,Gas Oil Grado 3,31706.30,1489.45,"Volumen líquido mayor a 5000 m3 por producto y mes: posible escala o carga; pendiente de revisión, no se corrige."
141089,HERMES Y WALTER GUARESCHI S.R.L.,2025/07,Gas Oil Grado 2,50772.40,1343.48,"Volumen líquido mayor a 5000 m3 por producto y mes: posible escala o carga; pendiente de revisión, no se corrige."
141091,HERMES Y WALTER GUARESCHI S.R.L.,2025/07,Nafta (premium) de más de 95 Ron,15851.10,1532.31,"Volumen líquido mayor a 5000 m3 por producto y mes: posible escala o carga; pendiente de revisión, no se corrige."
141092,HERMES Y WALTER GUARESCHI S.R.L.,2025/07,Nafta (súper) entre 92 y 95 Ron,65558.00,1332.66,"Volumen líquido mayor a 5000 m3 por producto y mes: posible escala o carga; pendiente de revisión, no se corrige."
162834,HERMES Y WALTER GUARESCHI S.R.L.,2025/08,Nafta (súper) entre 92 y 95 Ron,56198.30,1401.38,"Volumen líquido mayor a 5000 m3 por producto y mes: posible escala o carga; pendiente de revisión, no se corrige."
162835,HERMES Y WALTER GUARESCHI S.R.L.,2025/08,Nafta (premium) de más de 95 Ron,15221.70,1621.47,"Volumen líquido mayor a 5000 m3 por producto y mes: posible escala o carga; pendiente de revisión, no se corrige."
162837,HERMES Y WALTER GUARESCHI S.R.L.,2025/08,Gas Oil Grado 2,47612.70,1413.77,"Volumen líquido mayor a 5000 m3 por producto y mes: posible escala o carga; pendiente de revisión, no se corrige."
162838,HERMES Y WALTER GUARESCHI S.R.L.,2025/08,Gas Oil Grado 3,28436.20,1566.37,"Volumen líquido mayor a 5000 m3 por producto y mes: posible escala o carga; pendiente de revisión, no se corrige."
184497,HERMES Y WALTER GUARESCHI S.R.L.,2025/09,Gas Oil Grado 3,29050.20,1634.68,"Volumen líquido mayor a 5000 m3 por producto y mes: posible escala o carga; pendiente de revisión, no se corrige."
184498,HERMES Y WALTER GUARESCHI S.R.L.,2025/09,Gas Oil Grado 2,38285.50,1486.46,"Volumen líquido mayor a 5000 m3 por producto y mes: posible escala o carga; pendiente de revisión, no se corrige."
184499,HERMES Y WALTER GUARESCHI S.R.L.,2025/09,Nafta (súper) entre 92 y 95 Ron,57532.80,1467.50,"Volumen líquido mayor a 5000 m3 por producto y mes: posible escala o carga; pendiente de revisión, no se corrige."
184501,HERMES Y WALTER GUARESCHI S.R.L.,2025/09,Nafta (premium) de más de 95 Ron,13615.50,1694.88,"Volumen líquido mayor a 5000 m3 por producto y mes: posible escala o carga; pendiente de revisión, no se corrige."
206293,HERMES Y WALTER GUARESCHI S.R.L.,2025/10,Gas Oil Grado 3,32712.70,1689.81,"Volumen líquido mayor a 5000 m3 por producto y mes: posible escala o carga; pendiente de revisión, no se corrige."
206294,HERMES Y WALTER GUARESCHI S.R.L.,2025/10,Gas Oil Grado 2,42467.30,1539.93,"Volumen líquido mayor a 5000 m3 por producto y mes: posible escala o carga; pendiente de revisión, no se corrige."
206296,HERMES Y WALTER GUARESCHI S.R.L.,2025/10,Nafta (súper) entre 92 y 95 Ron,64525.00,1518.12,"Volumen líquido mayor a 5000 m3 por producto y mes: posible escala o carga; pendiente de revisión, no se corrige."
206297,HERMES Y WALTER GUARESCHI S.R.L.,2025/10,Nafta (premium) de más de 95 Ron,16209.20,1753.72,"Volumen líquido mayor a 5000 m3 por producto y mes: posible escala o carga; pendiente de revisión, no se corrige."
228018,HERMES Y WALTER GUARESCHI S.R.L.,2025/11,Gas Oil Grado 2,48370.60,1650.37,"Volumen líquido mayor a 5000 m3 por producto y mes: posible escala o carga; pendiente de revisión, no se corrige."
228019,HERMES Y WALTER GUARESCHI S.R.L.,2025/11,Gas Oil Grado 3,29888.30,1782.98,"Volumen líquido mayor a 5000 m3 por producto y mes: posible escala o carga; pendiente de revisión, no se corrige."
228020,HERMES Y WALTER GUARESCHI S.R.L.,2025/11,Nafta (súper) entre 92 y 95 Ron,51305.40,1596.67,"Volumen líquido mayor a 5000 m3 por producto y mes: posible escala o carga; pendiente de revisión, no se corrige."
228021,HERMES Y WALTER GUARESCHI S.R.L.,2025/11,Nafta (premium) de más de 95 Ron,14067.40,1818.19,"Volumen líquido mayor a 5000 m3 por producto y mes: posible escala o carga; pendiente de revisión, no se corrige."
249759,HERMES Y WALTER GUARESCHI S.R.L.,2025/12,Gas Oil Grado 2,49004.20,1746.39,"Volumen líquido mayor a 5000 m3 por producto y mes: posible escala o carga; pendiente de revisión, no se corrige."
249760,HERMES Y WALTER GUARESCHI S.R.L.,2025/12,Gas Oil Grado 3,35987.10,1880.01,"Volumen líquido mayor a 5000 m3 por producto y mes: posible escala o carga; pendiente de revisión, no se corrige."
249762,HERMES Y WALTER GUARESCHI S.R.L.,2025/12,Nafta (premium) de más de 95 Ron,19594.30,1865.11,"Volumen líquido mayor a 5000 m3 por producto y mes: posible escala o carga; pendiente de revisión, no se corrige."
249763,HERMES Y WALTER GUARESCHI S.R.L.,2025/12,Nafta (súper) entre 92 y 95 Ron,68990.40,1659.98,"Volumen líquido mayor a 5000 m3 por producto y mes: posible escala o carga; pendiente de revisión, no se corrige."
10674,JEMAGAS 3,2025/01,Nafta (premium) de más de 95 Ron,63613.00,1362.00,"Volumen líquido mayor a 5000 m3 por producto y mes: posible escala o carga; pendiente de revisión, no se corrige."
11005,JUAN MONDINO E HIJOS S.A,2025/01,Nafta (súper) entre 92 y 95 Ron,168350.00,1216.00,"Volumen líquido mayor a 5000 m3 por producto y mes: posible escala o carga; pendiente de revisión, no se corrige."
11006,JUAN MONDINO E HIJOS S.A,2025/01,Gas Oil Grado 2,42998.00,1237.00,"Volumen líquido mayor a 5000 m3 por producto y mes: posible escala o carga; pendiente de revisión, no se corrige."
11008,JUAN MONDINO E HIJOS S.A,2025/01,Gas Oil Grado 3,25630.00,1444.00,"Volumen líquido mayor a 5000 m3 por producto y mes: posible escala o carga; pendiente de revisión, no se corrige."
32912,JUAN MONDINO E HIJOS S.A,2025/02,Gas Oil Grado 2,33640.00,1262.00,"Volumen líquido mayor a 5000 m3 por producto y mes: posible escala o carga; pendiente de revisión, no se corrige."
32913,JUAN MONDINO E HIJOS S.A,2025/02,Nafta (súper) entre 92 y 95 Ron,145905.00,1241.00,"Volumen líquido mayor a 5000 m3 por producto y mes: posible escala o carga; pendiente de revisión, no se corrige."
32916,JUAN MONDINO E HIJOS S.A,2025/02,Nafta (premium) de más de 95 Ron,28698.00,1489.00,"Volumen líquido mayor a 5000 m3 por producto y mes: posible escala o carga; pendiente de revisión, no se corrige."
54711,JUAN MONDINO E HIJOS S.A,2025/03,Gas Oil Grado 3,22950.00,1501.00,"Volumen líquido mayor a 5000 m3 por producto y mes: posible escala o carga; pendiente de revisión, no se corrige."
54712,JUAN MONDINO E HIJOS S.A,2025/03,Gas Oil Grado 2,35926.00,1286.00,"Volumen líquido mayor a 5000 m3 por producto y mes: posible escala o carga; pendiente de revisión, no se corrige."
76541,JUAN MONDINO E HIJOS S.A,2025/04,Nafta (premium) de más de 95 Ron,29037.00,1545.00,"Volumen líquido mayor a 5000 m3 por producto y mes: posible escala o carga; pendiente de revisión, no se corrige."
76542,JUAN MONDINO E HIJOS S.A,2025/04,Nafta (súper) entre 92 y 95 Ron,162866.00,1287.00,"Volumen líquido mayor a 5000 m3 por producto y mes: posible escala o carga; pendiente de revisión, no se corrige."
76544,JUAN MONDINO E HIJOS S.A,2025/04,Gas Oil Grado 3,22022.00,1527.00,"Volumen líquido mayor a 5000 m3 por producto y mes: posible escala o carga; pendiente de revisión, no se corrige."
76545,JUAN MONDINO E HIJOS S.A,2025/04,Gas Oil Grado 2,36804.00,1309.00,"Volumen líquido mayor a 5000 m3 por producto y mes: posible escala o carga; pendiente de revisión, no se corrige."
98348,JUAN MONDINO E HIJOS S.A,2025/05,Gas Oil Grado 3,25828.00,1405.00,"Volumen líquido mayor a 5000 m3 por producto y mes: posible escala o carga; pendiente de revisión, no se corrige."
98349,JUAN MONDINO E HIJOS S.A,2025/05,Nafta (súper) entre 92 y 95 Ron,182139.00,1261.00,"Volumen líquido mayor a 5000 m3 por producto y mes: posible escala o carga; pendiente de revisión, no se corrige."
98351,JUAN MONDINO E HIJOS S.A,2025/05,Nafta (premium) de más de 95 Ron,31611.00,1452.00,"Volumen líquido mayor a 5000 m3 por producto y mes: posible escala o carga; pendiente de revisión, no se corrige."
98352,JUAN MONDINO E HIJOS S.A,2025/05,Gas Oil Grado 2,38073.00,1270.00,"Volumen líquido mayor a 5000 m3 por producto y mes: posible escala o carga; pendiente de revisión, no se corrige."
120183,JUAN MONDINO E HIJOS S.A,2025/06,Gas Oil Grado 2,38905.00,1291.00,"Volumen líquido mayor a 5000 m3 por producto y mes: posible escala o carga; pendiente de revisión, no se corrige."
120184,JUAN MONDINO E HIJOS S.A,2025/06,Gas Oil Grado 3,24465.00,1427.00,"Volumen líquido mayor a 5000 m3 por producto y mes: posible escala o carga; pendiente de revisión, no se corrige."
120186,JUAN MONDINO E HIJOS S.A,2025/06,Nafta (premium) de más de 95 Ron,33582.00,1472.00,"Volumen líquido mayor a 5000 m3 por producto y mes: posible escala o carga; pendiente de revisión, no se corrige."
120187,JUAN MONDINO E HIJOS S.A,2025/06,Nafta (súper) entre 92 y 95 Ron,178306.00,1278.00,"Volumen líquido mayor a 5000 m3 por producto y mes: posible escala o carga; pendiente de revisión, no se corrige."
141913,JUAN MONDINO E HIJOS S.A,2025/07,Nafta (premium) de más de 95 Ron,31380.00,1586.00,"Volumen líquido mayor a 5000 m3 por producto y mes: posible escala o carga; pendiente de revisión, no se corrige."
141915,JUAN MONDINO E HIJOS S.A,2025/07,Nafta (súper) entre 92 y 95 Ron,177205.00,1390.00,"Volumen líquido mayor a 5000 m3 por producto y mes: posible escala o carga; pendiente de revisión, no se corrige."
141916,JUAN MONDINO E HIJOS S.A,2025/07,Gas Oil Grado 2,40005.00,1403.00,"Volumen líquido mayor a 5000 m3 por producto y mes: posible escala o carga; pendiente de revisión, no se corrige."
141917,JUAN MONDINO E HIJOS S.A,2025/07,Gas Oil Grado 3,24529.00,1538.00,"Volumen líquido mayor a 5000 m3 por producto y mes: posible escala o carga; pendiente de revisión, no se corrige."
163645,JUAN MONDINO E HIJOS S.A,2025/08,Gas Oil Grado 2,37358.00,1492.00,"Volumen líquido mayor a 5000 m3 por producto y mes: posible escala o carga; pendiente de revisión, no se corrige."
163647,JUAN MONDINO E HIJOS S.A,2025/08,Gas Oil Grado 3,23560.00,1649.00,"Volumen líquido mayor a 5000 m3 por producto y mes: posible escala o carga; pendiente de revisión, no se corrige."
163648,JUAN MONDINO E HIJOS S.A,2025/08,Nafta (súper) entre 92 y 95 Ron,180005.00,1478.00,"Volumen líquido mayor a 5000 m3 por producto y mes: posible escala o carga; pendiente de revisión, no se corrige."
163649,JUAN MONDINO E HIJOS S.A,2025/08,Nafta (premium) de más de 95 Ron,32400.00,1702.00,"Volumen líquido mayor a 5000 m3 por producto y mes: posible escala o carga; pendiente de revisión, no se corrige."
185317,JUAN MONDINO E HIJOS S.A,2025/09,Nafta (súper) entre 92 y 95 Ron,177085.00,1468.00,"Volumen líquido mayor a 5000 m3 por producto y mes: posible escala o carga; pendiente de revisión, no se corrige."
185318,JUAN MONDINO E HIJOS S.A,2025/09,Nafta (premium) de más de 95 Ron,32026.00,1702.00,"Volumen líquido mayor a 5000 m3 por producto y mes: posible escala o carga; pendiente de revisión, no se corrige."
185320,JUAN MONDINO E HIJOS S.A,2025/09,Gas Oil Grado 2,38403.00,1493.00,"Volumen líquido mayor a 5000 m3 por producto y mes: posible escala o carga; pendiente de revisión, no se corrige."
185321,JUAN MONDINO E HIJOS S.A,2025/09,Gas Oil Grado 3,24531.00,1649.00,"Volumen líquido mayor a 5000 m3 por producto y mes: posible escala o carga; pendiente de revisión, no se corrige."
207116,JUAN MONDINO E HIJOS S.A,2025/10,Gas Oil Grado 3,28375.00,1749.00,"Volumen líquido mayor a 5000 m3 por producto y mes: posible escala o carga; pendiente de revisión, no se corrige."
207117,JUAN MONDINO E HIJOS S.A,2025/10,Nafta (común) hasta 92 Ron,163027.00,1568.00,"Volumen líquido mayor a 5000 m3 por producto y mes: posible escala o carga; pendiente de revisión, no se corrige."
207118,JUAN MONDINO E HIJOS S.A,2025/10,Nafta (premium) de más de 95 Ron,28375.00,1800.00,"Volumen líquido mayor a 5000 m3 por producto y mes: posible escala o carga; pendiente de revisión, no se corrige."
207119,JUAN MONDINO E HIJOS S.A,2025/10,Gas Oil Grado 2,41850.00,1568.00,"Volumen líquido mayor a 5000 m3 por producto y mes: posible escala o carga; pendiente de revisión, no se corrige."
228838,JUAN MONDINO E HIJOS S.A,2025/11,Gas Oil Grado 2,36350.00,1716.00,"Volumen líquido mayor a 5000 m3 por producto y mes: posible escala o carga; pendiente de revisión, no se corrige."
228840,JUAN MONDINO E HIJOS S.A,2025/11,Nafta (súper) entre 92 y 95 Ron,183913.00,1709.00,"Volumen líquido mayor a 5000 m3 por producto y mes: posible escala o carga; pendiente de revisión, no se corrige."
228841,JUAN MONDINO E HIJOS S.A,2025/11,Nafta (premium) de más de 95 Ron,39258.00,1902.00,"Volumen líquido mayor a 5000 m3 por producto y mes: posible escala o carga; pendiente de revisión, no se corrige."
11489,LA ESQUINA COMBUSTIBLES SAS,2025/01,Gas Oil Grado 2,37139.30,1345.00,"Volumen líquido mayor a 5000 m3 por producto y mes: posible escala o carga; pendiente de revisión, no se corrige."
33390,LA ESQUINA COMBUSTIBLES SAS,2025/02,Gas Oil Grado 2,51861.90,1350.00,"Volumen líquido mayor a 5000 m3 por producto y mes: posible escala o carga; pendiente de revisión, no se corrige."
33392,LA ESQUINA COMBUSTIBLES SAS,2025/02,Gas Oil Grado 3,5925.15,1565.00,"Volumen líquido mayor a 5000 m3 por producto y mes: posible escala o carga; pendiente de revisión, no se corrige."
55190,LA ESQUINA COMBUSTIBLES SAS,2025/03,Gas Oil Grado 3,7245.91,1596.00,"Volumen líquido mayor a 5000 m3 por producto y mes: posible escala o carga; pendiente de revisión, no se corrige."
55192,LA ESQUINA COMBUSTIBLES SAS,2025/03,Gas Oil Grado 2,57874.70,1403.00,"Volumen líquido mayor a 5000 m3 por producto y mes: posible escala o carga; pendiente de revisión, no se corrige."
77027,LA ESQUINA COMBUSTIBLES SAS,2025/04,Gas Oil Grado 3,69832.70,1606.00,"Volumen líquido mayor a 5000 m3 por producto y mes: posible escala o carga; pendiente de revisión, no se corrige."
77028,LA ESQUINA COMBUSTIBLES SAS,2025/04,Gas Oil Grado 2,5447.15,1411.00,"Volumen líquido mayor a 5000 m3 por producto y mes: posible escala o carga; pendiente de revisión, no se corrige."
98841,LA ESQUINA COMBUSTIBLES SAS,2025/05,Gas Oil Grado 3,69832.70,1606.00,"Volumen líquido mayor a 5000 m3 por producto y mes: posible escala o carga; pendiente de revisión, no se corrige."
98842,LA ESQUINA COMBUSTIBLES SAS,2025/05,Gas Oil Grado 2,5447.15,1411.00,"Volumen líquido mayor a 5000 m3 por producto y mes: posible escala o carga; pendiente de revisión, no se corrige."
120669,LA ESQUINA COMBUSTIBLES SAS,2025/06,Gas Oil Grado 2,36745.60,1411.00,"Volumen líquido mayor a 5000 m3 por producto y mes: posible escala o carga; pendiente de revisión, no se corrige."
120672,LA ESQUINA COMBUSTIBLES SAS,2025/06,Gas Oil Grado 3,5173.87,1604.00,"Volumen líquido mayor a 5000 m3 por producto y mes: posible escala o carga; pendiente de revisión, no se corrige."
142409,LA ESQUINA COMBUSTIBLES SAS,2025/07,Gas Oil Grado 2,45435.20,1490.00,"Volumen líquido mayor a 5000 m3 por producto y mes: posible escala o carga; pendiente de revisión, no se corrige."
142410,LA ESQUINA COMBUSTIBLES SAS,2025/07,Gas Oil Grado 3,6645.58,1695.00,"Volumen líquido mayor a 5000 m3 por producto y mes: posible escala o carga; pendiente de revisión, no se corrige."
251103,LA ESQUINA COMBUSTIBLES SAS,2025/12,Gas Oil Grado 3,5068.53,1995.00,"Volumen líquido mayor a 5000 m3 por producto y mes: posible escala o carga; pendiente de revisión, no se corrige."
251104,LA ESQUINA COMBUSTIBLES SAS,2025/12,Gas Oil Grado 2,5821.81,1800.00,"Volumen líquido mayor a 5000 m3 por producto y mes: posible escala o carga; pendiente de revisión, no se corrige."
77989,LPAVONE SAS,2025/04,Gas Oil Grado 3,19040.00,1542.00,"Volumen líquido mayor a 5000 m3 por producto y mes: posible escala o carga; pendiente de revisión, no se corrige."
77990,LPAVONE SAS,2025/04,Nafta (premium) de más de 95 Ron,21838.00,1560.00,"Volumen líquido mayor a 5000 m3 por producto y mes: posible escala o carga; pendiente de revisión, no se corrige."
77992,LPAVONE SAS,2025/04,Nafta (súper) entre 92 y 95 Ron,192078.00,1300.00,"Volumen líquido mayor a 5000 m3 por producto y mes: posible escala o carga; pendiente de revisión, no se corrige."
77993,LPAVONE SAS,2025/04,Gas Oil Grado 2,31834.00,1322.00,"Volumen líquido mayor a 5000 m3 por producto y mes: posible escala o carga; pendiente de revisión, no se corrige."
34418,LUBRICAR S.A.,2025/02,Nafta (súper) entre 92 y 95 Ron,13859.00,1259.00,"Volumen líquido mayor a 5000 m3 por producto y mes: posible escala o carga; pendiente de revisión, no se corrige."
13170,MARIO A.ONOFRIO S.R.L,2025/01,Nafta (premium) de más de 95 Ron,33225.00,1516.00,"Volumen líquido mayor a 5000 m3 por producto y mes: posible escala o carga; pendiente de revisión, no se corrige."
13171,MARIO A.ONOFRIO S.R.L,2025/01,Gas Oil Grado 3,29905.00,1471.00,"Volumen líquido mayor a 5000 m3 por producto y mes: posible escala o carga; pendiente de revisión, no se corrige."
13173,MARIO A.ONOFRIO S.R.L,2025/01,Gas Oil Grado 2,19771.30,1247.49,"Volumen líquido mayor a 5000 m3 por producto y mes: posible escala o carga; pendiente de revisión, no se corrige."
13174,MARIO A.ONOFRIO S.R.L,2025/01,Nafta (súper) entre 92 y 95 Ron,100204.00,1265.68,"Volumen líquido mayor a 5000 m3 por producto y mes: posible escala o carga; pendiente de revisión, no se corrige."
35071,MARIO A.ONOFRIO S.R.L,2025/02,Nafta (premium) de más de 95 Ron,34031.00,1536.33,"Volumen líquido mayor a 5000 m3 por producto y mes: posible escala o carga; pendiente de revisión, no se corrige."
35072,MARIO A.ONOFRIO S.R.L,2025/02,Gas Oil Grado 3,32048.00,1497.00,"Volumen líquido mayor a 5000 m3 por producto y mes: posible escala o carga; pendiente de revisión, no se corrige."
35073,MARIO A.ONOFRIO S.R.L,2025/02,Nafta (súper) entre 92 y 95 Ron,97415.00,1274.70,"Volumen líquido mayor a 5000 m3 por producto y mes: posible escala o carga; pendiente de revisión, no se corrige."
56878,MARIO A.ONOFRIO S.R.L,2025/03,Gas Oil Grado 2,26904.00,1317.34,"Volumen líquido mayor a 5000 m3 por producto y mes: posible escala o carga; pendiente de revisión, no se corrige."
56879,MARIO A.ONOFRIO S.R.L,2025/03,Nafta (súper) entre 92 y 95 Ron,95977.00,1306.44,"Volumen líquido mayor a 5000 m3 por producto y mes: posible escala o carga; pendiente de revisión, no se corrige."
56880,MARIO A.ONOFRIO S.R.L,2025/03,Gas Oil Grado 3,32827.00,1535.72,"Volumen líquido mayor a 5000 m3 por producto y mes: posible escala o carga; pendiente de revisión, no se corrige."
56881,MARIO A.ONOFRIO S.R.L,2025/03,Nafta (premium) de más de 95 Ron,39200.00,1565.00,"Volumen líquido mayor a 5000 m3 por producto y mes: posible escala o carga; pendiente de revisión, no se corrige."
78712,MARIO A.ONOFRIO S.R.L,2025/04,Gas Oil Grado 2,33338.00,1322.02,"Volumen líquido mayor a 5000 m3 por producto y mes: posible escala o carga; pendiente de revisión, no se corrige."
78713,MARIO A.ONOFRIO S.R.L,2025/04,Nafta (premium) de más de 95 Ron,34441.30,1558.53,"Volumen líquido mayor a 5000 m3 por producto y mes: posible escala o carga; pendiente de revisión, no se corrige."
78714,MARIO A.ONOFRIO S.R.L,2025/04,Nafta (súper) entre 92 y 95 Ron,108561.00,1303.79,"Volumen líquido mayor a 5000 m3 por producto y mes: posible escala o carga; pendiente de revisión, no se corrige."
78715,MARIO A.ONOFRIO S.R.L,2025/04,Gas Oil Grado 3,35960.00,1551.73,"Volumen líquido mayor a 5000 m3 por producto y mes: posible escala o carga; pendiente de revisión, no se corrige."
187468,MARIO A.ONOFRIO S.R.L,2025/09,Nafta (premium) de más de 95 Ron,37586.00,1802.49,"Volumen líquido mayor a 5000 m3 por producto y mes: posible escala o carga; pendiente de revisión, no se corrige."
187469,MARIO A.ONOFRIO S.R.L,2025/09,Nafta (súper) entre 92 y 95 Ron,92004.00,1545.41,"Volumen líquido mayor a 5000 m3 por producto y mes: posible escala o carga; pendiente de revisión, no se corrige."
187471,MARIO A.ONOFRIO S.R.L,2025/09,Gas Oil Grado 3,34060.00,1771.09,"Volumen líquido mayor a 5000 m3 por producto y mes: posible escala o carga; pendiente de revisión, no se corrige."
78936,MAURICIO BONFIGLI,2025/04,Gas Oil Grado 2,110306.00,1378.93,"Volumen líquido mayor a 5000 m3 por producto y mes: posible escala o carga; pendiente de revisión, no se corrige."
78937,MAURICIO BONFIGLI,2025/04,Nafta (súper) entre 92 y 95 Ron,42046.20,1328.72,"Volumen líquido mayor a 5000 m3 por producto y mes: posible escala o carga; pendiente de revisión, no se corrige."
78938,MAURICIO BONFIGLI,2025/04,Gas Oil Grado 3,42967.20,1587.56,"Volumen líquido mayor a 5000 m3 por producto y mes: posible escala o carga; pendiente de revisión, no se corrige."
78939,MAURICIO BONFIGLI,2025/04,Nafta (premium) de más de 95 Ron,13506.70,1619.39,"Volumen líquido mayor a 5000 m3 por producto y mes: posible escala o carga; pendiente de revisión, no se corrige."
100741,MAURICIO BONFIGLI,2025/05,Nafta (premium) de más de 95 Ron,14301.80,1564.32,"Volumen líquido mayor a 5000 m3 por producto y mes: posible escala o carga; pendiente de revisión, no se corrige."
100742,MAURICIO BONFIGLI,2025/05,Gas Oil Grado 3,47640.50,1525.46,"Volumen líquido mayor a 5000 m3 por producto y mes: posible escala o carga; pendiente de revisión, no se corrige."
100743,MAURICIO BONFIGLI,2025/05,Nafta (súper) entre 92 y 95 Ron,43123.20,1299.58,"Volumen líquido mayor a 5000 m3 por producto y mes: posible escala o carga; pendiente de revisión, no se corrige."
100744,MAURICIO BONFIGLI,2025/05,Gas Oil Grado 2,105890.00,1359.40,"Volumen líquido mayor a 5000 m3 por producto y mes: posible escala o carga; pendiente de revisión, no se corrige."
122559,MAURICIO BONFIGLI,2025/06,Nafta (premium) de más de 95 Ron,14738.30,1598.51,"Volumen líquido mayor a 5000 m3 por producto y mes: posible escala o carga; pendiente de revisión, no se corrige."
122560,MAURICIO BONFIGLI,2025/06,Gas Oil Grado 3,45356.50,1560.83,"Volumen líquido mayor a 5000 m3 por producto y mes: posible escala o carga; pendiente de revisión, no se corrige."
122561,MAURICIO BONFIGLI,2025/06,Nafta (súper) entre 92 y 95 Ron,49838.30,1338.88,"Volumen líquido mayor a 5000 m3 por producto y mes: posible escala o carga; pendiente de revisión, no se corrige."
122562,MAURICIO BONFIGLI,2025/06,Gas Oil Grado 2,101749.00,1417.69,"Volumen líquido mayor a 5000 m3 por producto y mes: posible escala o carga; pendiente de revisión, no se corrige."
36168,NOR BRACCA S.R.L.,2025/02,Nafta (súper) entre 92 y 95 Ron,27849.50,1228.50,"Volumen líquido mayor a 5000 m3 por producto y mes: posible escala o carga; pendiente de revisión, no se corrige."
57981,NOR BRACCA S.R.L.,2025/03,Nafta (súper) entre 92 y 95 Ron,50456.60,1265.00,"Volumen líquido mayor a 5000 m3 por producto y mes: posible escala o carga; pendiente de revisión, no se corrige."
79825,NOR BRACCA S.R.L.,2025/04,Nafta (súper) entre 92 y 95 Ron,48104.60,1278.00,"Volumen líquido mayor a 5000 m3 por producto y mes: posible escala o carga; pendiente de revisión, no se corrige."
101619,NOR BRACCA S.R.L.,2025/05,Nafta (súper) entre 92 y 95 Ron,49846.70,1291.00,"Volumen líquido mayor a 5000 m3 por producto y mes: posible escala o carga; pendiente de revisión, no se corrige."
123445,NOR BRACCA S.R.L.,2025/06,Nafta (súper) entre 92 y 95 Ron,49248.40,1304.26,"Volumen líquido mayor a 5000 m3 por producto y mes: posible escala o carga; pendiente de revisión, no se corrige."
145174,NOR BRACCA S.R.L.,2025/07,Nafta (súper) entre 92 y 95 Ron,57126.20,1327.69,"Volumen líquido mayor a 5000 m3 por producto y mes: posible escala o carga; pendiente de revisión, no se corrige."
166902,NOR BRACCA S.R.L.,2025/08,Nafta (súper) entre 92 y 95 Ron,60104.50,1378.14,"Volumen líquido mayor a 5000 m3 por producto y mes: posible escala o carga; pendiente de revisión, no se corrige."
188562,NOR BRACCA S.R.L.,2025/09,Nafta (súper) entre 92 y 95 Ron,63797.50,1452.57,"Volumen líquido mayor a 5000 m3 por producto y mes: posible escala o carga; pendiente de revisión, no se corrige."
210350,NOR BRACCA S.R.L.,2025/10,Nafta (súper) entre 92 y 95 Ron,67080.60,1505.32,"Volumen líquido mayor a 5000 m3 por producto y mes: posible escala o carga; pendiente de revisión, no se corrige."
232089,NOR BRACCA S.R.L.,2025/11,Nafta (súper) entre 92 y 95 Ron,68235.90,1560.91,"Volumen líquido mayor a 5000 m3 por producto y mes: posible escala o carga; pendiente de revisión, no se corrige."
253834,NOR BRACCA S.R.L.,2025/12,Nafta (súper) entre 92 y 95 Ron,62470.90,1671.70,"Volumen líquido mayor a 5000 m3 por producto y mes: posible escala o carga; pendiente de revisión, no se corrige."
188680,OBERTO HNOS. S.C.C,2025/09,Nafta (premium) de más de 95 Ron,5030.00,1760.00,"Volumen líquido mayor a 5000 m3 por producto y mes: posible escala o carga; pendiente de revisión, no se corrige."
188678,OBERTO HNOS. S.C.C,2025/09,Nafta (premium) de más de 95 Ron,5001.00,1760.00,"Volumen líquido mayor a 5000 m3 por producto y mes: posible escala o carga; pendiente de revisión, no se corrige."
210458,OBERTO HNOS. S.C.C,2025/10,Nafta (premium) de más de 95 Ron,5008.00,1801.00,"Volumen líquido mayor a 5000 m3 por producto y mes: posible escala o carga; pendiente de revisión, no se corrige."
210529,OIL PETRO SALSIPUEDES SA,2025/10,Gas Oil Grado 3,85.06,1.69,"Precio promedio fuera del intervalo de selección 100-5000 ARS por unidad. Umbral didáctico, no prueba de error."
210531,OIL PETRO SALSIPUEDES SA,2025/10,Nafta (premium) de más de 95 Ron,71.46,1.70,"Precio promedio fuera del intervalo de selección 100-5000 ARS por unidad. Umbral didáctico, no prueba de error."
210532,OIL PETRO SALSIPUEDES SA,2025/10,Gas Oil Grado 2,64.59,1.53,"Precio promedio fuera del intervalo de selección 100-5000 ARS por unidad. Umbral didáctico, no prueba de error."
210533,OIL PETRO SALSIPUEDES SA,2025/10,Nafta (súper) entre 92 y 95 Ron,267.61,1.58,"Precio promedio fuera del intervalo de selección 100-5000 ARS por unidad. Umbral didáctico, no prueba de error."
232265,OIL PETRO SALSIPUEDES SA,2025/11,Nafta (premium) de más de 95 Ron,69.40,1.86,"Precio promedio fuera del intervalo de selección 100-5000 ARS por unidad. Umbral didáctico, no prueba de error."
232266,OIL PETRO SALSIPUEDES SA,2025/11,Gas Oil Grado 2,58.44,1.68,"Precio promedio fuera del intervalo de selección 100-5000 ARS por unidad. Umbral didáctico, no prueba de error."
232268,OIL PETRO SALSIPUEDES SA,2025/11,Nafta (súper) entre 92 y 95 Ron,266.79,1.65,"Precio promedio fuera del intervalo de selección 100-5000 ARS por unidad. Umbral didáctico, no prueba de error."
232269,OIL PETRO SALSIPUEDES SA,2025/11,Gas Oil Grado 3,81.29,1.82,"Precio promedio fuera del intervalo de selección 100-5000 ARS por unidad. Umbral didáctico, no prueba de error."
254016,OIL PETRO SALSIPUEDES SA,2025/12,Nafta (súper) entre 92 y 95 Ron,285.06,1.69,"Precio promedio fuera del intervalo de selección 100-5000 ARS por unidad. Umbral didáctico, no prueba de error."
254017,OIL PETRO SALSIPUEDES SA,2025/12,Gas Oil Grado 2,62.35,1.78,"Precio promedio fuera del intervalo de selección 100-5000 ARS por unidad. Umbral didáctico, no prueba de error."
254018,OIL PETRO SALSIPUEDES SA,2025/12,Gas Oil Grado 3,81.24,1.90,"Precio promedio fuera del intervalo de selección 100-5000 ARS por unidad. Umbral didáctico, no prueba de error."
254019,OIL PETRO SALSIPUEDES SA,2025/12,Nafta (premium) de más de 95 Ron,76.43,1.90,"Precio promedio fuera del intervalo de selección 100-5000 ARS por unidad. Umbral didáctico, no prueba de error."
210534,OIL PETRO SALSIPUEDES SRL,2025/10,Gas Oil Grado 3,101.77,1.72,"Precio promedio fuera del intervalo de selección 100-5000 ARS por unidad. Umbral didáctico, no prueba de error."
210535,OIL PETRO SALSIPUEDES SRL,2025/10,Nafta (súper) entre 92 y 95 Ron,262.83,1.56,"Precio promedio fuera del intervalo de selección 100-5000 ARS por unidad. Umbral didáctico, no prueba de error."
210536,OIL PETRO SALSIPUEDES SRL,2025/10,Gas Oil Grado 2,87.18,1.56,"Precio promedio fuera del intervalo de selección 100-5000 ARS por unidad. Umbral didáctico, no prueba de error."
210537,OIL PETRO SALSIPUEDES SRL,2025/10,Nafta (premium) de más de 95 Ron,87.73,1.76,"Precio promedio fuera del intervalo de selección 100-5000 ARS por unidad. Umbral didáctico, no prueba de error."
232270,OIL PETRO SALSIPUEDES SRL,2025/11,Nafta (premium) de más de 95 Ron,85.45,1.85,"Precio promedio fuera del intervalo de selección 100-5000 ARS por unidad. Umbral didáctico, no prueba de error."
232271,OIL PETRO SALSIPUEDES SRL,2025/11,Nafta (súper) entre 92 y 95 Ron,257.70,1.65,"Precio promedio fuera del intervalo de selección 100-5000 ARS por unidad. Umbral didáctico, no prueba de error."
232272,OIL PETRO SALSIPUEDES SRL,2025/11,Gas Oil Grado 2,76.33,1.68,"Precio promedio fuera del intervalo de selección 100-5000 ARS por unidad. Umbral didáctico, no prueba de error."
232274,OIL PETRO SALSIPUEDES SRL,2025/11,Gas Oil Grado 3,103.25,1.81,"Precio promedio fuera del intervalo de selección 100-5000 ARS por unidad. Umbral didáctico, no prueba de error."
254020,OIL PETRO SALSIPUEDES SRL,2025/12,Nafta (premium) de más de 95 Ron,96.07,1.89,"Precio promedio fuera del intervalo de selección 100-5000 ARS por unidad. Umbral didáctico, no prueba de error."
254021,OIL PETRO SALSIPUEDES SRL,2025/12,Gas Oil Grado 2,82.51,1.78,"Precio promedio fuera del intervalo de selección 100-5000 ARS por unidad. Umbral didáctico, no prueba de error."
254022,OIL PETRO SALSIPUEDES SRL,2025/12,Gas Oil Grado 3,109.63,1.90,"Precio promedio fuera del intervalo de selección 100-5000 ARS por unidad. Umbral didáctico, no prueba de error."
254023,OIL PETRO SALSIPUEDES SRL,2025/12,Nafta (súper) entre 92 y 95 Ron,280.81,1.69,"Precio promedio fuera del intervalo de selección 100-5000 ARS por unidad. Umbral didáctico, no prueba de error."
255268,PARADOR SIGLO XXI SRL,2025/12,Gas Oil Grado 3,7757.00,1982.00,"Volumen líquido mayor a 5000 m3 por producto y mes: posible escala o carga; pendiente de revisión, no se corrige."
124192,OPESSA,2025/06,Kerosene,6403.00,1291.00,"Volumen líquido mayor a 5000 m3 por producto y mes: posible escala o carga; pendiente de revisión, no se corrige."
145719,OPESSA,2025/07,Kerosene,5504.00,1406.00,"Volumen líquido mayor a 5000 m3 por producto y mes: posible escala o carga; pendiente de revisión, no se corrige."
62621,SAN CAYETANO S.R.L.,2025/03,Nafta (premium) de más de 95 Ron,37183.00,1568.83,"Volumen líquido mayor a 5000 m3 por producto y mes: posible escala o carga; pendiente de revisión, no se corrige."
62622,SAN CAYETANO S.R.L.,2025/03,Gas Oil Grado 2,80436.50,1337.12,"Volumen líquido mayor a 5000 m3 por producto y mes: posible escala o carga; pendiente de revisión, no se corrige."
62624,SAN CAYETANO S.R.L.,2025/03,Gas Oil Grado 3,59403.00,1540.20,"Volumen líquido mayor a 5000 m3 por producto y mes: posible escala o carga; pendiente de revisión, no se corrige."
62625,SAN CAYETANO S.R.L.,2025/03,Nafta (súper) entre 92 y 95 Ron,130777.00,1308.69,"Volumen líquido mayor a 5000 m3 por producto y mes: posible escala o carga; pendiente de revisión, no se corrige."
19110,SAN MIGUEL S.R.L.,2025/01,Gas Oil Grado 3,62112.00,1499.00,"Volumen líquido mayor a 5000 m3 por producto y mes: posible escala o carga; pendiente de revisión, no se corrige."
19111,SAN MIGUEL S.R.L.,2025/01,Gas Oil Grado 2,40043.00,1294.00,"Volumen líquido mayor a 5000 m3 por producto y mes: posible escala o carga; pendiente de revisión, no se corrige."
40896,SAN MIGUEL S.R.L.,2025/02,Gas Oil Grado 3,56266.00,1536.00,"Volumen líquido mayor a 5000 m3 por producto y mes: posible escala o carga; pendiente de revisión, no se corrige."
40897,SAN MIGUEL S.R.L.,2025/02,Nafta (premium) de más de 95 Ron,79257.00,1553.00,"Volumen líquido mayor a 5000 m3 por producto y mes: posible escala o carga; pendiente de revisión, no se corrige."
40899,SAN MIGUEL S.R.L.,2025/02,Gas Oil Grado 2,33780.00,1329.00,"Volumen líquido mayor a 5000 m3 por producto y mes: posible escala o carga; pendiente de revisión, no se corrige."
40900,SAN MIGUEL S.R.L.,2025/02,Nafta (súper) entre 92 y 95 Ron,155179.00,1294.00,"Volumen líquido mayor a 5000 m3 por producto y mes: posible escala o carga; pendiente de revisión, no se corrige."
62749,SAN MIGUEL S.R.L.,2025/03,Gas Oil Grado 2,32395.60,1356.00,"Volumen líquido mayor a 5000 m3 por producto y mes: posible escala o carga; pendiente de revisión, no se corrige."
62750,SAN MIGUEL S.R.L.,2025/03,Nafta (súper) entre 92 y 95 Ron,167200.00,1320.00,"Volumen líquido mayor a 5000 m3 por producto y mes: posible escala o carga; pendiente de revisión, no se corrige."
62751,SAN MIGUEL S.R.L.,2025/03,Nafta (premium) de más de 95 Ron,79895.00,1584.00,"Volumen líquido mayor a 5000 m3 por producto y mes: posible escala o carga; pendiente de revisión, no se corrige."
62752,SAN MIGUEL S.R.L.,2025/03,Gas Oil Grado 3,65756.00,1563.00,"Volumen líquido mayor a 5000 m3 por producto y mes: posible escala o carga; pendiente de revisión, no se corrige."
106362,SAN MIGUEL S.R.L.,2025/05,Gas Oil Grado 2,33230.00,1359.00,"Volumen líquido mayor a 5000 m3 por producto y mes: posible escala o carga; pendiente de revisión, no se corrige."
106363,SAN MIGUEL S.R.L.,2025/05,Nafta (premium) de más de 95 Ron,79099.00,1549.00,"Volumen líquido mayor a 5000 m3 por producto y mes: posible escala o carga; pendiente de revisión, no se corrige."
106365,SAN MIGUEL S.R.L.,2025/05,Gas Oil Grado 3,60750.00,1526.00,"Volumen líquido mayor a 5000 m3 por producto y mes: posible escala o carga; pendiente de revisión, no se corrige."
106366,SAN MIGUEL S.R.L.,2025/05,Nafta (súper) entre 92 y 95 Ron,149915.00,1329.00,"Volumen líquido mayor a 5000 m3 por producto y mes: posible escala o carga; pendiente de revisión, no se corrige."
128147,SAN MIGUEL S.R.L.,2025/06,Nafta (súper) entre 92 y 95 Ron,149900.00,1414.00,"Volumen líquido mayor a 5000 m3 por producto y mes: posible escala o carga; pendiente de revisión, no se corrige."
128148,SAN MIGUEL S.R.L.,2025/06,Nafta (premium) de más de 95 Ron,82269.00,1651.00,"Volumen líquido mayor a 5000 m3 por producto y mes: posible escala o carga; pendiente de revisión, no se corrige."
128150,SAN MIGUEL S.R.L.,2025/06,Gas Oil Grado 2,30187.00,1442.00,"Volumen líquido mayor a 5000 m3 por producto y mes: posible escala o carga; pendiente de revisión, no se corrige."
128151,SAN MIGUEL S.R.L.,2025/06,Gas Oil Grado 3,64023.00,1442.00,"Volumen líquido mayor a 5000 m3 por producto y mes: posible escala o carga; pendiente de revisión, no se corrige."
149885,SAN MIGUEL S.R.L.,2025/07,Gas Oil Grado 2,35700.00,1454.00,"Volumen líquido mayor a 5000 m3 por producto y mes: posible escala o carga; pendiente de revisión, no se corrige."
149886,SAN MIGUEL S.R.L.,2025/07,Gas Oil Grado 3,71800.00,1631.00,"Volumen líquido mayor a 5000 m3 por producto y mes: posible escala o carga; pendiente de revisión, no se corrige."
149888,SAN MIGUEL S.R.L.,2025/07,Nafta (premium) de más de 95 Ron,91.10,1.66,"Precio promedio fuera del intervalo de selección 100-5000 ARS por unidad. Umbral didáctico, no prueba de error."
149889,SAN MIGUEL S.R.L.,2025/07,Nafta (súper) entre 92 y 95 Ron,157.30,1.43,"Precio promedio fuera del intervalo de selección 100-5000 ARS por unidad. Umbral didáctico, no prueba de error."
171525,SAN MIGUEL S.R.L.,2025/08,Gas Oil Grado 3,88.23,1.78,"Precio promedio fuera del intervalo de selección 100-5000 ARS por unidad. Umbral didáctico, no prueba de error."
193305,SAN MIGUEL S.R.L.,2025/09,Gas Oil Grado 2,39012.00,1615.00,"Volumen líquido mayor a 5000 m3 por producto y mes: posible escala o carga; pendiente de revisión, no se corrige."
193307,SAN MIGUEL S.R.L.,2025/09,Nafta (premium) de más de 95 Ron,90100.00,1859.00,"Volumen líquido mayor a 5000 m3 por producto y mes: posible escala o carga; pendiente de revisión, no se corrige."
193308,SAN MIGUEL S.R.L.,2025/09,Nafta (súper) entre 92 y 95 Ron,150400.00,1579.00,"Volumen líquido mayor a 5000 m3 por producto y mes: posible escala o carga; pendiente de revisión, no se corrige."
193309,SAN MIGUEL S.R.L.,2025/09,Gas Oil Grado 3,69300.00,1813.00,"Volumen líquido mayor a 5000 m3 por producto y mes: posible escala o carga; pendiente de revisión, no se corrige."
215048,SAN MIGUEL S.R.L.,2025/10,Gas Oil Grado 3,72250.00,1855.00,"Volumen líquido mayor a 5000 m3 por producto y mes: posible escala o carga; pendiente de revisión, no se corrige."
215049,SAN MIGUEL S.R.L.,2025/10,Gas Oil Grado 2,40077.00,1648.00,"Volumen líquido mayor a 5000 m3 por producto y mes: posible escala o carga; pendiente de revisión, no se corrige."
215050,SAN MIGUEL S.R.L.,2025/10,Nafta (súper) entre 92 y 95 Ron,168600.00,1595.00,"Volumen líquido mayor a 5000 m3 por producto y mes: posible escala o carga; pendiente de revisión, no se corrige."
215051,SAN MIGUEL S.R.L.,2025/10,Nafta (premium) de más de 95 Ron,91925.00,1887.00,"Volumen líquido mayor a 5000 m3 por producto y mes: posible escala o carga; pendiente de revisión, no se corrige."
236772,SAN MIGUEL S.R.L.,2025/11,Nafta (premium) de más de 95 Ron,86.33,2.03,"Precio promedio fuera del intervalo de selección 100-5000 ARS por unidad. Umbral didáctico, no prueba de error."
236774,SAN MIGUEL S.R.L.,2025/11,Gas Oil Grado 2,38020.00,1791.00,"Volumen líquido mayor a 5000 m3 por producto y mes: posible escala o carga; pendiente de revisión, no se corrige."
236775,SAN MIGUEL S.R.L.,2025/11,Gas Oil Grado 3,65.99,1.99,"Precio promedio fuera del intervalo de selección 100-5000 ARS por unidad. Umbral didáctico, no prueba de error."
236776,SAN MIGUEL S.R.L.,2025/11,Nafta (súper) entre 92 y 95 Ron,159.84,1.75,"Precio promedio fuera del intervalo de selección 100-5000 ARS por unidad. Umbral didáctico, no prueba de error."
258449,SAN MIGUEL S.R.L.,2025/12,Nafta (súper) entre 92 y 95 Ron,166586.00,1779.00,"Volumen líquido mayor a 5000 m3 por producto y mes: posible escala o carga; pendiente de revisión, no se corrige."
258450,SAN MIGUEL S.R.L.,2025/12,Nafta (premium) de más de 95 Ron,91000.00,2049.00,"Volumen líquido mayor a 5000 m3 por producto y mes: posible escala o carga; pendiente de revisión, no se corrige."
258451,SAN MIGUEL S.R.L.,2025/12,Gas Oil Grado 2,38511.00,1814.00,"Volumen líquido mayor a 5000 m3 por producto y mes: posible escala o carga; pendiente de revisión, no se corrige."
258452,SAN MIGUEL S.R.L.,2025/12,Gas Oil Grado 3,66000.00,2.00,"Volumen líquido mayor a 5000 m3 por producto y mes: posible escala o carga; pendiente de revisión, no se corrige."
258452,SAN MIGUEL S.R.L.,2025/12,Gas Oil Grado 3,66000.00,2.00,"Precio promedio fuera del intervalo de selección 100-5000 ARS por unidad. Umbral didáctico, no prueba de error."
20942,TRECONT  S.A.,2025/01,Gas Oil Grado 2,135503.00,1237.00,"Volumen líquido mayor a 5000 m3 por producto y mes: posible escala o carga; pendiente de revisión, no se corrige."
20943,TRECONT  S.A.,2025/01,Nafta (premium) de más de 95 Ron,140855.00,1466.00,"Volumen líquido mayor a 5000 m3 por producto y mes: posible escala o carga; pendiente de revisión, no se corrige."
20944,TRECONT  S.A.,2025/01,Nafta (súper) entre 92 y 95 Ron,323735.00,1222.00,"Volumen líquido mayor a 5000 m3 por producto y mes: posible escala o carga; pendiente de revisión, no se corrige."
20946,TRECONT  S.A.,2025/01,Gas Oil Grado 3,249251.00,1444.00,"Volumen líquido mayor a 5000 m3 por producto y mes: posible escala o carga; pendiente de revisión, no se corrige."
42750,TRECONT  S.A.,2025/02,Nafta (premium) de más de 95 Ron,116309.00,1496.00,"Volumen líquido mayor a 5000 m3 por producto y mes: posible escala o carga; pendiente de revisión, no se corrige."
42751,TRECONT  S.A.,2025/02,Gas Oil Grado 3,199888.00,1473.00,"Volumen líquido mayor a 5000 m3 por producto y mes: posible escala o carga; pendiente de revisión, no se corrige."
42752,TRECONT  S.A.,2025/02,Nafta (súper) entre 92 y 95 Ron,266015.00,1247.00,"Volumen líquido mayor a 5000 m3 por producto y mes: posible escala o carga; pendiente de revisión, no se corrige."
42753,TRECONT  S.A.,2025/02,Gas Oil Grado 2,120719.00,1262.00,"Volumen líquido mayor a 5000 m3 por producto y mes: posible escala o carga; pendiente de revisión, no se corrige."
64605,TRECONT  S.A.,2025/03,Gas Oil Grado 2,128190.00,1286.00,"Volumen líquido mayor a 5000 m3 por producto y mes: posible escala o carga; pendiente de revisión, no se corrige."
64606,TRECONT  S.A.,2025/03,Gas Oil Grado 3,211590.00,1501.00,"Volumen líquido mayor a 5000 m3 por producto y mes: posible escala o carga; pendiente de revisión, no se corrige."
64607,TRECONT  S.A.,2025/03,Nafta (súper) entre 92 y 95 Ron,263324.00,1271.00,"Volumen líquido mayor a 5000 m3 por producto y mes: posible escala o carga; pendiente de revisión, no se corrige."
64608,TRECONT  S.A.,2025/03,Nafta (premium) de más de 95 Ron,119123.00,1525.00,"Volumen líquido mayor a 5000 m3 por producto y mes: posible escala o carga; pendiente de revisión, no se corrige."
86388,TRECONT  S.A.,2025/04,Nafta (súper) entre 92 y 95 Ron,254360.00,1293.00,"Volumen líquido mayor a 5000 m3 por producto y mes: posible escala o carga; pendiente de revisión, no se corrige."
86389,TRECONT  S.A.,2025/04,Gas Oil Grado 2,138030.00,1309.00,"Volumen líquido mayor a 5000 m3 por producto y mes: posible escala o carga; pendiente de revisión, no se corrige."
86390,TRECONT  S.A.,2025/04,Gas Oil Grado 3,206419.00,1527.00,"Volumen líquido mayor a 5000 m3 por producto y mes: posible escala o carga; pendiente de revisión, no se corrige."
86392,TRECONT  S.A.,2025/04,Nafta (premium) de más de 95 Ron,108027.00,1552.00,"Volumen líquido mayor a 5000 m3 por producto y mes: posible escala o carga; pendiente de revisión, no se corrige."
108225,TRECONT  S.A.,2025/05,Gas Oil Grado 2,151033.00,1276.00,"Volumen líquido mayor a 5000 m3 por producto y mes: posible escala o carga; pendiente de revisión, no se corrige."
108226,TRECONT  S.A.,2025/05,Gas Oil Grado 3,225909.00,1411.00,"Volumen líquido mayor a 5000 m3 por producto y mes: posible escala o carga; pendiente de revisión, no se corrige."
108228,TRECONT  S.A.,2025/05,Nafta (premium) de más de 95 Ron,113569.00,1462.00,"Volumen líquido mayor a 5000 m3 por producto y mes: posible escala o carga; pendiente de revisión, no se corrige."
108229,TRECONT  S.A.,2025/05,Nafta (súper) entre 92 y 95 Ron,250926.00,1270.00,"Volumen líquido mayor a 5000 m3 por producto y mes: posible escala o carga; pendiente de revisión, no se corrige."
129986,TRECONT  S.A.,2025/06,Nafta (súper) entre 92 y 95 Ron,240905.00,1284.00,"Volumen líquido mayor a 5000 m3 por producto y mes: posible escala o carga; pendiente de revisión, no se corrige."
129987,TRECONT  S.A.,2025/06,Nafta (premium) de más de 95 Ron,107004.00,1479.00,"Volumen líquido mayor a 5000 m3 por producto y mes: posible escala o carga; pendiente de revisión, no se corrige."
129988,TRECONT  S.A.,2025/06,Gas Oil Grado 3,226240.00,1427.00,"Volumen líquido mayor a 5000 m3 por producto y mes: posible escala o carga; pendiente de revisión, no se corrige."
129990,TRECONT  S.A.,2025/06,Gas Oil Grado 2,138482.00,1291.00,"Volumen líquido mayor a 5000 m3 por producto y mes: posible escala o carga; pendiente de revisión, no se corrige."
173388,TRECONT  S.A.,2025/08,Nafta (súper) entre 92 y 95 Ron,120001.00,1439.32,"Volumen líquido mayor a 5000 m3 por producto y mes: posible escala o carga; pendiente de revisión, no se corrige."
173389,TRECONT  S.A.,2025/08,Gas Oil Grado 3,225535.00,1601.12,"Volumen líquido mayor a 5000 m3 por producto y mes: posible escala o carga; pendiente de revisión, no se corrige."
173390,TRECONT  S.A.,2025/08,Gas Oil Grado 2,134671.00,1447.31,"Volumen líquido mayor a 5000 m3 por producto y mes: posible escala o carga; pendiente de revisión, no se corrige."
173391,TRECONT  S.A.,2025/08,Nafta (premium) de más de 95 Ron,250955.00,1659.32,"Volumen líquido mayor a 5000 m3 por producto y mes: posible escala o carga; pendiente de revisión, no se corrige."
195186,TRECONT  S.A.,2025/09,Gas Oil Grado 2,145458.00,1519.67,"Volumen líquido mayor a 5000 m3 por producto y mes: posible escala o carga; pendiente de revisión, no se corrige."
195187,TRECONT  S.A.,2025/09,Nafta (premium) de más de 95 Ron,108719.00,1728.42,"Volumen líquido mayor a 5000 m3 por producto y mes: posible escala o carga; pendiente de revisión, no se corrige."
195188,TRECONT  S.A.,2025/09,Nafta (súper) entre 92 y 95 Ron,240332.00,1510.08,"Volumen líquido mayor a 5000 m3 por producto y mes: posible escala o carga; pendiente de revisión, no se corrige."
195189,TRECONT  S.A.,2025/09,Gas Oil Grado 3,225034.00,1671.50,"Volumen líquido mayor a 5000 m3 por producto y mes: posible escala o carga; pendiente de revisión, no se corrige."
216912,TRECONT  S.A.,2025/10,Nafta (súper) entre 92 y 95 Ron,232906.00,1566.10,"Volumen líquido mayor a 5000 m3 por producto y mes: posible escala o carga; pendiente de revisión, no se corrige."
216913,TRECONT  S.A.,2025/10,Nafta (premium) de más de 95 Ron,107488.00,1788.55,"Volumen líquido mayor a 5000 m3 por producto y mes: posible escala o carga; pendiente de revisión, no se corrige."
216914,TRECONT  S.A.,2025/10,Gas Oil Grado 3,196370.00,1723.60,"Volumen líquido mayor a 5000 m3 por producto y mes: posible escala o carga; pendiente de revisión, no se corrige."
216915,TRECONT  S.A.,2025/10,Gas Oil Grado 2,126182.00,1578.77,"Volumen líquido mayor a 5000 m3 por producto y mes: posible escala o carga; pendiente de revisión, no se corrige."
238640,TRECONT  S.A.,2025/11,Gas Oil Grado 2,121611.00,1610.88,"Volumen líquido mayor a 5000 m3 por producto y mes: posible escala o carga; pendiente de revisión, no se corrige."
238641,TRECONT  S.A.,2025/11,Nafta (premium) de más de 95 Ron,103599.00,1866.20,"Volumen líquido mayor a 5000 m3 por producto y mes: posible escala o carga; pendiente de revisión, no se corrige."
238642,TRECONT  S.A.,2025/11,Gas Oil Grado 3,182873.00,1847.95,"Volumen líquido mayor a 5000 m3 por producto y mes: posible escala o carga; pendiente de revisión, no se corrige."
238643,TRECONT  S.A.,2025/11,Nafta (súper) entre 92 y 95 Ron,226623.00,1648.43,"Volumen líquido mayor a 5000 m3 por producto y mes: posible escala o carga; pendiente de revisión, no se corrige."
260318,TRECONT  S.A.,2025/12,Gas Oil Grado 2,115623.00,1778.15,"Volumen líquido mayor a 5000 m3 por producto y mes: posible escala o carga; pendiente de revisión, no se corrige."
260319,TRECONT  S.A.,2025/12,Gas Oil Grado 3,207987.00,1904.84,"Volumen líquido mayor a 5000 m3 por producto y mes: posible escala o carga; pendiente de revisión, no se corrige."
260321,TRECONT  S.A.,2025/12,Nafta (premium) de más de 95 Ron,122634.00,1911.75,"Volumen líquido mayor a 5000 m3 por producto y mes: posible escala o carga; pendiente de revisión, no se corrige."
260322,TRECONT  S.A.,2025/12,Nafta (súper) entre 92 y 95 Ron,268931.00,1687.00,"Volumen líquido mayor a 5000 m3 por producto y mes: posible escala o carga; pendiente de revisión, no se corrige."
21346,VESCAP SRL,2025/01,Gas Oil Grado 2,187654.00,1235.92,"Volumen líquido mayor a 5000 m3 por producto y mes: posible escala o carga; pendiente de revisión, no se corrige."
21347,VESCAP SRL,2025/01,Gas Oil Grado 3,119949.00,1443.04,"Volumen líquido mayor a 5000 m3 por producto y mes: posible escala o carga; pendiente de revisión, no se corrige."
21348,VESCAP SRL,2025/01,Nafta (premium) de más de 95 Ron,98346.20,1457.76,"Volumen líquido mayor a 5000 m3 por producto y mes: posible escala o carga; pendiente de revisión, no se corrige."
21349,VESCAP SRL,2025/01,Nafta (común) hasta 92 Ron,286621.00,1214.97,"Volumen líquido mayor a 5000 m3 por producto y mes: posible escala o carga; pendiente de revisión, no se corrige."
43152,VESCAP SRL,2025/02,Gas Oil Grado 2,180321.00,1261.74,"Volumen líquido mayor a 5000 m3 por producto y mes: posible escala o carga; pendiente de revisión, no se corrige."
43154,VESCAP SRL,2025/02,Nafta (súper) entre 92 y 95 Ron,286772.00,1240.93,"Volumen líquido mayor a 5000 m3 por producto y mes: posible escala o carga; pendiente de revisión, no se corrige."
43155,VESCAP SRL,2025/02,Gas Oil Grado 3,111056.00,1472.95,"Volumen líquido mayor a 5000 m3 por producto y mes: posible escala o carga; pendiente de revisión, no se corrige."
43156,VESCAP SRL,2025/02,Nafta (premium) de más de 95 Ron,99331.00,1488.90,"Volumen líquido mayor a 5000 m3 por producto y mes: posible escala o carga; pendiente de revisión, no se corrige."
65008,VESCAP SRL,2025/03,Gas Oil Grado 3,123773.00,1501.36,"Volumen líquido mayor a 5000 m3 por producto y mes: posible escala o carga; pendiente de revisión, no se corrige."
65010,VESCAP SRL,2025/03,Gas Oil Grado 2,209294.00,1286.63,"Volumen líquido mayor a 5000 m3 por producto y mes: posible escala o carga; pendiente de revisión, no se corrige."
65011,VESCAP SRL,2025/03,Nafta (súper) entre 92 y 95 Ron,317322.00,1265.16,"Volumen líquido mayor a 5000 m3 por producto y mes: posible escala o carga; pendiente de revisión, no se corrige."
65012,VESCAP SRL,2025/03,Nafta (premium) de más de 95 Ron,109069.00,1518.24,"Volumen líquido mayor a 5000 m3 por producto y mes: posible escala o carga; pendiente de revisión, no se corrige."
195584,VESCAP SRL,2025/09,Gas Oil Grado 2,314856.00,1478.17,"Volumen líquido mayor a 5000 m3 por producto y mes: posible escala o carga; pendiente de revisión, no se corrige."
195585,VESCAP SRL,2025/09,Nafta (premium) de más de 95 Ron,144840.00,1685.59,"Volumen líquido mayor a 5000 m3 por producto y mes: posible escala o carga; pendiente de revisión, no se corrige."
195586,VESCAP SRL,2025/09,Gas Oil Grado 3,245285.00,1632.99,"Volumen líquido mayor a 5000 m3 por producto y mes: posible escala o carga; pendiente de revisión, no se corrige."
195588,VESCAP SRL,2025/09,Nafta (súper) entre 92 y 95 Ron,359339.00,1463.96,"Volumen líquido mayor a 5000 m3 por producto y mes: posible escala o carga; pendiente de revisión, no se corrige."
217304,VESCAP SRL,2025/10,Gas Oil Grado 3,255766.00,1692.36,"Volumen líquido mayor a 5000 m3 por producto y mes: posible escala o carga; pendiente de revisión, no se corrige."
217305,VESCAP SRL,2025/10,Nafta (premium) de más de 95 Ron,153901.00,1748.57,"Volumen líquido mayor a 5000 m3 por producto y mes: posible escala o carga; pendiente de revisión, no se corrige."
217306,VESCAP SRL,2025/10,Nafta (súper) entre 92 y 95 Ron,381944.00,1513.89,"Volumen líquido mayor a 5000 m3 por producto y mes: posible escala o carga; pendiente de revisión, no se corrige."
217307,VESCAP SRL,2025/10,Gas Oil Grado 2,340302.00,1528.31,"Volumen líquido mayor a 5000 m3 por producto y mes: posible escala o carga; pendiente de revisión, no se corrige."
239034,VESCAP SRL,2025/11,Gas Oil Grado 2,302634.00,1638.23,"Volumen líquido mayor a 5000 m3 por producto y mes: posible escala o carga; pendiente de revisión, no se corrige."
239035,VESCAP SRL,2025/11,Gas Oil Grado 3,222464.00,1766.85,"Volumen líquido mayor a 5000 m3 por producto y mes: posible escala o carga; pendiente de revisión, no se corrige."
239036,VESCAP SRL,2025/11,Nafta (premium) de más de 95 Ron,146032.00,1817.41,"Volumen líquido mayor a 5000 m3 por producto y mes: posible escala o carga; pendiente de revisión, no se corrige."
239038,VESCAP SRL,2025/11,Nafta (súper) entre 92 y 95 Ron,362258.00,1589.10,"Volumen líquido mayor a 5000 m3 por producto y mes: posible escala o carga; pendiente de revisión, no se corrige."
260714,VESCAP SRL,2025/12,Gas Oil Grado 3,246643.00,1857.65,"Volumen líquido mayor a 5000 m3 por producto y mes: posible escala o carga; pendiente de revisión, no se corrige."
260715,VESCAP SRL,2025/12,Nafta (premium) de más de 95 Ron,149689.00,1856.89,"Volumen líquido mayor a 5000 m3 por producto y mes: posible escala o carga; pendiente de revisión, no se corrige."
260716,VESCAP SRL,2025/12,Gas Oil Grado 2,269381.00,1748.43,"Volumen líquido mayor a 5000 m3 por producto y mes: posible escala o carga; pendiente de revisión, no se corrige."
260717,VESCAP SRL,2025/12,Nafta (súper) entre 92 y 95 Ron,370547.00,1646.00,"Volumen líquido mayor a 5000 m3 por producto y mes: posible escala o carga; pendiente de revisión, no se corrige."
65588,59 SA,2025/04,Gas Oil Grado 2,9446.10,1303.07,"Volumen líquido mayor a 5000 m3 por producto y mes: posible escala o carga; pendiente de revisión, no se corrige."
217907,7 Y 511 S.A.,2025/11,Gas Oil Grado 3,11290.00,1757.36,"Volumen líquido mayor a 5000 m3 por producto y mes: posible escala o carga; pendiente de revisión, no se corrige."
496,AGROSERVICIO ROKE DE ROGELIO H. DIDOMENICO Y EDGARDO F. TORRES SOCIEDAD SIMPLE,2025/01,Gas Oil Grado 3,9000.00,1183.83,"Volumen líquido mayor a 5000 m3 por producto y mes: posible escala o carga; pendiente de revisión, no se corrige."
498,AGROSERVICIO ROKE DE ROGELIO H. DIDOMENICO Y EDGARDO F. TORRES SOCIEDAD SIMPLE,2025/01,Nafta (súper) entre 92 y 95 Ron,9200.00,990.90,"Volumen líquido mayor a 5000 m3 por producto y mes: posible escala o carga; pendiente de revisión, no se corrige."
22372,AGROSERVICIO ROKE DE ROGELIO H. DIDOMENICO Y EDGARDO F. TORRES SOCIEDAD SIMPLE,2025/02,Nafta (súper) entre 92 y 95 Ron,9000.00,1068.44,"Volumen líquido mayor a 5000 m3 por producto y mes: posible escala o carga; pendiente de revisión, no se corrige."
22374,AGROSERVICIO ROKE DE ROGELIO H. DIDOMENICO Y EDGARDO F. TORRES SOCIEDAD SIMPLE,2025/02,Gas Oil Grado 3,8500.00,1029.06,"Volumen líquido mayor a 5000 m3 por producto y mes: posible escala o carga; pendiente de revisión, no se corrige."
44183,AGROSERVICIO ROKE DE ROGELIO H. DIDOMENICO Y EDGARDO F. TORRES SOCIEDAD SIMPLE,2025/03,Gas Oil Grado 3,9000.00,1252.54,"Volumen líquido mayor a 5000 m3 por producto y mes: posible escala o carga; pendiente de revisión, no se corrige."
44184,AGROSERVICIO ROKE DE ROGELIO H. DIDOMENICO Y EDGARDO F. TORRES SOCIEDAD SIMPLE,2025/03,Nafta (súper) entre 92 y 95 Ron,11000.00,1068.44,"Volumen líquido mayor a 5000 m3 por producto y mes: posible escala o carga; pendiente de revisión, no se corrige."
66031,AGROSERVICIO ROKE DE ROGELIO H. DIDOMENICO Y EDGARDO F. TORRES SOCIEDAD SIMPLE,2025/04,Nafta (súper) entre 92 y 95 Ron,9500.00,1073.54,"Volumen líquido mayor a 5000 m3 por producto y mes: posible escala o carga; pendiente de revisión, no se corrige."
66033,AGROSERVICIO ROKE DE ROGELIO H. DIDOMENICO Y EDGARDO F. TORRES SOCIEDAD SIMPLE,2025/04,Gas Oil Grado 3,9000.00,1274.32,"Volumen líquido mayor a 5000 m3 por producto y mes: posible escala o carga; pendiente de revisión, no se corrige."
87826,AGROSERVICIO ROKE DE ROGELIO H. DIDOMENICO Y EDGARDO F. TORRES SOCIEDAD SIMPLE,2025/05,Nafta (súper) entre 92 y 95 Ron,8200.00,1297.00,"Volumen líquido mayor a 5000 m3 por producto y mes: posible escala o carga; pendiente de revisión, no se corrige."
87827,AGROSERVICIO ROKE DE ROGELIO H. DIDOMENICO Y EDGARDO F. TORRES SOCIEDAD SIMPLE,2025/05,Gas Oil Grado 3,9600.00,1520.00,"Volumen líquido mayor a 5000 m3 por producto y mes: posible escala o carga; pendiente de revisión, no se corrige."
109673,AGROSERVICIO ROKE DE ROGELIO H. DIDOMENICO Y EDGARDO F. TORRES SOCIEDAD SIMPLE,2025/06,Nafta (súper) entre 92 y 95 Ron,5852.00,1288.00,"Volumen líquido mayor a 5000 m3 por producto y mes: posible escala o carga; pendiente de revisión, no se corrige."
109674,AGROSERVICIO ROKE DE ROGELIO H. DIDOMENICO Y EDGARDO F. TORRES SOCIEDAD SIMPLE,2025/06,Gas Oil Grado 3,5500.00,1420.00,"Volumen líquido mayor a 5000 m3 por producto y mes: posible escala o carga; pendiente de revisión, no se corrige."
131430,AGROSERVICIO ROKE DE ROGELIO H. DIDOMENICO Y EDGARDO F. TORRES SOCIEDAD SIMPLE,2025/07,Nafta (súper) entre 92 y 95 Ron,6890.00,1354.00,"Volumen líquido mayor a 5000 m3 por producto y mes: posible escala o carga; pendiente de revisión, no se corrige."
131431,AGROSERVICIO ROKE DE ROGELIO H. DIDOMENICO Y EDGARDO F. TORRES SOCIEDAD SIMPLE,2025/07,Gas Oil Grado 3,5678.00,1493.00,"Volumen líquido mayor a 5000 m3 por producto y mes: posible escala o carga; pendiente de revisión, no se corrige."
153176,AGROSERVICIO ROKE DE ROGELIO H. DIDOMENICO Y EDGARDO F. TORRES SOCIEDAD SIMPLE,2025/08,Gas Oil Grado 3,10500.00,1624.00,"Volumen líquido mayor a 5000 m3 por producto y mes: posible escala o carga; pendiente de revisión, no se corrige."
153177,AGROSERVICIO ROKE DE ROGELIO H. DIDOMENICO Y EDGARDO F. TORRES SOCIEDAD SIMPLE,2025/08,Nafta (súper) entre 92 y 95 Ron,9875.00,1455.00,"Volumen líquido mayor a 5000 m3 por producto y mes: posible escala o carga; pendiente de revisión, no se corrige."
174813,AGROSERVICIO ROKE DE ROGELIO H. DIDOMENICO Y EDGARDO F. TORRES SOCIEDAD SIMPLE,2025/09,Nafta (súper) entre 92 y 95 Ron,11000.00,1492.00,"Volumen líquido mayor a 5000 m3 por producto y mes: posible escala o carga; pendiente de revisión, no se corrige."
174814,AGROSERVICIO ROKE DE ROGELIO H. DIDOMENICO Y EDGARDO F. TORRES SOCIEDAD SIMPLE,2025/09,Gas Oil Grado 3,12000.00,1662.00,"Volumen líquido mayor a 5000 m3 por producto y mes: posible escala o carga; pendiente de revisión, no se corrige."
196610,AGROSERVICIO ROKE DE ROGELIO H. DIDOMENICO Y EDGARDO F. TORRES SOCIEDAD SIMPLE,2025/10,Gas Oil Grado 3,8759.00,1695.00,"Volumen líquido mayor a 5000 m3 por producto y mes: posible escala o carga; pendiente de revisión, no se corrige."
196611,AGROSERVICIO ROKE DE ROGELIO H. DIDOMENICO Y EDGARDO F. TORRES SOCIEDAD SIMPLE,2025/10,Nafta (súper) entre 92 y 95 Ron,9600.00,1540.00,"Volumen líquido mayor a 5000 m3 por producto y mes: posible escala o carga; pendiente de revisión, no se corrige."
218345,AGROSERVICIO ROKE DE ROGELIO H. DIDOMENICO Y EDGARDO F. TORRES SOCIEDAD SIMPLE,2025/11,Nafta (súper) entre 92 y 95 Ron,8900.00,1630.00,"Volumen líquido mayor a 5000 m3 por producto y mes: posible escala o carga; pendiente de revisión, no se corrige."
218346,AGROSERVICIO ROKE DE ROGELIO H. DIDOMENICO Y EDGARDO F. TORRES SOCIEDAD SIMPLE,2025/11,Gas Oil Grado 3,9200.00,1790.01,"Volumen líquido mayor a 5000 m3 por producto y mes: posible escala o carga; pendiente de revisión, no se corrige."
240053,AGROSERVICIO ROKE DE ROGELIO H. DIDOMENICO Y EDGARDO F. TORRES SOCIEDAD SIMPLE,2025/12,Nafta (súper) entre 92 y 95 Ron,10500.00,1684.00,"Volumen líquido mayor a 5000 m3 por producto y mes: posible escala o carga; pendiente de revisión, no se corrige."
240054,AGROSERVICIO ROKE DE ROGELIO H. DIDOMENICO Y EDGARDO F. TORRES SOCIEDAD SIMPLE,2025/12,Gas Oil Grado 3,10000.00,1888.00,"Volumen líquido mayor a 5000 m3 por producto y mes: posible escala o carga; pendiente de revisión, no se corrige."
240248,ALEJANDRO JOSE TIEPPO,2025/12,Nafta (súper) entre 92 y 95 Ron,142933.00,1714.11,"Volumen líquido mayor a 5000 m3 por producto y mes: posible escala o carga; pendiente de revisión, no se corrige."
240249,ALEJANDRO JOSE TIEPPO,2025/12,Nafta (premium) de más de 95 Ron,45379.00,1933.13,"Volumen líquido mayor a 5000 m3 por producto y mes: posible escala o carga; pendiente de revisión, no se corrige."
240250,ALEJANDRO JOSE TIEPPO,2025/12,Gas Oil Grado 2,41942.00,1683.05,"Volumen líquido mayor a 5000 m3 por producto y mes: posible escala o carga; pendiente de revisión, no se corrige."
240251,ALEJANDRO JOSE TIEPPO,2025/12,Gas Oil Grado 3,27185.00,1952.70,"Volumen líquido mayor a 5000 m3 por producto y mes: posible escala o carga; pendiente de revisión, no se corrige."
695,ALE Y JOR S.A.,2025/01,Nafta (súper) entre 92 y 95 Ron,23472.00,1174.00,"Volumen líquido mayor a 5000 m3 por producto y mes: posible escala o carga; pendiente de revisión, no se corrige."
22567,ALE Y JOR S.A.,2025/02,Nafta (súper) entre 92 y 95 Ron,21568.00,1174.00,"Volumen líquido mayor a 5000 m3 por producto y mes: posible escala o carga; pendiente de revisión, no se corrige."
44381,ALE Y JOR S.A.,2025/03,Nafta (súper) entre 92 y 95 Ron,23284.00,1275.00,"Volumen líquido mayor a 5000 m3 por producto y mes: posible escala o carga; pendiente de revisión, no se corrige."
66232,ALE Y JOR S.A.,2025/04,Nafta (súper) entre 92 y 95 Ron,24097.00,1290.00,"Volumen líquido mayor a 5000 m3 por producto y mes: posible escala o carga; pendiente de revisión, no se corrige."
88017,ALE Y JOR S.A.,2025/05,Nafta (súper) entre 92 y 95 Ron,22406.00,1290.00,"Volumen líquido mayor a 5000 m3 por producto y mes: posible escala o carga; pendiente de revisión, no se corrige."
109876,ALE Y JOR S.A.,2025/06,Gas Oil Grado 2,10000.00,1335.00,"Volumen líquido mayor a 5000 m3 por producto y mes: posible escala o carga; pendiente de revisión, no se corrige."
109878,ALE Y JOR S.A.,2025/06,Nafta (súper) entre 92 y 95 Ron,40000.00,1347.00,"Volumen líquido mayor a 5000 m3 por producto y mes: posible escala o carga; pendiente de revisión, no se corrige."
131628,ALE Y JOR S.A.,2025/07,Nafta (súper) entre 92 y 95 Ron,21049.00,1389.00,"Volumen líquido mayor a 5000 m3 por producto y mes: posible escala o carga; pendiente de revisión, no se corrige."
153380,ALE Y JOR S.A.,2025/08,Nafta (súper) entre 92 y 95 Ron,16055.00,1489.00,"Volumen líquido mayor a 5000 m3 por producto y mes: posible escala o carga; pendiente de revisión, no se corrige."
175012,ALE Y JOR S.A.,2025/09,Nafta (súper) entre 92 y 95 Ron,23446.00,1509.00,"Volumen líquido mayor a 5000 m3 por producto y mes: posible escala o carga; pendiente de revisión, no se corrige."
196810,ALE Y JOR S.A.,2025/10,Gas Oil Grado 2,5284.00,1495.00,"Volumen líquido mayor a 5000 m3 por producto y mes: posible escala o carga; pendiente de revisión, no se corrige."
196813,ALE Y JOR S.A.,2025/10,Nafta (súper) entre 92 y 95 Ron,26778.00,1536.25,"Volumen líquido mayor a 5000 m3 por producto y mes: posible escala o carga; pendiente de revisión, no se corrige."
218554,ALE Y JOR S.A.,2025/11,Nafta (súper) entre 92 y 95 Ron,24921.00,1667.00,"Volumen líquido mayor a 5000 m3 por producto y mes: posible escala o carga; pendiente de revisión, no se corrige."
240258,ALE Y JOR S.A.,2025/12,Gas Oil Grado 2,5128.00,1724.00,"Volumen líquido mayor a 5000 m3 por producto y mes: posible escala o carga; pendiente de revisión, no se corrige."
240260,ALE Y JOR S.A.,2025/12,Nafta (súper) entre 92 y 95 Ron,29010.00,1800.00,"Volumen líquido mayor a 5000 m3 por producto y mes: posible escala o carga; pendiente de revisión, no se corrige."
109925,ALISO SRL,2025/06,Gas Oil Grado 3,35543.90,1422.05,"Volumen líquido mayor a 5000 m3 por producto y mes: posible escala o carga; pendiente de revisión, no se corrige."
109927,ALISO SRL,2025/06,Nafta (súper) entre 92 y 95 Ron,117242.00,1212.05,"Volumen líquido mayor a 5000 m3 por producto y mes: posible escala o carga; pendiente de revisión, no se corrige."
109929,ALISO SRL,2025/06,Gas Oil Grado 2,28619.20,1263.89,"Volumen líquido mayor a 5000 m3 por producto y mes: posible escala o carga; pendiente de revisión, no se corrige."
109930,ALISO SRL,2025/06,Nafta (premium) de más de 95 Ron,30185.20,1453.58,"Volumen líquido mayor a 5000 m3 por producto y mes: posible escala o carga; pendiente de revisión, no se corrige."
196860,ALISO SRL,2025/10,Nafta (súper) entre 92 y 95 Ron,111117.00,1456.04,"Volumen líquido mayor a 5000 m3 por producto y mes: posible escala o carga; pendiente de revisión, no se corrige."
196861,ALISO SRL,2025/10,Nafta (premium) de más de 95 Ron,30012.20,1775.72,"Volumen líquido mayor a 5000 m3 por producto y mes: posible escala o carga; pendiente de revisión, no se corrige."
196863,ALISO SRL,2025/10,Gas Oil Grado 3,36514.50,1745.60,"Volumen líquido mayor a 5000 m3 por producto y mes: posible escala o carga; pendiente de revisión, no se corrige."
196864,ALISO SRL,2025/10,Gas Oil Grado 2,31511.40,1522.27,"Volumen líquido mayor a 5000 m3 por producto y mes: posible escala o carga; pendiente de revisión, no se corrige."
109939,ALLGAS S.A.,2025/06,Gas Oil Grado 2,68890.00,1304.27,"Volumen líquido mayor a 5000 m3 por producto y mes: posible escala o carga; pendiente de revisión, no se corrige."
109940,ALLGAS S.A.,2025/06,Nafta (súper) entre 92 y 95 Ron,116720.00,1320.33,"Volumen líquido mayor a 5000 m3 por producto y mes: posible escala o carga; pendiente de revisión, no se corrige."
109941,ALLGAS S.A.,2025/06,Gas Oil Grado 3,55290.00,1551.61,"Volumen líquido mayor a 5000 m3 por producto y mes: posible escala o carga; pendiente de revisión, no se corrige."
109942,ALLGAS S.A.,2025/06,Nafta (premium) de más de 95 Ron,64610.00,1583.42,"Volumen líquido mayor a 5000 m3 por producto y mes: posible escala o carga; pendiente de revisión, no se corrige."
175080,ALLI VAMOS S.A.,2025/09,Nafta (súper) entre 92 y 95 Ron,320.46,1.48,"Precio promedio fuera del intervalo de selección 100-5000 ARS por unidad. Umbral didáctico, no prueba de error."
23136,ARAMENDI JUAN RAMON,2025/02,Nafta (premium) de más de 95 Ron,10099.00,1508.89,"Volumen líquido mayor a 5000 m3 por producto y mes: posible escala o carga; pendiente de revisión, no se corrige."
44949,ARAMENDI JUAN RAMON,2025/03,Nafta (premium) de más de 95 Ron,10036.00,1526.00,"Volumen líquido mayor a 5000 m3 por producto y mes: posible escala o carga; pendiente de revisión, no se corrige."
1295,ARGENFUEL SA,2025/01,Gas Oil Grado 3,14349.00,1453.00,"Volumen líquido mayor a 5000 m3 por producto y mes: posible escala o carga; pendiente de revisión, no se corrige."
1296,ARGENFUEL SA,2025/01,Nafta (súper) entre 92 y 95 Ron,61829.00,1202.00,"Volumen líquido mayor a 5000 m3 por producto y mes: posible escala o carga; pendiente de revisión, no se corrige."
1298,ARGENFUEL SA,2025/01,Nafta (premium) de más de 95 Ron,35995.00,1483.00,"Volumen líquido mayor a 5000 m3 por producto y mes: posible escala o carga; pendiente de revisión, no se corrige."
1299,ARGENFUEL SA,2025/01,Gas Oil Grado 2,5394.00,1233.00,"Volumen líquido mayor a 5000 m3 por producto y mes: posible escala o carga; pendiente de revisión, no se corrige."
1436,ASENSIO E HIJO Y PULLEY S.R.L.,2025/01,Gas Oil Grado 3,40100.00,1414.78,"Volumen líquido mayor a 5000 m3 por producto y mes: posible escala o carga; pendiente de revisión, no se corrige."
2248,BACIK Y PADUA SRL,2025/01,Gas Oil Grado 3,19021.00,1472.00,"Volumen líquido mayor a 5000 m3 por producto y mes: posible escala o carga; pendiente de revisión, no se corrige."
2252,BACIK Y PADUA SRL,2025/01,Nafta (súper) entre 92 y 95 Ron,107200.00,1472.00,"Volumen líquido mayor a 5000 m3 por producto y mes: posible escala o carga; pendiente de revisión, no se corrige."
45949,BACIK Y PADUA SRL,2025/03,Gas Oil Grado 3,22009.00,1532.00,"Volumen líquido mayor a 5000 m3 por producto y mes: posible escala o carga; pendiente de revisión, no se corrige."
45950,BACIK Y PADUA SRL,2025/03,Nafta (premium) de más de 95 Ron,22001.00,1575.00,"Volumen líquido mayor a 5000 m3 por producto y mes: posible escala o carga; pendiente de revisión, no se corrige."
45951,BACIK Y PADUA SRL,2025/03,Nafta (súper) entre 92 y 95 Ron,105090.00,1276.00,"Volumen líquido mayor a 5000 m3 por producto y mes: posible escala o carga; pendiente de revisión, no se corrige."
45952,BACIK Y PADUA SRL,2025/03,Gas Oil Grado 2,70010.00,1318.00,"Volumen líquido mayor a 5000 m3 por producto y mes: posible escala o carga; pendiente de revisión, no se corrige."
67788,BACIK Y PADUA SRL,2025/04,Nafta (premium) de más de 95 Ron,20801.00,1599.00,"Volumen líquido mayor a 5000 m3 por producto y mes: posible escala o carga; pendiente de revisión, no se corrige."
67789,BACIK Y PADUA SRL,2025/04,Gas Oil Grado 3,19401.00,1558.00,"Volumen líquido mayor a 5000 m3 por producto y mes: posible escala o carga; pendiente de revisión, no se corrige."
67790,BACIK Y PADUA SRL,2025/04,Nafta (súper) entre 92 y 95 Ron,100506.00,1298.00,"Volumen líquido mayor a 5000 m3 por producto y mes: posible escala o carga; pendiente de revisión, no se corrige."
67791,BACIK Y PADUA SRL,2025/04,Gas Oil Grado 2,110020.00,1340.00,"Volumen líquido mayor a 5000 m3 por producto y mes: posible escala o carga; pendiente de revisión, no se corrige."
89593,BACIK Y PADUA SRL,2025/05,Gas Oil Grado 3,18136.00,1523.00,"Volumen líquido mayor a 5000 m3 por producto y mes: posible escala o carga; pendiente de revisión, no se corrige."
89595,BACIK Y PADUA SRL,2025/05,Gas Oil Grado 2,110897.00,1313.00,"Volumen líquido mayor a 5000 m3 por producto y mes: posible escala o carga; pendiente de revisión, no se corrige."
89596,BACIK Y PADUA SRL,2025/05,Nafta (premium) de más de 95 Ron,19570.00,1567.00,"Volumen líquido mayor a 5000 m3 por producto y mes: posible escala o carga; pendiente de revisión, no se corrige."
89597,BACIK Y PADUA SRL,2025/05,Nafta (súper) entre 92 y 95 Ron,100246.00,1272.00,"Volumen líquido mayor a 5000 m3 por producto y mes: posible escala o carga; pendiente de revisión, no se corrige."
111452,BACIK Y PADUA SRL,2025/06,Nafta (súper) entre 92 y 95 Ron,105605.00,1287.00,"Volumen líquido mayor a 5000 m3 por producto y mes: posible escala o carga; pendiente de revisión, no se corrige."
111453,BACIK Y PADUA SRL,2025/06,Gas Oil Grado 3,14811.00,1513.00,"Volumen líquido mayor a 5000 m3 por producto y mes: posible escala o carga; pendiente de revisión, no se corrige."
111454,BACIK Y PADUA SRL,2025/06,Gas Oil Grado 2,100424.00,1336.00,"Volumen líquido mayor a 5000 m3 por producto y mes: posible escala o carga; pendiente de revisión, no se corrige."
111455,BACIK Y PADUA SRL,2025/06,Nafta (premium) de más de 95 Ron,17235.00,1557.00,"Volumen líquido mayor a 5000 m3 por producto y mes: posible escala o carga; pendiente de revisión, no se corrige."
133197,BACIK Y PADUA SRL,2025/07,Gas Oil Grado 2,110959.00,1382.06,"Volumen líquido mayor a 5000 m3 por producto y mes: posible escala o carga; pendiente de revisión, no se corrige."
133198,BACIK Y PADUA SRL,2025/07,Nafta (premium) de más de 95 Ron,19102.00,1633.19,"Volumen líquido mayor a 5000 m3 por producto y mes: posible escala o carga; pendiente de revisión, no se corrige."
133200,BACIK Y PADUA SRL,2025/07,Gas Oil Grado 3,20310.00,1573.19,"Volumen líquido mayor a 5000 m3 por producto y mes: posible escala o carga; pendiente de revisión, no se corrige."
133201,BACIK Y PADUA SRL,2025/07,Nafta (súper) entre 92 y 95 Ron,106344.00,1343.19,"Volumen líquido mayor a 5000 m3 por producto y mes: posible escala o carga; pendiente de revisión, no se corrige."
154947,BACIK Y PADUA SRL,2025/08,Nafta (premium) de más de 95 Ron,18200.00,1679.00,"Volumen líquido mayor a 5000 m3 por producto y mes: posible escala o carga; pendiente de revisión, no se corrige."
154948,BACIK Y PADUA SRL,2025/08,Gas Oil Grado 2,99000.00,1425.00,"Volumen líquido mayor a 5000 m3 por producto y mes: posible escala o carga; pendiente de revisión, no se corrige."
154950,BACIK Y PADUA SRL,2025/08,Gas Oil Grado 3,21200.00,1615.00,"Volumen líquido mayor a 5000 m3 por producto y mes: posible escala o carga; pendiente de revisión, no se corrige."
154951,BACIK Y PADUA SRL,2025/08,Nafta (súper) entre 92 y 95 Ron,102000.00,1392.00,"Volumen líquido mayor a 5000 m3 por producto y mes: posible escala o carga; pendiente de revisión, no se corrige."
176586,BACIK Y PADUA SRL,2025/09,Nafta (súper) entre 92 y 95 Ron,108817.00,1462.93,"Volumen líquido mayor a 5000 m3 por producto y mes: posible escala o carga; pendiente de revisión, no se corrige."
176587,BACIK Y PADUA SRL,2025/09,Gas Oil Grado 3,18499.00,1696.20,"Volumen líquido mayor a 5000 m3 por producto y mes: posible escala o carga; pendiente de revisión, no se corrige."
176589,BACIK Y PADUA SRL,2025/09,Nafta (premium) de más de 95 Ron,19910.00,1751.06,"Volumen líquido mayor a 5000 m3 por producto y mes: posible escala o carga; pendiente de revisión, no se corrige."
176590,BACIK Y PADUA SRL,2025/09,Gas Oil Grado 2,100361.00,1492.13,"Volumen líquido mayor a 5000 m3 por producto y mes: posible escala o carga; pendiente de revisión, no se corrige."
198401,BACIK Y PADUA SRL,2025/10,Gas Oil Grado 3,21930.00,1752.54,"Volumen líquido mayor a 5000 m3 por producto y mes: posible escala o carga; pendiente de revisión, no se corrige."
198402,BACIK Y PADUA SRL,2025/10,Gas Oil Grado 2,125830.00,1532.19,"Volumen líquido mayor a 5000 m3 por producto y mes: posible escala o carga; pendiente de revisión, no se corrige."
198404,BACIK Y PADUA SRL,2025/10,Nafta (premium) de más de 95 Ron,20778.00,1364.66,"Volumen líquido mayor a 5000 m3 por producto y mes: posible escala o carga; pendiente de revisión, no se corrige."
198405,BACIK Y PADUA SRL,2025/10,Nafta (súper) entre 92 y 95 Ron,116046.00,1095.28,"Volumen líquido mayor a 5000 m3 por producto y mes: posible escala o carga; pendiente de revisión, no se corrige."
220140,BACIK Y PADUA SRL,2025/11,Nafta (súper) entre 92 y 95 Ron,118789.00,1578.33,"Volumen líquido mayor a 5000 m3 por producto y mes: posible escala o carga; pendiente de revisión, no se corrige."
220141,BACIK Y PADUA SRL,2025/11,Nafta (premium) de más de 95 Ron,20971.00,1889.00,"Volumen líquido mayor a 5000 m3 por producto y mes: posible escala o carga; pendiente de revisión, no se corrige."
220143,BACIK Y PADUA SRL,2025/11,Gas Oil Grado 3,20432.00,1825.10,"Volumen líquido mayor a 5000 m3 por producto y mes: posible escala o carga; pendiente de revisión, no se corrige."
220144,BACIK Y PADUA SRL,2025/11,Gas Oil Grado 2,95924.00,1622.33,"Volumen líquido mayor a 5000 m3 por producto y mes: posible escala o carga; pendiente de revisión, no se corrige."
241847,BACIK Y PADUA SRL,2025/12,Gas Oil Grado 3,20076.00,1766.23,"Volumen líquido mayor a 5000 m3 por producto y mes: posible escala o carga; pendiente de revisión, no se corrige."
241850,BACIK Y PADUA SRL,2025/12,Gas Oil Grado 2,105802.00,1847.00,"Volumen líquido mayor a 5000 m3 por producto y mes: posible escala o carga; pendiente de revisión, no se corrige."
133238,BALLCAR AUTOMOTORES SA,2025/07,Gas Oil Grado 3,40833.00,1452.00,"Volumen líquido mayor a 5000 m3 por producto y mes: posible escala o carga; pendiente de revisión, no se corrige."
133239,BALLCAR AUTOMOTORES SA,2025/07,Nafta (súper) entre 92 y 95 Ron,319341.00,1276.00,"Volumen líquido mayor a 5000 m3 por producto y mes: posible escala o carga; pendiente de revisión, no se corrige."
133240,BALLCAR AUTOMOTORES SA,2025/07,Gas Oil Grado 2,38188.10,1256.00,"Volumen líquido mayor a 5000 m3 por producto y mes: posible escala o carga; pendiente de revisión, no se corrige."
133241,BALLCAR AUTOMOTORES SA,2025/07,Nafta (premium) de más de 95 Ron,115911.00,1515.00,"Volumen líquido mayor a 5000 m3 por producto y mes: posible escala o carga; pendiente de revisión, no se corrige."
133242,BALLCAR AUTOMOTORES SA,2025/07,Kerosene,13793.00,1316.00,"Volumen líquido mayor a 5000 m3 por producto y mes: posible escala o carga; pendiente de revisión, no se corrige."
154988,BALLCAR AUTOMOTORES SA,2025/08,Gas Oil Grado 3,41061.50,1548.00,"Volumen líquido mayor a 5000 m3 por producto y mes: posible escala o carga; pendiente de revisión, no se corrige."
154989,BALLCAR AUTOMOTORES SA,2025/08,Gas Oil Grado 2,39044.20,1335.00,"Volumen líquido mayor a 5000 m3 por producto y mes: posible escala o carga; pendiente de revisión, no se corrige."
154990,BALLCAR AUTOMOTORES SA,2025/08,Nafta (súper) entre 92 y 95 Ron,309047.00,1364.00,"Volumen líquido mayor a 5000 m3 por producto y mes: posible escala o carga; pendiente de revisión, no se corrige."
154991,BALLCAR AUTOMOTORES SA,2025/08,Nafta (premium) de más de 95 Ron,199112.00,1602.00,"Volumen líquido mayor a 5000 m3 por producto y mes: posible escala o carga; pendiente de revisión, no se corrige."
154992,BALLCAR AUTOMOTORES SA,2025/08,Kerosene,13442.00,1366.00,"Volumen líquido mayor a 5000 m3 por producto y mes: posible escala o carga; pendiente de revisión, no se corrige."
67968,BARREIRO GLORIA I.B.DE Y BARREIRO ABEL H.,2025/04,Gas Oil Grado 2,144492.00,1295.20,"Volumen líquido mayor a 5000 m3 por producto y mes: posible escala o carga; pendiente de revisión, no se corrige."
46185,BASSO INDEPENDENCIA S.A.,2025/03,Nafta (súper) entre 92 y 95 Ron,199069.00,1331.86,"Volumen líquido mayor a 5000 m3 por producto y mes: posible escala o carga; pendiente de revisión, no se corrige."
46186,BASSO INDEPENDENCIA S.A.,2025/03,Nafta (premium) de más de 95 Ron,81223.70,1594.83,"Volumen líquido mayor a 5000 m3 por producto y mes: posible escala o carga; pendiente de revisión, no se corrige."
46187,BASSO INDEPENDENCIA S.A.,2025/03,Gas Oil Grado 3,36698.50,1563.83,"Volumen líquido mayor a 5000 m3 por producto y mes: posible escala o carga; pendiente de revisión, no se corrige."
89830,BASSO INDEPENDENCIA S.A.,2025/05,Nafta (premium) de más de 95 Ron,72028.00,1503.84,"Volumen líquido mayor a 5000 m3 por producto y mes: posible escala o carga; pendiente de revisión, no se corrige."
89831,BASSO INDEPENDENCIA S.A.,2025/05,Gas Oil Grado 3,32728.70,1446.84,"Volumen líquido mayor a 5000 m3 por producto y mes: posible escala o carga; pendiente de revisión, no se corrige."
89832,BASSO INDEPENDENCIA S.A.,2025/05,Nafta (súper) entre 92 y 95 Ron,192881.00,1309.86,"Volumen líquido mayor a 5000 m3 por producto y mes: posible escala o carga; pendiente de revisión, no se corrige."
2655,BERSAMP SA,2025/01,Gas Oil Grado 2,52096.10,1240.59,"Volumen líquido mayor a 5000 m3 por producto y mes: posible escala o carga; pendiente de revisión, no se corrige."
2657,BERSAMP SA,2025/01,Nafta (súper) entre 92 y 95 Ron,86170.60,1236.36,"Volumen líquido mayor a 5000 m3 por producto y mes: posible escala o carga; pendiente de revisión, no se corrige."
2658,BERSAMP SA,2025/01,Gas Oil Grado 3,45834.00,1486.14,"Volumen líquido mayor a 5000 m3 por producto y mes: posible escala o carga; pendiente de revisión, no se corrige."
2659,BERSAMP SA,2025/01,Nafta (premium) de más de 95 Ron,44983.60,1506.81,"Volumen líquido mayor a 5000 m3 por producto y mes: posible escala o carga; pendiente de revisión, no se corrige."
24532,BERSAMP SA,2025/02,Gas Oil Grado 3,45104.20,1515.52,"Volumen líquido mayor a 5000 m3 por producto y mes: posible escala o carga; pendiente de revisión, no se corrige."
24533,BERSAMP SA,2025/02,Nafta (súper) entre 92 y 95 Ron,82248.20,1262.74,"Volumen líquido mayor a 5000 m3 por producto y mes: posible escala o carga; pendiente de revisión, no se corrige."
24535,BERSAMP SA,2025/02,Nafta (premium) de más de 95 Ron,42900.00,1539.74,"Volumen líquido mayor a 5000 m3 por producto y mes: posible escala o carga; pendiente de revisión, no se corrige."
24536,BERSAMP SA,2025/02,Gas Oil Grado 2,54123.60,1268.98,"Volumen líquido mayor a 5000 m3 por producto y mes: posible escala o carga; pendiente de revisión, no se corrige."
46354,BERSAMP SA,2025/03,Gas Oil Grado 3,45878.80,1545.37,"Volumen líquido mayor a 5000 m3 por producto y mes: posible escala o carga; pendiente de revisión, no se corrige."
46355,BERSAMP SA,2025/03,Nafta (súper) entre 92 y 95 Ron,95984.00,1287.80,"Volumen líquido mayor a 5000 m3 por producto y mes: posible escala o carga; pendiente de revisión, no se corrige."
46356,BERSAMP SA,2025/03,Nafta (premium) de más de 95 Ron,43965.90,1570.19,"Volumen líquido mayor a 5000 m3 por producto y mes: posible escala o carga; pendiente de revisión, no se corrige."
46358,BERSAMP SA,2025/03,Gas Oil Grado 2,47794.10,1293.18,"Volumen líquido mayor a 5000 m3 por producto y mes: posible escala o carga; pendiente de revisión, no se corrige."
68194,BERSAMP SA,2025/04,Nafta (premium) de más de 95 Ron,41854.20,1599.20,"Volumen líquido mayor a 5000 m3 por producto y mes: posible escala o carga; pendiente de revisión, no se corrige."
68195,BERSAMP SA,2025/04,Gas Oil Grado 2,48133.10,1306.06,"Volumen líquido mayor a 5000 m3 por producto y mes: posible escala o carga; pendiente de revisión, no se corrige."
68197,BERSAMP SA,2025/04,Gas Oil Grado 3,46209.60,1573.29,"Volumen líquido mayor a 5000 m3 por producto y mes: posible escala o carga; pendiente de revisión, no se corrige."
68198,BERSAMP SA,2025/04,Nafta (súper) entre 92 y 95 Ron,93661.90,1312.01,"Volumen líquido mayor a 5000 m3 por producto y mes: posible escala o carga; pendiente de revisión, no se corrige."
89999,BERSAMP SA,2025/05,Nafta (súper) entre 92 y 95 Ron,86798.40,1299.48,"Volumen líquido mayor a 5000 m3 por producto y mes: posible escala o carga; pendiente de revisión, no se corrige."
90000,BERSAMP SA,2025/05,Gas Oil Grado 2,46170.30,1286.70,"Volumen líquido mayor a 5000 m3 por producto y mes: posible escala o carga; pendiente de revisión, no se corrige."
90001,BERSAMP SA,2025/05,Gas Oil Grado 3,45139.30,1512.89,"Volumen líquido mayor a 5000 m3 por producto y mes: posible escala o carga; pendiente de revisión, no se corrige."
90002,BERSAMP SA,2025/05,Nafta (premium) de más de 95 Ron,40380.80,1545.23,"Volumen líquido mayor a 5000 m3 por producto y mes: posible escala o carga; pendiente de revisión, no se corrige."
111854,BERSAMP SA,2025/06,Nafta (premium) de más de 95 Ron,36087.20,1579.83,"Volumen líquido mayor a 5000 m3 por producto y mes: posible escala o carga; pendiente de revisión, no se corrige."
111855,BERSAMP SA,2025/06,Gas Oil Grado 3,40038.80,1550.34,"Volumen líquido mayor a 5000 m3 por producto y mes: posible escala o carga; pendiente de revisión, no se corrige."
111856,BERSAMP SA,2025/06,Nafta (súper) entre 92 y 95 Ron,73998.90,1332.98,"Volumen líquido mayor a 5000 m3 por producto y mes: posible escala o carga; pendiente de revisión, no se corrige."
111858,BERSAMP SA,2025/06,Gas Oil Grado 2,39015.40,1322.32,"Volumen líquido mayor a 5000 m3 por producto y mes: posible escala o carga; pendiente de revisión, no se corrige."
133602,BERSAMP SA,2025/07,Nafta (premium) de más de 95 Ron,29038.50,1643.83,"Volumen líquido mayor a 5000 m3 por producto y mes: posible escala o carga; pendiente de revisión, no se corrige."
133604,BERSAMP SA,2025/07,Gas Oil Grado 3,63135.00,1614.89,"Volumen líquido mayor a 5000 m3 por producto y mes: posible escala o carga; pendiente de revisión, no se corrige."
133605,BERSAMP SA,2025/07,Nafta (súper) entre 92 y 95 Ron,56629.60,1387.22,"Volumen líquido mayor a 5000 m3 por producto y mes: posible escala o carga; pendiente de revisión, no se corrige."
133606,BERSAMP SA,2025/07,Gas Oil Grado 2,10164.80,1365.29,"Volumen líquido mayor a 5000 m3 por producto y mes: posible escala o carga; pendiente de revisión, no se corrige."
155352,BERSAMP SA,2025/08,Nafta (premium) de más de 95 Ron,29682.50,1703.89,"Volumen líquido mayor a 5000 m3 por producto y mes: posible escala o carga; pendiente de revisión, no se corrige."
155353,BERSAMP SA,2025/08,Gas Oil Grado 2,25218.80,1421.66,"Volumen líquido mayor a 5000 m3 por producto y mes: posible escala o carga; pendiente de revisión, no se corrige."
155355,BERSAMP SA,2025/08,Gas Oil Grado 3,46779.50,1662.82,"Volumen líquido mayor a 5000 m3 por producto y mes: posible escala o carga; pendiente de revisión, no se corrige."
155356,BERSAMP SA,2025/08,Nafta (súper) entre 92 y 95 Ron,56700.70,1436.82,"Volumen líquido mayor a 5000 m3 por producto y mes: posible escala o carga; pendiente de revisión, no se corrige."
176990,BERSAMP SA,2025/09,Gas Oil Grado 3,40222.60,1722.02,"Volumen líquido mayor a 5000 m3 por producto y mes: posible escala o carga; pendiente de revisión, no se corrige."
176991,BERSAMP SA,2025/09,Gas Oil Grado 2,38684.40,1489.15,"Volumen líquido mayor a 5000 m3 por producto y mes: posible escala o carga; pendiente de revisión, no se corrige."
176992,BERSAMP SA,2025/09,Nafta (súper) entre 92 y 95 Ron,62054.90,1496.73,"Volumen líquido mayor a 5000 m3 por producto y mes: posible escala o carga; pendiente de revisión, no se corrige."
176994,BERSAMP SA,2025/09,Nafta (premium) de más de 95 Ron,30579.20,1779.39,"Volumen líquido mayor a 5000 m3 por producto y mes: posible escala o carga; pendiente de revisión, no se corrige."
198800,BERSAMP SA,2025/10,Gas Oil Grado 2,43428.80,1526.70,"Volumen líquido mayor a 5000 m3 por producto y mes: posible escala o carga; pendiente de revisión, no se corrige."
198801,BERSAMP SA,2025/10,Gas Oil Grado 3,43344.10,1771.53,"Volumen líquido mayor a 5000 m3 por producto y mes: posible escala o carga; pendiente de revisión, no se corrige."
198802,BERSAMP SA,2025/10,Nafta (premium) de más de 95 Ron,34577.20,1821.76,"Volumen líquido mayor a 5000 m3 por producto y mes: posible escala o carga; pendiente de revisión, no se corrige."
198803,BERSAMP SA,2025/10,Nafta (súper) entre 92 y 95 Ron,74237.50,1524.23,"Volumen líquido mayor a 5000 m3 por producto y mes: posible escala o carga; pendiente de revisión, no se corrige."
220541,BERSAMP SA,2025/11,Gas Oil Grado 2,45409.80,1590.08,"Volumen líquido mayor a 5000 m3 por producto y mes: posible escala o carga; pendiente de revisión, no se corrige."
220542,BERSAMP SA,2025/11,Nafta (premium) de más de 95 Ron,36142.50,1909.74,"Volumen líquido mayor a 5000 m3 por producto y mes: posible escala o carga; pendiente de revisión, no se corrige."
220543,BERSAMP SA,2025/11,Gas Oil Grado 3,33919.80,1846.89,"Volumen líquido mayor a 5000 m3 por producto y mes: posible escala o carga; pendiente de revisión, no se corrige."
220545,BERSAMP SA,2025/11,Nafta (súper) entre 92 y 95 Ron,77994.10,1596.91,"Volumen líquido mayor a 5000 m3 por producto y mes: posible escala o carga; pendiente de revisión, no se corrige."
242248,BERSAMP SA,2025/12,Nafta (súper) entre 92 y 95 Ron,82243.20,1726.66,"Volumen líquido mayor a 5000 m3 por producto y mes: posible escala o carga; pendiente de revisión, no se corrige."
242249,BERSAMP SA,2025/12,Nafta (premium) de más de 95 Ron,41799.60,1994.58,"Volumen líquido mayor a 5000 m3 por producto y mes: posible escala o carga; pendiente de revisión, no se corrige."
242250,BERSAMP SA,2025/12,Gas Oil Grado 3,38632.50,1975.05,"Volumen líquido mayor a 5000 m3 por producto y mes: posible escala o carga; pendiente de revisión, no se corrige."
242251,BERSAMP SA,2025/12,Gas Oil Grado 2,49383.20,1705.83,"Volumen líquido mayor a 5000 m3 por producto y mes: posible escala o carga; pendiente de revisión, no se corrige."
111917,BIELVA SA,2025/06,Gas Oil Grado 3,53597.00,1402.30,"Volumen líquido mayor a 5000 m3 por producto y mes: posible escala o carga; pendiente de revisión, no se corrige."
220619,BIGLIARDI PEÑA FEO S.H.,2025/11,Nafta (premium) de más de 95 Ron,25462.00,1781.47,"Volumen líquido mayor a 5000 m3 por producto y mes: posible escala o carga; pendiente de revisión, no se corrige."
220620,BIGLIARDI PEÑA FEO S.H.,2025/11,Gas Oil Grado 3,29328.30,1739.43,"Volumen líquido mayor a 5000 m3 por producto y mes: posible escala o carga; pendiente de revisión, no se corrige."
177190,"BORTOT VIRGILIO,BORTOT DANTE Y BORTOT MARIO SH",2025/09,Gas Oil Grado 3,6491.00,1728.63,"Volumen líquido mayor a 5000 m3 por producto y mes: posible escala o carga; pendiente de revisión, no se corrige."
198995,"BORTOT VIRGILIO,BORTOT DANTE Y BORTOT MARIO SH",2025/10,Gas Oil Grado 3,8679.43,1814.74,"Volumen líquido mayor a 5000 m3 por producto y mes: posible escala o carga; pendiente de revisión, no se corrige."
220736,"BORTOT VIRGILIO,BORTOT DANTE Y BORTOT MARIO SH",2025/11,Gas Oil Grado 3,5124.77,1889.43,"Volumen líquido mayor a 5000 m3 por producto y mes: posible escala o carga; pendiente de revisión, no se corrige."
46570,BOSSIO JOAQUIN CRISTIAN,2025/03,Nafta (súper) entre 92 y 95 Ron,10168.00,1201.00,"Volumen líquido mayor a 5000 m3 por producto y mes: posible escala o carga; pendiente de revisión, no se corrige."
199010,BOSSIO JOAQUIN CRISTIAN,2025/10,Gas Oil Grado 3,77950.80,1617.00,"Volumen líquido mayor a 5000 m3 por producto y mes: posible escala o carga; pendiente de revisión, no se corrige."
3001,BUDAS KINGDOM SRL,2025/01,Nafta (súper) entre 92 y 95 Ron,57533.30,1150.00,"Volumen líquido mayor a 5000 m3 por producto y mes: posible escala o carga; pendiente de revisión, no se corrige."
3002,BUDAS KINGDOM SRL,2025/01,Nafta (premium) de más de 95 Ron,8895.73,1420.00,"Volumen líquido mayor a 5000 m3 por producto y mes: posible escala o carga; pendiente de revisión, no se corrige."
24876,BUDAS KINGDOM SRL,2025/02,Nafta (premium) de más de 95 Ron,8904.88,1449.00,"Volumen líquido mayor a 5000 m3 por producto y mes: posible escala o carga; pendiente de revisión, no se corrige."
24878,BUDAS KINGDOM SRL,2025/02,Gas Oil Grado 2,336249.00,1190.00,"Volumen líquido mayor a 5000 m3 por producto y mes: posible escala o carga; pendiente de revisión, no se corrige."
24879,BUDAS KINGDOM SRL,2025/02,Nafta (súper) entre 92 y 95 Ron,69503.90,1177.00,"Volumen líquido mayor a 5000 m3 por producto y mes: posible escala o carga; pendiente de revisión, no se corrige."
46696,BUDAS KINGDOM SRL,2025/03,Gas Oil Grado 2,25870.00,1022.81,"Volumen líquido mayor a 5000 m3 por producto y mes: posible escala o carga; pendiente de revisión, no se corrige."
46698,BUDAS KINGDOM SRL,2025/03,Nafta (súper) entre 92 y 95 Ron,62832.00,1015.35,"Volumen líquido mayor a 5000 m3 por producto y mes: posible escala o carga; pendiente de revisión, no se corrige."
46699,BUDAS KINGDOM SRL,2025/03,Nafta (premium) de más de 95 Ron,10129.00,1233.14,"Volumen líquido mayor a 5000 m3 por producto y mes: posible escala o carga; pendiente de revisión, no se corrige."
68540,BUDAS KINGDOM SRL,2025/04,Nafta (premium) de más de 95 Ron,8834.92,1254.58,"Volumen líquido mayor a 5000 m3 por producto y mes: posible escala o carga; pendiente de revisión, no se corrige."
68542,BUDAS KINGDOM SRL,2025/04,Nafta (súper) entre 92 y 95 Ron,60676.80,1032.93,"Volumen líquido mayor a 5000 m3 por producto y mes: posible escala o carga; pendiente de revisión, no se corrige."
90344,BUDAS KINGDOM SRL,2025/05,Nafta (premium) de más de 95 Ron,8576.58,1219.03,"Volumen líquido mayor a 5000 m3 por producto y mes: posible escala o carga; pendiente de revisión, no se corrige."
90345,BUDAS KINGDOM SRL,2025/05,Nafta (súper) entre 92 y 95 Ron,603536.00,1047.11,"Volumen líquido mayor a 5000 m3 por producto y mes: posible escala o carga; pendiente de revisión, no se corrige."
112196,BUDAS KINGDOM SRL,2025/06,Nafta (súper) entre 92 y 95 Ron,54223.70,1313.00,"Volumen líquido mayor a 5000 m3 por producto y mes: posible escala o carga; pendiente de revisión, no se corrige."
112198,BUDAS KINGDOM SRL,2025/06,Nafta (premium) de más de 95 Ron,9620.27,1551.00,"Volumen líquido mayor a 5000 m3 por producto y mes: posible escala o carga; pendiente de revisión, no se corrige."
133940,BUDAS KINGDOM SRL,2025/07,Nafta (premium) de más de 95 Ron,8149.68,1357.12,"Volumen líquido mayor a 5000 m3 por producto y mes: posible escala o carga; pendiente de revisión, no se corrige."
133941,BUDAS KINGDOM SRL,2025/07,Nafta (súper) entre 92 y 95 Ron,51887.80,1132.81,"Volumen líquido mayor a 5000 m3 por producto y mes: posible escala o carga; pendiente de revisión, no se corrige."
133942,BUDAS KINGDOM SRL,2025/07,Gas Oil Grado 2,38894.20,1164.13,"Volumen líquido mayor a 5000 m3 por producto y mes: posible escala o carga; pendiente de revisión, no se corrige."
155692,BUDAS KINGDOM SRL,2025/08,Nafta (súper) entre 92 y 95 Ron,50406.20,1439.00,"Volumen líquido mayor a 5000 m3 por producto y mes: posible escala o carga; pendiente de revisión, no se corrige."
155695,BUDAS KINGDOM SRL,2025/08,Gas Oil Grado 2,42535.70,1202.11,"Volumen líquido mayor a 5000 m3 por producto y mes: posible escala o carga; pendiente de revisión, no se corrige."
155696,BUDAS KINGDOM SRL,2025/08,Nafta (premium) de más de 95 Ron,8132.43,1759.00,"Volumen líquido mayor a 5000 m3 por producto y mes: posible escala o carga; pendiente de revisión, no se corrige."
177329,BUDAS KINGDOM SRL,2025/09,Nafta (premium) de más de 95 Ron,8009.84,1452.95,"Volumen líquido mayor a 5000 m3 por producto y mes: posible escala o carga; pendiente de revisión, no se corrige."
177331,BUDAS KINGDOM SRL,2025/09,Nafta (súper) entre 92 y 95 Ron,47930.60,1207.70,"Volumen líquido mayor a 5000 m3 por producto y mes: posible escala o carga; pendiente de revisión, no se corrige."
199134,BUDAS KINGDOM SRL,2025/10,Nafta (súper) entre 92 y 95 Ron,48294.50,1550.00,"Volumen líquido mayor a 5000 m3 por producto y mes: posible escala o carga; pendiente de revisión, no se corrige."
199136,BUDAS KINGDOM SRL,2025/10,Nafta (premium) de más de 95 Ron,9297.93,1871.00,"Volumen líquido mayor a 5000 m3 por producto y mes: posible escala o carga; pendiente de revisión, no se corrige."
220864,BUDAS KINGDOM SRL,2025/11,Nafta (súper) entre 92 y 95 Ron,46785.00,1390.55,"Volumen líquido mayor a 5000 m3 por producto y mes: posible escala o carga; pendiente de revisión, no se corrige."
220865,BUDAS KINGDOM SRL,2025/11,Nafta (premium) de más de 95 Ron,6712.63,1655.63,"Volumen líquido mayor a 5000 m3 por producto y mes: posible escala o carga; pendiente de revisión, no se corrige."
242570,BUDAS KINGDOM SRL,2025/12,Nafta (premium) de más de 95 Ron,8760.06,1589.78,"Volumen líquido mayor a 5000 m3 por producto y mes: posible escala o carga; pendiente de revisión, no se corrige."
242572,BUDAS KINGDOM SRL,2025/12,Nafta (súper) entre 92 y 95 Ron,52898.30,1375.63,"Volumen líquido mayor a 5000 m3 por producto y mes: posible escala o carga; pendiente de revisión, no se corrige."
68545,BUDAS KINGDOM S.R.L.,2025/04,Gas Oil Grado 3,17.08,12.10,"Precio promedio fuera del intervalo de selección 100-5000 ARS por unidad. Umbral didáctico, no prueba de error."
3010,BUENA IMAGEN S.A.,2025/01,Nafta (súper) entre 92 y 95 Ron,135030.00,1284.82,"Volumen líquido mayor a 5000 m3 por producto y mes: posible escala o carga; pendiente de revisión, no se corrige."
3011,BUENA IMAGEN S.A.,2025/01,Gas Oil Grado 3,53979.70,1515.20,"Volumen líquido mayor a 5000 m3 por producto y mes: posible escala o carga; pendiente de revisión, no se corrige."
3012,BUENA IMAGEN S.A.,2025/01,Nafta (premium) de más de 95 Ron,36147.70,1538.59,"Volumen líquido mayor a 5000 m3 por producto y mes: posible escala o carga; pendiente de revisión, no se corrige."
24886,BUENA IMAGEN S.A.,2025/02,Nafta (súper) entre 92 y 95 Ron,107169.00,1318.53,"Volumen líquido mayor a 5000 m3 por producto y mes: posible escala o carga; pendiente de revisión, no se corrige."
24887,BUENA IMAGEN S.A.,2025/02,Nafta (premium) de más de 95 Ron,26828.20,1579.37,"Volumen líquido mayor a 5000 m3 por producto y mes: posible escala o carga; pendiente de revisión, no se corrige."
24888,BUENA IMAGEN S.A.,2025/02,Gas Oil Grado 3,44684.30,1545.67,"Volumen líquido mayor a 5000 m3 por producto y mes: posible escala o carga; pendiente de revisión, no se corrige."
46707,BUENA IMAGEN S.A.,2025/03,Nafta (premium) de más de 95 Ron,34060.50,1617.00,"Volumen líquido mayor a 5000 m3 por producto y mes: posible escala o carga; pendiente de revisión, no se corrige."
46708,BUENA IMAGEN S.A.,2025/03,Gas Oil Grado 3,48098.60,1582.00,"Volumen líquido mayor a 5000 m3 por producto y mes: posible escala o carga; pendiente de revisión, no se corrige."
46709,BUENA IMAGEN S.A.,2025/03,Nafta (súper) entre 92 y 95 Ron,120352.00,1349.00,"Volumen líquido mayor a 5000 m3 por producto y mes: posible escala o carga; pendiente de revisión, no se corrige."
68548,BUENA IMAGEN S.A.,2025/04,Nafta (premium) de más de 95 Ron,32876.50,1651.69,"Volumen líquido mayor a 5000 m3 por producto y mes: posible escala o carga; pendiente de revisión, no se corrige."
68549,BUENA IMAGEN S.A.,2025/04,Gas Oil Grado 3,51092.30,1619.00,"Volumen líquido mayor a 5000 m3 por producto y mes: posible escala o carga; pendiente de revisión, no se corrige."
68550,BUENA IMAGEN S.A.,2025/04,Nafta (súper) entre 92 y 95 Ron,115055.00,1378.49,"Volumen líquido mayor a 5000 m3 por producto y mes: posible escala o carga; pendiente de revisión, no se corrige."
90355,BUENA IMAGEN S.A.,2025/05,Nafta (súper) entre 92 y 95 Ron,120201.00,1368.26,"Volumen líquido mayor a 5000 m3 por producto y mes: posible escala o carga; pendiente de revisión, no se corrige."
90356,BUENA IMAGEN S.A.,2025/05,Gas Oil Grado 3,50343.10,1556.47,"Volumen líquido mayor a 5000 m3 por producto y mes: posible escala o carga; pendiente de revisión, no se corrige."
90357,BUENA IMAGEN S.A.,2025/05,Nafta (premium) de más de 95 Ron,30574.60,1595.87,"Volumen líquido mayor a 5000 m3 por producto y mes: posible escala o carga; pendiente de revisión, no se corrige."
112205,BUENA IMAGEN S.A.,2025/06,Gas Oil Grado 3,52879.20,1599.48,"Volumen líquido mayor a 5000 m3 por producto y mes: posible escala o carga; pendiente de revisión, no se corrige."
112206,BUENA IMAGEN S.A.,2025/06,Nafta (súper) entre 92 y 95 Ron,123289.00,1408.28,"Volumen líquido mayor a 5000 m3 por producto y mes: posible escala o carga; pendiente de revisión, no se corrige."
112208,BUENA IMAGEN S.A.,2025/06,Nafta (premium) de más de 95 Ron,33694.70,1631.25,"Volumen líquido mayor a 5000 m3 por producto y mes: posible escala o carga; pendiente de revisión, no se corrige."
133951,BUENA IMAGEN S.A.,2025/07,Gas Oil Grado 3,55790.20,1661.31,"Volumen líquido mayor a 5000 m3 por producto y mes: posible escala o carga; pendiente de revisión, no se corrige."
133952,BUENA IMAGEN S.A.,2025/07,Nafta (súper) entre 92 y 95 Ron,124594.00,1469.86,"Volumen líquido mayor a 5000 m3 por producto y mes: posible escala o carga; pendiente de revisión, no se corrige."
133953,BUENA IMAGEN S.A.,2025/07,Nafta (premium) de más de 95 Ron,36207.00,1710.06,"Volumen líquido mayor a 5000 m3 por producto y mes: posible escala o carga; pendiente de revisión, no se corrige."
155702,BUENA IMAGEN S.A.,2025/08,Gas Oil Grado 3,52623.60,1747.72,"Volumen líquido mayor a 5000 m3 por producto y mes: posible escala o carga; pendiente de revisión, no se corrige."
155703,BUENA IMAGEN S.A.,2025/08,Nafta (súper) entre 92 y 95 Ron,125838.00,1553.39,"Volumen líquido mayor a 5000 m3 por producto y mes: posible escala o carga; pendiente de revisión, no se corrige."
155705,BUENA IMAGEN S.A.,2025/08,Nafta (premium) de más de 95 Ron,36781.30,1801.45,"Volumen líquido mayor a 5000 m3 por producto y mes: posible escala o carga; pendiente de revisión, no se corrige."
177338,BUENA IMAGEN S.A.,2025/09,Gas Oil Grado 3,50841.20,1806.81,"Volumen líquido mayor a 5000 m3 por producto y mes: posible escala o carga; pendiente de revisión, no se corrige."
177339,BUENA IMAGEN S.A.,2025/09,Nafta (súper) entre 92 y 95 Ron,128779.00,1606.37,"Volumen líquido mayor a 5000 m3 por producto y mes: posible escala o carga; pendiente de revisión, no se corrige."
177340,BUENA IMAGEN S.A.,2025/09,Nafta (premium) de más de 95 Ron,39706.00,1892.49,"Volumen líquido mayor a 5000 m3 por producto y mes: posible escala o carga; pendiente de revisión, no se corrige."
199143,BUENA IMAGEN S.A.,2025/10,Nafta (premium) de más de 95 Ron,39213.90,1899.00,"Volumen líquido mayor a 5000 m3 por producto y mes: posible escala o carga; pendiente de revisión, no se corrige."
199144,BUENA IMAGEN S.A.,2025/10,Gas Oil Grado 3,53463.60,1860.30,"Volumen líquido mayor a 5000 m3 por producto y mes: posible escala o carga; pendiente de revisión, no se corrige."
199145,BUENA IMAGEN S.A.,2025/10,Nafta (súper) entre 92 y 95 Ron,135930.00,1643.58,"Volumen líquido mayor a 5000 m3 por producto y mes: posible escala o carga; pendiente de revisión, no se corrige."
220873,BUENA IMAGEN S.A.,2025/11,Nafta (premium) de más de 95 Ron,29490.40,1986.33,"Volumen líquido mayor a 5000 m3 por producto y mes: posible escala o carga; pendiente de revisión, no se corrige."
220874,BUENA IMAGEN S.A.,2025/11,Gas Oil Grado 3,49727.20,1938.47,"Volumen líquido mayor a 5000 m3 por producto y mes: posible escala o carga; pendiente de revisión, no se corrige."
220875,BUENA IMAGEN S.A.,2025/11,Nafta (súper) entre 92 y 95 Ron,117015.00,1710.27,"Volumen líquido mayor a 5000 m3 por producto y mes: posible escala o carga; pendiente de revisión, no se corrige."
242579,BUENA IMAGEN S.A.,2025/12,Gas Oil Grado 3,54485.20,2069.52,"Volumen líquido mayor a 5000 m3 por producto y mes: posible escala o carga; pendiente de revisión, no se corrige."
242581,BUENA IMAGEN S.A.,2025/12,Nafta (súper) entre 92 y 95 Ron,119936.00,1807.35,"Volumen líquido mayor a 5000 m3 por producto y mes: posible escala o carga; pendiente de revisión, no se corrige."
242582,BUENA IMAGEN S.A.,2025/12,Nafta (premium) de más de 95 Ron,32332.90,2095.88,"Volumen líquido mayor a 5000 m3 por producto y mes: posible escala o carga; pendiente de revisión, no se corrige."
68602,CAAGUAZÚ GAS S.A.,2025/04,Gas Oil Grado 3,130274.00,1474.10,"Volumen líquido mayor a 5000 m3 por producto y mes: posible escala o carga; pendiente de revisión, no se corrige."
112258,CAAGUAZÚ GAS S.A.,2025/06,Nafta (súper) entre 92 y 95 Ron,205115.00,1239.00,"Volumen líquido mayor a 5000 m3 por producto y mes: posible escala o carga; pendiente de revisión, no se corrige."
46794,"CAMACHO, CAMACHO, VILLASENIN S.A",2025/03,Gas Oil Grado 3,20724.00,1474.00,"Volumen líquido mayor a 5000 m3 por producto y mes: posible escala o carga; pendiente de revisión, no se corrige."
90438,"CAMACHO, CAMACHO, VILLASENIN S.A",2025/05,Gas Oil Grado 3,23691.00,1501.00,"Volumen líquido mayor a 5000 m3 por producto y mes: posible escala o carga; pendiente de revisión, no se corrige."
25090,"CARDO MA. DEL CARMEN, GHIDELLA RUBÉN N., Y GHIDELLA MA. LORENA",2025/02,Gas Oil Grado 2,43675.00,1170.55,"Volumen líquido mayor a 5000 m3 por producto y mes: posible escala o carga; pendiente de revisión, no se corrige."
25091,"CARDO MA. DEL CARMEN, GHIDELLA RUBÉN N., Y GHIDELLA MA. LORENA",2025/02,Nafta (premium) de más de 95 Ron,58029.00,1398.06,"Volumen líquido mayor a 5000 m3 por producto y mes: posible escala o carga; pendiente de revisión, no se corrige."
25092,"CARDO MA. DEL CARMEN, GHIDELLA RUBÉN N., Y GHIDELLA MA. LORENA",2025/02,Gas Oil Grado 3,34744.00,1411.65,"Volumen líquido mayor a 5000 m3 por producto y mes: posible escala o carga; pendiente de revisión, no se corrige."
25093,"CARDO MA. DEL CARMEN, GHIDELLA RUBÉN N., Y GHIDELLA MA. LORENA",2025/02,Nafta (súper) entre 92 y 95 Ron,214727.00,1177.92,"Volumen líquido mayor a 5000 m3 por producto y mes: posible escala o carga; pendiente de revisión, no se corrige."
199595,CASARES ALICIA ANGELICA,2025/10,Nafta (súper) entre 92 y 95 Ron,39506.00,739.00,"Volumen líquido mayor a 5000 m3 por producto y mes: posible escala o carga; pendiente de revisión, no se corrige."
199692,CAZÓN SRL,2025/10,Nafta (premium) de más de 95 Ron,8024.91,1805.61,"Volumen líquido mayor a 5000 m3 por producto y mes: posible escala o carga; pendiente de revisión, no se corrige."
199695,CAZÓN SRL,2025/10,Gas Oil Grado 2,49204.70,1503.93,"Volumen líquido mayor a 5000 m3 por producto y mes: posible escala o carga; pendiente de revisión, no se corrige."
3652,CEPIA SA,2025/01,Nafta (súper) entre 92 y 95 Ron,167752.00,1212.44,"Volumen líquido mayor a 5000 m3 por producto y mes: posible escala o carga; pendiente de revisión, no se corrige."
3653,CEPIA SA,2025/01,Nafta (premium) de más de 95 Ron,33871.80,1499.81,"Volumen líquido mayor a 5000 m3 por producto y mes: posible escala o carga; pendiente de revisión, no se corrige."
3654,CEPIA SA,2025/01,Gas Oil Grado 3,27455.00,1471.81,"Volumen líquido mayor a 5000 m3 por producto y mes: posible escala o carga; pendiente de revisión, no se corrige."
3656,CEPIA SA,2025/01,Gas Oil Grado 2,39025.10,1251.39,"Volumen líquido mayor a 5000 m3 por producto y mes: posible escala o carga; pendiente de revisión, no se corrige."
47364,CERVETTI S.A,2025/03,Gas Oil Grado 3,49842.00,1472.58,"Volumen líquido mayor a 5000 m3 por producto y mes: posible escala o carga; pendiente de revisión, no se corrige."
47365,CERVETTI S.A,2025/03,Nafta (premium) de más de 95 Ron,66929.00,1503.60,"Volumen líquido mayor a 5000 m3 por producto y mes: posible escala o carga; pendiente de revisión, no se corrige."
47366,CERVETTI S.A,2025/03,Gas Oil Grado 2,94535.00,1212.90,"Volumen líquido mayor a 5000 m3 por producto y mes: posible escala o carga; pendiente de revisión, no se corrige."
69208,CERVETTI S.A,2025/04,Nafta (súper) entre 92 y 95 Ron,289526.00,1243.78,"Volumen líquido mayor a 5000 m3 por producto y mes: posible escala o carga; pendiente de revisión, no se corrige."
69210,CERVETTI S.A,2025/04,Nafta (premium) de más de 95 Ron,56512.00,1530.74,"Volumen líquido mayor a 5000 m3 por producto y mes: posible escala o carga; pendiente de revisión, no se corrige."
91015,CERVETTI S.A,2025/05,Nafta (súper) entre 92 y 95 Ron,291.12,1.22,"Precio promedio fuera del intervalo de selección 100-5000 ARS por unidad. Umbral didáctico, no prueba de error."
3974,COMBUSTIBLE LANUS S.A.,2025/01,Gas Oil Grado 2,42539.10,1189.00,"Volumen líquido mayor a 5000 m3 por producto y mes: posible escala o carga; pendiente de revisión, no se corrige."
3975,COMBUSTIBLE LANUS S.A.,2025/01,Nafta (súper) entre 92 y 95 Ron,14041.60,1199.00,"Volumen líquido mayor a 5000 m3 por producto y mes: posible escala o carga; pendiente de revisión, no se corrige."
3976,COMBUSTIBLE LANUS S.A.,2025/01,Gas Oil Grado 3,7877.40,1449.00,"Volumen líquido mayor a 5000 m3 por producto y mes: posible escala o carga; pendiente de revisión, no se corrige."
25853,COMBUSTIBLE LANUS S.A.,2025/02,Gas Oil Grado 2,40242.10,1239.00,"Volumen líquido mayor a 5000 m3 por producto y mes: posible escala o carga; pendiente de revisión, no se corrige."
25854,COMBUSTIBLE LANUS S.A.,2025/02,Nafta (súper) entre 92 y 95 Ron,12418.60,1239.00,"Volumen líquido mayor a 5000 m3 por producto y mes: posible escala o carga; pendiente de revisión, no se corrige."
25855,COMBUSTIBLE LANUS S.A.,2025/02,Gas Oil Grado 3,7947.30,1499.00,"Volumen líquido mayor a 5000 m3 por producto y mes: posible escala o carga; pendiente de revisión, no se corrige."
47666,COMBUSTIBLE LANUS S.A.,2025/03,Gas Oil Grado 2,44116.90,1249.00,"Volumen líquido mayor a 5000 m3 por producto y mes: posible escala o carga; pendiente de revisión, no se corrige."
47667,COMBUSTIBLE LANUS S.A.,2025/03,Nafta (súper) entre 92 y 95 Ron,14815.10,1259.00,"Volumen líquido mayor a 5000 m3 por producto y mes: posible escala o carga; pendiente de revisión, no se corrige."
47668,COMBUSTIBLE LANUS S.A.,2025/03,Gas Oil Grado 3,9332.00,1519.00,"Volumen líquido mayor a 5000 m3 por producto y mes: posible escala o carga; pendiente de revisión, no se corrige."
69508,COMBUSTIBLE LANUS S.A.,2025/04,Gas Oil Grado 2,47749.00,1279.00,"Volumen líquido mayor a 5000 m3 por producto y mes: posible escala o carga; pendiente de revisión, no se corrige."
69509,COMBUSTIBLE LANUS S.A.,2025/04,Gas Oil Grado 3,10656.00,1539.00,"Volumen líquido mayor a 5000 m3 por producto y mes: posible escala o carga; pendiente de revisión, no se corrige."
69511,COMBUSTIBLE LANUS S.A.,2025/04,Nafta (súper) entre 92 y 95 Ron,15435.00,1269.00,"Volumen líquido mayor a 5000 m3 por producto y mes: posible escala o carga; pendiente de revisión, no se corrige."
91310,COMBUSTIBLE LANUS S.A.,2025/05,Gas Oil Grado 2,64982.00,1239.00,"Volumen líquido mayor a 5000 m3 por producto y mes: posible escala o carga; pendiente de revisión, no se corrige."
91311,COMBUSTIBLE LANUS S.A.,2025/05,Nafta (súper) entre 92 y 95 Ron,15185.00,1249.00,"Volumen líquido mayor a 5000 m3 por producto y mes: posible escala o carga; pendiente de revisión, no se corrige."
91312,COMBUSTIBLE LANUS S.A.,2025/05,Gas Oil Grado 3,11137.00,1429.00,"Volumen líquido mayor a 5000 m3 por producto y mes: posible escala o carga; pendiente de revisión, no se corrige."
113150,COMBUSTIBLE LANUS S.A.,2025/06,Gas Oil Grado 2,58564.00,1249.00,"Volumen líquido mayor a 5000 m3 por producto y mes: posible escala o carga; pendiente de revisión, no se corrige."
113151,COMBUSTIBLE LANUS S.A.,2025/06,Gas Oil Grado 3,11218.50,1439.00,"Volumen líquido mayor a 5000 m3 por producto y mes: posible escala o carga; pendiente de revisión, no se corrige."
113153,COMBUSTIBLE LANUS S.A.,2025/06,Nafta (súper) entre 92 y 95 Ron,15804.00,1259.00,"Volumen líquido mayor a 5000 m3 por producto y mes: posible escala o carga; pendiente de revisión, no se corrige."
134891,COMBUSTIBLE LANUS S.A.,2025/07,Gas Oil Grado 2,54207.00,1319.00,"Volumen líquido mayor a 5000 m3 por producto y mes: posible escala o carga; pendiente de revisión, no se corrige."
134893,COMBUSTIBLE LANUS S.A.,2025/07,Nafta (súper) entre 92 y 95 Ron,15730.00,1349.00,"Volumen líquido mayor a 5000 m3 por producto y mes: posible escala o carga; pendiente de revisión, no se corrige."
134894,COMBUSTIBLE LANUS S.A.,2025/07,Gas Oil Grado 3,10676.00,1519.00,"Volumen líquido mayor a 5000 m3 por producto y mes: posible escala o carga; pendiente de revisión, no se corrige."
156642,COMBUSTIBLE LANUS S.A.,2025/08,Gas Oil Grado 2,48839.00,1319.00,"Volumen líquido mayor a 5000 m3 por producto y mes: posible escala o carga; pendiente de revisión, no se corrige."
156643,COMBUSTIBLE LANUS S.A.,2025/08,Nafta (súper) entre 92 y 95 Ron,15879.00,1349.00,"Volumen líquido mayor a 5000 m3 por producto y mes: posible escala o carga; pendiente de revisión, no se corrige."
156644,COMBUSTIBLE LANUS S.A.,2025/08,Gas Oil Grado 3,8303.00,1519.00,"Volumen líquido mayor a 5000 m3 por producto y mes: posible escala o carga; pendiente de revisión, no se corrige."
178299,COMBUSTIBLE LANUS S.A.,2025/09,Gas Oil Grado 3,10138.00,1639.00,"Volumen líquido mayor a 5000 m3 por producto y mes: posible escala o carga; pendiente de revisión, no se corrige."
178300,COMBUSTIBLE LANUS S.A.,2025/09,Gas Oil Grado 2,48588.00,1419.00,"Volumen líquido mayor a 5000 m3 por producto y mes: posible escala o carga; pendiente de revisión, no se corrige."
178302,COMBUSTIBLE LANUS S.A.,2025/09,Nafta (súper) entre 92 y 95 Ron,16582.00,1459.00,"Volumen líquido mayor a 5000 m3 por producto y mes: posible escala o carga; pendiente de revisión, no se corrige."
200099,COMBUSTIBLE LANUS S.A.,2025/10,Gas Oil Grado 2,53887.00,1449.00,"Volumen líquido mayor a 5000 m3 por producto y mes: posible escala o carga; pendiente de revisión, no se corrige."
200100,COMBUSTIBLE LANUS S.A.,2025/10,Gas Oil Grado 3,10036.00,1659.00,"Volumen líquido mayor a 5000 m3 por producto y mes: posible escala o carga; pendiente de revisión, no se corrige."
200101,COMBUSTIBLE LANUS S.A.,2025/10,Nafta (súper) entre 92 y 95 Ron,17266.00,1479.00,"Volumen líquido mayor a 5000 m3 por producto y mes: posible escala o carga; pendiente de revisión, no se corrige."
221823,COMBUSTIBLE LANUS S.A.,2025/11,Nafta (súper) entre 92 y 95 Ron,15850.00,1519.00,"Volumen líquido mayor a 5000 m3 por producto y mes: posible escala o carga; pendiente de revisión, no se corrige."
221825,COMBUSTIBLE LANUS S.A.,2025/11,Gas Oil Grado 2,44251.00,1499.00,"Volumen líquido mayor a 5000 m3 por producto y mes: posible escala o carga; pendiente de revisión, no se corrige."
221826,COMBUSTIBLE LANUS S.A.,2025/11,Gas Oil Grado 3,8954.00,1739.00,"Volumen líquido mayor a 5000 m3 por producto y mes: posible escala o carga; pendiente de revisión, no se corrige."
243530,COMBUSTIBLE LANUS S.A.,2025/12,Gas Oil Grado 2,53260.00,1649.00,"Volumen líquido mayor a 5000 m3 por producto y mes: posible escala o carga; pendiente de revisión, no se corrige."
243531,COMBUSTIBLE LANUS S.A.,2025/12,Gas Oil Grado 3,8953.00,1869.00,"Volumen líquido mayor a 5000 m3 por producto y mes: posible escala o carga; pendiente de revisión, no se corrige."
243533,COMBUSTIBLE LANUS S.A.,2025/12,Nafta (súper) entre 92 y 95 Ron,17531.00,1669.00,"Volumen líquido mayor a 5000 m3 por producto y mes: posible escala o carga; pendiente de revisión, no se corrige."
3990,COMBUSTIBLES ALONSO Y CIA SRL,2025/01,Nafta (premium) de más de 95 Ron,66043.80,1484.05,"Volumen líquido mayor a 5000 m3 por producto y mes: posible escala o carga; pendiente de revisión, no se corrige."
3991,COMBUSTIBLES ALONSO Y CIA SRL,2025/01,Nafta (súper) entre 92 y 95 Ron,146125.00,1179.12,"Volumen líquido mayor a 5000 m3 por producto y mes: posible escala o carga; pendiente de revisión, no se corrige."
3992,COMBUSTIBLES ALONSO Y CIA SRL,2025/01,Gas Oil Grado 3,60825.50,1412.98,"Volumen líquido mayor a 5000 m3 por producto y mes: posible escala o carga; pendiente de revisión, no se corrige."
3993,COMBUSTIBLES ALONSO Y CIA SRL,2025/01,Gas Oil Grado 2,68254.30,1198.46,"Volumen líquido mayor a 5000 m3 por producto y mes: posible escala o carga; pendiente de revisión, no se corrige."
25868,COMBUSTIBLES ALONSO Y CIA SRL,2025/02,Gas Oil Grado 2,65889.40,1226.09,"Volumen líquido mayor a 5000 m3 por producto y mes: posible escala o carga; pendiente de revisión, no se corrige."
25869,COMBUSTIBLES ALONSO Y CIA SRL,2025/02,Nafta (premium) de más de 95 Ron,78998.80,1516.88,"Volumen líquido mayor a 5000 m3 por producto y mes: posible escala o carga; pendiente de revisión, no se corrige."
25870,COMBUSTIBLES ALONSO Y CIA SRL,2025/02,Gas Oil Grado 3,61152.30,1445.27,"Volumen líquido mayor a 5000 m3 por producto y mes: posible escala o carga; pendiente de revisión, no se corrige."
25871,COMBUSTIBLES ALONSO Y CIA SRL,2025/02,Nafta (súper) entre 92 y 95 Ron,135386.00,1208.19,"Volumen líquido mayor a 5000 m3 por producto y mes: posible escala o carga; pendiente de revisión, no se corrige."
47682,COMBUSTIBLES ALONSO Y CIA SRL,2025/03,Nafta (súper) entre 92 y 95 Ron,159762.00,1239.19,"Volumen líquido mayor a 5000 m3 por producto y mes: posible escala o carga; pendiente de revisión, no se corrige."
47683,COMBUSTIBLES ALONSO Y CIA SRL,2025/03,Gas Oil Grado 3,63796.80,1475.76,"Volumen líquido mayor a 5000 m3 por producto y mes: posible escala o carga; pendiente de revisión, no se corrige."
47685,COMBUSTIBLES ALONSO Y CIA SRL,2025/03,Nafta (premium) de más de 95 Ron,91191.00,1547.21,"Volumen líquido mayor a 5000 m3 por producto y mes: posible escala o carga; pendiente de revisión, no se corrige."
47686,COMBUSTIBLES ALONSO Y CIA SRL,2025/03,Gas Oil Grado 2,72200.90,1250.67,"Volumen líquido mayor a 5000 m3 por producto y mes: posible escala o carga; pendiente de revisión, no se corrige."
69524,COMBUSTIBLES ALONSO Y CIA SRL,2025/04,Gas Oil Grado 3,67041.30,1503.68,"Volumen líquido mayor a 5000 m3 por producto y mes: posible escala o carga; pendiente de revisión, no se corrige."
69525,COMBUSTIBLES ALONSO Y CIA SRL,2025/04,Nafta (premium) de más de 95 Ron,86342.50,1575.02,"Volumen líquido mayor a 5000 m3 por producto y mes: posible escala o carga; pendiente de revisión, no se corrige."
69526,COMBUSTIBLES ALONSO Y CIA SRL,2025/04,Gas Oil Grado 2,80445.40,1274.29,"Volumen líquido mayor a 5000 m3 por producto y mes: posible escala o carga; pendiente de revisión, no se corrige."
69527,COMBUSTIBLES ALONSO Y CIA SRL,2025/04,Nafta (súper) entre 92 y 95 Ron,158001.00,1268.90,"Volumen líquido mayor a 5000 m3 por producto y mes: posible escala o carga; pendiente de revisión, no se corrige."
91326,COMBUSTIBLES ALONSO Y CIA SRL,2025/05,Nafta (súper) entre 92 y 95 Ron,155393.00,1253.73,"Volumen líquido mayor a 5000 m3 por producto y mes: posible escala o carga; pendiente de revisión, no se corrige."
91327,COMBUSTIBLES ALONSO Y CIA SRL,2025/05,Nafta (premium) de más de 95 Ron,64945.50,1523.83,"Volumen líquido mayor a 5000 m3 por producto y mes: posible escala o carga; pendiente de revisión, no se corrige."
91329,COMBUSTIBLES ALONSO Y CIA SRL,2025/05,Gas Oil Grado 2,69130.10,1255.86,"Volumen líquido mayor a 5000 m3 por producto y mes: posible escala o carga; pendiente de revisión, no se corrige."
113166,COMBUSTIBLES ALONSO Y CIA SRL,2025/06,Gas Oil Grado 2,84522.00,1302.62,"Volumen líquido mayor a 5000 m3 por producto y mes: posible escala o carga; pendiente de revisión, no se corrige."
113167,COMBUSTIBLES ALONSO Y CIA SRL,2025/06,Gas Oil Grado 3,61937.90,1478.36,"Volumen líquido mayor a 5000 m3 por producto y mes: posible escala o carga; pendiente de revisión, no se corrige."
113168,COMBUSTIBLES ALONSO Y CIA SRL,2025/06,Nafta (premium) de más de 95 Ron,83124.40,1563.75,"Volumen líquido mayor a 5000 m3 por producto y mes: posible escala o carga; pendiente de revisión, no se corrige."
113169,COMBUSTIBLES ALONSO Y CIA SRL,2025/06,Nafta (súper) entre 92 y 95 Ron,164302.00,1263.91,"Volumen líquido mayor a 5000 m3 por producto y mes: posible escala o carga; pendiente de revisión, no se corrige."
134907,COMBUSTIBLES ALONSO Y CIA SRL,2025/07,Gas Oil Grado 3,57699.20,1531.70,"Volumen líquido mayor a 5000 m3 por producto y mes: posible escala o carga; pendiente de revisión, no se corrige."
134909,COMBUSTIBLES ALONSO Y CIA SRL,2025/07,Nafta (premium) de más de 95 Ron,86853.30,1609.19,"Volumen líquido mayor a 5000 m3 por producto y mes: posible escala o carga; pendiente de revisión, no se corrige."
134910,COMBUSTIBLES ALONSO Y CIA SRL,2025/07,Nafta (súper) entre 92 y 95 Ron,185365.00,1319.51,"Volumen líquido mayor a 5000 m3 por producto y mes: posible escala o carga; pendiente de revisión, no se corrige."
134911,COMBUSTIBLES ALONSO Y CIA SRL,2025/07,Gas Oil Grado 2,69983.80,1343.25,"Volumen líquido mayor a 5000 m3 por producto y mes: posible escala o carga; pendiente de revisión, no se corrige."
156660,COMBUSTIBLES ALONSO Y CIA SRL,2025/08,Gas Oil Grado 3,44659.30,1616.35,"Volumen líquido mayor a 5000 m3 por producto y mes: posible escala o carga; pendiente de revisión, no se corrige."
156662,COMBUSTIBLES ALONSO Y CIA SRL,2025/08,Nafta (súper) entre 92 y 95 Ron,148303.00,1386.44,"Volumen líquido mayor a 5000 m3 por producto y mes: posible escala o carga; pendiente de revisión, no se corrige."
156663,COMBUSTIBLES ALONSO Y CIA SRL,2025/08,Gas Oil Grado 2,79138.20,1409.03,"Volumen líquido mayor a 5000 m3 por producto y mes: posible escala o carga; pendiente de revisión, no se corrige."
156664,COMBUSTIBLES ALONSO Y CIA SRL,2025/08,Nafta (premium) de más de 95 Ron,96879.40,1677.50,"Volumen líquido mayor a 5000 m3 por producto y mes: posible escala o carga; pendiente de revisión, no se corrige."
178315,COMBUSTIBLES ALONSO Y CIA SRL,2025/09,Nafta (súper) entre 92 y 95 Ron,161147.00,1446.62,"Volumen líquido mayor a 5000 m3 por producto y mes: posible escala o carga; pendiente de revisión, no se corrige."
178316,COMBUSTIBLES ALONSO Y CIA SRL,2025/09,Gas Oil Grado 3,49850.30,1671.23,"Volumen líquido mayor a 5000 m3 por producto y mes: posible escala o carga; pendiente de revisión, no se corrige."
178317,COMBUSTIBLES ALONSO Y CIA SRL,2025/09,Gas Oil Grado 2,84680.50,1471.65,"Volumen líquido mayor a 5000 m3 por producto y mes: posible escala o carga; pendiente de revisión, no se corrige."
178318,COMBUSTIBLES ALONSO Y CIA SRL,2025/09,Nafta (premium) de más de 95 Ron,87136.10,1756.16,"Volumen líquido mayor a 5000 m3 por producto y mes: posible escala o carga; pendiente de revisión, no se corrige."
200114,COMBUSTIBLES ALONSO Y CIA SRL,2025/10,Gas Oil Grado 3,53169.50,1714.01,"Volumen líquido mayor a 5000 m3 por producto y mes: posible escala o carga; pendiente de revisión, no se corrige."
200116,COMBUSTIBLES ALONSO Y CIA SRL,2025/10,Gas Oil Grado 2,70639.30,1490.54,"Volumen líquido mayor a 5000 m3 por producto y mes: posible escala o carga; pendiente de revisión, no se corrige."
200118,COMBUSTIBLES ALONSO Y CIA SRL,2025/10,Nafta (súper) entre 92 y 95 Ron,182516.00,1467.97,"Volumen líquido mayor a 5000 m3 por producto y mes: posible escala o carga; pendiente de revisión, no se corrige."
200119,COMBUSTIBLES ALONSO Y CIA SRL,2025/10,Nafta (premium) de más de 95 Ron,91203.00,1797.81,"Volumen líquido mayor a 5000 m3 por producto y mes: posible escala o carga; pendiente de revisión, no se corrige."
221839,COMBUSTIBLES ALONSO Y CIA SRL,2025/11,Nafta (premium) de más de 95 Ron,92082.50,1878.21,"Volumen líquido mayor a 5000 m3 por producto y mes: posible escala o carga; pendiente de revisión, no se corrige."
221840,COMBUSTIBLES ALONSO Y CIA SRL,2025/11,Gas Oil Grado 2,60443.50,1573.50,"Volumen líquido mayor a 5000 m3 por producto y mes: posible escala o carga; pendiente de revisión, no se corrige."
221841,COMBUSTIBLES ALONSO Y CIA SRL,2025/11,Nafta (súper) entre 92 y 95 Ron,164323.00,1563.83,"Volumen líquido mayor a 5000 m3 por producto y mes: posible escala o carga; pendiente de revisión, no se corrige."
221844,COMBUSTIBLES ALONSO Y CIA SRL,2025/11,Gas Oil Grado 3,46535.30,1801.96,"Volumen líquido mayor a 5000 m3 por producto y mes: posible escala o carga; pendiente de revisión, no se corrige."
3994,COMBUSTIBLES ALONSO Y CIA S.R.L.,2025/01,Nafta (súper) entre 92 y 95 Ron,66876.70,1156.31,"Volumen líquido mayor a 5000 m3 por producto y mes: posible escala o carga; pendiente de revisión, no se corrige."
3995,COMBUSTIBLES ALONSO Y CIA S.R.L.,2025/01,Nafta (premium) de más de 95 Ron,40155.10,1408.92,"Volumen líquido mayor a 5000 m3 por producto y mes: posible escala o carga; pendiente de revisión, no se corrige."
3996,COMBUSTIBLES ALONSO Y CIA S.R.L.,2025/01,Gas Oil Grado 3,17559.40,1453.92,"Volumen líquido mayor a 5000 m3 por producto y mes: posible escala o carga; pendiente de revisión, no se corrige."
3997,COMBUSTIBLES ALONSO Y CIA S.R.L.,2025/01,Gas Oil Grado 2,5706.10,1205.37,"Volumen líquido mayor a 5000 m3 por producto y mes: posible escala o carga; pendiente de revisión, no se corrige."
25872,COMBUSTIBLES ALONSO Y CIA S.R.L.,2025/02,Gas Oil Grado 2,9149.76,1233.79,"Volumen líquido mayor a 5000 m3 por producto y mes: posible escala o carga; pendiente de revisión, no se corrige."
25873,COMBUSTIBLES ALONSO Y CIA S.R.L.,2025/02,Gas Oil Grado 3,26755.80,1486.83,"Volumen líquido mayor a 5000 m3 por producto y mes: posible escala o carga; pendiente de revisión, no se corrige."
25874,COMBUSTIBLES ALONSO Y CIA S.R.L.,2025/02,Nafta (súper) entre 92 y 95 Ron,105515.00,1216.44,"Volumen líquido mayor a 5000 m3 por producto y mes: posible escala o carga; pendiente de revisión, no se corrige."
25875,COMBUSTIBLES ALONSO Y CIA S.R.L.,2025/02,Nafta (premium) de más de 95 Ron,52368.10,1473.02,"Volumen líquido mayor a 5000 m3 por producto y mes: posible escala o carga; pendiente de revisión, no se corrige."
47687,COMBUSTIBLES ALONSO Y CIA S.R.L.,2025/03,Nafta (premium) de más de 95 Ron,60367.30,1482.36,"Volumen líquido mayor a 5000 m3 por producto y mes: posible escala o carga; pendiente de revisión, no se corrige."
47688,COMBUSTIBLES ALONSO Y CIA S.R.L.,2025/03,Gas Oil Grado 2,18066.80,1210.64,"Volumen líquido mayor a 5000 m3 por producto y mes: posible escala o carga; pendiente de revisión, no se corrige."
47689,COMBUSTIBLES ALONSO Y CIA S.R.L.,2025/03,Nafta (súper) entre 92 y 95 Ron,88193.30,1243.68,"Volumen líquido mayor a 5000 m3 por producto y mes: posible escala o carga; pendiente de revisión, no se corrige."
47690,COMBUSTIBLES ALONSO Y CIA S.R.L.,2025/03,Gas Oil Grado 3,35228.60,1479.77,"Volumen líquido mayor a 5000 m3 por producto y mes: posible escala o carga; pendiente de revisión, no se corrige."
69528,COMBUSTIBLES ALONSO Y CIA S.R.L.,2025/04,Gas Oil Grado 3,29558.40,1498.75,"Volumen líquido mayor a 5000 m3 por producto y mes: posible escala o carga; pendiente de revisión, no se corrige."
69529,COMBUSTIBLES ALONSO Y CIA S.R.L.,2025/04,Nafta (súper) entre 92 y 95 Ron,92869.30,1240.68,"Volumen líquido mayor a 5000 m3 por producto y mes: posible escala o carga; pendiente de revisión, no se corrige."
69531,COMBUSTIBLES ALONSO Y CIA S.R.L.,2025/04,Nafta (premium) de más de 95 Ron,55247.10,1499.97,"Volumen líquido mayor a 5000 m3 por producto y mes: posible escala o carga; pendiente de revisión, no se corrige."
69532,COMBUSTIBLES ALONSO Y CIA S.R.L.,2025/04,Gas Oil Grado 2,10312.90,1239.13,"Volumen líquido mayor a 5000 m3 por producto y mes: posible escala o carga; pendiente de revisión, no se corrige."
91331,COMBUSTIBLES ALONSO Y CIA S.R.L.,2025/05,Nafta (súper) entre 92 y 95 Ron,77379.00,1228.12,"Volumen líquido mayor a 5000 m3 por producto y mes: posible escala o carga; pendiente de revisión, no se corrige."
91332,COMBUSTIBLES ALONSO Y CIA S.R.L.,2025/05,Gas Oil Grado 3,26373.50,1442.23,"Volumen líquido mayor a 5000 m3 por producto y mes: posible escala o carga; pendiente de revisión, no se corrige."
91333,COMBUSTIBLES ALONSO Y CIA S.R.L.,2025/05,Gas Oil Grado 2,9309.99,1221.62,"Volumen líquido mayor a 5000 m3 por producto y mes: posible escala o carga; pendiente de revisión, no se corrige."
91334,COMBUSTIBLES ALONSO Y CIA S.R.L.,2025/05,Nafta (premium) de más de 95 Ron,52145.50,1452.87,"Volumen líquido mayor a 5000 m3 por producto y mes: posible escala o carga; pendiente de revisión, no se corrige."
113170,COMBUSTIBLES ALONSO Y CIA S.R.L.,2025/06,Nafta (premium) de más de 95 Ron,44907.20,1514.67,"Volumen líquido mayor a 5000 m3 por producto y mes: posible escala o carga; pendiente de revisión, no se corrige."
113171,COMBUSTIBLES ALONSO Y CIA S.R.L.,2025/06,Gas Oil Grado 3,28500.50,1494.11,"Volumen líquido mayor a 5000 m3 por producto y mes: posible escala o carga; pendiente de revisión, no se corrige."
113172,COMBUSTIBLES ALONSO Y CIA S.R.L.,2025/06,Nafta (súper) entre 92 y 95 Ron,83272.70,1279.45,"Volumen líquido mayor a 5000 m3 por producto y mes: posible escala o carga; pendiente de revisión, no se corrige."
113173,COMBUSTIBLES ALONSO Y CIA S.R.L.,2025/06,Gas Oil Grado 2,8936.48,1270.35,"Volumen líquido mayor a 5000 m3 por producto y mes: posible escala o carga; pendiente de revisión, no se corrige."
134912,COMBUSTIBLES ALONSO Y CIA S.R.L.,2025/07,Gas Oil Grado 3,23741.00,1531.45,"Volumen líquido mayor a 5000 m3 por producto y mes: posible escala o carga; pendiente de revisión, no se corrige."
134913,COMBUSTIBLES ALONSO Y CIA S.R.L.,2025/07,Nafta (súper) entre 92 y 95 Ron,32653.10,1339.90,"Volumen líquido mayor a 5000 m3 por producto y mes: posible escala o carga; pendiente de revisión, no se corrige."
134914,COMBUSTIBLES ALONSO Y CIA S.R.L.,2025/07,Nafta (premium) de más de 95 Ron,26727.40,1539.36,"Volumen líquido mayor a 5000 m3 por producto y mes: posible escala o carga; pendiente de revisión, no se corrige."
156665,COMBUSTIBLES ALONSO Y CIA S.R.L.,2025/08,Nafta (súper) entre 92 y 95 Ron,69829.10,1403.26,"Volumen líquido mayor a 5000 m3 por producto y mes: posible escala o carga; pendiente de revisión, no se corrige."
156666,COMBUSTIBLES ALONSO Y CIA S.R.L.,2025/08,Gas Oil Grado 2,6606.01,1407.57,"Volumen líquido mayor a 5000 m3 por producto y mes: posible escala o carga; pendiente de revisión, no se corrige."
156667,COMBUSTIBLES ALONSO Y CIA S.R.L.,2025/08,Nafta (premium) de más de 95 Ron,35500.80,1654.30,"Volumen líquido mayor a 5000 m3 por producto y mes: posible escala o carga; pendiente de revisión, no se corrige."
156668,COMBUSTIBLES ALONSO Y CIA S.R.L.,2025/08,Gas Oil Grado 3,21267.70,1636.97,"Volumen líquido mayor a 5000 m3 por producto y mes: posible escala o carga; pendiente de revisión, no se corrige."
178320,COMBUSTIBLES ALONSO Y CIA S.R.L.,2025/09,Gas Oil Grado 2,12099.30,1396.33,"Volumen líquido mayor a 5000 m3 por producto y mes: posible escala o carga; pendiente de revisión, no se corrige."
178321,COMBUSTIBLES ALONSO Y CIA S.R.L.,2025/09,Gas Oil Grado 3,29269.70,1645.88,"Volumen líquido mayor a 5000 m3 por producto y mes: posible escala o carga; pendiente de revisión, no se corrige."
178322,COMBUSTIBLES ALONSO Y CIA S.R.L.,2025/09,Nafta (premium) de más de 95 Ron,44950.20,1692.60,"Volumen líquido mayor a 5000 m3 por producto y mes: posible escala o carga; pendiente de revisión, no se corrige."
178323,COMBUSTIBLES ALONSO Y CIA S.R.L.,2025/09,Nafta (súper) entre 92 y 95 Ron,91291.80,1402.90,"Volumen líquido mayor a 5000 m3 por producto y mes: posible escala o carga; pendiente de revisión, no se corrige."
200120,COMBUSTIBLES ALONSO Y CIA S.R.L.,2025/10,Gas Oil Grado 2,18173.10,1441.47,"Volumen líquido mayor a 5000 m3 por producto y mes: posible escala o carga; pendiente de revisión, no se corrige."
200121,COMBUSTIBLES ALONSO Y CIA S.R.L.,2025/10,Gas Oil Grado 3,21606.10,1739.17,"Volumen líquido mayor a 5000 m3 por producto y mes: posible escala o carga; pendiente de revisión, no se corrige."
200122,COMBUSTIBLES ALONSO Y CIA S.R.L.,2025/10,Nafta (súper) entre 92 y 95 Ron,87632.50,1487.40,"Volumen líquido mayor a 5000 m3 por producto y mes: posible escala o carga; pendiente de revisión, no se corrige."
200123,COMBUSTIBLES ALONSO Y CIA S.R.L.,2025/10,Nafta (premium) de más de 95 Ron,44641.80,1751.76,"Volumen líquido mayor a 5000 m3 por producto y mes: posible escala o carga; pendiente de revisión, no se corrige."
221845,COMBUSTIBLES ALONSO Y CIA S.R.L.,2025/11,Nafta (premium) de más de 95 Ron,38354.40,1821.93,"Volumen líquido mayor a 5000 m3 por producto y mes: posible escala o carga; pendiente de revisión, no se corrige."
221846,COMBUSTIBLES ALONSO Y CIA S.R.L.,2025/11,Gas Oil Grado 2,9694.45,1501.45,"Volumen líquido mayor a 5000 m3 por producto y mes: posible escala o carga; pendiente de revisión, no se corrige."
221847,COMBUSTIBLES ALONSO Y CIA S.R.L.,2025/11,Gas Oil Grado 3,26760.00,1785.51,"Volumen líquido mayor a 5000 m3 por producto y mes: posible escala o carga; pendiente de revisión, no se corrige."
221848,COMBUSTIBLES ALONSO Y CIA S.R.L.,2025/11,Nafta (súper) entre 92 y 95 Ron,53823.10,1554.79,"Volumen líquido mayor a 5000 m3 por producto y mes: posible escala o carga; pendiente de revisión, no se corrige."
243550,COMBUSTIBLES ALONSO Y CIA S.R.L.,2025/12,Gas Oil Grado 3,19940.80,1939.61,"Volumen líquido mayor a 5000 m3 por producto y mes: posible escala o carga; pendiente de revisión, no se corrige."
243551,COMBUSTIBLES ALONSO Y CIA S.R.L.,2025/12,Nafta (súper) entre 92 y 95 Ron,54429.70,1631.32,"Volumen líquido mayor a 5000 m3 por producto y mes: posible escala o carga; pendiente de revisión, no se corrige."
243552,COMBUSTIBLES ALONSO Y CIA S.R.L.,2025/12,Nafta (premium) de más de 95 Ron,43102.80,1878.24,"Volumen líquido mayor a 5000 m3 por producto y mes: posible escala o carga; pendiente de revisión, no se corrige."
243553,COMBUSTIBLES ALONSO Y CIA S.R.L.,2025/12,Gas Oil Grado 2,12002.00,1586.10,"Volumen líquido mayor a 5000 m3 por producto y mes: posible escala o carga; pendiente de revisión, no se corrige."
4168,COMBUSTIBLES DEL OESTE,2025/01,Gas Oil Grado 3,38305.00,1453.00,"Volumen líquido mayor a 5000 m3 por producto y mes: posible escala o carga; pendiente de revisión, no se corrige."
4169,COMBUSTIBLES DEL OESTE,2025/01,Nafta (premium) de más de 95 Ron,67798.00,1483.00,"Volumen líquido mayor a 5000 m3 por producto y mes: posible escala o carga; pendiente de revisión, no se corrige."
4170,COMBUSTIBLES DEL OESTE,2025/01,Gas Oil Grado 2,29838.00,1234.00,"Volumen líquido mayor a 5000 m3 por producto y mes: posible escala o carga; pendiente de revisión, no se corrige."
4171,COMBUSTIBLES DEL OESTE,2025/01,Nafta (súper) entre 92 y 95 Ron,167953.00,1203.00,"Volumen líquido mayor a 5000 m3 por producto y mes: posible escala o carga; pendiente de revisión, no se corrige."
26049,COMBUSTIBLES DEL OESTE,2025/02,Nafta (súper) entre 92 y 95 Ron,158386.00,1226.00,"Volumen líquido mayor a 5000 m3 por producto y mes: posible escala o carga; pendiente de revisión, no se corrige."
26050,COMBUSTIBLES DEL OESTE,2025/02,Gas Oil Grado 2,29470.00,1258.00,"Volumen líquido mayor a 5000 m3 por producto y mes: posible escala o carga; pendiente de revisión, no se corrige."
26051,COMBUSTIBLES DEL OESTE,2025/02,Nafta (premium) de más de 95 Ron,63893.00,1513.00,"Volumen líquido mayor a 5000 m3 por producto y mes: posible escala o carga; pendiente de revisión, no se corrige."
26052,COMBUSTIBLES DEL OESTE,2025/02,Gas Oil Grado 3,39789.00,1482.00,"Volumen líquido mayor a 5000 m3 por producto y mes: posible escala o carga; pendiente de revisión, no se corrige."
47862,COMBUSTIBLES DEL OESTE,2025/03,Nafta (premium) de más de 95 Ron,75.00,1.57,"Precio promedio fuera del intervalo de selección 100-5000 ARS por unidad. Umbral didáctico, no prueba de error."
47863,COMBUSTIBLES DEL OESTE,2025/03,Gas Oil Grado 3,42.00,1.54,"Precio promedio fuera del intervalo de selección 100-5000 ARS por unidad. Umbral didáctico, no prueba de error."
47864,COMBUSTIBLES DEL OESTE,2025/03,Gas Oil Grado 2,33.00,1.31,"Precio promedio fuera del intervalo de selección 100-5000 ARS por unidad. Umbral didáctico, no prueba de error."
47865,COMBUSTIBLES DEL OESTE,2025/03,Nafta (súper) entre 92 y 95 Ron,180.00,1.25,"Precio promedio fuera del intervalo de selección 100-5000 ARS por unidad. Umbral didáctico, no prueba de error."
69705,COMBUSTIBLES DEL OESTE,2025/04,Gas Oil Grado 2,33.00,1.33,"Precio promedio fuera del intervalo de selección 100-5000 ARS por unidad. Umbral didáctico, no prueba de error."
69706,COMBUSTIBLES DEL OESTE,2025/04,Nafta (premium) de más de 95 Ron,76.00,1.59,"Precio promedio fuera del intervalo de selección 100-5000 ARS por unidad. Umbral didáctico, no prueba de error."
69707,COMBUSTIBLES DEL OESTE,2025/04,Gas Oil Grado 3,41.00,1.56,"Precio promedio fuera del intervalo de selección 100-5000 ARS por unidad. Umbral didáctico, no prueba de error."
69708,COMBUSTIBLES DEL OESTE,2025/04,Nafta (súper) entre 92 y 95 Ron,177.00,1.30,"Precio promedio fuera del intervalo de selección 100-5000 ARS por unidad. Umbral didáctico, no prueba de error."
91505,COMBUSTIBLES DEL OESTE,2025/05,Nafta (premium) de más de 95 Ron,76.00,1.54,"Precio promedio fuera del intervalo de selección 100-5000 ARS por unidad. Umbral didáctico, no prueba de error."
91506,COMBUSTIBLES DEL OESTE,2025/05,Gas Oil Grado 2,33.00,1.30,"Precio promedio fuera del intervalo de selección 100-5000 ARS por unidad. Umbral didáctico, no prueba de error."
91507,COMBUSTIBLES DEL OESTE,2025/05,Nafta (súper) entre 92 y 95 Ron,171.00,1.26,"Precio promedio fuera del intervalo de selección 100-5000 ARS por unidad. Umbral didáctico, no prueba de error."
91508,COMBUSTIBLES DEL OESTE,2025/05,Gas Oil Grado 3,43.00,1.50,"Precio promedio fuera del intervalo de selección 100-5000 ARS por unidad. Umbral didáctico, no prueba de error."
113340,COMBUSTIBLES DEL OESTE,2025/06,Nafta (súper) entre 92 y 95 Ron,168.00,1.33,"Precio promedio fuera del intervalo de selección 100-5000 ARS por unidad. Umbral didáctico, no prueba de error."
113341,COMBUSTIBLES DEL OESTE,2025/06,Gas Oil Grado 2,34.00,1.38,"Precio promedio fuera del intervalo de selección 100-5000 ARS por unidad. Umbral didáctico, no prueba de error."
113342,COMBUSTIBLES DEL OESTE,2025/06,Nafta (premium) de más de 95 Ron,75.00,1.62,"Precio promedio fuera del intervalo de selección 100-5000 ARS por unidad. Umbral didáctico, no prueba de error."
113343,COMBUSTIBLES DEL OESTE,2025/06,Gas Oil Grado 3,41.00,1.59,"Precio promedio fuera del intervalo de selección 100-5000 ARS por unidad. Umbral didáctico, no prueba de error."
135073,COMBUSTIBLES DEL OESTE,2025/07,Nafta (súper) entre 92 y 95 Ron,180.00,1.34,"Precio promedio fuera del intervalo de selección 100-5000 ARS por unidad. Umbral didáctico, no prueba de error."
135074,COMBUSTIBLES DEL OESTE,2025/07,Gas Oil Grado 3,42.00,1.58,"Precio promedio fuera del intervalo de selección 100-5000 ARS por unidad. Umbral didáctico, no prueba de error."
135075,COMBUSTIBLES DEL OESTE,2025/07,Gas Oil Grado 2,33.00,1.39,"Precio promedio fuera del intervalo de selección 100-5000 ARS por unidad. Umbral didáctico, no prueba de error."
135076,COMBUSTIBLES DEL OESTE,2025/07,Nafta (premium) de más de 95 Ron,75.00,1.63,"Precio promedio fuera del intervalo de selección 100-5000 ARS por unidad. Umbral didáctico, no prueba de error."
4208,COMBUSTIBLES EL CIPRES S.R.L,2025/01,GNC,63583.00,54,"Precio promedio fuera del intervalo de selección 100-5000 ARS por unidad. Umbral didáctico, no prueba de error."
4209,COMBUSTIBLES EL CIPRES S.R.L,2025/01,Nafta (súper) entre 92 y 95 Ron,34.48,1.15,"Precio promedio fuera del intervalo de selección 100-5000 ARS por unidad. Umbral didáctico, no prueba de error."
4210,COMBUSTIBLES EL CIPRES S.R.L,2025/01,Gas Oil Grado 2,20.23,1.14,"Precio promedio fuera del intervalo de selección 100-5000 ARS por unidad. Umbral didáctico, no prueba de error."
4211,COMBUSTIBLES EL CIPRES S.R.L,2025/01,Gas Oil Grado 3,5.57,1.38,"Precio promedio fuera del intervalo de selección 100-5000 ARS por unidad. Umbral didáctico, no prueba de error."
4212,COMBUSTIBLES EL CIPRES S.R.L,2025/01,Nafta (premium) de más de 95 Ron,24,1.41,"Precio promedio fuera del intervalo de selección 100-5000 ARS por unidad. Umbral didáctico, no prueba de error."
26090,COMBUSTIBLES EL CIPRES S.R.L,2025/02,Nafta (premium) de más de 95 Ron,1.34,1.45,"Precio promedio fuera del intervalo de selección 100-5000 ARS por unidad. Umbral didáctico, no prueba de error."
26091,COMBUSTIBLES EL CIPRES S.R.L,2025/02,Gas Oil Grado 2,9.60,1.17,"Precio promedio fuera del intervalo de selección 100-5000 ARS por unidad. Umbral didáctico, no prueba de error."
26092,COMBUSTIBLES EL CIPRES S.R.L,2025/02,Nafta (súper) entre 92 y 95 Ron,39.22,1.18,"Precio promedio fuera del intervalo de selección 100-5000 ARS por unidad. Umbral didáctico, no prueba de error."
26093,COMBUSTIBLES EL CIPRES S.R.L,2025/02,Gas Oil Grado 3,9.40,1.42,"Precio promedio fuera del intervalo de selección 100-5000 ARS por unidad. Umbral didáctico, no prueba de error."
26094,COMBUSTIBLES EL CIPRES S.R.L,2025/02,GNC,50684.00,58,"Precio promedio fuera del intervalo de selección 100-5000 ARS por unidad. Umbral didáctico, no prueba de error."
47902,COMBUSTIBLES EL CIPRES S.R.L,2025/03,Gas Oil Grado 2,10.87,1.20,"Precio promedio fuera del intervalo de selección 100-5000 ARS por unidad. Umbral didáctico, no prueba de error."
47903,COMBUSTIBLES EL CIPRES S.R.L,2025/03,Gas Oil Grado 3,10.41,1.45,"Precio promedio fuera del intervalo de selección 100-5000 ARS por unidad. Umbral didáctico, no prueba de error."
47905,COMBUSTIBLES EL CIPRES S.R.L,2025/03,Nafta (súper) entre 92 y 95 Ron,45.35,1.21,"Precio promedio fuera del intervalo de selección 100-5000 ARS por unidad. Umbral didáctico, no prueba de error."
47906,COMBUSTIBLES EL CIPRES S.R.L,2025/03,Nafta (premium) de más de 95 Ron,2.19,1.49,"Precio promedio fuera del intervalo de selección 100-5000 ARS por unidad. Umbral didáctico, no prueba de error."
69745,COMBUSTIBLES EL CIPRES S.R.L,2025/04,Nafta (premium) de más de 95 Ron,2.28,1.51,"Precio promedio fuera del intervalo de selección 100-5000 ARS por unidad. Umbral didáctico, no prueba de error."
69746,COMBUSTIBLES EL CIPRES S.R.L,2025/04,Nafta (súper) entre 92 y 95 Ron,44.06,1.23,"Precio promedio fuera del intervalo de selección 100-5000 ARS por unidad. Umbral didáctico, no prueba de error."
69748,COMBUSTIBLES EL CIPRES S.R.L,2025/04,Gas Oil Grado 2,12.18,1.22,"Precio promedio fuera del intervalo de selección 100-5000 ARS por unidad. Umbral didáctico, no prueba de error."
69749,COMBUSTIBLES EL CIPRES S.R.L,2025/04,Gas Oil Grado 3,8.05,1.48,"Precio promedio fuera del intervalo de selección 100-5000 ARS por unidad. Umbral didáctico, no prueba de error."
135115,COMBUSTIBLES EL CIPRES S.R.L,2025/07,Gas Oil Grado 2,12.29,1.24,"Precio promedio fuera del intervalo de selección 100-5000 ARS por unidad. Umbral didáctico, no prueba de error."
135116,COMBUSTIBLES EL CIPRES S.R.L,2025/07,Nafta (premium) de más de 95 Ron,1,1.49,"Precio promedio fuera del intervalo de selección 100-5000 ARS por unidad. Umbral didáctico, no prueba de error."
135117,COMBUSTIBLES EL CIPRES S.R.L,2025/07,Nafta (súper) entre 92 y 95 Ron,49.05,1.27,"Precio promedio fuera del intervalo de selección 100-5000 ARS por unidad. Umbral didáctico, no prueba de error."
135118,COMBUSTIBLES EL CIPRES S.R.L,2025/07,Gas Oil Grado 3,8.88,1.42,"Precio promedio fuera del intervalo de selección 100-5000 ARS por unidad. Umbral didáctico, no prueba de error."
156866,COMBUSTIBLES EL CIPRES S.R.L,2025/08,Nafta (premium) de más de 95 Ron,95.00,1.51,"Precio promedio fuera del intervalo de selección 100-5000 ARS por unidad. Umbral didáctico, no prueba de error."
156867,COMBUSTIBLES EL CIPRES S.R.L,2025/08,Gas Oil Grado 2,11.09,1.31,"Precio promedio fuera del intervalo de selección 100-5000 ARS por unidad. Umbral didáctico, no prueba de error."
156869,COMBUSTIBLES EL CIPRES S.R.L,2025/08,Nafta (súper) entre 92 y 95 Ron,50.53,1.35,"Precio promedio fuera del intervalo de selección 100-5000 ARS por unidad. Umbral didáctico, no prueba de error."
156870,COMBUSTIBLES EL CIPRES S.R.L,2025/08,Gas Oil Grado 3,8.88,1.52,"Precio promedio fuera del intervalo de selección 100-5000 ARS por unidad. Umbral didáctico, no prueba de error."
178529,COMBUSTIBLES EL CIPRES S.R.L,2025/09,Gas Oil Grado 2,10.48,1.35,"Precio promedio fuera del intervalo de selección 100-5000 ARS por unidad. Umbral didáctico, no prueba de error."
178531,COMBUSTIBLES EL CIPRES S.R.L,2025/09,Nafta (premium) de más de 95 Ron,1.66,1.62,"Precio promedio fuera del intervalo de selección 100-5000 ARS por unidad. Umbral didáctico, no prueba de error."
178532,COMBUSTIBLES EL CIPRES S.R.L,2025/09,Gas Oil Grado 3,9.15,1.55,"Precio promedio fuera del intervalo de selección 100-5000 ARS por unidad. Umbral didáctico, no prueba de error."
178533,COMBUSTIBLES EL CIPRES S.R.L,2025/09,Nafta (súper) entre 92 y 95 Ron,43.15,1.41,"Precio promedio fuera del intervalo de selección 100-5000 ARS por unidad. Umbral didáctico, no prueba de error."
200330,COMBUSTIBLES EL CIPRES S.R.L,2025/10,Gas Oil Grado 2,12.46,1.41,"Precio promedio fuera del intervalo de selección 100-5000 ARS por unidad. Umbral didáctico, no prueba de error."
200332,COMBUSTIBLES EL CIPRES S.R.L,2025/10,Nafta (premium) de más de 95 Ron,2.09,1.66,"Precio promedio fuera del intervalo de selección 100-5000 ARS por unidad. Umbral didáctico, no prueba de error."
200333,COMBUSTIBLES EL CIPRES S.R.L,2025/10,Gas Oil Grado 3,9.93,1.60,"Precio promedio fuera del intervalo de selección 100-5000 ARS por unidad. Umbral didáctico, no prueba de error."
200334,COMBUSTIBLES EL CIPRES S.R.L,2025/10,Nafta (súper) entre 92 y 95 Ron,49.21,1.43,"Precio promedio fuera del intervalo de selección 100-5000 ARS por unidad. Umbral didáctico, no prueba de error."
222048,COMBUSTIBLES EL CIPRES S.R.L,2025/11,Gas Oil Grado 2,20.20,1.56,"Precio promedio fuera del intervalo de selección 100-5000 ARS por unidad. Umbral didáctico, no prueba de error."
222049,COMBUSTIBLES EL CIPRES S.R.L,2025/11,Nafta (premium) de más de 95 Ron,648.00,1.80,"Precio promedio fuera del intervalo de selección 100-5000 ARS por unidad. Umbral didáctico, no prueba de error."
222050,COMBUSTIBLES EL CIPRES S.R.L,2025/11,Gas Oil Grado 3,12.50,1.78,"Precio promedio fuera del intervalo de selección 100-5000 ARS por unidad. Umbral didáctico, no prueba de error."
222051,COMBUSTIBLES EL CIPRES S.R.L,2025/11,Nafta (súper) entre 92 y 95 Ron,20.90,1.63,"Precio promedio fuera del intervalo de selección 100-5000 ARS por unidad. Umbral didáctico, no prueba de error."
243753,COMBUSTIBLES EL CIPRES S.R.L,2025/12,Gas Oil Grado 2,18.59,1.60,"Precio promedio fuera del intervalo de selección 100-5000 ARS por unidad. Umbral didáctico, no prueba de error."
243754,COMBUSTIBLES EL CIPRES S.R.L,2025/12,Gas Oil Grado 3,10.30,1.81,"Precio promedio fuera del intervalo de selección 100-5000 ARS por unidad. Umbral didáctico, no prueba de error."
243755,COMBUSTIBLES EL CIPRES S.R.L,2025/12,Nafta (premium) de más de 95 Ron,684.00,1.82,"Precio promedio fuera del intervalo de selección 100-5000 ARS por unidad. Umbral didáctico, no prueba de error."
243756,COMBUSTIBLES EL CIPRES S.R.L,2025/12,Nafta (súper) entre 92 y 95 Ron,39.40,1.64,"Precio promedio fuera del intervalo de selección 100-5000 ARS por unidad. Umbral didáctico, no prueba de error."
4255,COMBUSTIBLES LA CELESTINA S.A.,2025/01,Gas Oil Grado 2,49712.00,1231.00,"Volumen líquido mayor a 5000 m3 por producto y mes: posible escala o carga; pendiente de revisión, no se corrige."
135159,COMBUSTIBLES LA CELESTINA S.A.,2025/07,Gas Oil Grado 2,50045.80,1304.96,"Volumen líquido mayor a 5000 m3 por producto y mes: posible escala o carga; pendiente de revisión, no se corrige."
135162,COMBUSTIBLES LA CELESTINA S.A.,2025/07,Nafta (súper) entre 92 y 95 Ron,160511.00,1401.45,"Volumen líquido mayor a 5000 m3 por producto y mes: posible escala o carga; pendiente de revisión, no se corrige."
135163,COMBUSTIBLES LA CELESTINA S.A.,2025/07,Gas Oil Grado 3,15398.90,1592.37,"Volumen líquido mayor a 5000 m3 por producto y mes: posible escala o carga; pendiente de revisión, no se corrige."
4295,COMBUSTIBLES LIMA S.R.L,2025/01,Gas Oil Grado 2,45831.10,1224.03,"Volumen líquido mayor a 5000 m3 por producto y mes: posible escala o carga; pendiente de revisión, no se corrige."
4296,COMBUSTIBLES LIMA S.R.L,2025/01,Nafta (súper) entre 92 y 95 Ron,56215.70,1215.64,"Volumen líquido mayor a 5000 m3 por producto y mes: posible escala o carga; pendiente de revisión, no se corrige."
4297,COMBUSTIBLES LIMA S.R.L,2025/01,Gas Oil Grado 3,110718.00,1484.24,"Volumen líquido mayor a 5000 m3 por producto y mes: posible escala o carga; pendiente de revisión, no se corrige."
4298,COMBUSTIBLES LIMA S.R.L,2025/01,Nafta (premium) de más de 95 Ron,28213.10,1497.37,"Volumen líquido mayor a 5000 m3 por producto y mes: posible escala o carga; pendiente de revisión, no se corrige."
26177,COMBUSTIBLES LIMA S.R.L,2025/02,Nafta (premium) de más de 95 Ron,25913.40,1534.79,"Volumen líquido mayor a 5000 m3 por producto y mes: posible escala o carga; pendiente de revisión, no se corrige."
26178,COMBUSTIBLES LIMA S.R.L,2025/02,Gas Oil Grado 2,21325.60,1262.39,"Volumen líquido mayor a 5000 m3 por producto y mes: posible escala o carga; pendiente de revisión, no se corrige."
26179,COMBUSTIBLES LIMA S.R.L,2025/02,Gas Oil Grado 3,104955.00,1528.74,"Volumen líquido mayor a 5000 m3 por producto y mes: posible escala o carga; pendiente de revisión, no se corrige."
26180,COMBUSTIBLES LIMA S.R.L,2025/02,Nafta (súper) entre 92 y 95 Ron,56023.10,1245.76,"Volumen líquido mayor a 5000 m3 por producto y mes: posible escala o carga; pendiente de revisión, no se corrige."
47987,COMBUSTIBLES LIMA S.R.L,2025/03,Gas Oil Grado 2,42246.20,1292.85,"Volumen líquido mayor a 5000 m3 por producto y mes: posible escala o carga; pendiente de revisión, no se corrige."
47988,COMBUSTIBLES LIMA S.R.L,2025/03,Gas Oil Grado 3,120819.00,1560.40,"Volumen líquido mayor a 5000 m3 por producto y mes: posible escala o carga; pendiente de revisión, no se corrige."
47989,COMBUSTIBLES LIMA S.R.L,2025/03,Nafta (súper) entre 92 y 95 Ron,63298.90,1267.87,"Volumen líquido mayor a 5000 m3 por producto y mes: posible escala o carga; pendiente de revisión, no se corrige."
47990,COMBUSTIBLES LIMA S.R.L,2025/03,Nafta (premium) de más de 95 Ron,29167.90,1556.92,"Volumen líquido mayor a 5000 m3 por producto y mes: posible escala o carga; pendiente de revisión, no se corrige."
69832,COMBUSTIBLES LIMA S.R.L,2025/04,Nafta (súper) entre 92 y 95 Ron,58677.20,1286.95,"Volumen líquido mayor a 5000 m3 por producto y mes: posible escala o carga; pendiente de revisión, no se corrige."
69833,COMBUSTIBLES LIMA S.R.L,2025/04,Gas Oil Grado 3,116369.00,1588.99,"Volumen líquido mayor a 5000 m3 por producto y mes: posible escala o carga; pendiente de revisión, no se corrige."
69834,COMBUSTIBLES LIMA S.R.L,2025/04,Gas Oil Grado 2,17924.50,1307.01,"Volumen líquido mayor a 5000 m3 por producto y mes: posible escala o carga; pendiente de revisión, no se corrige."
69835,COMBUSTIBLES LIMA S.R.L,2025/04,Nafta (premium) de más de 95 Ron,30726.90,1582.90,"Volumen líquido mayor a 5000 m3 por producto y mes: posible escala o carga; pendiente de revisión, no se corrige."
91633,COMBUSTIBLES LIMA S.R.L,2025/05,Nafta (premium) de más de 95 Ron,30016.80,1531.59,"Volumen líquido mayor a 5000 m3 por producto y mes: posible escala o carga; pendiente de revisión, no se corrige."
91634,COMBUSTIBLES LIMA S.R.L,2025/05,Gas Oil Grado 3,121891.00,1535.70,"Volumen líquido mayor a 5000 m3 por producto y mes: posible escala o carga; pendiente de revisión, no se corrige."
91635,COMBUSTIBLES LIMA S.R.L,2025/05,Gas Oil Grado 2,15049.10,1284.84,"Volumen líquido mayor a 5000 m3 por producto y mes: posible escala o carga; pendiente de revisión, no se corrige."
91636,COMBUSTIBLES LIMA S.R.L,2025/05,Nafta (súper) entre 92 y 95 Ron,61522.00,1277.71,"Volumen líquido mayor a 5000 m3 por producto y mes: posible escala o carga; pendiente de revisión, no se corrige."
113468,COMBUSTIBLES LIMA S.R.L,2025/06,Gas Oil Grado 3,118299.00,1573.39,"Volumen líquido mayor a 5000 m3 por producto y mes: posible escala o carga; pendiente de revisión, no se corrige."
113469,COMBUSTIBLES LIMA S.R.L,2025/06,Nafta (premium) de más de 95 Ron,30518.00,1563.19,"Volumen líquido mayor a 5000 m3 por producto y mes: posible escala o carga; pendiente de revisión, no se corrige."
113470,COMBUSTIBLES LIMA S.R.L,2025/06,Nafta (súper) entre 92 y 95 Ron,60689.10,1311.31,"Volumen líquido mayor a 5000 m3 por producto y mes: posible escala o carga; pendiente de revisión, no se corrige."
113471,COMBUSTIBLES LIMA S.R.L,2025/06,Gas Oil Grado 2,16040.40,1304.34,"Volumen líquido mayor a 5000 m3 por producto y mes: posible escala o carga; pendiente de revisión, no se corrige."
135201,COMBUSTIBLES LIMA S.R.L,2025/07,Gas Oil Grado 2,35261.00,1380.68,"Volumen líquido mayor a 5000 m3 por producto y mes: posible escala o carga; pendiente de revisión, no se corrige."
135202,COMBUSTIBLES LIMA S.R.L,2025/07,Nafta (súper) entre 92 y 95 Ron,59211.20,1371.95,"Volumen líquido mayor a 5000 m3 por producto y mes: posible escala o carga; pendiente de revisión, no se corrige."
135203,COMBUSTIBLES LIMA S.R.L,2025/07,Nafta (premium) de más de 95 Ron,33036.60,1635.28,"Volumen líquido mayor a 5000 m3 por producto y mes: posible escala o carga; pendiente de revisión, no se corrige."
135204,COMBUSTIBLES LIMA S.R.L,2025/07,Gas Oil Grado 3,130562.00,1627.94,"Volumen líquido mayor a 5000 m3 por producto y mes: posible escala o carga; pendiente de revisión, no se corrige."
156950,COMBUSTIBLES LIMA S.R.L,2025/08,Gas Oil Grado 2,22237.30,1465.97,"Volumen líquido mayor a 5000 m3 por producto y mes: posible escala o carga; pendiente de revisión, no se corrige."
156951,COMBUSTIBLES LIMA S.R.L,2025/08,Gas Oil Grado 3,133613.00,1716.71,"Volumen líquido mayor a 5000 m3 por producto y mes: posible escala o carga; pendiente de revisión, no se corrige."
156952,COMBUSTIBLES LIMA S.R.L,2025/08,Nafta (premium) de más de 95 Ron,32012.20,1703.58,"Volumen líquido mayor a 5000 m3 por producto y mes: posible escala o carga; pendiente de revisión, no se corrige."
156953,COMBUSTIBLES LIMA S.R.L,2025/08,Nafta (súper) entre 92 y 95 Ron,59975.20,1435.73,"Volumen líquido mayor a 5000 m3 por producto y mes: posible escala o carga; pendiente de revisión, no se corrige."
178615,COMBUSTIBLES LIMA S.R.L,2025/09,Nafta (premium) de más de 95 Ron,30829.80,1799.71,"Volumen líquido mayor a 5000 m3 por producto y mes: posible escala o carga; pendiente de revisión, no se corrige."
178616,COMBUSTIBLES LIMA S.R.L,2025/09,Gas Oil Grado 2,32904.40,1532.77,"Volumen líquido mayor a 5000 m3 por producto y mes: posible escala o carga; pendiente de revisión, no se corrige."
178617,COMBUSTIBLES LIMA S.R.L,2025/09,Gas Oil Grado 3,123632.00,1785.55,"Volumen líquido mayor a 5000 m3 por producto y mes: posible escala o carga; pendiente de revisión, no se corrige."
178618,COMBUSTIBLES LIMA S.R.L,2025/09,Nafta (súper) entre 92 y 95 Ron,58614.30,1521.97,"Volumen líquido mayor a 5000 m3 por producto y mes: posible escala o carga; pendiente de revisión, no se corrige."
200414,COMBUSTIBLES LIMA S.R.L,2025/10,Gas Oil Grado 3,141206.00,1822.88,"Volumen líquido mayor a 5000 m3 por producto y mes: posible escala o carga; pendiente de revisión, no se corrige."
200415,COMBUSTIBLES LIMA S.R.L,2025/10,Nafta (premium) de más de 95 Ron,35933.70,1837.46,"Volumen líquido mayor a 5000 m3 por producto y mes: posible escala o carga; pendiente de revisión, no se corrige."
200416,COMBUSTIBLES LIMA S.R.L,2025/10,Nafta (súper) entre 92 y 95 Ron,49406.80,1549.25,"Volumen líquido mayor a 5000 m3 por producto y mes: posible escala o carga; pendiente de revisión, no se corrige."
200417,COMBUSTIBLES LIMA S.R.L,2025/10,Gas Oil Grado 2,24521.20,1551.01,"Volumen líquido mayor a 5000 m3 por producto y mes: posible escala o carga; pendiente de revisión, no se corrige."
222132,COMBUSTIBLES LIMA S.R.L,2025/11,Gas Oil Grado 3,130931.00,1919.60,"Volumen líquido mayor a 5000 m3 por producto y mes: posible escala o carga; pendiente de revisión, no se corrige."
222133,COMBUSTIBLES LIMA S.R.L,2025/11,Nafta (súper) entre 92 y 95 Ron,47481.90,1626.58,"Volumen líquido mayor a 5000 m3 por producto y mes: posible escala o carga; pendiente de revisión, no se corrige."
222134,COMBUSTIBLES LIMA S.R.L,2025/11,Nafta (premium) de más de 95 Ron,34232.90,1905.29,"Volumen líquido mayor a 5000 m3 por producto y mes: posible escala o carga; pendiente de revisión, no se corrige."
222135,COMBUSTIBLES LIMA S.R.L,2025/11,Gas Oil Grado 2,29092.00,1622.98,"Volumen líquido mayor a 5000 m3 por producto y mes: posible escala o carga; pendiente de revisión, no se corrige."
243836,COMBUSTIBLES LIMA S.R.L,2025/12,Gas Oil Grado 2,28922.60,1725.77,"Volumen líquido mayor a 5000 m3 por producto y mes: posible escala o carga; pendiente de revisión, no se corrige."
243837,COMBUSTIBLES LIMA S.R.L,2025/12,Nafta (súper) entre 92 y 95 Ron,52443.60,1740.14,"Volumen líquido mayor a 5000 m3 por producto y mes: posible escala o carga; pendiente de revisión, no se corrige."
243838,COMBUSTIBLES LIMA S.R.L,2025/12,Nafta (premium) de más de 95 Ron,35307.50,1998.28,"Volumen líquido mayor a 5000 m3 por producto y mes: posible escala o carga; pendiente de revisión, no se corrige."
243839,COMBUSTIBLES LIMA S.R.L,2025/12,Gas Oil Grado 3,135746.00,2053.46,"Volumen líquido mayor a 5000 m3 por producto y mes: posible escala o carga; pendiente de revisión, no se corrige."
48142,COMBUSTIBLES SERRANOS S.R.L.,2025/03,Nafta (premium) de más de 95 Ron,15835.00,1526.00,"Volumen líquido mayor a 5000 m3 por producto y mes: posible escala o carga; pendiente de revisión, no se corrige."
91808,COMBUSTIBLES TRES ARROYOS SA,2025/05,Nafta (súper) entre 92 y 95 Ron,82794.60,1366.34,"Volumen líquido mayor a 5000 m3 por producto y mes: posible escala o carga; pendiente de revisión, no se corrige."
91960,COMPIL S.R.L.,2025/05,Gas Oil Grado 3,52926.00,1527.92,"Volumen líquido mayor a 5000 m3 por producto y mes: posible escala o carga; pendiente de revisión, no se corrige."
135528,COMPIL S.R.L.,2025/07,Gas Oil Grado 2,49339.00,1388.56,"Volumen líquido mayor a 5000 m3 por producto y mes: posible escala o carga; pendiente de revisión, no se corrige."
135529,COMPIL S.R.L.,2025/07,Gas Oil Grado 3,54688.00,1574.07,"Volumen líquido mayor a 5000 m3 por producto y mes: posible escala o carga; pendiente de revisión, no se corrige."
135530,COMPIL S.R.L.,2025/07,Nafta (súper) entre 92 y 95 Ron,154790.00,1342.68,"Volumen líquido mayor a 5000 m3 por producto y mes: posible escala o carga; pendiente de revisión, no se corrige."
135531,COMPIL S.R.L.,2025/07,Nafta (premium) de más de 95 Ron,44548.00,1631.26,"Volumen líquido mayor a 5000 m3 por producto y mes: posible escala o carga; pendiente de revisión, no se corrige."
157278,COMPIL S.R.L.,2025/08,Nafta (súper) entre 92 y 95 Ron,169653.00,1419.02,"Volumen líquido mayor a 5000 m3 por producto y mes: posible escala o carga; pendiente de revisión, no se corrige."
157279,COMPIL S.R.L.,2025/08,Gas Oil Grado 2,48997.00,1463.47,"Volumen líquido mayor a 5000 m3 por producto y mes: posible escala o carga; pendiente de revisión, no se corrige."
157280,COMPIL S.R.L.,2025/08,Nafta (premium) de más de 95 Ron,46784.00,1707.73,"Volumen líquido mayor a 5000 m3 por producto y mes: posible escala o carga; pendiente de revisión, no se corrige."
157281,COMPIL S.R.L.,2025/08,Gas Oil Grado 3,56890.00,1645.19,"Volumen líquido mayor a 5000 m3 por producto y mes: posible escala o carga; pendiente de revisión, no se corrige."
178944,COMPIL S.R.L.,2025/09,Gas Oil Grado 2,46740.00,1533.91,"Volumen líquido mayor a 5000 m3 por producto y mes: posible escala o carga; pendiente de revisión, no se corrige."
178945,COMPIL S.R.L.,2025/09,Gas Oil Grado 3,54831.00,1749.07,"Volumen líquido mayor a 5000 m3 por producto y mes: posible escala o carga; pendiente de revisión, no se corrige."
178947,COMPIL S.R.L.,2025/09,Nafta (súper) entre 92 y 95 Ron,159050.00,1502.48,"Volumen líquido mayor a 5000 m3 por producto y mes: posible escala o carga; pendiente de revisión, no se corrige."
178948,COMPIL S.R.L.,2025/09,Nafta (premium) de más de 95 Ron,44006.00,1796.05,"Volumen líquido mayor a 5000 m3 por producto y mes: posible escala o carga; pendiente de revisión, no se corrige."
200745,COMPIL S.R.L.,2025/10,Nafta (súper) entre 92 y 95 Ron,177153.00,1562.85,"Volumen líquido mayor a 5000 m3 por producto y mes: posible escala o carga; pendiente de revisión, no se corrige."
200746,COMPIL S.R.L.,2025/10,Nafta (premium) de más de 95 Ron,50832.00,1870.63,"Volumen líquido mayor a 5000 m3 por producto y mes: posible escala o carga; pendiente de revisión, no se corrige."
200747,COMPIL S.R.L.,2025/10,Gas Oil Grado 2,48083.00,1581.46,"Volumen líquido mayor a 5000 m3 por producto y mes: posible escala o carga; pendiente de revisión, no se corrige."
200748,COMPIL S.R.L.,2025/10,Gas Oil Grado 3,58958.00,1806.50,"Volumen líquido mayor a 5000 m3 por producto y mes: posible escala o carga; pendiente de revisión, no se corrige."
222460,COMPIL S.R.L.,2025/11,Gas Oil Grado 3,51425.00,1878.21,"Volumen líquido mayor a 5000 m3 por producto y mes: posible escala o carga; pendiente de revisión, no se corrige."
222461,COMPIL S.R.L.,2025/11,Nafta (súper) entre 92 y 95 Ron,166303.00,1644.19,"Volumen líquido mayor a 5000 m3 por producto y mes: posible escala o carga; pendiente de revisión, no se corrige."
222462,COMPIL S.R.L.,2025/11,Gas Oil Grado 2,47696.00,1652.31,"Volumen líquido mayor a 5000 m3 por producto y mes: posible escala o carga; pendiente de revisión, no se corrige."
222463,COMPIL S.R.L.,2025/11,Nafta (premium) de más de 95 Ron,45778.00,1951.71,"Volumen líquido mayor a 5000 m3 por producto y mes: posible escala o carga; pendiente de revisión, no se corrige."
244166,COMPIL S.R.L.,2025/12,Gas Oil Grado 3,53964.00,2022.20,"Volumen líquido mayor a 5000 m3 por producto y mes: posible escala o carga; pendiente de revisión, no se corrige."
244167,COMPIL S.R.L.,2025/12,Gas Oil Grado 2,48109.00,1769.09,"Volumen líquido mayor a 5000 m3 por producto y mes: posible escala o carga; pendiente de revisión, no se corrige."
244169,COMPIL S.R.L.,2025/12,Nafta (premium) de más de 95 Ron,40602.00,2072.50,"Volumen líquido mayor a 5000 m3 por producto y mes: posible escala o carga; pendiente de revisión, no se corrige."
244170,COMPIL S.R.L.,2025/12,Nafta (súper) entre 92 y 95 Ron,182091.00,1740.25,"Volumen líquido mayor a 5000 m3 por producto y mes: posible escala o carga; pendiente de revisión, no se corrige."
4710,CONTERGAS S.A.,2025/01,Nafta (premium) de más de 95 Ron,6298.00,1463.00,"Volumen líquido mayor a 5000 m3 por producto y mes: posible escala o carga; pendiente de revisión, no se corrige."
4711,CONTERGAS S.A.,2025/01,Gas Oil Grado 3,8636.00,1428.00,"Volumen líquido mayor a 5000 m3 por producto y mes: posible escala o carga; pendiente de revisión, no se corrige."
4712,CONTERGAS S.A.,2025/01,Gas Oil Grado 2,24773.00,1184.00,"Volumen líquido mayor a 5000 m3 por producto y mes: posible escala o carga; pendiente de revisión, no se corrige."
4714,CONTERGAS S.A.,2025/01,Nafta (súper) entre 92 y 95 Ron,63966.00,1198.00,"Volumen líquido mayor a 5000 m3 por producto y mes: posible escala o carga; pendiente de revisión, no se corrige."
26593,CONTERGAS S.A.,2025/02,Gas Oil Grado 2,18048.00,1207.02,"Volumen líquido mayor a 5000 m3 por producto y mes: posible escala o carga; pendiente de revisión, no se corrige."
26595,CONTERGAS S.A.,2025/02,Nafta (súper) entre 92 y 95 Ron,63447.00,1218.99,"Volumen líquido mayor a 5000 m3 por producto y mes: posible escala o carga; pendiente de revisión, no se corrige."
26596,CONTERGAS S.A.,2025/02,Gas Oil Grado 3,8825.00,1459.07,"Volumen líquido mayor a 5000 m3 por producto y mes: posible escala o carga; pendiente de revisión, no se corrige."
26597,CONTERGAS S.A.,2025/02,Nafta (premium) de más de 95 Ron,6208.00,1487.54,"Volumen líquido mayor a 5000 m3 por producto y mes: posible escala o carga; pendiente de revisión, no se corrige."
48400,CONTERGAS S.A.,2025/03,Gas Oil Grado 2,21241.00,1018.78,"Volumen líquido mayor a 5000 m3 por producto y mes: posible escala o carga; pendiente de revisión, no se corrige."
48401,CONTERGAS S.A.,2025/03,Nafta (premium) de más de 95 Ron,6107.00,1538.90,"Volumen líquido mayor a 5000 m3 por producto y mes: posible escala o carga; pendiente de revisión, no se corrige."
48402,CONTERGAS S.A.,2025/03,Gas Oil Grado 3,7795.00,1489.47,"Volumen líquido mayor a 5000 m3 por producto y mes: posible escala o carga; pendiente de revisión, no se corrige."
48404,CONTERGAS S.A.,2025/03,Nafta (súper) entre 92 y 95 Ron,74912.00,958.87,"Volumen líquido mayor a 5000 m3 por producto y mes: posible escala o carga; pendiente de revisión, no se corrige."
70240,CONTERGAS S.A.,2025/04,Gas Oil Grado 3,9656.00,1490.58,"Volumen líquido mayor a 5000 m3 por producto y mes: posible escala o carga; pendiente de revisión, no se corrige."
70241,CONTERGAS S.A.,2025/04,Nafta (súper) entre 92 y 95 Ron,73108.00,1257.00,"Volumen líquido mayor a 5000 m3 por producto y mes: posible escala o carga; pendiente de revisión, no se corrige."
70242,CONTERGAS S.A.,2025/04,Gas Oil Grado 2,21624.00,1225.35,"Volumen líquido mayor a 5000 m3 por producto y mes: posible escala o carga; pendiente de revisión, no se corrige."
92043,CONTERGAS S.A.,2025/05,Nafta (súper) entre 92 y 95 Ron,72137.00,1243.50,"Volumen líquido mayor a 5000 m3 por producto y mes: posible escala o carga; pendiente de revisión, no se corrige."
92044,CONTERGAS S.A.,2025/05,Gas Oil Grado 3,8599.00,1472.50,"Volumen líquido mayor a 5000 m3 por producto y mes: posible escala o carga; pendiente de revisión, no se corrige."
92045,CONTERGAS S.A.,2025/05,Nafta (premium) de más de 95 Ron,7026.00,1502.50,"Volumen líquido mayor a 5000 m3 por producto y mes: posible escala o carga; pendiente de revisión, no se corrige."
92047,CONTERGAS S.A.,2025/05,Gas Oil Grado 2,19815.00,1226.50,"Volumen líquido mayor a 5000 m3 por producto y mes: posible escala o carga; pendiente de revisión, no se corrige."
113879,CONTERGAS S.A.,2025/06,Gas Oil Grado 2,21985.00,1301.20,"Volumen líquido mayor a 5000 m3 por producto y mes: posible escala o carga; pendiente de revisión, no se corrige."
113881,CONTERGAS S.A.,2025/06,Nafta (súper) entre 92 y 95 Ron,68696.00,1298.00,"Volumen líquido mayor a 5000 m3 por producto y mes: posible escala o carga; pendiente de revisión, no se corrige."
113882,CONTERGAS S.A.,2025/06,Nafta (premium) de más de 95 Ron,7327.00,1504.25,"Volumen líquido mayor a 5000 m3 por producto y mes: posible escala o carga; pendiente de revisión, no se corrige."
113883,CONTERGAS S.A.,2025/06,Gas Oil Grado 3,9575.00,1515.00,"Volumen líquido mayor a 5000 m3 por producto y mes: posible escala o carga; pendiente de revisión, no se corrige."
135612,CONTERGAS S.A.,2025/07,Nafta (súper) entre 92 y 95 Ron,8925.00,1345.23,"Volumen líquido mayor a 5000 m3 por producto y mes: posible escala o carga; pendiente de revisión, no se corrige."
135613,CONTERGAS S.A.,2025/07,Gas Oil Grado 3,7764.00,1312.33,"Volumen líquido mayor a 5000 m3 por producto y mes: posible escala o carga; pendiente de revisión, no se corrige."
135614,CONTERGAS S.A.,2025/07,Nafta (premium) de más de 95 Ron,70511.00,1016.10,"Volumen líquido mayor a 5000 m3 por producto y mes: posible escala o carga; pendiente de revisión, no se corrige."
135615,CONTERGAS S.A.,2025/07,Gas Oil Grado 2,19869.00,1135.23,"Volumen líquido mayor a 5000 m3 por producto y mes: posible escala o carga; pendiente de revisión, no se corrige."
157356,CONTERGAS S.A.,2025/08,Gas Oil Grado 2,18716.00,1443.00,"Volumen líquido mayor a 5000 m3 por producto y mes: posible escala o carga; pendiente de revisión, no se corrige."
157357,CONTERGAS S.A.,2025/08,Nafta (común) hasta 92 Ron,7577.00,1452.00,"Volumen líquido mayor a 5000 m3 por producto y mes: posible escala o carga; pendiente de revisión, no se corrige."
157358,CONTERGAS S.A.,2025/08,Gas Oil Grado 3,6807.00,1735.00,"Volumen líquido mayor a 5000 m3 por producto y mes: posible escala o carga; pendiente de revisión, no se corrige."
157359,CONTERGAS S.A.,2025/08,Nafta (súper) entre 92 y 95 Ron,71538.00,1676.00,"Volumen líquido mayor a 5000 m3 por producto y mes: posible escala o carga; pendiente de revisión, no se corrige."
179026,CONTERGAS S.A.,2025/09,Gas Oil Grado 2,6343.00,1443.00,"Volumen líquido mayor a 5000 m3 por producto y mes: posible escala o carga; pendiente de revisión, no se corrige."
179027,CONTERGAS S.A.,2025/09,Nafta (súper) entre 92 y 95 Ron,12659.00,1452.00,"Volumen líquido mayor a 5000 m3 por producto y mes: posible escala o carga; pendiente de revisión, no se corrige."
200828,CONTERGAS S.A.,2025/10,Gas Oil Grado 2,16974.00,1443.00,"Volumen líquido mayor a 5000 m3 por producto y mes: posible escala o carga; pendiente de revisión, no se corrige."
200830,CONTERGAS S.A.,2025/10,Gas Oil Grado 3,7074.00,1755.00,"Volumen líquido mayor a 5000 m3 por producto y mes: posible escala o carga; pendiente de revisión, no se corrige."
200831,CONTERGAS S.A.,2025/10,Nafta (premium) de más de 95 Ron,8492.00,1676.00,"Volumen líquido mayor a 5000 m3 por producto y mes: posible escala o carga; pendiente de revisión, no se corrige."
200832,CONTERGAS S.A.,2025/10,Nafta (súper) entre 92 y 95 Ron,77133.00,1452.00,"Volumen líquido mayor a 5000 m3 por producto y mes: posible escala o carga; pendiente de revisión, no se corrige."
222543,CONTERGAS S.A.,2025/11,Gas Oil Grado 3,6365.00,1755.00,"Volumen líquido mayor a 5000 m3 por producto y mes: posible escala o carga; pendiente de revisión, no se corrige."
222544,CONTERGAS S.A.,2025/11,Nafta (premium) de más de 95 Ron,7710.00,1676.00,"Volumen líquido mayor a 5000 m3 por producto y mes: posible escala o carga; pendiente de revisión, no se corrige."
222545,CONTERGAS S.A.,2025/11,Gas Oil Grado 2,14664.00,1443.00,"Volumen líquido mayor a 5000 m3 por producto y mes: posible escala o carga; pendiente de revisión, no se corrige."
222547,CONTERGAS S.A.,2025/11,Nafta (súper) entre 92 y 95 Ron,73082.00,1452.00,"Volumen líquido mayor a 5000 m3 por producto y mes: posible escala o carga; pendiente de revisión, no se corrige."
244250,CONTERGAS S.A.,2025/12,Nafta (premium) de más de 95 Ron,7700.00,1676.00,"Volumen líquido mayor a 5000 m3 por producto y mes: posible escala o carga; pendiente de revisión, no se corrige."
244251,CONTERGAS S.A.,2025/12,Gas Oil Grado 3,6360.00,1755.00,"Volumen líquido mayor a 5000 m3 por producto y mes: posible escala o carga; pendiente de revisión, no se corrige."
244253,CONTERGAS S.A.,2025/12,Gas Oil Grado 2,14664.00,1443.00,"Volumen líquido mayor a 5000 m3 por producto y mes: posible escala o carga; pendiente de revisión, no se corrige."
244254,CONTERGAS S.A.,2025/12,Nafta (súper) entre 92 y 95 Ron,73080.00,1452.00,"Volumen líquido mayor a 5000 m3 por producto y mes: posible escala o carga; pendiente de revisión, no se corrige."
179041,CONYGAS SA,2025/09,Kerosene,124050.00,749.90,"Volumen líquido mayor a 5000 m3 por producto y mes: posible escala o carga; pendiente de revisión, no se corrige."
113974,COOPERATIVA AGRÍCOLA GANADERA LTDA. DE PUAN,2025/06,Gas Oil Grado 2,14903.40,1416.00,"Volumen líquido mayor a 5000 m3 por producto y mes: posible escala o carga; pendiente de revisión, no se corrige."
4876,COOPERATIVA AGROPECUARIA LIMITADA DE CARABELAS,2025/01,Gas Oil Grado 2,136124.00,1250.00,"Volumen líquido mayor a 5000 m3 por producto y mes: posible escala o carga; pendiente de revisión, no se corrige."
4877,COOPERATIVA AGROPECUARIA LIMITADA DE CARABELAS,2025/01,Gas Oil Grado 3,21745.00,1395.00,"Volumen líquido mayor a 5000 m3 por producto y mes: posible escala o carga; pendiente de revisión, no se corrige."
48567,COOPERATIVA AGROPECUARIA LIMITADA DE CARABELAS,2025/03,Gas Oil Grado 3,47692.00,1400.00,"Volumen líquido mayor a 5000 m3 por producto y mes: posible escala o carga; pendiente de revisión, no se corrige."
92210,COOPERATIVA AGROPECUARIA LIMITADA DE CARABELAS,2025/05,Gas Oil Grado 2,176665.00,1275.00,"Volumen líquido mayor a 5000 m3 por producto y mes: posible escala o carga; pendiente de revisión, no se corrige."
92211,COOPERATIVA AGROPECUARIA LIMITADA DE CARABELAS,2025/05,Gas Oil Grado 3,27262.00,1405.00,"Volumen líquido mayor a 5000 m3 por producto y mes: posible escala o carga; pendiente de revisión, no se corrige."
244520,COPPARONI S.A,2025/12,Gas Oil Grado 2,170892.00,1690.95,"Volumen líquido mayor a 5000 m3 por producto y mes: posible escala o carga; pendiente de revisión, no se corrige."
244522,COPPARONI S.A,2025/12,Gas Oil Grado 3,93848.00,1827.46,"Volumen líquido mayor a 5000 m3 por producto y mes: posible escala o carga; pendiente de revisión, no se corrige."
244523,COPPARONI S.A,2025/12,Nafta (premium) de más de 95 Ron,43585.00,1887.82,"Volumen líquido mayor a 5000 m3 por producto y mes: posible escala o carga; pendiente de revisión, no se corrige."
244524,COPPARONI S.A,2025/12,Nafta (súper) entre 92 y 95 Ron,163081.00,1670.48,"Volumen líquido mayor a 5000 m3 por producto y mes: posible escala o carga; pendiente de revisión, no se corrige."
92324,CORDONNIER Y CIA SMC,2025/05,Nafta (premium) de más de 95 Ron,22376.00,1429.00,"Volumen líquido mayor a 5000 m3 por producto y mes: posible escala o carga; pendiente de revisión, no se corrige."
49070,DAGWARD S.A.,2025/03,Nafta (premium) de más de 95 Ron,75692.00,1563.00,"Volumen líquido mayor a 5000 m3 por producto y mes: posible escala o carga; pendiente de revisión, no se corrige."
49071,DAGWARD S.A.,2025/03,Gas Oil Grado 3,58342.00,1529.00,"Volumen líquido mayor a 5000 m3 por producto y mes: posible escala o carga; pendiente de revisión, no se corrige."
49072,DAGWARD S.A.,2025/03,Gas Oil Grado 2,40550.00,1271.00,"Volumen líquido mayor a 5000 m3 por producto y mes: posible escala o carga; pendiente de revisión, no se corrige."
49073,DAGWARD S.A.,2025/03,Nafta (súper) entre 92 y 95 Ron,156166.00,1279.00,"Volumen líquido mayor a 5000 m3 por producto y mes: posible escala o carga; pendiente de revisión, no se corrige."
70901,DAGWARD S.A.,2025/04,Nafta (súper) entre 92 y 95 Ron,148649.00,1299.00,"Volumen líquido mayor a 5000 m3 por producto y mes: posible escala o carga; pendiente de revisión, no se corrige."
70902,DAGWARD S.A.,2025/04,Nafta (premium) de más de 95 Ron,71131.00,1592.00,"Volumen líquido mayor a 5000 m3 por producto y mes: posible escala o carga; pendiente de revisión, no se corrige."
70903,DAGWARD S.A.,2025/04,Gas Oil Grado 2,41557.00,1295.00,"Volumen líquido mayor a 5000 m3 por producto y mes: posible escala o carga; pendiente de revisión, no se corrige."
70904,DAGWARD S.A.,2025/04,Gas Oil Grado 3,53608.00,1557.00,"Volumen líquido mayor a 5000 m3 por producto y mes: posible escala o carga; pendiente de revisión, no se corrige."
49117,DANIEL ALEJANDRO VAZQUEZ,2025/03,Nafta (premium) de más de 95 Ron,5255.19,1295.00,"Volumen líquido mayor a 5000 m3 por producto y mes: posible escala o carga; pendiente de revisión, no se corrige."
158061,DANIEL ALEJANDRO VAZQUEZ,2025/08,Nafta (premium) de más de 95 Ron,10261.30,1416.01,"Volumen líquido mayor a 5000 m3 por producto y mes: posible escala o carga; pendiente de revisión, no se corrige."
158062,DANIEL ALEJANDRO VAZQUEZ,2025/08,Gas Oil Grado 2,132565.00,1208.63,"Volumen líquido mayor a 5000 m3 por producto y mes: posible escala o carga; pendiente de revisión, no se corrige."
158063,DANIEL ALEJANDRO VAZQUEZ,2025/08,Gas Oil Grado 3,13149.60,1419.56,"Volumen líquido mayor a 5000 m3 por producto y mes: posible escala o carga; pendiente de revisión, no se corrige."
158064,DANIEL ALEJANDRO VAZQUEZ,2025/08,Nafta (súper) entre 92 y 95 Ron,59532.00,1170.01,"Volumen líquido mayor a 5000 m3 por producto y mes: posible escala o carga; pendiente de revisión, no se corrige."
201543,DANIEL ALEJANDRO VAZQUEZ,2025/10,Nafta (súper) entre 92 y 95 Ron,50681.80,1234.18,"Volumen líquido mayor a 5000 m3 por producto y mes: posible escala o carga; pendiente de revisión, no se corrige."
201544,DANIEL ALEJANDRO VAZQUEZ,2025/10,Gas Oil Grado 2,221192.00,1267.59,"Volumen líquido mayor a 5000 m3 por producto y mes: posible escala o carga; pendiente de revisión, no se corrige."
201545,DANIEL ALEJANDRO VAZQUEZ,2025/10,Gas Oil Grado 3,14871.10,1493.23,"Volumen líquido mayor a 5000 m3 por producto y mes: posible escala o carga; pendiente de revisión, no se corrige."
201546,DANIEL ALEJANDRO VAZQUEZ,2025/10,Nafta (premium) de más de 95 Ron,11168.40,1475.18,"Volumen líquido mayor a 5000 m3 por producto y mes: posible escala o carga; pendiente de revisión, no se corrige."
223256,DANIEL ALEJANDRO VAZQUEZ,2025/11,Nafta (súper) entre 92 y 95 Ron,7806.76,1339.65,"Volumen líquido mayor a 5000 m3 por producto y mes: posible escala o carga; pendiente de revisión, no se corrige."
49477,DE LA VIRGEN GNC S.R.L.,2025/03,Nafta (súper) entre 92 y 95 Ron,51296.90,1233.00,"Volumen líquido mayor a 5000 m3 por producto y mes: posible escala o carga; pendiente de revisión, no se corrige."
27702,DEL SORDO DONATA RINALDI,2025/02,Gas Oil Grado 3,12254.40,1507.44,"Volumen líquido mayor a 5000 m3 por producto y mes: posible escala o carga; pendiente de revisión, no se corrige."
71400,DESOF SA,2025/04,Gas Oil Grado 2,27629.00,1281.00,"Volumen líquido mayor a 5000 m3 por producto y mes: posible escala o carga; pendiente de revisión, no se corrige."
71401,DESOF SA,2025/04,Nafta (premium) de más de 95 Ron,105042.00,1575.00,"Volumen líquido mayor a 5000 m3 por producto y mes: posible escala o carga; pendiente de revisión, no se corrige."
71402,DESOF SA,2025/04,Gas Oil Grado 3,51628.00,1543.00,"Volumen líquido mayor a 5000 m3 por producto y mes: posible escala o carga; pendiente de revisión, no se corrige."
71403,DESOF SA,2025/04,Nafta (súper) entre 92 y 95 Ron,174883.00,1283.00,"Volumen líquido mayor a 5000 m3 por producto y mes: posible escala o carga; pendiente de revisión, no se corrige."
6050,DON ANTONIO Y FAMILIA S.A.,2025/01,Gas Oil Grado 3,70.33,1.39,"Precio promedio fuera del intervalo de selección 100-5000 ARS por unidad. Umbral didáctico, no prueba de error."
6051,DON ANTONIO Y FAMILIA S.A.,2025/01,Gas Oil Grado 2,360.51,1.15,"Precio promedio fuera del intervalo de selección 100-5000 ARS por unidad. Umbral didáctico, no prueba de error."
6052,DON ANTONIO Y FAMILIA S.A.,2025/01,Nafta (súper) entre 92 y 95 Ron,135.77,1.15,"Precio promedio fuera del intervalo de selección 100-5000 ARS por unidad. Umbral didáctico, no prueba de error."
6053,DON ANTONIO Y FAMILIA S.A.,2025/01,Nafta (premium) de más de 95 Ron,44.03,1.42,"Precio promedio fuera del intervalo de selección 100-5000 ARS por unidad. Umbral didáctico, no prueba de error."
27951,DON ANTONIO Y FAMILIA S.A.,2025/02,Gas Oil Grado 2,319.71,1.17,"Precio promedio fuera del intervalo de selección 100-5000 ARS por unidad. Umbral didáctico, no prueba de error."
27952,DON ANTONIO Y FAMILIA S.A.,2025/02,Nafta (súper) entre 92 y 95 Ron,128.61,1.18,"Precio promedio fuera del intervalo de selección 100-5000 ARS por unidad. Umbral didáctico, no prueba de error."
27953,DON ANTONIO Y FAMILIA S.A.,2025/02,Gas Oil Grado 3,65.20,1.42,"Precio promedio fuera del intervalo de selección 100-5000 ARS por unidad. Umbral didáctico, no prueba de error."
27954,DON ANTONIO Y FAMILIA S.A.,2025/02,Nafta (premium) de más de 95 Ron,41.39,1.45,"Precio promedio fuera del intervalo de selección 100-5000 ARS por unidad. Umbral didáctico, no prueba de error."
49766,DON ANTONIO Y FAMILIA S.A.,2025/03,Gas Oil Grado 3,72.06,1.45,"Precio promedio fuera del intervalo de selección 100-5000 ARS por unidad. Umbral didáctico, no prueba de error."
49767,DON ANTONIO Y FAMILIA S.A.,2025/03,Nafta (premium) de más de 95 Ron,45.30,1.48,"Precio promedio fuera del intervalo de selección 100-5000 ARS por unidad. Umbral didáctico, no prueba de error."
49768,DON ANTONIO Y FAMILIA S.A.,2025/03,Nafta (súper) entre 92 y 95 Ron,147.06,1.20,"Precio promedio fuera del intervalo de selección 100-5000 ARS por unidad. Umbral didáctico, no prueba de error."
49769,DON ANTONIO Y FAMILIA S.A.,2025/03,Gas Oil Grado 2,327.85,1.19,"Precio promedio fuera del intervalo de selección 100-5000 ARS por unidad. Umbral didáctico, no prueba de error."
71599,DON ANTONIO Y FAMILIA S.A.,2025/04,Nafta (súper) entre 92 y 95 Ron,149.69,1.22,"Precio promedio fuera del intervalo de selección 100-5000 ARS por unidad. Umbral didáctico, no prueba de error."
71600,DON ANTONIO Y FAMILIA S.A.,2025/04,Gas Oil Grado 2,350.52,1.21,"Precio promedio fuera del intervalo de selección 100-5000 ARS por unidad. Umbral didáctico, no prueba de error."
71601,DON ANTONIO Y FAMILIA S.A.,2025/04,Gas Oil Grado 3,79.03,1.41,"Precio promedio fuera del intervalo de selección 100-5000 ARS por unidad. Umbral didáctico, no prueba de error."
71602,DON ANTONIO Y FAMILIA S.A.,2025/04,Nafta (premium) de más de 95 Ron,45.72,1.51,"Precio promedio fuera del intervalo de selección 100-5000 ARS por unidad. Umbral didáctico, no prueba de error."
93392,DON ANTONIO Y FAMILIA S.A.,2025/05,Gas Oil Grado 3,82.89,1.36,"Precio promedio fuera del intervalo de selección 100-5000 ARS por unidad. Umbral didáctico, no prueba de error."
93393,DON ANTONIO Y FAMILIA S.A.,2025/05,Nafta (premium) de más de 95 Ron,49.25,1.42,"Precio promedio fuera del intervalo de selección 100-5000 ARS por unidad. Umbral didáctico, no prueba de error."
93394,DON ANTONIO Y FAMILIA S.A.,2025/05,Gas Oil Grado 2,359.55,1.18,"Precio promedio fuera del intervalo de selección 100-5000 ARS por unidad. Umbral didáctico, no prueba de error."
93395,DON ANTONIO Y FAMILIA S.A.,2025/05,Nafta (súper) entre 92 y 95 Ron,159.14,1.20,"Precio promedio fuera del intervalo de selección 100-5000 ARS por unidad. Umbral didáctico, no prueba de error."
115225,DON ANTONIO Y FAMILIA S.A.,2025/06,Gas Oil Grado 3,77.57,1.38,"Precio promedio fuera del intervalo de selección 100-5000 ARS por unidad. Umbral didáctico, no prueba de error."
115226,DON ANTONIO Y FAMILIA S.A.,2025/06,Gas Oil Grado 2,348.90,1.19,"Precio promedio fuera del intervalo de selección 100-5000 ARS por unidad. Umbral didáctico, no prueba de error."
115227,DON ANTONIO Y FAMILIA S.A.,2025/06,Nafta (premium) de más de 95 Ron,48.16,1.43,"Precio promedio fuera del intervalo de selección 100-5000 ARS por unidad. Umbral didáctico, no prueba de error."
115228,DON ANTONIO Y FAMILIA S.A.,2025/06,Nafta (súper) entre 92 y 95 Ron,152.53,1.21,"Precio promedio fuera del intervalo de selección 100-5000 ARS por unidad. Umbral didáctico, no prueba de error."
136963,DON ANTONIO Y FAMILIA S.A.,2025/07,Gas Oil Grado 2,411.38,1.24,"Precio promedio fuera del intervalo de selección 100-5000 ARS por unidad. Umbral didáctico, no prueba de error."
136967,DON ANTONIO Y FAMILIA S.A.,2025/07,Nafta (premium) de más de 95 Ron,50.64,1.48,"Precio promedio fuera del intervalo de selección 100-5000 ARS por unidad. Umbral didáctico, no prueba de error."
136968,DON ANTONIO Y FAMILIA S.A.,2025/07,Nafta (súper) entre 92 y 95 Ron,162.99,1.25,"Precio promedio fuera del intervalo de selección 100-5000 ARS por unidad. Umbral didáctico, no prueba de error."
136969,DON ANTONIO Y FAMILIA S.A.,2025/07,Gas Oil Grado 3,87.84,1.42,"Precio promedio fuera del intervalo de selección 100-5000 ARS por unidad. Umbral didáctico, no prueba de error."
158715,DON ANTONIO Y FAMILIA S.A.,2025/08,Gas Oil Grado 3,86.37,1.48,"Precio promedio fuera del intervalo de selección 100-5000 ARS por unidad. Umbral didáctico, no prueba de error."
158716,DON ANTONIO Y FAMILIA S.A.,2025/08,Gas Oil Grado 2,393.46,1.30,"Precio promedio fuera del intervalo de selección 100-5000 ARS por unidad. Umbral didáctico, no prueba de error."
158717,DON ANTONIO Y FAMILIA S.A.,2025/08,Nafta (premium) de más de 95 Ron,51.18,1.56,"Precio promedio fuera del intervalo de selección 100-5000 ARS por unidad. Umbral didáctico, no prueba de error."
158721,DON ANTONIO Y FAMILIA S.A.,2025/08,Nafta (súper) entre 92 y 95 Ron,148.14,1.33,"Precio promedio fuera del intervalo de selección 100-5000 ARS por unidad. Umbral didáctico, no prueba de error."
223984,DON PANTA S.A,2025/11,Nafta (súper) entre 92 y 95 Ron,40803.00,1595.10,"Volumen líquido mayor a 5000 m3 por producto y mes: posible escala o carga; pendiente de revisión, no se corrige."
159082,EDISON GAS S.A.,2025/08,Gas Oil Grado 2,18689.60,1525.00,"Volumen líquido mayor a 5000 m3 por producto y mes: posible escala o carga; pendiente de revisión, no se corrige."
50221,EISEN GNC NECOCHEA S.A.,2025/03,Nafta (premium) de más de 95 Ron,43966.00,1630.00,"Volumen líquido mayor a 5000 m3 por producto y mes: posible escala o carga; pendiente de revisión, no se corrige."
50223,EISEN GNC NECOCHEA S.A.,2025/03,Nafta (súper) entre 92 y 95 Ron,93202.00,1325.50,"Volumen líquido mayor a 5000 m3 por producto y mes: posible escala o carga; pendiente de revisión, no se corrige."
50224,EISEN GNC NECOCHEA S.A.,2025/03,Gas Oil Grado 3,100587.00,1565.00,"Volumen líquido mayor a 5000 m3 por producto y mes: posible escala o carga; pendiente de revisión, no se corrige."
50225,EISEN GNC NECOCHEA S.A.,2025/03,Gas Oil Grado 2,27290.00,1325.00,"Volumen líquido mayor a 5000 m3 por producto y mes: posible escala o carga; pendiente de revisión, no se corrige."
72059,EISEN GNC NECOCHEA S.A.,2025/04,Gas Oil Grado 2,26671.00,1349.00,"Volumen líquido mayor a 5000 m3 por producto y mes: posible escala o carga; pendiente de revisión, no se corrige."
72060,EISEN GNC NECOCHEA S.A.,2025/04,Nafta (súper) entre 92 y 95 Ron,81868.00,1384.00,"Volumen líquido mayor a 5000 m3 por producto y mes: posible escala o carga; pendiente de revisión, no se corrige."
72062,EISEN GNC NECOCHEA S.A.,2025/04,Nafta (premium) de más de 95 Ron,42873.00,1659.00,"Volumen líquido mayor a 5000 m3 por producto y mes: posible escala o carga; pendiente de revisión, no se corrige."
72063,EISEN GNC NECOCHEA S.A.,2025/04,Gas Oil Grado 3,72857.00,1593.00,"Volumen líquido mayor a 5000 m3 por producto y mes: posible escala o carga; pendiente de revisión, no se corrige."
137518,EL CURVON SRL,2025/07,Gas Oil Grado 3,56421.00,1439.97,"Volumen líquido mayor a 5000 m3 por producto y mes: posible escala o carga; pendiente de revisión, no se corrige."
137519,EL CURVON SRL,2025/07,Gas Oil Grado 2,129261.00,1252.32,"Volumen líquido mayor a 5000 m3 por producto y mes: posible escala o carga; pendiente de revisión, no se corrige."
137520,EL CURVON SRL,2025/07,Nafta (súper) entre 92 y 95 Ron,168417.00,1277.53,"Volumen líquido mayor a 5000 m3 por producto y mes: posible escala o carga; pendiente de revisión, no se corrige."
137521,EL CURVON SRL,2025/07,Nafta (premium) de más de 95 Ron,46509.00,1499.32,"Volumen líquido mayor a 5000 m3 por producto y mes: posible escala o carga; pendiente de revisión, no se corrige."
180925,EL CURVON SRL,2025/09,Gas Oil Grado 2,129789.00,1371.14,"Volumen líquido mayor a 5000 m3 por producto y mes: posible escala o carga; pendiente de revisión, no se corrige."
180926,EL CURVON SRL,2025/09,Nafta (premium) de más de 95 Ron,49535.00,1640.58,"Volumen líquido mayor a 5000 m3 por producto y mes: posible escala o carga; pendiente de revisión, no se corrige."
180927,EL CURVON SRL,2025/09,Gas Oil Grado 3,52779.20,1579.78,"Volumen líquido mayor a 5000 m3 por producto y mes: posible escala o carga; pendiente de revisión, no se corrige."
180928,EL CURVON SRL,2025/09,Nafta (súper) entre 92 y 95 Ron,180274.00,1401.58,"Volumen líquido mayor a 5000 m3 por producto y mes: posible escala o carga; pendiente de revisión, no se corrige."
94134,EL PARADOR DE MERCEDES S.A.,2025/05,Gas Oil Grado 2,259909.00,1265.89,"Volumen líquido mayor a 5000 m3 por producto y mes: posible escala o carga; pendiente de revisión, no se corrige."
224800,"EMFACO S,A",2025/11,Nafta (súper) entre 92 y 95 Ron,233625.00,1669.07,"Volumen líquido mayor a 5000 m3 por producto y mes: posible escala o carga; pendiente de revisión, no se corrige."
116164,EMIDAM SRL,2025/06,Gas Oil Grado 3,63541.60,1555.83,"Volumen líquido mayor a 5000 m3 por producto y mes: posible escala o carga; pendiente de revisión, no se corrige."
116168,EMIDAM SRL,2025/06,Nafta (premium) de más de 95 Ron,42462.90,1598.85,"Volumen líquido mayor a 5000 m3 por producto y mes: posible escala o carga; pendiente de revisión, no se corrige."
116171,EMIDAM SRL,2025/06,Gas Oil Grado 2,111353.00,1322.38,"Volumen líquido mayor a 5000 m3 por producto y mes: posible escala o carga; pendiente de revisión, no se corrige."
116173,EMIDAM SRL,2025/06,Nafta (súper) entre 92 y 95 Ron,160664.00,1356.48,"Volumen líquido mayor a 5000 m3 por producto y mes: posible escala o carga; pendiente de revisión, no se corrige."
137898,EMIDAM SRL,2025/07,Gas Oil Grado 2,126648.00,1377.15,"Volumen líquido mayor a 5000 m3 por producto y mes: posible escala o carga; pendiente de revisión, no se corrige."
137907,EMIDAM SRL,2025/07,Nafta (premium) de más de 95 Ron,44347.70,1647.15,"Volumen líquido mayor a 5000 m3 por producto y mes: posible escala o carga; pendiente de revisión, no se corrige."
137909,EMIDAM SRL,2025/07,Nafta (súper) entre 92 y 95 Ron,170393.00,1397.62,"Volumen líquido mayor a 5000 m3 por producto y mes: posible escala o carga; pendiente de revisión, no se corrige."
137910,EMIDAM SRL,2025/07,Gas Oil Grado 3,76058.50,1618.33,"Volumen líquido mayor a 5000 m3 por producto y mes: posible escala o carga; pendiente de revisión, no se corrige."
159646,EMIDAM SRL,2025/08,Gas Oil Grado 3,57270.90,1667.53,"Volumen líquido mayor a 5000 m3 por producto y mes: posible escala o carga; pendiente de revisión, no se corrige."
159652,EMIDAM SRL,2025/08,Nafta (súper) entre 92 y 95 Ron,167105.00,1447.84,"Volumen líquido mayor a 5000 m3 por producto y mes: posible escala o carga; pendiente de revisión, no se corrige."
159656,EMIDAM SRL,2025/08,Gas Oil Grado 2,138368.00,1425.61,"Volumen líquido mayor a 5000 m3 por producto y mes: posible escala o carga; pendiente de revisión, no se corrige."
159659,EMIDAM SRL,2025/08,Nafta (premium) de más de 95 Ron,47401.90,1702.40,"Volumen líquido mayor a 5000 m3 por producto y mes: posible escala o carga; pendiente de revisión, no se corrige."
181312,EMIDAM SRL,2025/09,Gas Oil Grado 2,132499.00,1492.57,"Volumen líquido mayor a 5000 m3 por producto y mes: posible escala o carga; pendiente de revisión, no se corrige."
181313,EMIDAM SRL,2025/09,Gas Oil Grado 3,70203.50,1735.50,"Volumen líquido mayor a 5000 m3 por producto y mes: posible escala o carga; pendiente de revisión, no se corrige."
181314,EMIDAM SRL,2025/09,Nafta (súper) entre 92 y 95 Ron,169666.00,1506.70,"Volumen líquido mayor a 5000 m3 por producto y mes: posible escala o carga; pendiente de revisión, no se corrige."
181315,EMIDAM SRL,2025/09,Nafta (premium) de más de 95 Ron,39972.00,1788.36,"Volumen líquido mayor a 5000 m3 por producto y mes: posible escala o carga; pendiente de revisión, no se corrige."
203109,EMIDAM SRL,2025/10,Gas Oil Grado 2,149037.00,1529.96,"Volumen líquido mayor a 5000 m3 por producto y mes: posible escala o carga; pendiente de revisión, no se corrige."
203122,EMIDAM SRL,2025/10,Gas Oil Grado 3,70039.70,1772.75,"Volumen líquido mayor a 5000 m3 por producto y mes: posible escala o carga; pendiente de revisión, no se corrige."
203124,EMIDAM SRL,2025/10,Nafta (súper) entre 92 y 95 Ron,158786.00,1538.04,"Volumen líquido mayor a 5000 m3 por producto y mes: posible escala o carga; pendiente de revisión, no se corrige."
203126,EMIDAM SRL,2025/10,Nafta (premium) de más de 95 Ron,47358.10,1837.79,"Volumen líquido mayor a 5000 m3 por producto y mes: posible escala o carga; pendiente de revisión, no se corrige."
224852,EMIDAM SRL,2025/11,Nafta (premium) de más de 95 Ron,49473.80,1932.42,"Volumen líquido mayor a 5000 m3 por producto y mes: posible escala o carga; pendiente de revisión, no se corrige."
224856,EMIDAM SRL,2025/11,Gas Oil Grado 2,112699.00,1601.11,"Volumen líquido mayor a 5000 m3 por producto y mes: posible escala o carga; pendiente de revisión, no se corrige."
224857,EMIDAM SRL,2025/11,Gas Oil Grado 3,70479.90,1854.56,"Volumen líquido mayor a 5000 m3 por producto y mes: posible escala o carga; pendiente de revisión, no se corrige."
224858,EMIDAM SRL,2025/11,Nafta (súper) entre 92 y 95 Ron,141325.00,1607.48,"Volumen líquido mayor a 5000 m3 por producto y mes: posible escala o carga; pendiente de revisión, no se corrige."
246553,EMIDAM SRL,2025/12,Gas Oil Grado 2,138417.00,1708.14,"Volumen líquido mayor a 5000 m3 por producto y mes: posible escala o carga; pendiente de revisión, no se corrige."
246555,EMIDAM SRL,2025/12,Gas Oil Grado 3,75041.80,1963.59,"Volumen líquido mayor a 5000 m3 por producto y mes: posible escala o carga; pendiente de revisión, no se corrige."
246562,EMIDAM SRL,2025/12,Nafta (súper) entre 92 y 95 Ron,277116.00,1696.91,"Volumen líquido mayor a 5000 m3 por producto y mes: posible escala o carga; pendiente de revisión, no se corrige."
246571,EMIDAM SRL,2025/12,Nafta (premium) de más de 95 Ron,84802.80,2041.83,"Volumen líquido mayor a 5000 m3 por producto y mes: posible escala o carga; pendiente de revisión, no se corrige."
116159,EMIDAM SRL,2025/06,Gas Oil Grado 2,20091.50,1338.68,"Volumen líquido mayor a 5000 m3 por producto y mes: posible escala o carga; pendiente de revisión, no se corrige."
116162,EMIDAM SRL,2025/06,Nafta (premium) de más de 95 Ron,32401.70,1592.42,"Volumen líquido mayor a 5000 m3 por producto y mes: posible escala o carga; pendiente de revisión, no se corrige."
116165,EMIDAM SRL,2025/06,Gas Oil Grado 3,32889.60,1557.70,"Volumen líquido mayor a 5000 m3 por producto y mes: posible escala o carga; pendiente de revisión, no se corrige."
116169,EMIDAM SRL,2025/06,Nafta (súper) entre 92 y 95 Ron,68278.40,1354.51,"Volumen líquido mayor a 5000 m3 por producto y mes: posible escala o carga; pendiente de revisión, no se corrige."
137903,EMIDAM SRL,2025/07,Gas Oil Grado 2,14094.00,1375.12,"Volumen líquido mayor a 5000 m3 por producto y mes: posible escala o carga; pendiente de revisión, no se corrige."
137904,EMIDAM SRL,2025/07,Nafta (premium) de más de 95 Ron,52026.00,1650.73,"Volumen líquido mayor a 5000 m3 por producto y mes: posible escala o carga; pendiente de revisión, no se corrige."
137911,EMIDAM SRL,2025/07,Gas Oil Grado 3,37410.30,1612.65,"Volumen líquido mayor a 5000 m3 por producto y mes: posible escala o carga; pendiente de revisión, no se corrige."
137912,EMIDAM SRL,2025/07,Nafta (súper) entre 92 y 95 Ron,103946.00,1398.59,"Volumen líquido mayor a 5000 m3 por producto y mes: posible escala o carga; pendiente de revisión, no se corrige."
159649,EMIDAM SRL,2025/08,Nafta (premium) de más de 95 Ron,56069.50,1718.22,"Volumen líquido mayor a 5000 m3 por producto y mes: posible escala o carga; pendiente de revisión, no se corrige."
159658,EMIDAM SRL,2025/08,Gas Oil Grado 3,46389.80,1678.19,"Volumen líquido mayor a 5000 m3 por producto y mes: posible escala o carga; pendiente de revisión, no se corrige."
159660,EMIDAM SRL,2025/08,Gas Oil Grado 2,27250.70,1436.06,"Volumen líquido mayor a 5000 m3 por producto y mes: posible escala o carga; pendiente de revisión, no se corrige."
159661,EMIDAM SRL,2025/08,Nafta (súper) entre 92 y 95 Ron,74763.90,1451.88,"Volumen líquido mayor a 5000 m3 por producto y mes: posible escala o carga; pendiente de revisión, no se corrige."
181306,EMIDAM SRL,2025/09,Nafta (súper) entre 92 y 95 Ron,52800.20,1503.27,"Volumen líquido mayor a 5000 m3 por producto y mes: posible escala o carga; pendiente de revisión, no se corrige."
181309,EMIDAM SRL,2025/09,Gas Oil Grado 2,17565.20,1505.06,"Volumen líquido mayor a 5000 m3 por producto y mes: posible escala o carga; pendiente de revisión, no se corrige."
181323,EMIDAM SRL,2025/09,Nafta (premium) de más de 95 Ron,41146.20,1786.74,"Volumen líquido mayor a 5000 m3 por producto y mes: posible escala o carga; pendiente de revisión, no se corrige."
181324,EMIDAM SRL,2025/09,Gas Oil Grado 3,31883.90,1735.59,"Volumen líquido mayor a 5000 m3 por producto y mes: posible escala o carga; pendiente de revisión, no se corrige."
203106,EMIDAM SRL,2025/10,Nafta (premium) de más de 95 Ron,70973.00,1828.93,"Volumen líquido mayor a 5000 m3 por producto y mes: posible escala o carga; pendiente de revisión, no se corrige."
203117,EMIDAM SRL,2025/10,Gas Oil Grado 3,30840.60,1782.07,"Volumen líquido mayor a 5000 m3 por producto y mes: posible escala o carga; pendiente de revisión, no se corrige."
203118,EMIDAM SRL,2025/10,Gas Oil Grado 2,12239.60,1526.14,"Volumen líquido mayor a 5000 m3 por producto y mes: posible escala o carga; pendiente de revisión, no se corrige."
203121,EMIDAM SRL,2025/10,Nafta (súper) entre 92 y 95 Ron,124223.00,1556.08,"Volumen líquido mayor a 5000 m3 por producto y mes: posible escala o carga; pendiente de revisión, no se corrige."
224838,EMIDAM SRL,2025/11,Nafta (súper) entre 92 y 95 Ron,90276.50,1650.36,"Volumen líquido mayor a 5000 m3 por producto y mes: posible escala o carga; pendiente de revisión, no se corrige."
224851,EMIDAM SRL,2025/11,Gas Oil Grado 2,16560.30,1599.47,"Volumen líquido mayor a 5000 m3 por producto y mes: posible escala o carga; pendiente de revisión, no se corrige."
224853,EMIDAM SRL,2025/11,Nafta (premium) de más de 95 Ron,57846.80,1915.39,"Volumen líquido mayor a 5000 m3 por producto y mes: posible escala o carga; pendiente de revisión, no se corrige."
224854,EMIDAM SRL,2025/11,Gas Oil Grado 3,26533.00,1861.17,"Volumen líquido mayor a 5000 m3 por producto y mes: posible escala o carga; pendiente de revisión, no se corrige."
159650,EMIDAM SRL,2025/08,Nafta (súper) entre 92 y 95 Ron,96930.00,1437.49,"Volumen líquido mayor a 5000 m3 por producto y mes: posible escala o carga; pendiente de revisión, no se corrige."
28889,EMIDAM SRL,2025/02,Nafta (súper) entre 92 y 95 Ron,132471.00,1263.28,"Volumen líquido mayor a 5000 m3 por producto y mes: posible escala o carga; pendiente de revisión, no se corrige."
116163,EMIDAM SRL,2025/06,Gas Oil Grado 2,48720.80,1327.78,"Volumen líquido mayor a 5000 m3 por producto y mes: posible escala o carga; pendiente de revisión, no se corrige."
116166,EMIDAM SRL,2025/06,Gas Oil Grado 3,46052.40,1558.62,"Volumen líquido mayor a 5000 m3 por producto y mes: posible escala o carga; pendiente de revisión, no se corrige."
116167,EMIDAM SRL,2025/06,Nafta (súper) entre 92 y 95 Ron,136950.00,1345.36,"Volumen líquido mayor a 5000 m3 por producto y mes: posible escala o carga; pendiente de revisión, no se corrige."
116174,EMIDAM SRL,2025/06,Nafta (premium) de más de 95 Ron,43616.00,1576.19,"Volumen líquido mayor a 5000 m3 por producto y mes: posible escala o carga; pendiente de revisión, no se corrige."
137901,EMIDAM SRL,2025/07,Gas Oil Grado 2,52818.90,1369.52,"Volumen líquido mayor a 5000 m3 por producto y mes: posible escala o carga; pendiente de revisión, no se corrige."
137905,EMIDAM SRL,2025/07,Nafta (premium) de más de 95 Ron,50545.90,1646.86,"Volumen líquido mayor a 5000 m3 por producto y mes: posible escala o carga; pendiente de revisión, no se corrige."
137908,EMIDAM SRL,2025/07,Gas Oil Grado 3,35282.10,1608.45,"Volumen líquido mayor a 5000 m3 por producto y mes: posible escala o carga; pendiente de revisión, no se corrige."
137913,EMIDAM SRL,2025/07,Nafta (súper) entre 92 y 95 Ron,139863.00,1393.78,"Volumen líquido mayor a 5000 m3 por producto y mes: posible escala o carga; pendiente de revisión, no se corrige."
159647,EMIDAM SRL,2025/08,Gas Oil Grado 2,42485.60,1416.14,"Volumen líquido mayor a 5000 m3 por producto y mes: posible escala o carga; pendiente de revisión, no se corrige."
159648,EMIDAM SRL,2025/08,Nafta (premium) de más de 95 Ron,57838.00,1715.78,"Volumen líquido mayor a 5000 m3 por producto y mes: posible escala o carga; pendiente de revisión, no se corrige."
159654,EMIDAM SRL,2025/08,Gas Oil Grado 3,33394.20,1662.70,"Volumen líquido mayor a 5000 m3 por producto y mes: posible escala o carga; pendiente de revisión, no se corrige."
159655,EMIDAM SRL,2025/08,Nafta (súper) entre 92 y 95 Ron,193448.00,1459.75,"Volumen líquido mayor a 5000 m3 por producto y mes: posible escala o carga; pendiente de revisión, no se corrige."
181317,EMIDAM SRL,2025/09,Gas Oil Grado 2,43272.50,1487.89,"Volumen líquido mayor a 5000 m3 por producto y mes: posible escala o carga; pendiente de revisión, no se corrige."
181318,EMIDAM SRL,2025/09,Nafta (premium) de más de 95 Ron,62935.20,1790.58,"Volumen líquido mayor a 5000 m3 por producto y mes: posible escala o carga; pendiente de revisión, no se corrige."
181319,EMIDAM SRL,2025/09,Gas Oil Grado 3,55838.40,1739.39,"Volumen líquido mayor a 5000 m3 por producto y mes: posible escala o carga; pendiente de revisión, no se corrige."
181320,EMIDAM SRL,2025/09,Nafta (súper) entre 92 y 95 Ron,151559.00,1509.51,"Volumen líquido mayor a 5000 m3 por producto y mes: posible escala o carga; pendiente de revisión, no se corrige."
203112,EMIDAM SRL,2025/10,Nafta (súper) entre 92 y 95 Ron,150275.00,1553.98,"Volumen líquido mayor a 5000 m3 por producto y mes: posible escala o carga; pendiente de revisión, no se corrige."
203113,EMIDAM SRL,2025/10,Nafta (premium) de más de 95 Ron,52443.40,1826.66,"Volumen líquido mayor a 5000 m3 por producto y mes: posible escala o carga; pendiente de revisión, no se corrige."
203114,EMIDAM SRL,2025/10,Gas Oil Grado 3,41995.10,1779.85,"Volumen líquido mayor a 5000 m3 por producto y mes: posible escala o carga; pendiente de revisión, no se corrige."
203125,EMIDAM SRL,2025/10,Gas Oil Grado 2,37865.80,1525.66,"Volumen líquido mayor a 5000 m3 por producto y mes: posible escala o carga; pendiente de revisión, no se corrige."
224840,EMIDAM SRL,2025/11,Nafta (premium) de más de 95 Ron,62802.00,1918.00,"Volumen líquido mayor a 5000 m3 por producto y mes: posible escala o carga; pendiente de revisión, no se corrige."
224841,EMIDAM SRL,2025/11,Gas Oil Grado 2,29961.80,1567.82,"Volumen líquido mayor a 5000 m3 por producto y mes: posible escala o carga; pendiente de revisión, no se corrige."
224842,EMIDAM SRL,2025/11,Gas Oil Grado 3,40306.30,1858.59,"Volumen líquido mayor a 5000 m3 por producto y mes: posible escala o carga; pendiente de revisión, no se corrige."
224844,EMIDAM SRL,2025/11,Nafta (súper) entre 92 y 95 Ron,159274.00,1646.66,"Volumen líquido mayor a 5000 m3 por producto y mes: posible escala o carga; pendiente de revisión, no se corrige."
246557,EMIDAM SRL,2025/12,Gas Oil Grado 3,49809.00,1985.47,"Volumen líquido mayor a 5000 m3 por producto y mes: posible escala o carga; pendiente de revisión, no se corrige."
246563,EMIDAM SRL,2025/12,Nafta (súper) entre 92 y 95 Ron,189554.00,1749.73,"Volumen líquido mayor a 5000 m3 por producto y mes: posible escala o carga; pendiente de revisión, no se corrige."
246568,EMIDAM SRL,2025/12,Nafta (premium) de más de 95 Ron,93474.20,1998.80,"Volumen líquido mayor a 5000 m3 por producto y mes: posible escala o carga; pendiente de revisión, no se corrige."
246569,EMIDAM SRL,2025/12,Gas Oil Grado 2,35170.10,1697.58,"Volumen líquido mayor a 5000 m3 por producto y mes: posible escala o carga; pendiente de revisión, no se corrige."
7054,ENERGIA Y SERVICIOS S.A.,2025/01,Gas Oil Grado 2,162076.00,1236.50,"Volumen líquido mayor a 5000 m3 por producto y mes: posible escala o carga; pendiente de revisión, no se corrige."
181441,ENERSE S.A.,2025/09,Nafta (súper) entre 92 y 95 Ron,110.00,1.51,"Precio promedio fuera del intervalo de selección 100-5000 ARS por unidad. Umbral didáctico, no prueba de error."
181442,ENERSE S.A.,2025/09,Nafta (premium) de más de 95 Ron,64.00,1.80,"Precio promedio fuera del intervalo de selección 100-5000 ARS por unidad. Umbral didáctico, no prueba de error."
181443,ENERSE S.A.,2025/09,Gas Oil Grado 3,226.00,1.76,"Precio promedio fuera del intervalo de selección 100-5000 ARS por unidad. Umbral didáctico, no prueba de error."
181444,ENERSE S.A.,2025/09,Gas Oil Grado 2,210.00,1.49,"Precio promedio fuera del intervalo de selección 100-5000 ARS por unidad. Umbral didáctico, no prueba de error."
29125,ERMA SERVICE SA,2025/02,Nafta (súper) entre 92 y 95 Ron,129331.00,1238.89,"Volumen líquido mayor a 5000 m3 por producto y mes: posible escala o carga; pendiente de revisión, no se corrige."
72839,ESGOS SA,2025/04,Nafta (súper) entre 92 y 95 Ron,18863.00,1275.00,"Volumen líquido mayor a 5000 m3 por producto y mes: posible escala o carga; pendiente de revisión, no se corrige."
72827,ESGOS SA,2025/04,Nafta (súper) entre 92 y 95 Ron,163773.00,1258.00,"Volumen líquido mayor a 5000 m3 por producto y mes: posible escala o carga; pendiente de revisión, no se corrige."
72835,ESGOS SA,2025/04,Nafta (premium) de más de 95 Ron,51208.00,1536.00,"Volumen líquido mayor a 5000 m3 por producto y mes: posible escala o carga; pendiente de revisión, no se corrige."
72836,ESGOS SA,2025/04,Gas Oil Grado 3,28537.00,1508.00,"Volumen líquido mayor a 5000 m3 por producto y mes: posible escala o carga; pendiente de revisión, no se corrige."
72841,ESGOS SA,2025/04,Gas Oil Grado 2,25131.00,1246.00,"Volumen líquido mayor a 5000 m3 por producto y mes: posible escala o carga; pendiente de revisión, no se corrige."
72830,ESGOS SA,2025/04,Nafta (súper) entre 92 y 95 Ron,132884.00,1258.00,"Volumen líquido mayor a 5000 m3 por producto y mes: posible escala o carga; pendiente de revisión, no se corrige."
72832,ESGOS SA,2025/04,Nafta (premium) de más de 95 Ron,34524.00,1536.00,"Volumen líquido mayor a 5000 m3 por producto y mes: posible escala o carga; pendiente de revisión, no se corrige."
72833,ESGOS SA,2025/04,Gas Oil Grado 3,34884.00,1508.00,"Volumen líquido mayor a 5000 m3 por producto y mes: posible escala o carga; pendiente de revisión, no se corrige."
72834,ESGOS SA,2025/04,Gas Oil Grado 2,45993.00,1246.00,"Volumen líquido mayor a 5000 m3 por producto y mes: posible escala o carga; pendiente de revisión, no se corrige."
72871,ESPYMA S.R.L.,2025/04,Nafta (súper) entre 92 y 95 Ron,38000.00,1202.00,"Volumen líquido mayor a 5000 m3 por producto y mes: posible escala o carga; pendiente de revisión, no se corrige."
72873,ESPYMA S.R.L.,2025/04,Gas Oil Grado 2,38000.00,1202.00,"Volumen líquido mayor a 5000 m3 por producto y mes: posible escala o carga; pendiente de revisión, no se corrige."
30001,ESTACIÓN SAN CAYETANO DEL OESTE S.A.,2025/02,Nafta (súper) entre 92 y 95 Ron,36969300.00,1201.00,"Volumen líquido mayor a 5000 m3 por producto y mes: posible escala o carga; pendiente de revisión, no se corrige."
30002,ESTACIÓN SAN CAYETANO DEL OESTE S.A.,2025/02,Gas Oil Grado 2,355041000.00,1192.00,"Volumen líquido mayor a 5000 m3 por producto y mes: posible escala o carga; pendiente de revisión, no se corrige."
30003,ESTACIÓN SAN CAYETANO DEL OESTE S.A.,2025/02,Nafta (premium) de más de 95 Ron,4635880.00,1480.00,"Volumen líquido mayor a 5000 m3 por producto y mes: posible escala o carga; pendiente de revisión, no se corrige."
30004,ESTACIÓN SAN CAYETANO DEL OESTE S.A.,2025/02,Gas Oil Grado 3,113923000.00,1447.00,"Volumen líquido mayor a 5000 m3 por producto y mes: posible escala o carga; pendiente de revisión, no se corrige."
117266,ESTACIÓN SAN CAYETANO DEL OESTE S.A.,2025/06,Gas Oil Grado 2,17055.10,1218.90,"Volumen líquido mayor a 5000 m3 por producto y mes: posible escala o carga; pendiente de revisión, no se corrige."
160793,EST. DE SERVICIO PUNTA CHICA SRL,2025/08,Nafta (premium) de más de 95 Ron,71608.00,1549.48,"Volumen líquido mayor a 5000 m3 por producto y mes: posible escala o carga; pendiente de revisión, no se corrige."
160794,EST. DE SERVICIO PUNTA CHICA SRL,2025/08,Nafta (súper) entre 92 y 95 Ron,185304.00,1312.42,"Volumen líquido mayor a 5000 m3 por producto y mes: posible escala o carga; pendiente de revisión, no se corrige."
160795,EST. DE SERVICIO PUNTA CHICA SRL,2025/08,Gas Oil Grado 3,35576.00,1494.68,"Volumen líquido mayor a 5000 m3 por producto y mes: posible escala o carga; pendiente de revisión, no se corrige."
182448,EST. DE SERVICIO PUNTA CHICA SRL,2025/09,Gas Oil Grado 3,33666.00,1552.55,"Volumen líquido mayor a 5000 m3 por producto y mes: posible escala o carga; pendiente de revisión, no se corrige."
182449,EST. DE SERVICIO PUNTA CHICA SRL,2025/09,Nafta (premium) de más de 95 Ron,69611.00,1624.52,"Volumen líquido mayor a 5000 m3 por producto y mes: posible escala o carga; pendiente de revisión, no se corrige."
182450,EST. DE SERVICIO PUNTA CHICA SRL,2025/09,Nafta (súper) entre 92 y 95 Ron,177686.00,1376.42,"Volumen líquido mayor a 5000 m3 por producto y mes: posible escala o carga; pendiente de revisión, no se corrige."
204245,EST. DE SERVICIO PUNTA CHICA SRL,2025/10,Nafta (súper) entre 92 y 95 Ron,200436.00,1420.00,"Volumen líquido mayor a 5000 m3 por producto y mes: posible escala o carga; pendiente de revisión, no se corrige."
204246,EST. DE SERVICIO PUNTA CHICA SRL,2025/10,Nafta (premium) de más de 95 Ron,78157.00,1667.45,"Volumen líquido mayor a 5000 m3 por producto y mes: posible escala o carga; pendiente de revisión, no se corrige."
204247,EST. DE SERVICIO PUNTA CHICA SRL,2025/10,Gas Oil Grado 3,39263.00,1599.42,"Volumen líquido mayor a 5000 m3 por producto y mes: posible escala o carga; pendiente de revisión, no se corrige."
225980,EST. DE SERVICIO PUNTA CHICA SRL,2025/11,Nafta (súper) entre 92 y 95 Ron,191912.00,1480.55,"Volumen líquido mayor a 5000 m3 por producto y mes: posible escala o carga; pendiente de revisión, no se corrige."
225981,EST. DE SERVICIO PUNTA CHICA SRL,2025/11,Nafta (premium) de más de 95 Ron,76237.00,1729.35,"Volumen líquido mayor a 5000 m3 por producto y mes: posible escala o carga; pendiente de revisión, no se corrige."
225982,EST. DE SERVICIO PUNTA CHICA SRL,2025/11,Gas Oil Grado 3,36500.00,1653.74,"Volumen líquido mayor a 5000 m3 por producto y mes: posible escala o carga; pendiente de revisión, no se corrige."
247701,EST. DE SERVICIO PUNTA CHICA SRL,2025/12,Nafta (súper) entre 92 y 95 Ron,210616.00,1592.16,"Volumen líquido mayor a 5000 m3 por producto y mes: posible escala o carga; pendiente de revisión, no se corrige."
247702,EST. DE SERVICIO PUNTA CHICA SRL,2025/12,Nafta (premium) de más de 95 Ron,87156.00,1729.77,"Volumen líquido mayor a 5000 m3 por producto y mes: posible escala o carga; pendiente de revisión, no se corrige."
247703,EST. DE SERVICIO PUNTA CHICA SRL,2025/12,Gas Oil Grado 3,43748.00,1763.39,"Volumen líquido mayor a 5000 m3 por producto y mes: posible escala o carga; pendiente de revisión, no se corrige."
226134,FARMEX SAIC,2025/11,Gas Oil Grado 2,30509.30,1486.23,"Volumen líquido mayor a 5000 m3 por producto y mes: posible escala o carga; pendiente de revisión, no se corrige."
226135,FARMEX SAIC,2025/11,Nafta (premium) de más de 95 Ron,144318.00,1748.88,"Volumen líquido mayor a 5000 m3 por producto y mes: posible escala o carga; pendiente de revisión, no se corrige."
74038,FIGARRA ROBERTO,2025/04,Nafta (súper) entre 92 y 95 Ron,95177.50,1295.76,"Volumen líquido mayor a 5000 m3 por producto y mes: posible escala o carga; pendiente de revisión, no se corrige."
74039,FIGARRA ROBERTO,2025/04,Gas Oil Grado 2,35775.40,1286.89,"Volumen líquido mayor a 5000 m3 por producto y mes: posible escala o carga; pendiente de revisión, no se corrige."
74040,FIGARRA ROBERTO,2025/04,Nafta (premium) de más de 95 Ron,23974.80,1550.44,"Volumen líquido mayor a 5000 m3 por producto y mes: posible escala o carga; pendiente de revisión, no se corrige."
74041,FIGARRA ROBERTO,2025/04,Gas Oil Grado 3,34955.00,1523.19,"Volumen líquido mayor a 5000 m3 por producto y mes: posible escala o carga; pendiente de revisión, no se corrige."
117672,FIGARRA ROBERTO,2025/06,Gas Oil Grado 3,40905.40,1478.54,"Volumen líquido mayor a 5000 m3 por producto y mes: posible escala o carga; pendiente de revisión, no se corrige."
117673,FIGARRA ROBERTO,2025/06,Gas Oil Grado 2,41772.70,1313.04,"Volumen líquido mayor a 5000 m3 por producto y mes: posible escala o carga; pendiente de revisión, no se corrige."
117674,FIGARRA ROBERTO,2025/06,Nafta (súper) entre 92 y 95 Ron,101112.00,1319.55,"Volumen líquido mayor a 5000 m3 por producto y mes: posible escala o carga; pendiente de revisión, no se corrige."
117675,FIGARRA ROBERTO,2025/06,Nafta (premium) de más de 95 Ron,23711.50,1519.91,"Volumen líquido mayor a 5000 m3 por producto y mes: posible escala o carga; pendiente de revisión, no se corrige."
139404,FIGARRA ROBERTO,2025/07,Nafta (súper) entre 92 y 95 Ron,104074.00,1375.52,"Volumen líquido mayor a 5000 m3 por producto y mes: posible escala o carga; pendiente de revisión, no se corrige."
139405,FIGARRA ROBERTO,2025/07,Gas Oil Grado 3,40133.30,1565.62,"Volumen líquido mayor a 5000 m3 por producto y mes: posible escala o carga; pendiente de revisión, no se corrige."
139406,FIGARRA ROBERTO,2025/07,Nafta (premium) de más de 95 Ron,33778.10,1613.40,"Volumen líquido mayor a 5000 m3 por producto y mes: posible escala o carga; pendiente de revisión, no se corrige."
139407,FIGARRA ROBERTO,2025/07,Gas Oil Grado 2,29334.40,1383.48,"Volumen líquido mayor a 5000 m3 por producto y mes: posible escala o carga; pendiente de revisión, no se corrige."
226348,FIGARRA ROBERTO,2025/11,Gas Oil Grado 2,26481.10,1626.14,"Volumen líquido mayor a 5000 m3 por producto y mes: posible escala o carga; pendiente de revisión, no se corrige."
226349,FIGARRA ROBERTO,2025/11,Gas Oil Grado 3,31849.60,1795.55,"Volumen líquido mayor a 5000 m3 por producto y mes: posible escala o carga; pendiente de revisión, no se corrige."
226350,FIGARRA ROBERTO,2025/11,Nafta (premium) de más de 95 Ron,26142.60,1809.79,"Volumen líquido mayor a 5000 m3 por producto y mes: posible escala o carga; pendiente de revisión, no se corrige."
226351,FIGARRA ROBERTO,2025/11,Nafta (súper) entre 92 y 95 Ron,93125.60,1599.76,"Volumen líquido mayor a 5000 m3 por producto y mes: posible escala o carga; pendiente de revisión, no se corrige."
248079,FIGARRA ROBERTO,2025/12,Nafta (premium) de más de 95 Ron,32466.40,1923.28,"Volumen líquido mayor a 5000 m3 por producto y mes: posible escala o carga; pendiente de revisión, no se corrige."
248080,FIGARRA ROBERTO,2025/12,Gas Oil Grado 2,31822.70,1751.15,"Volumen líquido mayor a 5000 m3 por producto y mes: posible escala o carga; pendiente de revisión, no se corrige."
248081,FIGARRA ROBERTO,2025/12,Gas Oil Grado 3,39418.10,1928.70,"Volumen líquido mayor a 5000 m3 por producto y mes: posible escala o carga; pendiente de revisión, no se corrige."
248082,FIGARRA ROBERTO,2025/12,Nafta (súper) entre 92 y 95 Ron,107773.00,1695.34,"Volumen líquido mayor a 5000 m3 por producto y mes: posible escala o carga; pendiente de revisión, no se corrige."
96173,GARCIA SA,2025/05,Gas Oil Grado 2,8639.00,1282.00,"Volumen líquido mayor a 5000 m3 por producto y mes: posible escala o carga; pendiente de revisión, no se corrige."
96174,GARCIA SA,2025/05,Gas Oil Grado 3,10153.00,1483.00,"Volumen líquido mayor a 5000 m3 por producto y mes: posible escala o carga; pendiente de revisión, no se corrige."
96175,GARCIA SA,2025/05,Nafta (premium) de más de 95 Ron,27746.00,1520.00,"Volumen líquido mayor a 5000 m3 por producto y mes: posible escala o carga; pendiente de revisión, no se corrige."
96176,GARCIA SA,2025/05,Nafta (súper) entre 92 y 95 Ron,45361.60,1237.00,"Volumen líquido mayor a 5000 m3 por producto y mes: posible escala o carga; pendiente de revisión, no se corrige."
9131,GENEPLUS SRL,2025/01,Gas Oil Grado 2,62260.00,1255.00,"Volumen líquido mayor a 5000 m3 por producto y mes: posible escala o carga; pendiente de revisión, no se corrige."
9133,GENEPLUS SRL,2025/01,Gas Oil Grado 3,27623.00,1479.00,"Volumen líquido mayor a 5000 m3 por producto y mes: posible escala o carga; pendiente de revisión, no se corrige."
9134,GENEPLUS SRL,2025/01,Nafta (súper) entre 92 y 95 Ron,125874.00,1228.00,"Volumen líquido mayor a 5000 m3 por producto y mes: posible escala o carga; pendiente de revisión, no se corrige."
9135,GENEPLUS SRL,2025/01,Nafta (premium) de más de 95 Ron,26108.00,1499.00,"Volumen líquido mayor a 5000 m3 por producto y mes: posible escala o carga; pendiente de revisión, no se corrige."
31032,GENEPLUS SRL,2025/02,Gas Oil Grado 3,24888.00,1509.00,"Volumen líquido mayor a 5000 m3 por producto y mes: posible escala o carga; pendiente de revisión, no se corrige."
31033,GENEPLUS SRL,2025/02,Gas Oil Grado 2,61137.00,1280.00,"Volumen líquido mayor a 5000 m3 por producto y mes: posible escala o carga; pendiente de revisión, no se corrige."
31034,GENEPLUS SRL,2025/02,Nafta (premium) de más de 95 Ron,25917.00,1537.00,"Volumen líquido mayor a 5000 m3 por producto y mes: posible escala o carga; pendiente de revisión, no se corrige."
31036,GENEPLUS SRL,2025/02,Nafta (súper) entre 92 y 95 Ron,118997.00,1253.00,"Volumen líquido mayor a 5000 m3 por producto y mes: posible escala o carga; pendiente de revisión, no se corrige."
52837,GENEPLUS SRL,2025/03,Gas Oil Grado 2,72047.00,1306.00,"Volumen líquido mayor a 5000 m3 por producto y mes: posible escala o carga; pendiente de revisión, no se corrige."
52838,GENEPLUS SRL,2025/03,Gas Oil Grado 3,33677.00,1538.00,"Volumen líquido mayor a 5000 m3 por producto y mes: posible escala o carga; pendiente de revisión, no se corrige."
52839,GENEPLUS SRL,2025/03,Nafta (premium) de más de 95 Ron,31240.00,1567.00,"Volumen líquido mayor a 5000 m3 por producto y mes: posible escala o carga; pendiente de revisión, no se corrige."
52841,GENEPLUS SRL,2025/03,Nafta (súper) entre 92 y 95 Ron,147408.00,1278.00,"Volumen líquido mayor a 5000 m3 por producto y mes: posible escala o carga; pendiente de revisión, no se corrige."
74667,GENEPLUS SRL,2025/04,Gas Oil Grado 3,38750.00,1564.00,"Volumen líquido mayor a 5000 m3 por producto y mes: posible escala o carga; pendiente de revisión, no se corrige."
74668,GENEPLUS SRL,2025/04,Gas Oil Grado 2,72230.00,1328.00,"Volumen líquido mayor a 5000 m3 por producto y mes: posible escala o carga; pendiente de revisión, no se corrige."
74669,GENEPLUS SRL,2025/04,Nafta (súper) entre 92 y 95 Ron,140293.00,1299.00,"Volumen líquido mayor a 5000 m3 por producto y mes: posible escala o carga; pendiente de revisión, no se corrige."
74671,GENEPLUS SRL,2025/04,Nafta (premium) de más de 95 Ron,29500.00,1594.00,"Volumen líquido mayor a 5000 m3 por producto y mes: posible escala o carga; pendiente de revisión, no se corrige."
96478,GENEPLUS SRL,2025/05,Gas Oil Grado 2,75541.00,1310.00,"Volumen líquido mayor a 5000 m3 por producto y mes: posible escala o carga; pendiente de revisión, no se corrige."
96479,GENEPLUS SRL,2025/05,Gas Oil Grado 3,31255.00,1512.00,"Volumen líquido mayor a 5000 m3 por producto y mes: posible escala o carga; pendiente de revisión, no se corrige."
96481,GENEPLUS SRL,2025/05,Nafta (súper) entre 92 y 95 Ron,140619.00,1274.00,"Volumen líquido mayor a 5000 m3 por producto y mes: posible escala o carga; pendiente de revisión, no se corrige."
96482,GENEPLUS SRL,2025/05,Nafta (premium) de más de 95 Ron,33183.00,1543.00,"Volumen líquido mayor a 5000 m3 por producto y mes: posible escala o carga; pendiente de revisión, no se corrige."
118305,GENEPLUS SRL,2025/06,Nafta (súper) entre 92 y 95 Ron,143860.00,1354.00,"Volumen líquido mayor a 5000 m3 por producto y mes: posible escala o carga; pendiente de revisión, no se corrige."
118306,GENEPLUS SRL,2025/06,Nafta (premium) de más de 95 Ron,30564.00,1638.00,"Volumen líquido mayor a 5000 m3 por producto y mes: posible escala o carga; pendiente de revisión, no se corrige."
118307,GENEPLUS SRL,2025/06,Gas Oil Grado 2,76264.00,1395.00,"Volumen líquido mayor a 5000 m3 por producto y mes: posible escala o carga; pendiente de revisión, no se corrige."
118308,GENEPLUS SRL,2025/06,Gas Oil Grado 3,33424.00,1607.00,"Volumen líquido mayor a 5000 m3 por producto y mes: posible escala o carga; pendiente de revisión, no se corrige."
140040,GENEPLUS SRL,2025/07,Gas Oil Grado 3,37331.00,1599.00,"Volumen líquido mayor a 5000 m3 por producto y mes: posible escala o carga; pendiente de revisión, no se corrige."
140041,GENEPLUS SRL,2025/07,Nafta (súper) entre 92 y 95 Ron,147740.00,1353.00,"Volumen líquido mayor a 5000 m3 por producto y mes: posible escala o carga; pendiente de revisión, no se corrige."
140043,GENEPLUS SRL,2025/07,Nafta (premium) de más de 95 Ron,30910.00,1629.00,"Volumen líquido mayor a 5000 m3 por producto y mes: posible escala o carga; pendiente de revisión, no se corrige."
140044,GENEPLUS SRL,2025/07,Gas Oil Grado 2,75763.00,1393.00,"Volumen líquido mayor a 5000 m3 por producto y mes: posible escala o carga; pendiente de revisión, no se corrige."
161788,GENEPLUS SRL,2025/08,Gas Oil Grado 3,36230.00,1683.00,"Volumen líquido mayor a 5000 m3 por producto y mes: posible escala o carga; pendiente de revisión, no se corrige."
161789,GENEPLUS SRL,2025/08,Nafta (súper) entre 92 y 95 Ron,147781.00,1435.00,"Volumen líquido mayor a 5000 m3 por producto y mes: posible escala o carga; pendiente de revisión, no se corrige."
161790,GENEPLUS SRL,2025/08,Nafta (premium) de más de 95 Ron,35463.00,1722.00,"Volumen líquido mayor a 5000 m3 por producto y mes: posible escala o carga; pendiente de revisión, no se corrige."
161791,GENEPLUS SRL,2025/08,Gas Oil Grado 2,71454.00,1473.00,"Volumen líquido mayor a 5000 m3 por producto y mes: posible escala o carga; pendiente de revisión, no se corrige."
183448,GENEPLUS SRL,2025/09,Gas Oil Grado 2,74735.00,1499.00,"Volumen líquido mayor a 5000 m3 por producto y mes: posible escala o carga; pendiente de revisión, no se corrige."
183449,GENEPLUS SRL,2025/09,Nafta (súper) entre 92 y 95 Ron,147971.00,1479.00,"Volumen líquido mayor a 5000 m3 por producto y mes: posible escala o carga; pendiente de revisión, no se corrige."
183450,GENEPLUS SRL,2025/09,Gas Oil Grado 3,34261.00,1709.00,"Volumen líquido mayor a 5000 m3 por producto y mes: posible escala o carga; pendiente de revisión, no se corrige."
183451,GENEPLUS SRL,2025/09,Nafta (premium) de más de 95 Ron,31332.00,1769.00,"Volumen líquido mayor a 5000 m3 por producto y mes: posible escala o carga; pendiente de revisión, no se corrige."
205247,GENEPLUS SRL,2025/10,Nafta (premium) de más de 95 Ron,34865.00,1839.00,"Volumen líquido mayor a 5000 m3 por producto y mes: posible escala o carga; pendiente de revisión, no se corrige."
205248,GENEPLUS SRL,2025/10,Gas Oil Grado 3,37691.00,1779.00,"Volumen líquido mayor a 5000 m3 por producto y mes: posible escala o carga; pendiente de revisión, no se corrige."
205250,GENEPLUS SRL,2025/10,Gas Oil Grado 2,80569.00,1557.00,"Volumen líquido mayor a 5000 m3 por producto y mes: posible escala o carga; pendiente de revisión, no se corrige."
205251,GENEPLUS SRL,2025/10,Nafta (súper) entre 92 y 95 Ron,159954.00,1519.00,"Volumen líquido mayor a 5000 m3 por producto y mes: posible escala o carga; pendiente de revisión, no se corrige."
226982,GENEPLUS SRL,2025/11,Gas Oil Grado 3,36075.00,1869.00,"Volumen líquido mayor a 5000 m3 por producto y mes: posible escala o carga; pendiente de revisión, no se corrige."
226983,GENEPLUS SRL,2025/11,Gas Oil Grado 2,84007.00,1687.00,"Volumen líquido mayor a 5000 m3 por producto y mes: posible escala o carga; pendiente de revisión, no se corrige."
226984,GENEPLUS SRL,2025/11,Nafta (premium) de más de 95 Ron,34531.00,1939.00,"Volumen líquido mayor a 5000 m3 por producto y mes: posible escala o carga; pendiente de revisión, no se corrige."
226986,GENEPLUS SRL,2025/11,Nafta (súper) entre 92 y 95 Ron,155229.00,1629.00,"Volumen líquido mayor a 5000 m3 por producto y mes: posible escala o carga; pendiente de revisión, no se corrige."
248712,GENEPLUS SRL,2025/12,Nafta (premium) de más de 95 Ron,38214.00,2019.00,"Volumen líquido mayor a 5000 m3 por producto y mes: posible escala o carga; pendiente de revisión, no se corrige."
248713,GENEPLUS SRL,2025/12,Nafta (súper) entre 92 y 95 Ron,171918.00,1709.00,"Volumen líquido mayor a 5000 m3 por producto y mes: posible escala o carga; pendiente de revisión, no se corrige."
248714,GENEPLUS SRL,2025/12,Gas Oil Grado 3,34886.00,1949.00,"Volumen líquido mayor a 5000 m3 por producto y mes: posible escala o carga; pendiente de revisión, no se corrige."
248715,GENEPLUS SRL,2025/12,Gas Oil Grado 2,65910.00,1807.00,"Volumen líquido mayor a 5000 m3 por producto y mes: posible escala o carga; pendiente de revisión, no se corrige."
74781,GESTION A&F S.A.,2025/04,Nafta (súper) entre 92 y 95 Ron,41254.40,1230.61,"Volumen líquido mayor a 5000 m3 por producto y mes: posible escala o carga; pendiente de revisión, no se corrige."
74782,GESTION A&F S.A.,2025/04,Gas Oil Grado 2,15427.60,1222.97,"Volumen líquido mayor a 5000 m3 por producto y mes: posible escala o carga; pendiente de revisión, no se corrige."
9256,GIANESE EDUARDO DANIEL,2025/01,Nafta (premium) de más de 95 Ron,51.58,1.48,"Precio promedio fuera del intervalo de selección 100-5000 ARS por unidad. Umbral didáctico, no prueba de error."
9257,GIANESE EDUARDO DANIEL,2025/01,Nafta (súper) entre 92 y 95 Ron,119.38,1.20,"Precio promedio fuera del intervalo de selección 100-5000 ARS por unidad. Umbral didáctico, no prueba de error."
9258,GIANESE EDUARDO DANIEL,2025/01,Gas Oil Grado 3,20.50,1.45,"Precio promedio fuera del intervalo de selección 100-5000 ARS por unidad. Umbral didáctico, no prueba de error."
9259,GIANESE EDUARDO DANIEL,2025/01,Gas Oil Grado 2,12.87,1.23,"Precio promedio fuera del intervalo de selección 100-5000 ARS por unidad. Umbral didáctico, no prueba de error."
31160,GIANESE EDUARDO DANIEL,2025/02,Nafta (premium) de más de 95 Ron,48.20,1.51,"Precio promedio fuera del intervalo de selección 100-5000 ARS por unidad. Umbral didáctico, no prueba de error."
31161,GIANESE EDUARDO DANIEL,2025/02,Nafta (súper) entre 92 y 95 Ron,118.75,1.23,"Precio promedio fuera del intervalo de selección 100-5000 ARS por unidad. Umbral didáctico, no prueba de error."
31162,GIANESE EDUARDO DANIEL,2025/02,Gas Oil Grado 3,19.87,1.48,"Precio promedio fuera del intervalo de selección 100-5000 ARS por unidad. Umbral didáctico, no prueba de error."
31163,GIANESE EDUARDO DANIEL,2025/02,Gas Oil Grado 2,6.88,1.26,"Precio promedio fuera del intervalo de selección 100-5000 ARS por unidad. Umbral didáctico, no prueba de error."
52965,GIANESE EDUARDO DANIEL,2025/03,Nafta (premium) de más de 95 Ron,62.93,1.54,"Precio promedio fuera del intervalo de selección 100-5000 ARS por unidad. Umbral didáctico, no prueba de error."
52966,GIANESE EDUARDO DANIEL,2025/03,Gas Oil Grado 2,14.06,1.28,"Precio promedio fuera del intervalo de selección 100-5000 ARS por unidad. Umbral didáctico, no prueba de error."
52967,GIANESE EDUARDO DANIEL,2025/03,Nafta (súper) entre 92 y 95 Ron,136.18,1.25,"Precio promedio fuera del intervalo de selección 100-5000 ARS por unidad. Umbral didáctico, no prueba de error."
52968,GIANESE EDUARDO DANIEL,2025/03,GNC,87368.00,50,"Precio promedio fuera del intervalo de selección 100-5000 ARS por unidad. Umbral didáctico, no prueba de error."
52969,GIANESE EDUARDO DANIEL,2025/03,Gas Oil Grado 3,22.27,1.51,"Precio promedio fuera del intervalo de selección 100-5000 ARS por unidad. Umbral didáctico, no prueba de error."
74794,GIANESE EDUARDO DANIEL,2025/04,Nafta (premium) de más de 95 Ron,55.66,1.57,"Precio promedio fuera del intervalo de selección 100-5000 ARS por unidad. Umbral didáctico, no prueba de error."
74795,GIANESE EDUARDO DANIEL,2025/04,GNC,88105.00,50,"Precio promedio fuera del intervalo de selección 100-5000 ARS por unidad. Umbral didáctico, no prueba de error."
74796,GIANESE EDUARDO DANIEL,2025/04,Gas Oil Grado 3,21.19,1.54,"Precio promedio fuera del intervalo de selección 100-5000 ARS por unidad. Umbral didáctico, no prueba de error."
74797,GIANESE EDUARDO DANIEL,2025/04,Gas Oil Grado 2,15.39,1.30,"Precio promedio fuera del intervalo de selección 100-5000 ARS por unidad. Umbral didáctico, no prueba de error."
74798,GIANESE EDUARDO DANIEL,2025/04,Nafta (súper) entre 92 y 95 Ron,133.88,1.26,"Precio promedio fuera del intervalo de selección 100-5000 ARS por unidad. Umbral didáctico, no prueba de error."
96605,GIANESE EDUARDO DANIEL,2025/05,Nafta (premium) de más de 95 Ron,61.51,1.55,"Precio promedio fuera del intervalo de selección 100-5000 ARS por unidad. Umbral didáctico, no prueba de error."
96606,GIANESE EDUARDO DANIEL,2025/05,Gas Oil Grado 2,14.56,1.29,"Precio promedio fuera del intervalo de selección 100-5000 ARS por unidad. Umbral didáctico, no prueba de error."
96607,GIANESE EDUARDO DANIEL,2025/05,Gas Oil Grado 3,21.84,1.51,"Precio promedio fuera del intervalo de selección 100-5000 ARS por unidad. Umbral didáctico, no prueba de error."
96608,GIANESE EDUARDO DANIEL,2025/05,GNC,97115.00,50,"Precio promedio fuera del intervalo de selección 100-5000 ARS por unidad. Umbral didáctico, no prueba de error."
96609,GIANESE EDUARDO DANIEL,2025/05,Nafta (súper) entre 92 y 95 Ron,116.84,1.25,"Precio promedio fuera del intervalo de selección 100-5000 ARS por unidad. Umbral didáctico, no prueba de error."
118429,GIANESE EDUARDO DANIEL,2025/06,Nafta (súper) entre 92 y 95 Ron,125.60,1.29,"Precio promedio fuera del intervalo de selección 100-5000 ARS por unidad. Umbral didáctico, no prueba de error."
118430,GIANESE EDUARDO DANIEL,2025/06,Nafta (premium) de más de 95 Ron,55.53,1.57,"Precio promedio fuera del intervalo de selección 100-5000 ARS por unidad. Umbral didáctico, no prueba de error."
118431,GIANESE EDUARDO DANIEL,2025/06,GNC,91718.00,50,"Precio promedio fuera del intervalo de selección 100-5000 ARS por unidad. Umbral didáctico, no prueba de error."
118432,GIANESE EDUARDO DANIEL,2025/06,Gas Oil Grado 3,22.32,1.53,"Precio promedio fuera del intervalo de selección 100-5000 ARS por unidad. Umbral didáctico, no prueba de error."
118433,GIANESE EDUARDO DANIEL,2025/06,Gas Oil Grado 2,11.84,1.33,"Precio promedio fuera del intervalo de selección 100-5000 ARS por unidad. Umbral didáctico, no prueba de error."
140166,GIANESE EDUARDO DANIEL,2025/07,Gas Oil Grado 2,11.78,1.36,"Precio promedio fuera del intervalo de selección 100-5000 ARS por unidad. Umbral didáctico, no prueba de error."
140167,GIANESE EDUARDO DANIEL,2025/07,Nafta (súper) entre 92 y 95 Ron,129.48,1.33,"Precio promedio fuera del intervalo de selección 100-5000 ARS por unidad. Umbral didáctico, no prueba de error."
140168,GIANESE EDUARDO DANIEL,2025/07,Nafta (premium) de más de 95 Ron,59.87,1.60,"Precio promedio fuera del intervalo de selección 100-5000 ARS por unidad. Umbral didáctico, no prueba de error."
140169,GIANESE EDUARDO DANIEL,2025/07,GNC,97082.00,50,"Precio promedio fuera del intervalo de selección 100-5000 ARS por unidad. Umbral didáctico, no prueba de error."
140170,GIANESE EDUARDO DANIEL,2025/07,Gas Oil Grado 3,22.96,1.56,"Precio promedio fuera del intervalo de selección 100-5000 ARS por unidad. Umbral didáctico, no prueba de error."
161913,GIANESE EDUARDO DANIEL,2025/08,Gas Oil Grado 2,11.58,1.43,"Precio promedio fuera del intervalo de selección 100-5000 ARS por unidad. Umbral didáctico, no prueba de error."
161914,GIANESE EDUARDO DANIEL,2025/08,Nafta (premium) de más de 95 Ron,63.10,1.65,"Precio promedio fuera del intervalo de selección 100-5000 ARS por unidad. Umbral didáctico, no prueba de error."
161915,GIANESE EDUARDO DANIEL,2025/08,GNC,96205.00,50,"Precio promedio fuera del intervalo de selección 100-5000 ARS por unidad. Umbral didáctico, no prueba de error."
161916,GIANESE EDUARDO DANIEL,2025/08,Nafta (súper) entre 92 y 95 Ron,129.93,1.37,"Precio promedio fuera del intervalo de selección 100-5000 ARS por unidad. Umbral didáctico, no prueba de error."
161917,GIANESE EDUARDO DANIEL,2025/08,Gas Oil Grado 3,22.90,1.60,"Precio promedio fuera del intervalo de selección 100-5000 ARS por unidad. Umbral didáctico, no prueba de error."
183575,GIANESE EDUARDO DANIEL,2025/09,Gas Oil Grado 2,11.48,1.51,"Precio promedio fuera del intervalo de selección 100-5000 ARS por unidad. Umbral didáctico, no prueba de error."
183576,GIANESE EDUARDO DANIEL,2025/09,Gas Oil Grado 3,23.61,1.68,"Precio promedio fuera del intervalo de selección 100-5000 ARS por unidad. Umbral didáctico, no prueba de error."
183577,GIANESE EDUARDO DANIEL,2025/09,Nafta (premium) de más de 95 Ron,59.78,1.72,"Precio promedio fuera del intervalo de selección 100-5000 ARS por unidad. Umbral didáctico, no prueba de error."
183578,GIANESE EDUARDO DANIEL,2025/09,GNC,101874.00,50,"Precio promedio fuera del intervalo de selección 100-5000 ARS por unidad. Umbral didáctico, no prueba de error."
183579,GIANESE EDUARDO DANIEL,2025/09,Nafta (súper) entre 92 y 95 Ron,133.48,1.44,"Precio promedio fuera del intervalo de selección 100-5000 ARS por unidad. Umbral didáctico, no prueba de error."
205374,GIANESE EDUARDO DANIEL,2025/10,Nafta (súper) entre 92 y 95 Ron,141.65,1.48,"Precio promedio fuera del intervalo de selección 100-5000 ARS por unidad. Umbral didáctico, no prueba de error."
205375,GIANESE EDUARDO DANIEL,2025/10,Nafta (premium) de más de 95 Ron,59.25,1.77,"Precio promedio fuera del intervalo de selección 100-5000 ARS por unidad. Umbral didáctico, no prueba de error."
205376,GIANESE EDUARDO DANIEL,2025/10,Gas Oil Grado 3,27.87,1.73,"Precio promedio fuera del intervalo de selección 100-5000 ARS por unidad. Umbral didáctico, no prueba de error."
205377,GIANESE EDUARDO DANIEL,2025/10,GNC,104151.00,50,"Precio promedio fuera del intervalo de selección 100-5000 ARS por unidad. Umbral didáctico, no prueba de error."
205378,GIANESE EDUARDO DANIEL,2025/10,Gas Oil Grado 2,7.92,1.54,"Precio promedio fuera del intervalo de selección 100-5000 ARS por unidad. Umbral didáctico, no prueba de error."
227109,GIANESE EDUARDO DANIEL,2025/11,Gas Oil Grado 2,12.66,1.58,"Precio promedio fuera del intervalo de selección 100-5000 ARS por unidad. Umbral didáctico, no prueba de error."
227110,GIANESE EDUARDO DANIEL,2025/11,Nafta (premium) de más de 95 Ron,58.03,1.82,"Precio promedio fuera del intervalo de selección 100-5000 ARS por unidad. Umbral didáctico, no prueba de error."
227111,GIANESE EDUARDO DANIEL,2025/11,GNC,99125.00,54,"Precio promedio fuera del intervalo de selección 100-5000 ARS por unidad. Umbral didáctico, no prueba de error."
227112,GIANESE EDUARDO DANIEL,2025/11,Gas Oil Grado 3,19.65,1.78,"Precio promedio fuera del intervalo de selección 100-5000 ARS por unidad. Umbral didáctico, no prueba de error."
227113,GIANESE EDUARDO DANIEL,2025/11,Nafta (súper) entre 92 y 95 Ron,137.11,1.51,"Precio promedio fuera del intervalo de selección 100-5000 ARS por unidad. Umbral didáctico, no prueba de error."
248844,GIANESE EDUARDO DANIEL,2025/12,Gas Oil Grado 3,24.40,1.97,"Precio promedio fuera del intervalo de selección 100-5000 ARS por unidad. Umbral didáctico, no prueba de error."
248845,GIANESE EDUARDO DANIEL,2025/12,GNC,107158.00,57,"Precio promedio fuera del intervalo de selección 100-5000 ARS por unidad. Umbral didáctico, no prueba de error."
248846,GIANESE EDUARDO DANIEL,2025/12,Nafta (premium) de más de 95 Ron,73.99,1.99,"Precio promedio fuera del intervalo de selección 100-5000 ARS por unidad. Umbral didáctico, no prueba de error."
248847,GIANESE EDUARDO DANIEL,2025/12,Gas Oil Grado 2,14.02,1.74,"Precio promedio fuera del intervalo de selección 100-5000 ARS por unidad. Umbral didáctico, no prueba de error."
248848,GIANESE EDUARDO DANIEL,2025/12,Nafta (súper) entre 92 y 95 Ron,146.01,1.69,"Precio promedio fuera del intervalo de selección 100-5000 ARS por unidad. Umbral didáctico, no prueba de error."
53231,GNC MAIPU S.A.,2025/03,Gas Oil Grado 2,93393.00,779.00,"Volumen líquido mayor a 5000 m3 por producto y mes: posible escala o carga; pendiente de revisión, no se corrige."
9734,GRAL. PACHECO COMBUSTIBLES S.R.L.,2025/01,Nafta (común) hasta 92 Ron,191401.00,1197.00,"Volumen líquido mayor a 5000 m3 por producto y mes: posible escala o carga; pendiente de revisión, no se corrige."
31645,GRAL. PACHECO COMBUSTIBLES S.R.L.,2025/02,Nafta (súper) entre 92 y 95 Ron,193140.00,1197.00,"Volumen líquido mayor a 5000 m3 por producto y mes: posible escala o carga; pendiente de revisión, no se corrige."
53450,GRAL. PACHECO COMBUSTIBLES S.R.L.,2025/03,Nafta (súper) entre 92 y 95 Ron,231671.00,1220.00,"Volumen líquido mayor a 5000 m3 por producto y mes: posible escala o carga; pendiente de revisión, no se corrige."
75278,GRAL. PACHECO COMBUSTIBLES S.R.L.,2025/04,Nafta (común) hasta 92 Ron,220700.00,1242.67,"Volumen líquido mayor a 5000 m3 por producto y mes: posible escala o carga; pendiente de revisión, no se corrige."
97090,GRAL. PACHECO COMBUSTIBLES S.R.L.,2025/05,Nafta (común) hasta 92 Ron,230446.00,1221.00,"Volumen líquido mayor a 5000 m3 por producto y mes: posible escala o carga; pendiente de revisión, no se corrige."
118918,GRAL. PACHECO COMBUSTIBLES S.R.L.,2025/06,Nafta (común) hasta 92 Ron,228573.00,1235.41,"Volumen líquido mayor a 5000 m3 por producto y mes: posible escala o carga; pendiente de revisión, no se corrige."
140652,GRAL. PACHECO COMBUSTIBLES S.R.L.,2025/07,Nafta (súper) entre 92 y 95 Ron,240251.00,1300.00,"Volumen líquido mayor a 5000 m3 por producto y mes: posible escala o carga; pendiente de revisión, no se corrige."
162399,GRAL. PACHECO COMBUSTIBLES S.R.L.,2025/08,Nafta (súper) entre 92 y 95 Ron,242883.00,1390.00,"Volumen líquido mayor a 5000 m3 por producto y mes: posible escala o carga; pendiente de revisión, no se corrige."
184059,GRAL. PACHECO COMBUSTIBLES S.R.L.,2025/09,Nafta (súper) entre 92 y 95 Ron,231005.00,1431.00,"Volumen líquido mayor a 5000 m3 por producto y mes: posible escala o carga; pendiente de revisión, no se corrige."
205857,GRAL. PACHECO COMBUSTIBLES S.R.L.,2025/10,Nafta (súper) entre 92 y 95 Ron,251819.00,1481.00,"Volumen líquido mayor a 5000 m3 por producto y mes: posible escala o carga; pendiente de revisión, no se corrige."
227587,GRAL. PACHECO COMBUSTIBLES S.R.L.,2025/11,Nafta (súper) entre 92 y 95 Ron,226505.00,1624.00,"Volumen líquido mayor a 5000 m3 por producto y mes: posible escala o carga; pendiente de revisión, no se corrige."
249327,GRAL. PACHECO COMBUSTIBLES S.R.L.,2025/12,Nafta (súper) entre 92 y 95 Ron,263004.00,1625.00,"Volumen líquido mayor a 5000 m3 por producto y mes: posible escala o carga; pendiente de revisión, no se corrige."
97462,HEBERTO J. NICOLAS Y JORGE L. NICOLAS,2025/05,Gas Oil Grado 2,346828.00,1240.00,"Volumen líquido mayor a 5000 m3 por producto y mes: posible escala o carga; pendiente de revisión, no se corrige."
97463,HEBERTO J. NICOLAS Y JORGE L. NICOLAS,2025/05,Gas Oil Grado 3,28404.00,1380.00,"Volumen líquido mayor a 5000 m3 por producto y mes: posible escala o carga; pendiente de revisión, no se corrige."
97470,HECOR JUAN NEWBERY,2025/05,Gas Oil Grado 3,22.85,1.24,"Precio promedio fuera del intervalo de selección 100-5000 ARS por unidad. Umbral didáctico, no prueba de error."
97473,HECOR JUAN NEWBERY,2025/05,Gas Oil Grado 2,48.20,1.14,"Precio promedio fuera del intervalo de selección 100-5000 ARS por unidad. Umbral didáctico, no prueba de error."
249708,HECOR JUAN NEWBERY,2025/12,Nafta (súper) entre 92 y 95 Ron,48000.00,1509.40,"Volumen líquido mayor a 5000 m3 por producto y mes: posible escala o carga; pendiente de revisión, no se corrige."
228006,HERBALEJO FABRICIO CLAUDIO,2025/11,Nafta (súper) entre 92 y 95 Ron,12829.00,1645.00,"Volumen líquido mayor a 5000 m3 por producto y mes: posible escala o carga; pendiente de revisión, no se corrige."
10193,HERNANDO HNOS.S.A.,2025/01,Nafta (premium) de más de 95 Ron,98471.80,1465.47,"Volumen líquido mayor a 5000 m3 por producto y mes: posible escala o carga; pendiente de revisión, no se corrige."
10194,HERNANDO HNOS.S.A.,2025/01,Gas Oil Grado 3,133941.00,1433.98,"Volumen líquido mayor a 5000 m3 por producto y mes: posible escala o carga; pendiente de revisión, no se corrige."
10195,HERNANDO HNOS.S.A.,2025/01,Nafta (súper) entre 92 y 95 Ron,155349.00,1224.94,"Volumen líquido mayor a 5000 m3 por producto y mes: posible escala o carga; pendiente de revisión, no se corrige."
10196,HERNANDO HNOS.S.A.,2025/01,Gas Oil Grado 2,467148.00,1223.78,"Volumen líquido mayor a 5000 m3 por producto y mes: posible escala o carga; pendiente de revisión, no se corrige."
32099,HERNANDO HNOS.S.A.,2025/02,Gas Oil Grado 2,405003.00,1249.30,"Volumen líquido mayor a 5000 m3 por producto y mes: posible escala o carga; pendiente de revisión, no se corrige."
32100,HERNANDO HNOS.S.A.,2025/02,Gas Oil Grado 3,125347.00,1463.01,"Volumen líquido mayor a 5000 m3 por producto y mes: posible escala o carga; pendiente de revisión, no se corrige."
32102,HERNANDO HNOS.S.A.,2025/02,Nafta (súper) entre 92 y 95 Ron,132620.00,1250.87,"Volumen líquido mayor a 5000 m3 por producto y mes: posible escala o carga; pendiente de revisión, no se corrige."
32103,HERNANDO HNOS.S.A.,2025/02,Nafta (premium) de más de 95 Ron,82456.40,1496.97,"Volumen líquido mayor a 5000 m3 por producto y mes: posible escala o carga; pendiente de revisión, no se corrige."
53904,HERNANDO HNOS.S.A.,2025/03,Gas Oil Grado 2,450224.00,1273.80,"Volumen líquido mayor a 5000 m3 por producto y mes: posible escala o carga; pendiente de revisión, no se corrige."
53905,HERNANDO HNOS.S.A.,2025/03,Nafta (premium) de más de 95 Ron,80161.50,1525.95,"Volumen líquido mayor a 5000 m3 por producto y mes: posible escala o carga; pendiente de revisión, no se corrige."
53907,HERNANDO HNOS.S.A.,2025/03,Gas Oil Grado 3,161827.00,1491.70,"Volumen líquido mayor a 5000 m3 por producto y mes: posible escala o carga; pendiente de revisión, no se corrige."
53908,HERNANDO HNOS.S.A.,2025/03,Nafta (súper) entre 92 y 95 Ron,138553.00,1274.96,"Volumen líquido mayor a 5000 m3 por producto y mes: posible escala o carga; pendiente de revisión, no se corrige."
75738,HERNANDO HNOS.S.A.,2025/04,Nafta (premium) de más de 95 Ron,70614.20,1111.52,"Volumen líquido mayor a 5000 m3 por producto y mes: posible escala o carga; pendiente de revisión, no se corrige."
75739,HERNANDO HNOS.S.A.,2025/04,Gas Oil Grado 2,512324.00,1295.56,"Volumen líquido mayor a 5000 m3 por producto y mes: posible escala o carga; pendiente de revisión, no se corrige."
75740,HERNANDO HNOS.S.A.,2025/04,Gas Oil Grado 3,148244.00,1503.42,"Volumen líquido mayor a 5000 m3 por producto y mes: posible escala o carga; pendiente de revisión, no se corrige."
75741,HERNANDO HNOS.S.A.,2025/04,Nafta (súper) entre 92 y 95 Ron,115437.00,1296.90,"Volumen líquido mayor a 5000 m3 por producto y mes: posible escala o carga; pendiente de revisión, no se corrige."
97545,HERNANDO HNOS.S.A.,2025/05,Gas Oil Grado 2,558554.00,1260.48,"Volumen líquido mayor a 5000 m3 por producto y mes: posible escala o carga; pendiente de revisión, no se corrige."
97546,HERNANDO HNOS.S.A.,2025/05,Gas Oil Grado 3,167148.00,1400.00,"Volumen líquido mayor a 5000 m3 por producto y mes: posible escala o carga; pendiente de revisión, no se corrige."
97547,HERNANDO HNOS.S.A.,2025/05,Nafta (premium) de más de 95 Ron,64436.10,1461.17,"Volumen líquido mayor a 5000 m3 por producto y mes: posible escala o carga; pendiente de revisión, no se corrige."
97548,HERNANDO HNOS.S.A.,2025/05,Nafta (súper) entre 92 y 95 Ron,103596.00,1272.73,"Volumen líquido mayor a 5000 m3 por producto y mes: posible escala o carga; pendiente de revisión, no se corrige."
119374,HERNANDO HNOS.S.A.,2025/06,Nafta (premium) de más de 95 Ron,60287.00,1480.00,"Volumen líquido mayor a 5000 m3 por producto y mes: posible escala o carga; pendiente de revisión, no se corrige."
119375,HERNANDO HNOS.S.A.,2025/06,Gas Oil Grado 2,527485.00,1276.56,"Volumen líquido mayor a 5000 m3 por producto y mes: posible escala o carga; pendiente de revisión, no se corrige."
119377,HERNANDO HNOS.S.A.,2025/06,Gas Oil Grado 3,219139.00,1410.88,"Volumen líquido mayor a 5000 m3 por producto y mes: posible escala o carga; pendiente de revisión, no se corrige."
119378,HERNANDO HNOS.S.A.,2025/06,Nafta (súper) entre 92 y 95 Ron,95553.80,1287.79,"Volumen líquido mayor a 5000 m3 por producto y mes: posible escala o carga; pendiente de revisión, no se corrige."
141105,HERNANDO HNOS.S.A.,2025/07,Nafta (súper) entre 92 y 95 Ron,117757.00,1372.68,"Volumen líquido mayor a 5000 m3 por producto y mes: posible escala o carga; pendiente de revisión, no se corrige."
141107,HERNANDO HNOS.S.A.,2025/07,Gas Oil Grado 3,234332.00,1496.08,"Volumen líquido mayor a 5000 m3 por producto y mes: posible escala o carga; pendiente de revisión, no se corrige."
141108,HERNANDO HNOS.S.A.,2025/07,Nafta (premium) de más de 95 Ron,78878.30,1578.76,"Volumen líquido mayor a 5000 m3 por producto y mes: posible escala o carga; pendiente de revisión, no se corrige."
141109,HERNANDO HNOS.S.A.,2025/07,Gas Oil Grado 2,607660.00,1357.14,"Volumen líquido mayor a 5000 m3 por producto y mes: posible escala o carga; pendiente de revisión, no se corrige."
162852,HERNANDO HNOS.S.A.,2025/08,Nafta (súper) entre 92 y 95 Ron,101706.00,1434.18,"Volumen líquido mayor a 5000 m3 por producto y mes: posible escala o carga; pendiente de revisión, no se corrige."
162853,HERNANDO HNOS.S.A.,2025/08,Gas Oil Grado 2,533684.00,1429.60,"Volumen líquido mayor a 5000 m3 por producto y mes: posible escala o carga; pendiente de revisión, no se corrige."
162854,HERNANDO HNOS.S.A.,2025/08,Gas Oil Grado 3,186428.00,1573.08,"Volumen líquido mayor a 5000 m3 por producto y mes: posible escala o carga; pendiente de revisión, no se corrige."
162855,HERNANDO HNOS.S.A.,2025/08,Nafta (premium) de más de 95 Ron,64788.40,1658.99,"Volumen líquido mayor a 5000 m3 por producto y mes: posible escala o carga; pendiente de revisión, no se corrige."
184514,HERNANDO HNOS.S.A.,2025/09,Gas Oil Grado 2,533599.00,1492.99,"Volumen líquido mayor a 5000 m3 por producto y mes: posible escala o carga; pendiente de revisión, no se corrige."
184516,HERNANDO HNOS.S.A.,2025/09,Gas Oil Grado 3,135064.00,1651.96,"Volumen líquido mayor a 5000 m3 por producto y mes: posible escala o carga; pendiente de revisión, no se corrige."
184517,HERNANDO HNOS.S.A.,2025/09,Nafta (súper) entre 92 y 95 Ron,57595.70,1495.88,"Volumen líquido mayor a 5000 m3 por producto y mes: posible escala o carga; pendiente de revisión, no se corrige."
184518,HERNANDO HNOS.S.A.,2025/09,Nafta (premium) de más de 95 Ron,93195.60,1728.68,"Volumen líquido mayor a 5000 m3 por producto y mes: posible escala o carga; pendiente de revisión, no se corrige."
206311,HERNANDO HNOS.S.A.,2025/10,Nafta (súper) entre 92 y 95 Ron,102631.00,1552.68,"Volumen líquido mayor a 5000 m3 por producto y mes: posible escala o carga; pendiente de revisión, no se corrige."
206312,HERNANDO HNOS.S.A.,2025/10,Nafta (premium) de más de 95 Ron,61792.00,1788.18,"Volumen líquido mayor a 5000 m3 por producto y mes: posible escala o carga; pendiente de revisión, no se corrige."
206313,HERNANDO HNOS.S.A.,2025/10,Gas Oil Grado 2,538326.00,1540.33,"Volumen líquido mayor a 5000 m3 por producto y mes: posible escala o carga; pendiente de revisión, no se corrige."
206314,HERNANDO HNOS.S.A.,2025/10,Gas Oil Grado 3,137646.00,1700.89,"Volumen líquido mayor a 5000 m3 por producto y mes: posible escala o carga; pendiente de revisión, no se corrige."
228035,HERNANDO HNOS.S.A.,2025/11,Gas Oil Grado 3,181969.00,1774.41,"Volumen líquido mayor a 5000 m3 por producto y mes: posible escala o carga; pendiente de revisión, no se corrige."
228037,HERNANDO HNOS.S.A.,2025/11,Gas Oil Grado 2,432025.00,1643.04,"Volumen líquido mayor a 5000 m3 por producto y mes: posible escala o carga; pendiente de revisión, no se corrige."
228038,HERNANDO HNOS.S.A.,2025/11,Nafta (súper) entre 92 y 95 Ron,106051.00,1638.18,"Volumen líquido mayor a 5000 m3 por producto y mes: posible escala o carga; pendiente de revisión, no se corrige."
228039,HERNANDO HNOS.S.A.,2025/11,Nafta (premium) de más de 95 Ron,70847.90,1872.40,"Volumen líquido mayor a 5000 m3 por producto y mes: posible escala o carga; pendiente de revisión, no se corrige."
249776,HERNANDO HNOS.S.A.,2025/12,Gas Oil Grado 3,170817.00,1894.49,"Volumen líquido mayor a 5000 m3 por producto y mes: posible escala o carga; pendiente de revisión, no se corrige."
249778,HERNANDO HNOS.S.A.,2025/12,Gas Oil Grado 2,423749.00,1776.52,"Volumen líquido mayor a 5000 m3 por producto y mes: posible escala o carga; pendiente de revisión, no se corrige."
249779,HERNANDO HNOS.S.A.,2025/12,Nafta (súper) entre 92 y 95 Ron,122282.00,1718.54,"Volumen líquido mayor a 5000 m3 por producto y mes: posible escala o carga; pendiente de revisión, no se corrige."
249780,HERNANDO HNOS.S.A.,2025/12,Nafta (premium) de más de 95 Ron,80890.60,1939.78,"Volumen líquido mayor a 5000 m3 por producto y mes: posible escala o carga; pendiente de revisión, no se corrige."
10205,HERSU SA,2025/01,Gas Oil Grado 3,53989.90,1415.30,"Volumen líquido mayor a 5000 m3 por producto y mes: posible escala o carga; pendiente de revisión, no se corrige."
10207,HERSU SA,2025/01,Nafta (súper) entre 92 y 95 Ron,266978.00,1180.90,"Volumen líquido mayor a 5000 m3 por producto y mes: posible escala o carga; pendiente de revisión, no se corrige."
10208,HERSU SA,2025/01,Nafta (premium) de más de 95 Ron,74351.10,1445.33,"Volumen líquido mayor a 5000 m3 por producto y mes: posible escala o carga; pendiente de revisión, no se corrige."
10209,HERSU SA,2025/01,Gas Oil Grado 2,92598.70,1166.09,"Volumen líquido mayor a 5000 m3 por producto y mes: posible escala o carga; pendiente de revisión, no se corrige."
97559,HERSU SA,2025/05,Gas Oil Grado 2,96435.60,1205.09,"Volumen líquido mayor a 5000 m3 por producto y mes: posible escala o carga; pendiente de revisión, no se corrige."
141130,HEW & CO S.A.,2025/07,Nafta (común) hasta 92 Ron,12.62,1.30,"Precio promedio fuera del intervalo de selección 100-5000 ARS por unidad. Umbral didáctico, no prueba de error."
141131,HEW & CO S.A.,2025/07,Gas Oil Grado 2,11.86,1.40,"Precio promedio fuera del intervalo de selección 100-5000 ARS por unidad. Umbral didáctico, no prueba de error."
206335,HEW & CO S.A.,2025/10,Nafta (súper) entre 92 y 95 Ron,31.61,1.51,"Precio promedio fuera del intervalo de selección 100-5000 ARS por unidad. Umbral didáctico, no prueba de error."
206336,HEW & CO S.A.,2025/10,Gas Oil Grado 2,17.28,1.49,"Precio promedio fuera del intervalo de selección 100-5000 ARS por unidad. Umbral didáctico, no prueba de error."
228059,HEW & CO S.A.,2025/11,Gas Oil Grado 2,10.39,1.63,"Precio promedio fuera del intervalo de selección 100-5000 ARS por unidad. Umbral didáctico, no prueba de error."
228060,HEW & CO S.A.,2025/11,GNC,42676.20,76,"Precio promedio fuera del intervalo de selección 100-5000 ARS por unidad. Umbral didáctico, no prueba de error."
228061,HEW & CO S.A.,2025/11,Nafta (súper) entre 92 y 95 Ron,4.33,1.68,"Precio promedio fuera del intervalo de selección 100-5000 ARS por unidad. Umbral didáctico, no prueba de error."
249800,HEW & CO S.A.,2025/12,GNC,42.19,76,"Precio promedio fuera del intervalo de selección 100-5000 ARS por unidad. Umbral didáctico, no prueba de error."
249801,HEW & CO S.A.,2025/12,Gas Oil Grado 2,9.19,1.75,"Precio promedio fuera del intervalo de selección 100-5000 ARS por unidad. Umbral didáctico, no prueba de error."
249802,HEW & CO S.A.,2025/12,Nafta (súper) entre 92 y 95 Ron,3.85,1.79,"Precio promedio fuera del intervalo de selección 100-5000 ARS por unidad. Umbral didáctico, no prueba de error."
228364,INVERSORA MINORISTA S.A.,2025/11,Nafta (premium) de más de 95 Ron,79376.00,1551.00,"Volumen líquido mayor a 5000 m3 por producto y mes: posible escala o carga; pendiente de revisión, no se corrige."
10553,IRIGOYEN HNOS. SOC.DE HECHO DE IRIGOYEN JUSTO MANUEL Y OTROS,2025/01,Gas Oil Grado 2,25100.00,1178.00,"Volumen líquido mayor a 5000 m3 por producto y mes: posible escala o carga; pendiente de revisión, no se corrige."
32465,IRIGOYEN HNOS. SOC.DE HECHO DE IRIGOYEN JUSTO MANUEL Y OTROS,2025/02,Gas Oil Grado 3,12100.00,1458.00,"Volumen líquido mayor a 5000 m3 por producto y mes: posible escala o carga; pendiente de revisión, no se corrige."
32466,IRIGOYEN HNOS. SOC.DE HECHO DE IRIGOYEN JUSTO MANUEL Y OTROS,2025/02,Gas Oil Grado 2,28700.00,1202.00,"Volumen líquido mayor a 5000 m3 por producto y mes: posible escala o carga; pendiente de revisión, no se corrige."
54260,IRIGOYEN HNOS. SOC.DE HECHO DE IRIGOYEN JUSTO MANUEL Y OTROS,2025/03,Gas Oil Grado 2,20500.00,1225.00,"Volumen líquido mayor a 5000 m3 por producto y mes: posible escala o carga; pendiente de revisión, no se corrige."
54261,IRIGOYEN HNOS. SOC.DE HECHO DE IRIGOYEN JUSTO MANUEL Y OTROS,2025/03,Gas Oil Grado 3,16100.00,1486.00,"Volumen líquido mayor a 5000 m3 por producto y mes: posible escala o carga; pendiente de revisión, no se corrige."
54262,IRIGOYEN HNOS. SOC.DE HECHO DE IRIGOYEN JUSTO MANUEL Y OTROS,2025/03,Nafta (súper) entre 92 y 95 Ron,114500.00,1243.00,"Volumen líquido mayor a 5000 m3 por producto y mes: posible escala o carga; pendiente de revisión, no se corrige."
54263,IRIGOYEN HNOS. SOC.DE HECHO DE IRIGOYEN JUSTO MANUEL Y OTROS,2025/03,Nafta (premium) de más de 95 Ron,12300.00,1520.00,"Volumen líquido mayor a 5000 m3 por producto y mes: posible escala o carga; pendiente de revisión, no se corrige."
76093,IRIGOYEN HNOS. SOC.DE HECHO DE IRIGOYEN JUSTO MANUEL Y OTROS,2025/04,Gas Oil Grado 2,22300.00,1247.00,"Volumen líquido mayor a 5000 m3 por producto y mes: posible escala o carga; pendiente de revisión, no se corrige."
76094,IRIGOYEN HNOS. SOC.DE HECHO DE IRIGOYEN JUSTO MANUEL Y OTROS,2025/04,Nafta (premium) de más de 95 Ron,11800.00,1547.00,"Volumen líquido mayor a 5000 m3 por producto y mes: posible escala o carga; pendiente de revisión, no se corrige."
76095,IRIGOYEN HNOS. SOC.DE HECHO DE IRIGOYEN JUSTO MANUEL Y OTROS,2025/04,Nafta (súper) entre 92 y 95 Ron,107100.00,1265.00,"Volumen líquido mayor a 5000 m3 por producto y mes: posible escala o carga; pendiente de revisión, no se corrige."
76096,IRIGOYEN HNOS. SOC.DE HECHO DE IRIGOYEN JUSTO MANUEL Y OTROS,2025/04,Gas Oil Grado 3,15200.00,1512.00,"Volumen líquido mayor a 5000 m3 por producto y mes: posible escala o carga; pendiente de revisión, no se corrige."
97899,IRIGOYEN HNOS. SOC.DE HECHO DE IRIGOYEN JUSTO MANUEL Y OTROS,2025/05,Gas Oil Grado 3,14200.00,1391.00,"Volumen líquido mayor a 5000 m3 por producto y mes: posible escala o carga; pendiente de revisión, no se corrige."
97900,IRIGOYEN HNOS. SOC.DE HECHO DE IRIGOYEN JUSTO MANUEL Y OTROS,2025/05,Nafta (premium) de más de 95 Ron,12300.00,1455.00,"Volumen líquido mayor a 5000 m3 por producto y mes: posible escala o carga; pendiente de revisión, no se corrige."
97902,IRIGOYEN HNOS. SOC.DE HECHO DE IRIGOYEN JUSTO MANUEL Y OTROS,2025/05,Gas Oil Grado 2,20100.00,1210.00,"Volumen líquido mayor a 5000 m3 por producto y mes: posible escala o carga; pendiente de revisión, no se corrige."
97903,IRIGOYEN HNOS. SOC.DE HECHO DE IRIGOYEN JUSTO MANUEL Y OTROS,2025/05,Nafta (súper) entre 92 y 95 Ron,108000.00,1240.00,"Volumen líquido mayor a 5000 m3 por producto y mes: posible escala o carga; pendiente de revisión, no se corrige."
119731,IRIGOYEN HNOS. SOC.DE HECHO DE IRIGOYEN JUSTO MANUEL Y OTROS,2025/06,Nafta (súper) entre 92 y 95 Ron,106000.00,1258.00,"Volumen líquido mayor a 5000 m3 por producto y mes: posible escala o carga; pendiente de revisión, no se corrige."
119732,IRIGOYEN HNOS. SOC.DE HECHO DE IRIGOYEN JUSTO MANUEL Y OTROS,2025/06,Nafta (premium) de más de 95 Ron,13200.00,1475.00,"Volumen líquido mayor a 5000 m3 por producto y mes: posible escala o carga; pendiente de revisión, no se corrige."
119733,IRIGOYEN HNOS. SOC.DE HECHO DE IRIGOYEN JUSTO MANUEL Y OTROS,2025/06,Gas Oil Grado 3,13200.00,1475.00,"Volumen líquido mayor a 5000 m3 por producto y mes: posible escala o carga; pendiente de revisión, no se corrige."
119735,IRIGOYEN HNOS. SOC.DE HECHO DE IRIGOYEN JUSTO MANUEL Y OTROS,2025/06,Gas Oil Grado 2,25000.00,1230.00,"Volumen líquido mayor a 5000 m3 por producto y mes: posible escala o carga; pendiente de revisión, no se corrige."
141461,IRIGOYEN HNOS. SOC.DE HECHO DE IRIGOYEN JUSTO MANUEL Y OTROS,2025/07,Gas Oil Grado 2,23700.00,1230.00,"Volumen líquido mayor a 5000 m3 por producto y mes: posible escala o carga; pendiente de revisión, no se corrige."
141462,IRIGOYEN HNOS. SOC.DE HECHO DE IRIGOYEN JUSTO MANUEL Y OTROS,2025/07,Nafta (premium) de más de 95 Ron,13200.00,1475.00,"Volumen líquido mayor a 5000 m3 por producto y mes: posible escala o carga; pendiente de revisión, no se corrige."
141463,IRIGOYEN HNOS. SOC.DE HECHO DE IRIGOYEN JUSTO MANUEL Y OTROS,2025/07,Gas Oil Grado 3,10400.00,1413.00,"Volumen líquido mayor a 5000 m3 por producto y mes: posible escala o carga; pendiente de revisión, no se corrige."
141464,IRIGOYEN HNOS. SOC.DE HECHO DE IRIGOYEN JUSTO MANUEL Y OTROS,2025/07,Nafta (súper) entre 92 y 95 Ron,107500.00,1258.00,"Volumen líquido mayor a 5000 m3 por producto y mes: posible escala o carga; pendiente de revisión, no se corrige."
163201,IRIGOYEN HNOS. SOC.DE HECHO DE IRIGOYEN JUSTO MANUEL Y OTROS,2025/08,Nafta (premium) de más de 95 Ron,13500.00,1644.00,"Volumen líquido mayor a 5000 m3 por producto y mes: posible escala o carga; pendiente de revisión, no se corrige."
163202,IRIGOYEN HNOS. SOC.DE HECHO DE IRIGOYEN JUSTO MANUEL Y OTROS,2025/08,Nafta (súper) entre 92 y 95 Ron,115400.00,1380.00,"Volumen líquido mayor a 5000 m3 por producto y mes: posible escala o carga; pendiente de revisión, no se corrige."
163204,IRIGOYEN HNOS. SOC.DE HECHO DE IRIGOYEN JUSTO MANUEL Y OTROS,2025/08,Gas Oil Grado 3,18500.00,1594.00,"Volumen líquido mayor a 5000 m3 por producto y mes: posible escala o carga; pendiente de revisión, no se corrige."
163205,IRIGOYEN HNOS. SOC.DE HECHO DE IRIGOYEN JUSTO MANUEL Y OTROS,2025/08,Gas Oil Grado 2,24600.00,1382.00,"Volumen líquido mayor a 5000 m3 por producto y mes: posible escala o carga; pendiente de revisión, no se corrige."
184866,IRIGOYEN HNOS. SOC.DE HECHO DE IRIGOYEN JUSTO MANUEL Y OTROS,2025/09,Nafta (súper) entre 92 y 95 Ron,114000.00,1380.00,"Volumen líquido mayor a 5000 m3 por producto y mes: posible escala o carga; pendiente de revisión, no se corrige."
184867,IRIGOYEN HNOS. SOC.DE HECHO DE IRIGOYEN JUSTO MANUEL Y OTROS,2025/09,Gas Oil Grado 2,33500.00,1382.00,"Volumen líquido mayor a 5000 m3 por producto y mes: posible escala o carga; pendiente de revisión, no se corrige."
184869,IRIGOYEN HNOS. SOC.DE HECHO DE IRIGOYEN JUSTO MANUEL Y OTROS,2025/09,Gas Oil Grado 3,15900.00,1594.00,"Volumen líquido mayor a 5000 m3 por producto y mes: posible escala o carga; pendiente de revisión, no se corrige."
206665,IRIGOYEN HNOS. SOC.DE HECHO DE IRIGOYEN JUSTO MANUEL Y OTROS,2025/10,Nafta (súper) entre 92 y 95 Ron,122100.00,1513.00,"Volumen líquido mayor a 5000 m3 por producto y mes: posible escala o carga; pendiente de revisión, no se corrige."
206667,IRIGOYEN HNOS. SOC.DE HECHO DE IRIGOYEN JUSTO MANUEL Y OTROS,2025/10,Gas Oil Grado 3,20100.00,1709.00,"Volumen líquido mayor a 5000 m3 por producto y mes: posible escala o carga; pendiente de revisión, no se corrige."
206668,IRIGOYEN HNOS. SOC.DE HECHO DE IRIGOYEN JUSTO MANUEL Y OTROS,2025/10,Nafta (premium) de más de 95 Ron,18500.00,1764.00,"Volumen líquido mayor a 5000 m3 por producto y mes: posible escala o carga; pendiente de revisión, no se corrige."
206669,IRIGOYEN HNOS. SOC.DE HECHO DE IRIGOYEN JUSTO MANUEL Y OTROS,2025/10,Gas Oil Grado 2,33900.00,1484.00,"Volumen líquido mayor a 5000 m3 por producto y mes: posible escala o carga; pendiente de revisión, no se corrige."
228390,IRIGOYEN HNOS. SOC.DE HECHO DE IRIGOYEN JUSTO MANUEL Y OTROS,2025/11,Nafta (súper) entre 92 y 95 Ron,114050.00,1574.00,"Volumen líquido mayor a 5000 m3 por producto y mes: posible escala o carga; pendiente de revisión, no se corrige."
228391,IRIGOYEN HNOS. SOC.DE HECHO DE IRIGOYEN JUSTO MANUEL Y OTROS,2025/11,Gas Oil Grado 2,32500.00,1559.00,"Volumen líquido mayor a 5000 m3 por producto y mes: posible escala o carga; pendiente de revisión, no se corrige."
228392,IRIGOYEN HNOS. SOC.DE HECHO DE IRIGOYEN JUSTO MANUEL Y OTROS,2025/11,Nafta (premium) de más de 95 Ron,20100.00,1822.00,"Volumen líquido mayor a 5000 m3 por producto y mes: posible escala o carga; pendiente de revisión, no se corrige."
228393,IRIGOYEN HNOS. SOC.DE HECHO DE IRIGOYEN JUSTO MANUEL Y OTROS,2025/11,Gas Oil Grado 3,17000.00,1756.00,"Volumen líquido mayor a 5000 m3 por producto y mes: posible escala o carga; pendiente de revisión, no se corrige."
250136,IRIGOYEN HNOS. SOC.DE HECHO DE IRIGOYEN JUSTO MANUEL Y OTROS,2025/12,Gas Oil Grado 2,34200.00,1559.00,"Volumen líquido mayor a 5000 m3 por producto y mes: posible escala o carga; pendiente de revisión, no se corrige."
250137,IRIGOYEN HNOS. SOC.DE HECHO DE IRIGOYEN JUSTO MANUEL Y OTROS,2025/12,Gas Oil Grado 3,13500.00,1756.00,"Volumen líquido mayor a 5000 m3 por producto y mes: posible escala o carga; pendiente de revisión, no se corrige."
250139,IRIGOYEN HNOS. SOC.DE HECHO DE IRIGOYEN JUSTO MANUEL Y OTROS,2025/12,Nafta (premium) de más de 95 Ron,23800.00,1822.00,"Volumen líquido mayor a 5000 m3 por producto y mes: posible escala o carga; pendiente de revisión, no se corrige."
250140,IRIGOYEN HNOS. SOC.DE HECHO DE IRIGOYEN JUSTO MANUEL Y OTROS,2025/12,Nafta (súper) entre 92 y 95 Ron,124900.00,1574.00,"Volumen líquido mayor a 5000 m3 por producto y mes: posible escala o carga; pendiente de revisión, no se corrige."
76235,J F M S.A.,2025/04,Gas Oil Grado 2,33986.20,1213.00,"Volumen líquido mayor a 5000 m3 por producto y mes: posible escala o carga; pendiente de revisión, no se corrige."
76236,J F M S.A.,2025/04,Nafta (premium) de más de 95 Ron,74452.40,1506.00,"Volumen líquido mayor a 5000 m3 por producto y mes: posible escala o carga; pendiente de revisión, no se corrige."
32670,JORGE ALBERTO CASO S.A.,2025/02,Gas Oil Grado 3,90665.00,1466.00,"Volumen líquido mayor a 5000 m3 por producto y mes: posible escala o carga; pendiente de revisión, no se corrige."
32673,JORGE ALBERTO CASO S.A.,2025/02,Nafta (premium) de más de 95 Ron,50380.00,1497.00,"Volumen líquido mayor a 5000 m3 por producto y mes: posible escala o carga; pendiente de revisión, no se corrige."
32674,JORGE ALBERTO CASO S.A.,2025/02,Gas Oil Grado 2,38971.00,1256.00,"Volumen líquido mayor a 5000 m3 por producto y mes: posible escala o carga; pendiente de revisión, no se corrige."
32676,JORGE ALBERTO CASO S.A.,2025/02,Nafta (súper) entre 92 y 95 Ron,266159.00,1251.00,"Volumen líquido mayor a 5000 m3 por producto y mes: posible escala o carga; pendiente de revisión, no se corrige."
32666,JORGE ALBERTO CASO S.A.,2025/02,Nafta (premium) de más de 95 Ron,121173.00,1497.00,"Volumen líquido mayor a 5000 m3 por producto y mes: posible escala o carga; pendiente de revisión, no se corrige."
32668,JORGE ALBERTO CASO S.A.,2025/02,Nafta (súper) entre 92 y 95 Ron,158492.00,1251.00,"Volumen líquido mayor a 5000 m3 por producto y mes: posible escala o carga; pendiente de revisión, no se corrige."
32669,JORGE ALBERTO CASO S.A.,2025/02,Gas Oil Grado 2,295714.00,1256.00,"Volumen líquido mayor a 5000 m3 por producto y mes: posible escala o carga; pendiente de revisión, no se corrige."
32671,JORGE ALBERTO CASO S.A.,2025/02,Gas Oil Grado 3,148120.00,1466.00,"Volumen líquido mayor a 5000 m3 por producto y mes: posible escala o carga; pendiente de revisión, no se corrige."
120030,JOSE C PAZ GNC SA,2025/06,Gas Oil Grado 2,48750.00,1259.00,"Volumen líquido mayor a 5000 m3 por producto y mes: posible escala o carga; pendiente de revisión, no se corrige."
207011,JOSE LUIS MARINO,2025/10,Kerosene,58800.00,790.00,"Volumen líquido mayor a 5000 m3 por producto y mes: posible escala o carga; pendiente de revisión, no se corrige."
11532,LA FLORIDA SA,2025/01,Nafta (premium) de más de 95 Ron,67.09,1.45,"Precio promedio fuera del intervalo de selección 100-5000 ARS por unidad. Umbral didáctico, no prueba de error."
77071,LA FLORIDA SA,2025/04,Gas Oil Grado 2,108148.00,1246.00,"Volumen líquido mayor a 5000 m3 por producto y mes: posible escala o carga; pendiente de revisión, no se corrige."
77072,LA FLORIDA SA,2025/04,Gas Oil Grado 3,67333.00,1508.00,"Volumen líquido mayor a 5000 m3 por producto y mes: posible escala o carga; pendiente de revisión, no se corrige."
77073,LA FLORIDA SA,2025/04,Nafta (súper) entre 92 y 95 Ron,356699.00,1258.00,"Volumen líquido mayor a 5000 m3 por producto y mes: posible escala o carga; pendiente de revisión, no se corrige."
77074,LA FLORIDA SA,2025/04,Nafta (premium) de más de 95 Ron,58864.00,1536.00,"Volumen líquido mayor a 5000 m3 por producto y mes: posible escala o carga; pendiente de revisión, no se corrige."
98908,LA HORQUETA S.A.,2025/05,Nafta (súper) entre 92 y 95 Ron,38737.00,1274.00,"Volumen líquido mayor a 5000 m3 por producto y mes: posible escala o carga; pendiente de revisión, no se corrige."
11717,LA POSTA SRL,2025/01,Gas Oil Grado 2,63118.40,1166.82,"Volumen líquido mayor a 5000 m3 por producto y mes: posible escala o carga; pendiente de revisión, no se corrige."
11718,LA POSTA SRL,2025/01,Gas Oil Grado 3,42551.60,1414.67,"Volumen líquido mayor a 5000 m3 por producto y mes: posible escala o carga; pendiente de revisión, no se corrige."
11719,LA POSTA SRL,2025/01,Nafta (premium) de más de 95 Ron,88601.80,1445.84,"Volumen líquido mayor a 5000 m3 por producto y mes: posible escala o carga; pendiente de revisión, no se corrige."
11720,LA POSTA SRL,2025/01,Nafta (súper) entre 92 y 95 Ron,293087.00,1180.92,"Volumen líquido mayor a 5000 m3 por producto y mes: posible escala o carga; pendiente de revisión, no se corrige."
251471,LA TERCERA DEL OESTE SRL,2025/12,Nafta (súper) entre 92 y 95 Ron,234582.00,1600.70,"Volumen líquido mayor a 5000 m3 por producto y mes: posible escala o carga; pendiente de revisión, no se corrige."
251472,LA TERCERA DEL OESTE SRL,2025/12,Nafta (premium) de más de 95 Ron,49372.00,1983.99,"Volumen líquido mayor a 5000 m3 por producto y mes: posible escala o carga; pendiente de revisión, no se corrige."
251473,LA TERCERA DEL OESTE SRL,2025/12,Gas Oil Grado 2,68930.00,1753.80,"Volumen líquido mayor a 5000 m3 por producto y mes: posible escala o carga; pendiente de revisión, no se corrige."
251474,LA TERCERA DEL OESTE SRL,2025/12,Gas Oil Grado 3,53854.00,2022.46,"Volumen líquido mayor a 5000 m3 por producto y mes: posible escala o carga; pendiente de revisión, no se corrige."
251630,LFS COMBUSTIBLES S.A,2025/12,Nafta (súper) entre 92 y 95 Ron,27000.00,1703.00,"Volumen líquido mayor a 5000 m3 por producto y mes: posible escala o carga; pendiente de revisión, no se corrige."
99394,LFS COMBUSTIBLES S.A,2025/05,Gas Oil Grado 2,9500.00,1199.00,"Volumen líquido mayor a 5000 m3 por producto y mes: posible escala o carga; pendiente de revisión, no se corrige."
55840,LIPOWER SA,2025/03,Nafta (premium) de más de 95 Ron,25037.00,1504.13,"Volumen líquido mayor a 5000 m3 por producto y mes: posible escala o carga; pendiente de revisión, no se corrige."
55841,LIPOWER SA,2025/03,Gas Oil Grado 2,16630.00,1213.04,"Volumen líquido mayor a 5000 m3 por producto y mes: posible escala o carga; pendiente de revisión, no se corrige."
55842,LIPOWER SA,2025/03,Nafta (súper) entre 92 y 95 Ron,76148.00,1221.02,"Volumen líquido mayor a 5000 m3 por producto y mes: posible escala o carga; pendiente de revisión, no se corrige."
55843,LIPOWER SA,2025/03,Gas Oil Grado 3,18017.00,1473.57,"Volumen líquido mayor a 5000 m3 por producto y mes: posible escala o carga; pendiente de revisión, no se corrige."
77674,LIPOWER SA,2025/04,Gas Oil Grado 3,39475.00,1499.97,"Volumen líquido mayor a 5000 m3 por producto y mes: posible escala o carga; pendiente de revisión, no se corrige."
77675,LIPOWER SA,2025/04,Nafta (súper) entre 92 y 95 Ron,169379.00,1243.86,"Volumen líquido mayor a 5000 m3 por producto y mes: posible escala o carga; pendiente de revisión, no se corrige."
77676,LIPOWER SA,2025/04,Gas Oil Grado 2,38119.00,1234.87,"Volumen líquido mayor a 5000 m3 por producto y mes: posible escala o carga; pendiente de revisión, no se corrige."
77677,LIPOWER SA,2025/04,Nafta (premium) de más de 95 Ron,49284.00,1530.94,"Volumen líquido mayor a 5000 m3 por producto y mes: posible escala o carga; pendiente de revisión, no se corrige."
99482,LIPOWER SA,2025/05,Gas Oil Grado 3,50452.00,1383.61,"Volumen líquido mayor a 5000 m3 por producto y mes: posible escala o carga; pendiente de revisión, no se corrige."
99483,LIPOWER SA,2025/05,Nafta (súper) entre 92 y 95 Ron,206035.00,1222.38,"Volumen líquido mayor a 5000 m3 por producto y mes: posible escala o carga; pendiente de revisión, no se corrige."
99484,LIPOWER SA,2025/05,Nafta (premium) de más de 95 Ron,59744.00,1440.91,"Volumen líquido mayor a 5000 m3 por producto y mes: posible escala o carga; pendiente de revisión, no se corrige."
99486,LIPOWER SA,2025/05,Gas Oil Grado 2,48466.00,1202.57,"Volumen líquido mayor a 5000 m3 por producto y mes: posible escala o carga; pendiente de revisión, no se corrige."
121307,LIPOWER SA,2025/06,Nafta (súper) entre 92 y 95 Ron,207846.00,1238.97,"Volumen líquido mayor a 5000 m3 por producto y mes: posible escala o carga; pendiente de revisión, no se corrige."
121308,LIPOWER SA,2025/06,Gas Oil Grado 3,53260.00,1402.05,"Volumen líquido mayor a 5000 m3 por producto y mes: posible escala o carga; pendiente de revisión, no se corrige."
121309,LIPOWER SA,2025/06,Nafta (premium) de más de 95 Ron,64210.00,1458.99,"Volumen líquido mayor a 5000 m3 por producto y mes: posible escala o carga; pendiente de revisión, no se corrige."
121311,LIPOWER SA,2025/06,Gas Oil Grado 2,53840.00,1219.02,"Volumen líquido mayor a 5000 m3 por producto y mes: posible escala o carga; pendiente de revisión, no se corrige."
143043,LIPOWER SA,2025/07,Nafta (súper) entre 92 y 95 Ron,228335.00,1283.38,"Volumen líquido mayor a 5000 m3 por producto y mes: posible escala o carga; pendiente de revisión, no se corrige."
143044,LIPOWER SA,2025/07,Gas Oil Grado 3,62744.00,1451.41,"Volumen líquido mayor a 5000 m3 por producto y mes: posible escala o carga; pendiente de revisión, no se corrige."
143045,LIPOWER SA,2025/07,Gas Oil Grado 2,66582.00,1263.88,"Volumen líquido mayor a 5000 m3 por producto y mes: posible escala o carga; pendiente de revisión, no se corrige."
143046,LIPOWER SA,2025/07,Nafta (premium) de más de 95 Ron,71145.00,1509.42,"Volumen líquido mayor a 5000 m3 por producto y mes: posible escala o carga; pendiente de revisión, no se corrige."
164774,LIPOWER SA,2025/08,Gas Oil Grado 3,67661.00,1538.30,"Volumen líquido mayor a 5000 m3 por producto y mes: posible escala o carga; pendiente de revisión, no se corrige."
164776,LIPOWER SA,2025/08,Nafta (premium) de más de 95 Ron,80240.00,1588.59,"Volumen líquido mayor a 5000 m3 por producto y mes: posible escala o carga; pendiente de revisión, no se corrige."
164777,LIPOWER SA,2025/08,Nafta (súper) entre 92 y 95 Ron,240001.00,1357.99,"Volumen líquido mayor a 5000 m3 por producto y mes: posible escala o carga; pendiente de revisión, no se corrige."
164778,LIPOWER SA,2025/08,Gas Oil Grado 2,69791.00,1330.59,"Volumen líquido mayor a 5000 m3 por producto y mes: posible escala o carga; pendiente de revisión, no se corrige."
186438,LIPOWER SA,2025/09,Gas Oil Grado 3,71125.00,1590.32,"Volumen líquido mayor a 5000 m3 por producto y mes: posible escala o carga; pendiente de revisión, no se corrige."
186439,LIPOWER SA,2025/09,Nafta (premium) de más de 95 Ron,75456.00,1655.25,"Volumen líquido mayor a 5000 m3 por producto y mes: posible escala o carga; pendiente de revisión, no se corrige."
186440,LIPOWER SA,2025/09,Nafta (súper) entre 92 y 95 Ron,246336.00,1405.57,"Volumen líquido mayor a 5000 m3 por producto y mes: posible escala o carga; pendiente de revisión, no se corrige."
186441,LIPOWER SA,2025/09,Gas Oil Grado 2,76028.00,1384.86,"Volumen líquido mayor a 5000 m3 por producto y mes: posible escala o carga; pendiente de revisión, no se corrige."
208230,LIPOWER SA,2025/10,Nafta (premium) de más de 95 Ron,85580.00,1715.86,"Volumen líquido mayor a 5000 m3 por producto y mes: posible escala o carga; pendiente de revisión, no se corrige."
208232,LIPOWER SA,2025/10,Gas Oil Grado 3,80571.00,1633.88,"Volumen líquido mayor a 5000 m3 por producto y mes: posible escala o carga; pendiente de revisión, no se corrige."
208233,LIPOWER SA,2025/10,Gas Oil Grado 2,71123.00,1437.26,"Volumen líquido mayor a 5000 m3 por producto y mes: posible escala o carga; pendiente de revisión, no se corrige."
208234,LIPOWER SA,2025/10,Nafta (súper) entre 92 y 95 Ron,264907.00,1456.45,"Volumen líquido mayor a 5000 m3 por producto y mes: posible escala o carga; pendiente de revisión, no se corrige."
229963,LIPOWER SA,2025/11,Gas Oil Grado 3,77217.00,1706.28,"Volumen líquido mayor a 5000 m3 por producto y mes: posible escala o carga; pendiente de revisión, no se corrige."
229964,LIPOWER SA,2025/11,Gas Oil Grado 2,76367.00,1531.74,"Volumen líquido mayor a 5000 m3 por producto y mes: posible escala o carga; pendiente de revisión, no se corrige."
229965,LIPOWER SA,2025/11,Nafta (premium) de más de 95 Ron,82314.00,1791.94,"Volumen líquido mayor a 5000 m3 por producto y mes: posible escala o carga; pendiente de revisión, no se corrige."
229967,LIPOWER SA,2025/11,Nafta (súper) entre 92 y 95 Ron,269121.00,1543.33,"Volumen líquido mayor a 5000 m3 por producto y mes: posible escala o carga; pendiente de revisión, no se corrige."
251712,LIPOWER SA,2025/12,Nafta (súper) entre 92 y 95 Ron,303372.00,1627.37,"Volumen líquido mayor a 5000 m3 por producto y mes: posible escala o carga; pendiente de revisión, no se corrige."
251713,LIPOWER SA,2025/12,Gas Oil Grado 3,89493.00,1818.55,"Volumen líquido mayor a 5000 m3 por producto y mes: posible escala o carga; pendiente de revisión, no se corrige."
251714,LIPOWER SA,2025/12,Nafta (premium) de más de 95 Ron,99549.00,1861.51,"Volumen líquido mayor a 5000 m3 por producto y mes: posible escala o carga; pendiente de revisión, no se corrige."
251715,LIPOWER SA,2025/12,Gas Oil Grado 2,77672.00,1678.84,"Volumen líquido mayor a 5000 m3 por producto y mes: posible escala o carga; pendiente de revisión, no se corrige."
34067,LJP SA,2025/02,Nafta (premium) de más de 95 Ron,26262.00,1500.00,"Volumen líquido mayor a 5000 m3 por producto y mes: posible escala o carga; pendiente de revisión, no se corrige."
34068,LJP SA,2025/02,Gas Oil Grado 2,49207.00,1203.00,"Volumen líquido mayor a 5000 m3 por producto y mes: posible escala o carga; pendiente de revisión, no se corrige."
34069,LJP SA,2025/02,Nafta (súper) entre 92 y 95 Ron,166695.00,1219.00,"Volumen líquido mayor a 5000 m3 por producto y mes: posible escala o carga; pendiente de revisión, no se corrige."
34071,LJP SA,2025/02,Gas Oil Grado 3,19822.00,1458.00,"Volumen líquido mayor a 5000 m3 por producto y mes: posible escala o carga; pendiente de revisión, no se corrige."
186479,LJP SA,2025/09,Nafta (súper) entre 92 y 95 Ron,202784.00,1456.00,"Volumen líquido mayor a 5000 m3 por producto y mes: posible escala o carga; pendiente de revisión, no se corrige."
121386,LOGIOCO JOSE LUIS,2025/06,Gas Oil Grado 3,49447.00,1554.00,"Volumen líquido mayor a 5000 m3 por producto y mes: posible escala o carga; pendiente de revisión, no se corrige."
121387,LOGIOCO JOSE LUIS,2025/06,Nafta (súper) entre 92 y 95 Ron,103290.00,1322.00,"Volumen líquido mayor a 5000 m3 por producto y mes: posible escala o carga; pendiente de revisión, no se corrige."
121388,LOGIOCO JOSE LUIS,2025/06,Nafta (premium) de más de 95 Ron,25304.00,1587.00,"Volumen líquido mayor a 5000 m3 por producto y mes: posible escala o carga; pendiente de revisión, no se corrige."
121389,LOGIOCO JOSE LUIS,2025/06,Gas Oil Grado 2,45336.00,1455.00,"Volumen líquido mayor a 5000 m3 por producto y mes: posible escala o carga; pendiente de revisión, no se corrige."
143122,LOGIOCO JOSE LUIS,2025/07,Nafta (súper) entre 92 y 95 Ron,102464.00,1399.00,"Volumen líquido mayor a 5000 m3 por producto y mes: posible escala o carga; pendiente de revisión, no se corrige."
143123,LOGIOCO JOSE LUIS,2025/07,Gas Oil Grado 3,49578.00,1626.00,"Volumen líquido mayor a 5000 m3 por producto y mes: posible escala o carga; pendiente de revisión, no se corrige."
143124,LOGIOCO JOSE LUIS,2025/07,Nafta (premium) de más de 95 Ron,26973.00,1659.00,"Volumen líquido mayor a 5000 m3 por producto y mes: posible escala o carga; pendiente de revisión, no se corrige."
143125,LOGIOCO JOSE LUIS,2025/07,Gas Oil Grado 2,47272.00,1527.00,"Volumen líquido mayor a 5000 m3 por producto y mes: posible escala o carga; pendiente de revisión, no se corrige."
164853,LOGIOCO JOSE LUIS,2025/08,Gas Oil Grado 2,43400.00,1606.00,"Volumen líquido mayor a 5000 m3 por producto y mes: posible escala o carga; pendiente de revisión, no se corrige."
164854,LOGIOCO JOSE LUIS,2025/08,Gas Oil Grado 3,48020.00,1718.00,"Volumen líquido mayor a 5000 m3 por producto y mes: posible escala o carga; pendiente de revisión, no se corrige."
164855,LOGIOCO JOSE LUIS,2025/08,Nafta (súper) entre 92 y 95 Ron,99700.00,1501.00,"Volumen líquido mayor a 5000 m3 por producto y mes: posible escala o carga; pendiente de revisión, no se corrige."
164856,LOGIOCO JOSE LUIS,2025/08,Nafta (premium) de más de 95 Ron,25000.00,1764.00,"Volumen líquido mayor a 5000 m3 por producto y mes: posible escala o carga; pendiente de revisión, no se corrige."
186517,LOGIOCO JOSE LUIS,2025/09,Nafta (premium) de más de 95 Ron,27440.00,1799.00,"Volumen líquido mayor a 5000 m3 por producto y mes: posible escala o carga; pendiente de revisión, no se corrige."
186518,LOGIOCO JOSE LUIS,2025/09,Nafta (súper) entre 92 y 95 Ron,108050.00,1529.00,"Volumen líquido mayor a 5000 m3 por producto y mes: posible escala o carga; pendiente de revisión, no se corrige."
186519,LOGIOCO JOSE LUIS,2025/09,Gas Oil Grado 2,57800.00,1656.00,"Volumen líquido mayor a 5000 m3 por producto y mes: posible escala o carga; pendiente de revisión, no se corrige."
186520,LOGIOCO JOSE LUIS,2025/09,Gas Oil Grado 3,47285.00,1749.00,"Volumen líquido mayor a 5000 m3 por producto y mes: posible escala o carga; pendiente de revisión, no se corrige."
251826,LOGISTICA RUTA 51 S.A.,2025/12,Gas Oil Grado 2,146062.00,1638.63,"Volumen líquido mayor a 5000 m3 por producto y mes: posible escala o carga; pendiente de revisión, no se corrige."
99594,LOGRACOMB S.A.,2025/05,Nafta (súper) entre 92 y 95 Ron,163940.00,1164.88,"Volumen líquido mayor a 5000 m3 por producto y mes: posible escala o carga; pendiente de revisión, no se corrige."
99596,LOGRACOMB S.A.,2025/05,Gas Oil Grado 3,57080.00,1393.44,"Volumen líquido mayor a 5000 m3 por producto y mes: posible escala o carga; pendiente de revisión, no se corrige."
99597,LOGRACOMB S.A.,2025/05,Gas Oil Grado 2,56600.00,1182.16,"Volumen líquido mayor a 5000 m3 por producto y mes: posible escala o carga; pendiente de revisión, no se corrige."
99598,LOGRACOMB S.A.,2025/05,Nafta (premium) de más de 95 Ron,43300.00,1398.64,"Volumen líquido mayor a 5000 m3 por producto y mes: posible escala o carga; pendiente de revisión, no se corrige."
55989,LOMBARDO MARCELO,2025/03,Nafta (premium) de más de 95 Ron,30305.00,1489.00,"Volumen líquido mayor a 5000 m3 por producto y mes: posible escala o carga; pendiente de revisión, no se corrige."
208380,LOMBARDO MARCELO,2025/10,Nafta (súper) entre 92 y 95 Ron,37964.00,1519.00,"Volumen líquido mayor a 5000 m3 por producto y mes: posible escala o carga; pendiente de revisión, no se corrige."
12331,LOS ARGENTINOS SRL,2025/01,Gas Oil Grado 2,63251.80,1165.00,"Volumen líquido mayor a 5000 m3 por producto y mes: posible escala o carga; pendiente de revisión, no se corrige."
12332,LOS ARGENTINOS SRL,2025/01,Gas Oil Grado 3,36616.70,1416.00,"Volumen líquido mayor a 5000 m3 por producto y mes: posible escala o carga; pendiente de revisión, no se corrige."
12333,LOS ARGENTINOS SRL,2025/01,Nafta (premium) de más de 95 Ron,52275.50,1445.00,"Volumen líquido mayor a 5000 m3 por producto y mes: posible escala o carga; pendiente de revisión, no se corrige."
12334,LOS ARGENTINOS SRL,2025/01,Nafta (súper) entre 92 y 95 Ron,183524.00,1181.00,"Volumen líquido mayor a 5000 m3 por producto y mes: posible escala o carga; pendiente de revisión, no se corrige."
34242,LOS ARGENTINOS SRL,2025/02,Gas Oil Grado 3,33321.60,1445.00,"Volumen líquido mayor a 5000 m3 por producto y mes: posible escala o carga; pendiente de revisión, no se corrige."
34243,LOS ARGENTINOS SRL,2025/02,Nafta (premium) de más de 95 Ron,51558.40,1475.00,"Volumen líquido mayor a 5000 m3 por producto y mes: posible escala o carga; pendiente de revisión, no se corrige."
34244,LOS ARGENTINOS SRL,2025/02,Gas Oil Grado 2,63882.40,1189.00,"Volumen líquido mayor a 5000 m3 por producto y mes: posible escala o carga; pendiente de revisión, no se corrige."
34245,LOS ARGENTINOS SRL,2025/02,Nafta (súper) entre 92 y 95 Ron,180044.00,1206.00,"Volumen líquido mayor a 5000 m3 por producto y mes: posible escala o carga; pendiente de revisión, no se corrige."
56045,LOS ARGENTINOS SRL,2025/03,Nafta (premium) de más de 95 Ron,58594.70,1504.00,"Volumen líquido mayor a 5000 m3 por producto y mes: posible escala o carga; pendiente de revisión, no se corrige."
56046,LOS ARGENTINOS SRL,2025/03,Nafta (súper) entre 92 y 95 Ron,198345.00,1230.00,"Volumen líquido mayor a 5000 m3 por producto y mes: posible escala o carga; pendiente de revisión, no se corrige."
56047,LOS ARGENTINOS SRL,2025/03,Gas Oil Grado 3,37300.10,1473.00,"Volumen líquido mayor a 5000 m3 por producto y mes: posible escala o carga; pendiente de revisión, no se corrige."
56048,LOS ARGENTINOS SRL,2025/03,Gas Oil Grado 2,68675.30,1213.00,"Volumen líquido mayor a 5000 m3 por producto y mes: posible escala o carga; pendiente de revisión, no se corrige."
77883,LOS ARGENTINOS SRL,2025/04,Nafta (súper) entre 92 y 95 Ron,198026.00,1253.00,"Volumen líquido mayor a 5000 m3 por producto y mes: posible escala o carga; pendiente de revisión, no se corrige."
77884,LOS ARGENTINOS SRL,2025/04,Gas Oil Grado 3,37003.30,1500.00,"Volumen líquido mayor a 5000 m3 por producto y mes: posible escala o carga; pendiente de revisión, no se corrige."
77885,LOS ARGENTINOS SRL,2025/04,Nafta (premium) de más de 95 Ron,56703.10,1531.00,"Volumen líquido mayor a 5000 m3 por producto y mes: posible escala o carga; pendiente de revisión, no se corrige."
77886,LOS ARGENTINOS SRL,2025/04,Gas Oil Grado 2,68614.30,1235.00,"Volumen líquido mayor a 5000 m3 por producto y mes: posible escala o carga; pendiente de revisión, no se corrige."
99686,LOS ARGENTINOS SRL,2025/05,Gas Oil Grado 3,43747.20,1386.00,"Volumen líquido mayor a 5000 m3 por producto y mes: posible escala o carga; pendiente de revisión, no se corrige."
99687,LOS ARGENTINOS SRL,2025/05,Nafta (premium) de más de 95 Ron,64104.00,1442.00,"Volumen líquido mayor a 5000 m3 por producto y mes: posible escala o carga; pendiente de revisión, no se corrige."
99688,LOS ARGENTINOS SRL,2025/05,Nafta (súper) entre 92 y 95 Ron,211517.00,1232.00,"Volumen líquido mayor a 5000 m3 por producto y mes: posible escala o carga; pendiente de revisión, no se corrige."
99689,LOS ARGENTINOS SRL,2025/05,Gas Oil Grado 2,67800.00,1205.00,"Volumen líquido mayor a 5000 m3 por producto y mes: posible escala o carga; pendiente de revisión, no se corrige."
121514,LOS ARGENTINOS SRL,2025/06,Gas Oil Grado 3,41360.40,1402.00,"Volumen líquido mayor a 5000 m3 por producto y mes: posible escala o carga; pendiente de revisión, no se corrige."
121515,LOS ARGENTINOS SRL,2025/06,Gas Oil Grado 2,73470.20,1219.00,"Volumen líquido mayor a 5000 m3 por producto y mes: posible escala o carga; pendiente de revisión, no se corrige."
121516,LOS ARGENTINOS SRL,2025/06,Nafta (premium) de más de 95 Ron,66018.40,1459.00,"Volumen líquido mayor a 5000 m3 por producto y mes: posible escala o carga; pendiente de revisión, no se corrige."
121517,LOS ARGENTINOS SRL,2025/06,Nafta (súper) entre 92 y 95 Ron,205814.00,1247.00,"Volumen líquido mayor a 5000 m3 por producto y mes: posible escala o carga; pendiente de revisión, no se corrige."
143249,LOS ARGENTINOS SRL,2025/07,Nafta (premium) de más de 95 Ron,63683.50,1526.00,"Volumen líquido mayor a 5000 m3 por producto y mes: posible escala o carga; pendiente de revisión, no se corrige."
143250,LOS ARGENTINOS SRL,2025/07,Gas Oil Grado 3,46117.10,1468.00,"Volumen líquido mayor a 5000 m3 por producto y mes: posible escala o carga; pendiente de revisión, no se corrige."
143251,LOS ARGENTINOS SRL,2025/07,Nafta (súper) entre 92 y 95 Ron,219154.00,1304.00,"Volumen líquido mayor a 5000 m3 por producto y mes: posible escala o carga; pendiente de revisión, no se corrige."
143252,LOS ARGENTINOS SRL,2025/07,Gas Oil Grado 2,73947.70,1276.00,"Volumen líquido mayor a 5000 m3 por producto y mes: posible escala o carga; pendiente de revisión, no se corrige."
164981,LOS ARGENTINOS SRL,2025/08,Gas Oil Grado 2,79693.00,1363.00,"Volumen líquido mayor a 5000 m3 por producto y mes: posible escala o carga; pendiente de revisión, no se corrige."
164982,LOS ARGENTINOS SRL,2025/08,Nafta (premium) de más de 95 Ron,69371.60,1646.00,"Volumen líquido mayor a 5000 m3 por producto y mes: posible escala o carga; pendiente de revisión, no se corrige."
164983,LOS ARGENTINOS SRL,2025/08,Nafta (súper) entre 92 y 95 Ron,241157.00,1394.00,"Volumen líquido mayor a 5000 m3 por producto y mes: posible escala o carga; pendiente de revisión, no se corrige."
164984,LOS ARGENTINOS SRL,2025/08,Gas Oil Grado 3,46977.20,1578.00,"Volumen líquido mayor a 5000 m3 por producto y mes: posible escala o carga; pendiente de revisión, no se corrige."
186646,LOS ARGENTINOS SRL,2025/09,Nafta (súper) entre 92 y 95 Ron,238127.00,1447.00,"Volumen líquido mayor a 5000 m3 por producto y mes: posible escala o carga; pendiente de revisión, no se corrige."
186647,LOS ARGENTINOS SRL,2025/09,Nafta (premium) de más de 95 Ron,66412.60,1684.00,"Volumen líquido mayor a 5000 m3 por producto y mes: posible escala o carga; pendiente de revisión, no se corrige."
186648,LOS ARGENTINOS SRL,2025/09,Gas Oil Grado 3,51405.30,1622.00,"Volumen líquido mayor a 5000 m3 por producto y mes: posible escala o carga; pendiente de revisión, no se corrige."
186649,LOS ARGENTINOS SRL,2025/09,Gas Oil Grado 2,79550.90,1407.00,"Volumen líquido mayor a 5000 m3 por producto y mes: posible escala o carga; pendiente de revisión, no se corrige."
208439,LOS ARGENTINOS SRL,2025/10,Gas Oil Grado 2,84252.00,1445.00,"Volumen líquido mayor a 5000 m3 por producto y mes: posible escala o carga; pendiente de revisión, no se corrige."
208440,LOS ARGENTINOS SRL,2025/10,Nafta (premium) de más de 95 Ron,68338.00,1711.00,"Volumen líquido mayor a 5000 m3 por producto y mes: posible escala o carga; pendiente de revisión, no se corrige."
208441,LOS ARGENTINOS SRL,2025/10,Nafta (súper) entre 92 y 95 Ron,245759.00,1477.00,"Volumen líquido mayor a 5000 m3 por producto y mes: posible escala o carga; pendiente de revisión, no se corrige."
208442,LOS ARGENTINOS SRL,2025/10,Gas Oil Grado 3,51059.00,1666.00,"Volumen líquido mayor a 5000 m3 por producto y mes: posible escala o carga; pendiente de revisión, no se corrige."
230175,LOS ARGENTINOS SRL,2025/11,Gas Oil Grado 3,43174.50,1808.00,"Volumen líquido mayor a 5000 m3 por producto y mes: posible escala o carga; pendiente de revisión, no se corrige."
230176,LOS ARGENTINOS SRL,2025/11,Gas Oil Grado 2,75787.20,1574.00,"Volumen líquido mayor a 5000 m3 por producto y mes: posible escala o carga; pendiente de revisión, no se corrige."
230177,LOS ARGENTINOS SRL,2025/11,Nafta (súper) entre 92 y 95 Ron,238742.00,1638.00,"Volumen líquido mayor a 5000 m3 por producto y mes: posible escala o carga; pendiente de revisión, no se corrige."
230178,LOS ARGENTINOS SRL,2025/11,Nafta (premium) de más de 95 Ron,65553.60,1844.00,"Volumen líquido mayor a 5000 m3 por producto y mes: posible escala o carga; pendiente de revisión, no se corrige."
251920,LOS ARGENTINOS SRL,2025/12,Gas Oil Grado 2,76926.90,1642.00,"Volumen líquido mayor a 5000 m3 por producto y mes: posible escala o carga; pendiente de revisión, no se corrige."
251921,LOS ARGENTINOS SRL,2025/12,Nafta (súper) entre 92 y 95 Ron,255043.00,1642.00,"Volumen líquido mayor a 5000 m3 por producto y mes: posible escala o carga; pendiente de revisión, no se corrige."
251922,LOS ARGENTINOS SRL,2025/12,Gas Oil Grado 3,52834.90,1856.00,"Volumen líquido mayor a 5000 m3 por producto y mes: posible escala o carga; pendiente de revisión, no se corrige."
251923,LOS ARGENTINOS SRL,2025/12,Nafta (premium) de más de 95 Ron,81186.40,1839.00,"Volumen líquido mayor a 5000 m3 por producto y mes: posible escala o carga; pendiente de revisión, no se corrige."
99714,LOS ENCINOS S.A.,2025/05,Gas Oil Grado 3,17657.00,1401.00,"Volumen líquido mayor a 5000 m3 por producto y mes: posible escala o carga; pendiente de revisión, no se corrige."
143273,LOS ENCINOS S.A.,2025/07,Gas Oil Grado 2,34227.00,1362.00,"Volumen líquido mayor a 5000 m3 por producto y mes: posible escala o carga; pendiente de revisión, no se corrige."
143277,LOS ENCINOS S.A.,2025/07,Nafta (súper) entre 92 y 95 Ron,61762.00,1351.00,"Volumen líquido mayor a 5000 m3 por producto y mes: posible escala o carga; pendiente de revisión, no se corrige."
230200,LOS ENCINOS S.A.,2025/11,Nafta (premium) de más de 95 Ron,14840.00,1911.00,"Volumen líquido mayor a 5000 m3 por producto y mes: posible escala o carga; pendiente de revisión, no se corrige."
230201,LOS ENCINOS S.A.,2025/11,Nafta (súper) entre 92 y 95 Ron,59183.00,1638.00,"Volumen líquido mayor a 5000 m3 por producto y mes: posible escala o carga; pendiente de revisión, no se corrige."
165098,L.P. GAS S.A.,2025/08,Nafta (súper) entre 92 y 95 Ron,9391.00,1399.00,"Volumen líquido mayor a 5000 m3 por producto y mes: posible escala o carga; pendiente de revisión, no se corrige."
186759,L.P. GAS S.A.,2025/09,Nafta (súper) entre 92 y 95 Ron,9205.00,1399.00,"Volumen líquido mayor a 5000 m3 por producto y mes: posible escala o carga; pendiente de revisión, no se corrige."
230620,LUZARDO HNOS S.R.L.,2025/11,Gas Oil Grado 3,55201.00,1810.94,"Volumen líquido mayor a 5000 m3 por producto y mes: posible escala o carga; pendiente de revisión, no se corrige."
230621,LUZARDO HNOS S.R.L.,2025/11,Nafta (premium) de más de 95 Ron,62553.00,1879.84,"Volumen líquido mayor a 5000 m3 por producto y mes: posible escala o carga; pendiente de revisión, no se corrige."
230622,LUZARDO HNOS S.R.L.,2025/11,Gas Oil Grado 2,63568.00,1546.12,"Volumen líquido mayor a 5000 m3 por producto y mes: posible escala o carga; pendiente de revisión, no se corrige."
230623,LUZARDO HNOS S.R.L.,2025/11,Nafta (súper) entre 92 y 95 Ron,148690.00,1582.88,"Volumen líquido mayor a 5000 m3 por producto y mes: posible escala o carga; pendiente de revisión, no se corrige."
252366,LUZARDO HNOS S.R.L.,2025/12,Nafta (súper) entre 92 y 95 Ron,158344.00,1699.00,"Volumen líquido mayor a 5000 m3 por producto y mes: posible escala o carga; pendiente de revisión, no se corrige."
252367,LUZARDO HNOS S.R.L.,2025/12,Nafta (premium) de más de 95 Ron,70512.00,1977.00,"Volumen líquido mayor a 5000 m3 por producto y mes: posible escala o carga; pendiente de revisión, no se corrige."
252368,LUZARDO HNOS S.R.L.,2025/12,Gas Oil Grado 2,61366.00,1688.00,"Volumen líquido mayor a 5000 m3 por producto y mes: posible escala o carga; pendiente de revisión, no se corrige."
252369,LUZARDO HNOS S.R.L.,2025/12,Gas Oil Grado 3,56525.00,1949.01,"Volumen líquido mayor a 5000 m3 por producto y mes: posible escala o carga; pendiente de revisión, no se corrige."
252735,MARINA BALSA SHOPPING SA,2025/12,Gas Oil Grado 3,55397.00,1985.06,"Volumen líquido mayor a 5000 m3 por producto y mes: posible escala o carga; pendiente de revisión, no se corrige."
252736,MARINA BALSA SHOPPING SA,2025/12,Nafta (premium) de más de 95 Ron,84759.70,1995.49,"Volumen líquido mayor a 5000 m3 por producto y mes: posible escala o carga; pendiente de revisión, no se corrige."
252737,MARINA BALSA SHOPPING SA,2025/12,Nafta (súper) entre 92 y 95 Ron,142667.00,1729.90,"Volumen líquido mayor a 5000 m3 por producto y mes: posible escala o carga; pendiente de revisión, no se corrige."
252738,MARINA BALSA SHOPPING SA,2025/12,Gas Oil Grado 2,31997.30,1680.92,"Volumen líquido mayor a 5000 m3 por producto y mes: posible escala o carga; pendiente de revisión, no se corrige."
231077,MARTI GONZALES DONADIO SAICFI,2025/11,Nafta (súper) entre 92 y 95 Ron,132937.00,1630.00,"Volumen líquido mayor a 5000 m3 por producto y mes: posible escala o carga; pendiente de revisión, no se corrige."
231078,MARTI GONZALES DONADIO SAICFI,2025/11,Nafta (premium) de más de 95 Ron,43461.00,1710.00,"Volumen líquido mayor a 5000 m3 por producto y mes: posible escala o carga; pendiente de revisión, no se corrige."
231079,MARTI GONZALES DONADIO SAICFI,2025/11,Gas Oil Grado 3,43073.00,1670.00,"Volumen líquido mayor a 5000 m3 por producto y mes: posible escala o carga; pendiente de revisión, no se corrige."
231080,MARTI GONZALES DONADIO SAICFI,2025/11,Gas Oil Grado 2,167567.00,1462.00,"Volumen líquido mayor a 5000 m3 por producto y mes: posible escala o carga; pendiente de revisión, no se corrige."
252823,MARTI GONZALES DONADIO SAICFI,2025/12,Gas Oil Grado 3,37582.00,1818.00,"Volumen líquido mayor a 5000 m3 por producto y mes: posible escala o carga; pendiente de revisión, no se corrige."
252824,MARTI GONZALES DONADIO SAICFI,2025/12,Gas Oil Grado 2,132971.00,1601.00,"Volumen líquido mayor a 5000 m3 por producto y mes: posible escala o carga; pendiente de revisión, no se corrige."
252826,MARTI GONZALES DONADIO SAICFI,2025/12,Nafta (premium) de más de 95 Ron,39010.00,1842.00,"Volumen líquido mayor a 5000 m3 por producto y mes: posible escala o carga; pendiente de revisión, no se corrige."
252827,MARTI GONZALES DONADIO SAICFI,2025/12,Nafta (súper) entre 92 y 95 Ron,125354.00,1627.00,"Volumen líquido mayor a 5000 m3 por producto y mes: posible escala o carga; pendiente de revisión, no se corrige."
122600,MAXIGAS S.A.,2025/06,Nafta (premium) de más de 95 Ron,28500.00,1435.00,"Volumen líquido mayor a 5000 m3 por producto y mes: posible escala o carga; pendiente de revisión, no se corrige."
122601,MAXIGAS S.A.,2025/06,Nafta (súper) entre 92 y 95 Ron,92351.00,1215.00,"Volumen líquido mayor a 5000 m3 por producto y mes: posible escala o carga; pendiente de revisión, no se corrige."
35483,M-ENERGY S.A.,2025/02,Gas Oil Grado 2,14776.00,1290.00,"Volumen líquido mayor a 5000 m3 por producto y mes: posible escala o carga; pendiente de revisión, no se corrige."
35484,M-ENERGY S.A.,2025/02,Gas Oil Grado 3,12062.00,1500.00,"Volumen líquido mayor a 5000 m3 por producto y mes: posible escala o carga; pendiente de revisión, no se corrige."
35485,M-ENERGY S.A.,2025/02,Nafta (súper) entre 92 y 95 Ron,15474.00,1260.00,"Volumen líquido mayor a 5000 m3 por producto y mes: posible escala o carga; pendiente de revisión, no se corrige."
57287,M-ENERGY S.A.,2025/03,Gas Oil Grado 2,9539.00,1315.00,"Volumen líquido mayor a 5000 m3 por producto y mes: posible escala o carga; pendiente de revisión, no se corrige."
57288,M-ENERGY S.A.,2025/03,Gas Oil Grado 3,5346.00,1535.00,"Volumen líquido mayor a 5000 m3 por producto y mes: posible escala o carga; pendiente de revisión, no se corrige."
57289,M-ENERGY S.A.,2025/03,Nafta (súper) entre 92 y 95 Ron,18681.00,1285.00,"Volumen líquido mayor a 5000 m3 por producto y mes: posible escala o carga; pendiente de revisión, no se corrige."
253580,NABE COMBUSTIBLES COMERCIAL S.A.,2025/12,Gas Oil Grado 3,55064.00,1919.00,"Volumen líquido mayor a 5000 m3 por producto y mes: posible escala o carga; pendiente de revisión, no se corrige."
14067,"NAVOS, RODRIGUEZ Y OTROS",2025/01,Nafta (premium) de más de 95 Ron,92489.00,1423.00,"Volumen líquido mayor a 5000 m3 por producto y mes: posible escala o carga; pendiente de revisión, no se corrige."
14068,"NAVOS, RODRIGUEZ Y OTROS",2025/01,Gas Oil Grado 3,56109.00,1392.00,"Volumen líquido mayor a 5000 m3 por producto y mes: posible escala o carga; pendiente de revisión, no se corrige."
14069,"NAVOS, RODRIGUEZ Y OTROS",2025/01,Gas Oil Grado 2,68518.00,1147.00,"Volumen líquido mayor a 5000 m3 por producto y mes: posible escala o carga; pendiente de revisión, no se corrige."
14070,"NAVOS, RODRIGUEZ Y OTROS",2025/01,Nafta (común) hasta 92 Ron,239842.00,1155.00,"Volumen líquido mayor a 5000 m3 por producto y mes: posible escala o carga; pendiente de revisión, no se corrige."
166694,"NAVOS, RODRIGUEZ Y OTROS",2025/08,Gas Oil Grado 3,59359.00,1592.00,"Volumen líquido mayor a 5000 m3 por producto y mes: posible escala o carga; pendiente de revisión, no se corrige."
166695,"NAVOS, RODRIGUEZ Y OTROS",2025/08,Gas Oil Grado 2,81605.00,1384.00,"Volumen líquido mayor a 5000 m3 por producto y mes: posible escala o carga; pendiente de revisión, no se corrige."
166696,"NAVOS, RODRIGUEZ Y OTROS",2025/08,Nafta (premium) de más de 95 Ron,105455.00,1661.00,"Volumen líquido mayor a 5000 m3 por producto y mes: posible escala o carga; pendiente de revisión, no se corrige."
166697,"NAVOS, RODRIGUEZ Y OTROS",2025/08,Nafta (súper) entre 92 y 95 Ron,243817.00,1413.00,"Volumen líquido mayor a 5000 m3 por producto y mes: posible escala o carga; pendiente de revisión, no se corrige."
188351,"NAVOS, RODRIGUEZ Y OTROS",2025/09,Nafta (premium) de más de 95 Ron,100555.00,1700.00,"Volumen líquido mayor a 5000 m3 por producto y mes: posible escala o carga; pendiente de revisión, no se corrige."
188352,"NAVOS, RODRIGUEZ Y OTROS",2025/09,Nafta (súper) entre 92 y 95 Ron,240176.00,1450.00,"Volumen líquido mayor a 5000 m3 por producto y mes: posible escala o carga; pendiente de revisión, no se corrige."
188353,"NAVOS, RODRIGUEZ Y OTROS",2025/09,Gas Oil Grado 2,69581.00,1418.00,"Volumen líquido mayor a 5000 m3 por producto y mes: posible escala o carga; pendiente de revisión, no se corrige."
188354,"NAVOS, RODRIGUEZ Y OTROS",2025/09,Gas Oil Grado 3,53785.00,1627.00,"Volumen líquido mayor a 5000 m3 por producto y mes: posible escala o carga; pendiente de revisión, no se corrige."
210139,"NAVOS, RODRIGUEZ Y OTROS",2025/10,Gas Oil Grado 3,56069.00,1671.00,"Volumen líquido mayor a 5000 m3 por producto y mes: posible escala o carga; pendiente de revisión, no se corrige."
210140,"NAVOS, RODRIGUEZ Y OTROS",2025/10,Nafta (súper) entre 92 y 95 Ron,247024.00,1484.00,"Volumen líquido mayor a 5000 m3 por producto y mes: posible escala o carga; pendiente de revisión, no se corrige."
210141,"NAVOS, RODRIGUEZ Y OTROS",2025/10,Gas Oil Grado 2,69254.00,1460.00,"Volumen líquido mayor a 5000 m3 por producto y mes: posible escala o carga; pendiente de revisión, no se corrige."
210142,"NAVOS, RODRIGUEZ Y OTROS",2025/10,Nafta (premium) de más de 95 Ron,105668.00,1741.00,"Volumen líquido mayor a 5000 m3 por producto y mes: posible escala o carga; pendiente de revisión, no se corrige."
231878,"NAVOS, RODRIGUEZ Y OTROS",2025/11,Gas Oil Grado 2,59948.00,1619.00,"Volumen líquido mayor a 5000 m3 por producto y mes: posible escala o carga; pendiente de revisión, no se corrige."
231879,"NAVOS, RODRIGUEZ Y OTROS",2025/11,Gas Oil Grado 3,56913.00,1798.00,"Volumen líquido mayor a 5000 m3 por producto y mes: posible escala o carga; pendiente de revisión, no se corrige."
231880,"NAVOS, RODRIGUEZ Y OTROS",2025/11,Nafta (premium) de más de 95 Ron,103568.00,1883.00,"Volumen líquido mayor a 5000 m3 por producto y mes: posible escala o carga; pendiente de revisión, no se corrige."
231881,"NAVOS, RODRIGUEZ Y OTROS",2025/11,Nafta (súper) entre 92 y 95 Ron,239323.00,1625.00,"Volumen líquido mayor a 5000 m3 por producto y mes: posible escala o carga; pendiente de revisión, no se corrige."
166852,NICARAGUA SA,2025/08,Gas Oil Grado 3,47289.00,1585.00,"Volumen líquido mayor a 5000 m3 por producto y mes: posible escala o carga; pendiente de revisión, no se corrige."
166853,NICARAGUA SA,2025/08,Gas Oil Grado 2,68195.00,1381.00,"Volumen líquido mayor a 5000 m3 por producto y mes: posible escala o carga; pendiente de revisión, no se corrige."
166855,NICARAGUA SA,2025/08,Nafta (súper) entre 92 y 95 Ron,218760.00,1405.00,"Volumen líquido mayor a 5000 m3 por producto y mes: posible escala o carga; pendiente de revisión, no se corrige."
166856,NICARAGUA SA,2025/08,Nafta (premium) de más de 95 Ron,77500.00,1642.00,"Volumen líquido mayor a 5000 m3 por producto y mes: posible escala o carga; pendiente de revisión, no se corrige."
232039,NICARAGUA SA,2025/11,Gas Oil Grado 3,42813.00,1670.00,"Volumen líquido mayor a 5000 m3 por producto y mes: posible escala o carga; pendiente de revisión, no se corrige."
232040,NICARAGUA SA,2025/11,Gas Oil Grado 2,54656.00,1462.00,"Volumen líquido mayor a 5000 m3 por producto y mes: posible escala o carga; pendiente de revisión, no se corrige."
232041,NICARAGUA SA,2025/11,Nafta (premium) de más de 95 Ron,85156.00,1710.00,"Volumen líquido mayor a 5000 m3 por producto y mes: posible escala o carga; pendiente de revisión, no se corrige."
232042,NICARAGUA SA,2025/11,Nafta (súper) entre 92 y 95 Ron,218235.00,1630.00,"Volumen líquido mayor a 5000 m3 por producto y mes: posible escala o carga; pendiente de revisión, no se corrige."
253784,NICARAGUA SA,2025/12,Gas Oil Grado 3,48795.00,1818.00,"Volumen líquido mayor a 5000 m3 por producto y mes: posible escala o carga; pendiente de revisión, no se corrige."
253785,NICARAGUA SA,2025/12,Nafta (premium) de más de 95 Ron,94121.00,1844.00,"Volumen líquido mayor a 5000 m3 por producto y mes: posible escala o carga; pendiente de revisión, no se corrige."
253786,NICARAGUA SA,2025/12,Gas Oil Grado 2,56391.00,1601.00,"Volumen líquido mayor a 5000 m3 por producto y mes: posible escala o carga; pendiente de revisión, no se corrige."
253788,NICARAGUA SA,2025/12,Nafta (súper) entre 92 y 95 Ron,250272.00,1630.00,"Volumen líquido mayor a 5000 m3 por producto y mes: posible escala o carga; pendiente de revisión, no se corrige."
123523,NUEVO MADERO SRL,2025/06,Nafta (súper) entre 92 y 95 Ron,32900.00,1320.95,"Volumen líquido mayor a 5000 m3 por producto y mes: posible escala o carga; pendiente de revisión, no se corrige."
123525,NUEVO MADERO SRL,2025/06,Nafta (premium) de más de 95 Ron,10128.00,1507.18,"Volumen líquido mayor a 5000 m3 por producto y mes: posible escala o carga; pendiente de revisión, no se corrige."
123624,OIL A & G S.R.L.,2025/06,Gas Oil Grado 2,7324.00,1364.00,"Volumen líquido mayor a 5000 m3 por producto y mes: posible escala o carga; pendiente de revisión, no se corrige."
123625,OIL A & G S.R.L.,2025/06,Gas Oil Grado 3,66520.00,1599.00,"Volumen líquido mayor a 5000 m3 por producto y mes: posible escala o carga; pendiente de revisión, no se corrige."
123627,OIL A & G S.R.L.,2025/06,Nafta (premium) de más de 95 Ron,7054.00,1635.00,"Volumen líquido mayor a 5000 m3 por producto y mes: posible escala o carga; pendiente de revisión, no se corrige."
123628,OIL A & G S.R.L.,2025/06,Nafta (súper) entre 92 y 95 Ron,22245.00,1380.00,"Volumen líquido mayor a 5000 m3 por producto y mes: posible escala o carga; pendiente de revisión, no se corrige."
145354,OIL A & G S.R.L.,2025/07,Gas Oil Grado 3,73610.00,1599.00,"Volumen líquido mayor a 5000 m3 por producto y mes: posible escala o carga; pendiente de revisión, no se corrige."
145355,OIL A & G S.R.L.,2025/07,Nafta (común) hasta 92 Ron,229490.00,1389.00,"Volumen líquido mayor a 5000 m3 por producto y mes: posible escala o carga; pendiente de revisión, no se corrige."
145356,OIL A & G S.R.L.,2025/07,Gas Oil Grado 2,74440.00,1371.00,"Volumen líquido mayor a 5000 m3 por producto y mes: posible escala o carga; pendiente de revisión, no se corrige."
145358,OIL A & G S.R.L.,2025/07,Nafta (premium) de más de 95 Ron,75820.00,1643.00,"Volumen líquido mayor a 5000 m3 por producto y mes: posible escala o carga; pendiente de revisión, no se corrige."
167087,OIL A & G S.R.L.,2025/08,Gas Oil Grado 2,73310.00,1434.00,"Volumen líquido mayor a 5000 m3 por producto y mes: posible escala o carga; pendiente de revisión, no se corrige."
167089,OIL A & G S.R.L.,2025/08,Nafta (premium) de más de 95 Ron,76020.00,1724.00,"Volumen líquido mayor a 5000 m3 por producto y mes: posible escala o carga; pendiente de revisión, no se corrige."
167090,OIL A & G S.R.L.,2025/08,Nafta (súper) entre 92 y 95 Ron,226250.00,1460.00,"Volumen líquido mayor a 5000 m3 por producto y mes: posible escala o carga; pendiente de revisión, no se corrige."
167091,OIL A & G S.R.L.,2025/08,Gas Oil Grado 3,72680.00,1655.00,"Volumen líquido mayor a 5000 m3 por producto y mes: posible escala o carga; pendiente de revisión, no se corrige."
188744,OIL A & G S.R.L.,2025/09,Nafta (premium) de más de 95 Ron,74950.00,1846.00,"Volumen líquido mayor a 5000 m3 por producto y mes: posible escala o carga; pendiente de revisión, no se corrige."
188745,OIL A & G S.R.L.,2025/09,Gas Oil Grado 3,71280.00,1783.00,"Volumen líquido mayor a 5000 m3 por producto y mes: posible escala o carga; pendiente de revisión, no se corrige."
188746,OIL A & G S.R.L.,2025/09,Gas Oil Grado 2,70620.00,1545.00,"Volumen líquido mayor a 5000 m3 por producto y mes: posible escala o carga; pendiente de revisión, no se corrige."
188748,OIL A & G S.R.L.,2025/09,Nafta (súper) entre 92 y 95 Ron,228320.00,1567.00,"Volumen líquido mayor a 5000 m3 por producto y mes: posible escala o carga; pendiente de revisión, no se corrige."
210524,OIL A & G S.R.L.,2025/10,Nafta (premium) de más de 95 Ron,54410.00,1899.00,"Volumen líquido mayor a 5000 m3 por producto y mes: posible escala o carga; pendiente de revisión, no se corrige."
210525,OIL A & G S.R.L.,2025/10,Nafta (súper) entre 92 y 95 Ron,239110.00,1617.00,"Volumen líquido mayor a 5000 m3 por producto y mes: posible escala o carga; pendiente de revisión, no se corrige."
210526,OIL A & G S.R.L.,2025/10,Gas Oil Grado 3,74120.00,1799.00,"Volumen líquido mayor a 5000 m3 por producto y mes: posible escala o carga; pendiente de revisión, no se corrige."
210528,OIL A & G S.R.L.,2025/10,Gas Oil Grado 2,77410.00,1681.00,"Volumen líquido mayor a 5000 m3 por producto y mes: posible escala o carga; pendiente de revisión, no se corrige."
232260,OIL A & G S.R.L.,2025/11,Nafta (premium) de más de 95 Ron,73360.00,1993.00,"Volumen líquido mayor a 5000 m3 por producto y mes: posible escala o carga; pendiente de revisión, no se corrige."
232262,OIL A & G S.R.L.,2025/11,Nafta (súper) entre 92 y 95 Ron,210710.00,1714.00,"Volumen líquido mayor a 5000 m3 por producto y mes: posible escala o carga; pendiente de revisión, no se corrige."
232263,OIL A & G S.R.L.,2025/11,Gas Oil Grado 3,65810.00,1946.00,"Volumen líquido mayor a 5000 m3 por producto y mes: posible escala o carga; pendiente de revisión, no se corrige."
232264,OIL A & G S.R.L.,2025/11,Gas Oil Grado 2,65810.00,1693.00,"Volumen líquido mayor a 5000 m3 por producto y mes: posible escala o carga; pendiente de revisión, no se corrige."
254011,OIL A & G S.R.L.,2025/12,Gas Oil Grado 3,75620.00,1999.00,"Volumen líquido mayor a 5000 m3 por producto y mes: posible escala o carga; pendiente de revisión, no se corrige."
254012,OIL A & G S.R.L.,2025/12,Nafta (premium) de más de 95 Ron,71930.00,2108.00,"Volumen líquido mayor a 5000 m3 por producto y mes: posible escala o carga; pendiente de revisión, no se corrige."
254013,OIL A & G S.R.L.,2025/12,Gas Oil Grado 2,62900.00,1775.00,"Volumen líquido mayor a 5000 m3 por producto y mes: posible escala o carga; pendiente de revisión, no se corrige."
254014,OIL A & G S.R.L.,2025/12,Nafta (súper) entre 92 y 95 Ron,215760.00,1779.00,"Volumen líquido mayor a 5000 m3 por producto y mes: posible escala o carga; pendiente de revisión, no se corrige."
190082,PARADOR NORTE S.A.,2025/09,Nafta (premium) de más de 95 Ron,143017.00,1893.00,"Volumen líquido mayor a 5000 m3 por producto y mes: posible escala o carga; pendiente de revisión, no se corrige."
124200,OPESSA,2025/06,Gas Oil Grado 2,1267.00,78.90,"Precio promedio fuera del intervalo de selección 100-5000 ARS por unidad. Umbral didáctico, no prueba de error."
124203,OPESSA,2025/06,Gas Oil Grado 2,1273.00,15.18,"Precio promedio fuera del intervalo de selección 100-5000 ARS por unidad. Umbral didáctico, no prueba de error."
124273,OPESSA ACA JUNIN,2025/06,Gas Oil Grado 2,1283.00,10.27,"Precio promedio fuera del intervalo de selección 100-5000 ARS por unidad. Umbral didáctico, no prueba de error."
189807,PAMPA POZO S.A.,2025/09,Nafta (súper) entre 92 y 95 Ron,75798.80,1440.00,"Volumen líquido mayor a 5000 m3 por producto y mes: posible escala o carga; pendiente de revisión, no se corrige."
189809,PAMPA POZO S.A.,2025/09,Gas Oil Grado 3,7732.56,1713.00,"Volumen líquido mayor a 5000 m3 por producto y mes: posible escala o carga; pendiente de revisión, no se corrige."
189810,PAMPA POZO S.A.,2025/09,Nafta (premium) de más de 95 Ron,10499.80,1737.00,"Volumen líquido mayor a 5000 m3 por producto y mes: posible escala o carga; pendiente de revisión, no se corrige."
189813,PAMPA POZO S.A.,2025/09,Gas Oil Grado 2,17631.80,1487.00,"Volumen líquido mayor a 5000 m3 por producto y mes: posible escala o carga; pendiente de revisión, no se corrige."
211565,PAMPA POZO S.A.,2025/10,Nafta (premium) de más de 95 Ron,11174.30,1794.00,"Volumen líquido mayor a 5000 m3 por producto y mes: posible escala o carga; pendiente de revisión, no se corrige."
211569,PAMPA POZO S.A.,2025/10,Gas Oil Grado 2,25172.50,1566.00,"Volumen líquido mayor a 5000 m3 por producto y mes: posible escala o carga; pendiente de revisión, no se corrige."
211571,PAMPA POZO S.A.,2025/10,Nafta (súper) entre 92 y 95 Ron,84209.70,1509.00,"Volumen líquido mayor a 5000 m3 por producto y mes: posible escala o carga; pendiente de revisión, no se corrige."
211572,PAMPA POZO S.A.,2025/10,Gas Oil Grado 3,7038.76,1796.00,"Volumen líquido mayor a 5000 m3 por producto y mes: posible escala o carga; pendiente de revisión, no se corrige."
233275,PAMPA POZO S.A.,2025/11,Nafta (premium) de más de 95 Ron,10143.50,1892.00,"Volumen líquido mayor a 5000 m3 por producto y mes: posible escala o carga; pendiente de revisión, no se corrige."
233276,PAMPA POZO S.A.,2025/11,Gas Oil Grado 2,14677.40,1659.00,"Volumen líquido mayor a 5000 m3 por producto y mes: posible escala o carga; pendiente de revisión, no se corrige."
233278,PAMPA POZO S.A.,2025/11,Nafta (súper) entre 92 y 95 Ron,80552.20,1602.00,"Volumen líquido mayor a 5000 m3 por producto y mes: posible escala o carga; pendiente de revisión, no se corrige."
233281,PAMPA POZO S.A.,2025/11,Gas Oil Grado 3,6330.19,1890.00,"Volumen líquido mayor a 5000 m3 por producto y mes: posible escala o carga; pendiente de revisión, no se corrige."
254969,PAMPA POZO S.A.,2025/12,Gas Oil Grado 2,13631.70,1723.00,"Volumen líquido mayor a 5000 m3 por producto y mes: posible escala o carga; pendiente de revisión, no se corrige."
254970,PAMPA POZO S.A.,2025/12,Nafta (súper) entre 92 y 95 Ron,92934.20,1668.00,"Volumen líquido mayor a 5000 m3 por producto y mes: posible escala o carga; pendiente de revisión, no se corrige."
254971,PAMPA POZO S.A.,2025/12,Gas Oil Grado 3,8631.52,1925.00,"Volumen líquido mayor a 5000 m3 por producto y mes: posible escala o carga; pendiente de revisión, no se corrige."
254972,PAMPA POZO S.A.,2025/12,Nafta (premium) de más de 95 Ron,12162.30,1939.00,"Volumen líquido mayor a 5000 m3 por producto y mes: posible escala o carga; pendiente de revisión, no se corrige."
189808,PAMPA POZO S.A.,2025/09,Nafta (premium) de más de 95 Ron,6634.98,1737.00,"Volumen líquido mayor a 5000 m3 por producto y mes: posible escala o carga; pendiente de revisión, no se corrige."
189811,PAMPA POZO S.A.,2025/09,Gas Oil Grado 3,9820.88,1713.00,"Volumen líquido mayor a 5000 m3 por producto y mes: posible escala o carga; pendiente de revisión, no se corrige."
189812,PAMPA POZO S.A.,2025/09,Nafta (súper) entre 92 y 95 Ron,38006.10,1440.00,"Volumen líquido mayor a 5000 m3 por producto y mes: posible escala o carga; pendiente de revisión, no se corrige."
189814,PAMPA POZO S.A.,2025/09,Gas Oil Grado 2,12199.60,1487.00,"Volumen líquido mayor a 5000 m3 por producto y mes: posible escala o carga; pendiente de revisión, no se corrige."
211566,PAMPA POZO S.A.,2025/10,Gas Oil Grado 3,10390.80,1796.00,"Volumen líquido mayor a 5000 m3 por producto y mes: posible escala o carga; pendiente de revisión, no se corrige."
211567,PAMPA POZO S.A.,2025/10,Nafta (súper) entre 92 y 95 Ron,38644.70,1509.00,"Volumen líquido mayor a 5000 m3 por producto y mes: posible escala o carga; pendiente de revisión, no se corrige."
211573,PAMPA POZO S.A.,2025/10,Nafta (premium) de más de 95 Ron,6555.31,1794.00,"Volumen líquido mayor a 5000 m3 por producto y mes: posible escala o carga; pendiente de revisión, no se corrige."
233277,PAMPA POZO S.A.,2025/11,Nafta (súper) entre 92 y 95 Ron,40139.40,1602.00,"Volumen líquido mayor a 5000 m3 por producto y mes: posible escala o carga; pendiente de revisión, no se corrige."
233279,PAMPA POZO S.A.,2025/11,Gas Oil Grado 3,9437.12,1890.00,"Volumen líquido mayor a 5000 m3 por producto y mes: posible escala o carga; pendiente de revisión, no se corrige."
233283,PAMPA POZO S.A.,2025/11,Nafta (premium) de más de 95 Ron,6946.95,1892.00,"Volumen líquido mayor a 5000 m3 por producto y mes: posible escala o carga; pendiente de revisión, no se corrige."
254974,PAMPA POZO S.A.,2025/12,Gas Oil Grado 2,7360.74,1723.00,"Volumen líquido mayor a 5000 m3 por producto y mes: posible escala o carga; pendiente de revisión, no se corrige."
254975,PAMPA POZO S.A.,2025/12,Gas Oil Grado 3,9104.20,1925.00,"Volumen líquido mayor a 5000 m3 por producto y mes: posible escala o carga; pendiente de revisión, no se corrige."
254976,PAMPA POZO S.A.,2025/12,Nafta (premium) de más de 95 Ron,9494.97,1939.00,"Volumen líquido mayor a 5000 m3 por producto y mes: posible escala o carga; pendiente de revisión, no se corrige."
254977,PAMPA POZO S.A.,2025/12,Nafta (súper) entre 92 y 95 Ron,49670.80,1668.00,"Volumen líquido mayor a 5000 m3 por producto y mes: posible escala o carga; pendiente de revisión, no se corrige."
15934,PARQUE AYERZA SCA,2025/01,Gas Oil Grado 2,5.75,1.23,"Precio promedio fuera del intervalo de selección 100-5000 ARS por unidad. Umbral didáctico, no prueba de error."
15935,PARQUE AYERZA SCA,2025/01,Nafta (premium) de más de 95 Ron,46.57,1.48,"Precio promedio fuera del intervalo de selección 100-5000 ARS por unidad. Umbral didáctico, no prueba de error."
15936,PARQUE AYERZA SCA,2025/01,Nafta (súper) entre 92 y 95 Ron,97.57,1.20,"Precio promedio fuera del intervalo de selección 100-5000 ARS por unidad. Umbral didáctico, no prueba de error."
15937,PARQUE AYERZA SCA,2025/01,Gas Oil Grado 3,11.12,1.45,"Precio promedio fuera del intervalo de selección 100-5000 ARS por unidad. Umbral didáctico, no prueba de error."
37731,PARQUE AYERZA SCA,2025/02,Nafta (súper) entre 92 y 95 Ron,100.27,1.23,"Precio promedio fuera del intervalo de selección 100-5000 ARS por unidad. Umbral didáctico, no prueba de error."
37732,PARQUE AYERZA SCA,2025/02,Nafta (premium) de más de 95 Ron,47.97,1.51,"Precio promedio fuera del intervalo de selección 100-5000 ARS por unidad. Umbral didáctico, no prueba de error."
37733,PARQUE AYERZA SCA,2025/02,Gas Oil Grado 3,12.58,1.48,"Precio promedio fuera del intervalo de selección 100-5000 ARS por unidad. Umbral didáctico, no prueba de error."
37734,PARQUE AYERZA SCA,2025/02,Gas Oil Grado 2,5.45,1.26,"Precio promedio fuera del intervalo de selección 100-5000 ARS por unidad. Umbral didáctico, no prueba de error."
59572,PARQUE AYERZA SCA,2025/03,Gas Oil Grado 2,7.56,1.28,"Precio promedio fuera del intervalo de selección 100-5000 ARS por unidad. Umbral didáctico, no prueba de error."
59573,PARQUE AYERZA SCA,2025/03,Nafta (súper) entre 92 y 95 Ron,126.11,1.25,"Precio promedio fuera del intervalo de selección 100-5000 ARS por unidad. Umbral didáctico, no prueba de error."
59574,PARQUE AYERZA SCA,2025/03,Nafta (premium) de más de 95 Ron,58.40,1.54,"Precio promedio fuera del intervalo de selección 100-5000 ARS por unidad. Umbral didáctico, no prueba de error."
59575,PARQUE AYERZA SCA,2025/03,Gas Oil Grado 3,14.26,1.51,"Precio promedio fuera del intervalo de selección 100-5000 ARS por unidad. Umbral didáctico, no prueba de error."
81383,PARQUE AYERZA SCA,2025/04,Gas Oil Grado 3,14.37,1.54,"Precio promedio fuera del intervalo de selección 100-5000 ARS por unidad. Umbral didáctico, no prueba de error."
81384,PARQUE AYERZA SCA,2025/04,Gas Oil Grado 2,7.17,1.30,"Precio promedio fuera del intervalo de selección 100-5000 ARS por unidad. Umbral didáctico, no prueba de error."
81385,PARQUE AYERZA SCA,2025/04,Nafta (premium) de más de 95 Ron,57.23,1.57,"Precio promedio fuera del intervalo de selección 100-5000 ARS por unidad. Umbral didáctico, no prueba de error."
81386,PARQUE AYERZA SCA,2025/04,Nafta (súper) entre 92 y 95 Ron,117.42,1.26,"Precio promedio fuera del intervalo de selección 100-5000 ARS por unidad. Umbral didáctico, no prueba de error."
103200,PARQUE AYERZA SCA,2025/05,Nafta (premium) de más de 95 Ron,64.14,1.55,"Precio promedio fuera del intervalo de selección 100-5000 ARS por unidad. Umbral didáctico, no prueba de error."
103201,PARQUE AYERZA SCA,2025/05,Nafta (súper) entre 92 y 95 Ron,115.43,1.25,"Precio promedio fuera del intervalo de selección 100-5000 ARS por unidad. Umbral didáctico, no prueba de error."
103202,PARQUE AYERZA SCA,2025/05,Gas Oil Grado 3,13.87,1.51,"Precio promedio fuera del intervalo de selección 100-5000 ARS por unidad. Umbral didáctico, no prueba de error."
103203,PARQUE AYERZA SCA,2025/05,Gas Oil Grado 2,6.90,1.29,"Precio promedio fuera del intervalo de selección 100-5000 ARS por unidad. Umbral didáctico, no prueba de error."
124992,PARQUE AYERZA SCA,2025/06,Gas Oil Grado 3,13.81,1.53,"Precio promedio fuera del intervalo de selección 100-5000 ARS por unidad. Umbral didáctico, no prueba de error."
124993,PARQUE AYERZA SCA,2025/06,Gas Oil Grado 2,8.35,1.33,"Precio promedio fuera del intervalo de selección 100-5000 ARS por unidad. Umbral didáctico, no prueba de error."
124994,PARQUE AYERZA SCA,2025/06,Nafta (premium) de más de 95 Ron,56.24,1.57,"Precio promedio fuera del intervalo de selección 100-5000 ARS por unidad. Umbral didáctico, no prueba de error."
124995,PARQUE AYERZA SCA,2025/06,Nafta (súper) entre 92 y 95 Ron,112.94,1.29,"Precio promedio fuera del intervalo de selección 100-5000 ARS por unidad. Umbral didáctico, no prueba de error."
146749,PARQUE AYERZA SCA,2025/07,Gas Oil Grado 3,15.22,1.56,"Precio promedio fuera del intervalo de selección 100-5000 ARS por unidad. Umbral didáctico, no prueba de error."
146750,PARQUE AYERZA SCA,2025/07,Nafta (súper) entre 92 y 95 Ron,122.53,1.33,"Precio promedio fuera del intervalo de selección 100-5000 ARS por unidad. Umbral didáctico, no prueba de error."
146751,PARQUE AYERZA SCA,2025/07,Gas Oil Grado 2,3.92,1.36,"Precio promedio fuera del intervalo de selección 100-5000 ARS por unidad. Umbral didáctico, no prueba de error."
146752,PARQUE AYERZA SCA,2025/07,Nafta (premium) de más de 95 Ron,61.62,1.60,"Precio promedio fuera del intervalo de selección 100-5000 ARS por unidad. Umbral didáctico, no prueba de error."
168362,PARQUE AYERZA SCA,2025/08,Nafta (premium) de más de 95 Ron,52.53,1.64,"Precio promedio fuera del intervalo de selección 100-5000 ARS por unidad. Umbral didáctico, no prueba de error."
168363,PARQUE AYERZA SCA,2025/08,Nafta (súper) entre 92 y 95 Ron,107.57,1.36,"Precio promedio fuera del intervalo de selección 100-5000 ARS por unidad. Umbral didáctico, no prueba de error."
168364,PARQUE AYERZA SCA,2025/08,Gas Oil Grado 3,15.35,1.59,"Precio promedio fuera del intervalo de selección 100-5000 ARS por unidad. Umbral didáctico, no prueba de error."
168365,PARQUE AYERZA SCA,2025/08,Gas Oil Grado 2,5.57,1.41,"Precio promedio fuera del intervalo de selección 100-5000 ARS por unidad. Umbral didáctico, no prueba de error."
190132,PARQUE AYERZA SCA,2025/09,Gas Oil Grado 2,5.38,1.51,"Precio promedio fuera del intervalo de selección 100-5000 ARS por unidad. Umbral didáctico, no prueba de error."
190133,PARQUE AYERZA SCA,2025/09,Gas Oil Grado 3,14.25,1.68,"Precio promedio fuera del intervalo de selección 100-5000 ARS por unidad. Umbral didáctico, no prueba de error."
190134,PARQUE AYERZA SCA,2025/09,Nafta (súper) entre 92 y 95 Ron,115.59,1.44,"Precio promedio fuera del intervalo de selección 100-5000 ARS por unidad. Umbral didáctico, no prueba de error."
190135,PARQUE AYERZA SCA,2025/09,Nafta (premium) de más de 95 Ron,56.65,1.72,"Precio promedio fuera del intervalo de selección 100-5000 ARS por unidad. Umbral didáctico, no prueba de error."
211892,PARQUE AYERZA SCA,2025/10,Gas Oil Grado 2,5.48,1.54,"Precio promedio fuera del intervalo de selección 100-5000 ARS por unidad. Umbral didáctico, no prueba de error."
211893,PARQUE AYERZA SCA,2025/10,Gas Oil Grado 3,16.56,1.73,"Precio promedio fuera del intervalo de selección 100-5000 ARS por unidad. Umbral didáctico, no prueba de error."
211894,PARQUE AYERZA SCA,2025/10,Nafta (súper) entre 92 y 95 Ron,123.33,1.48,"Precio promedio fuera del intervalo de selección 100-5000 ARS por unidad. Umbral didáctico, no prueba de error."
211895,PARQUE AYERZA SCA,2025/10,Nafta (premium) de más de 95 Ron,63.54,1.77,"Precio promedio fuera del intervalo de selección 100-5000 ARS por unidad. Umbral didáctico, no prueba de error."
233601,PARQUE AYERZA SCA,2025/11,Nafta (súper) entre 92 y 95 Ron,116.01,1.51,"Precio promedio fuera del intervalo de selección 100-5000 ARS por unidad. Umbral didáctico, no prueba de error."
233602,PARQUE AYERZA SCA,2025/11,Nafta (premium) de más de 95 Ron,61.88,1.82,"Precio promedio fuera del intervalo de selección 100-5000 ARS por unidad. Umbral didáctico, no prueba de error."
233603,PARQUE AYERZA SCA,2025/11,Gas Oil Grado 3,14.80,1.78,"Precio promedio fuera del intervalo de selección 100-5000 ARS por unidad. Umbral didáctico, no prueba de error."
233604,PARQUE AYERZA SCA,2025/11,Gas Oil Grado 2,5.55,1.58,"Precio promedio fuera del intervalo de selección 100-5000 ARS por unidad. Umbral didáctico, no prueba de error."
255295,PARQUE AYERZA SCA,2025/12,Nafta (premium) de más de 95 Ron,63.80,1.99,"Precio promedio fuera del intervalo de selección 100-5000 ARS por unidad. Umbral didáctico, no prueba de error."
255296,PARQUE AYERZA SCA,2025/12,Gas Oil Grado 3,13.34,1.97,"Precio promedio fuera del intervalo de selección 100-5000 ARS por unidad. Umbral didáctico, no prueba de error."
255297,PARQUE AYERZA SCA,2025/12,Nafta (súper) entre 92 y 95 Ron,124.62,1.69,"Precio promedio fuera del intervalo de selección 100-5000 ARS por unidad. Umbral didáctico, no prueba de error."
255298,PARQUE AYERZA SCA,2025/12,Gas Oil Grado 2,5.59,1.74,"Precio promedio fuera del intervalo de selección 100-5000 ARS por unidad. Umbral didáctico, no prueba de error."
37879,PEÑALVA HUMBERTO,2025/02,Gas Oil Grado 3,25489.90,1466.00,"Volumen líquido mayor a 5000 m3 por producto y mes: posible escala o carga; pendiente de revisión, no se corrige."
37880,PEÑALVA HUMBERTO,2025/02,Nafta (súper) entre 92 y 95 Ron,20480.50,1249.28,"Volumen líquido mayor a 5000 m3 por producto y mes: posible escala o carga; pendiente de revisión, no se corrige."
37881,PEÑALVA HUMBERTO,2025/02,Gas Oil Grado 2,80487.90,1256.00,"Volumen líquido mayor a 5000 m3 por producto y mes: posible escala o carga; pendiente de revisión, no se corrige."
37882,PEÑALVA HUMBERTO,2025/02,Nafta (premium) de más de 95 Ron,25489.90,1466.00,"Volumen líquido mayor a 5000 m3 por producto y mes: posible escala o carga; pendiente de revisión, no se corrige."
59717,PEÑALVA HUMBERTO,2025/03,Gas Oil Grado 2,90344.90,1279.94,"Volumen líquido mayor a 5000 m3 por producto y mes: posible escala o carga; pendiente de revisión, no se corrige."
59718,PEÑALVA HUMBERTO,2025/03,Gas Oil Grado 3,33493.20,1494.00,"Volumen líquido mayor a 5000 m3 por producto y mes: posible escala o carga; pendiente de revisión, no se corrige."
59719,PEÑALVA HUMBERTO,2025/03,Nafta (premium) de más de 95 Ron,33493.20,1494.00,"Volumen líquido mayor a 5000 m3 por producto y mes: posible escala o carga; pendiente de revisión, no se corrige."
59720,PEÑALVA HUMBERTO,2025/03,Nafta (súper) entre 92 y 95 Ron,21377.00,1273.01,"Volumen líquido mayor a 5000 m3 por producto y mes: posible escala o carga; pendiente de revisión, no se corrige."
81528,PEÑALVA HUMBERTO,2025/04,Nafta (premium) de más de 95 Ron,10008.20,1553.00,"Volumen líquido mayor a 5000 m3 por producto y mes: posible escala o carga; pendiente de revisión, no se corrige."
81529,PEÑALVA HUMBERTO,2025/04,Nafta (súper) entre 92 y 95 Ron,20336.50,1294.77,"Volumen líquido mayor a 5000 m3 por producto y mes: posible escala o carga; pendiente de revisión, no se corrige."
81530,PEÑALVA HUMBERTO,2025/04,Gas Oil Grado 3,32326.70,1519.97,"Volumen líquido mayor a 5000 m3 por producto y mes: posible escala o carga; pendiente de revisión, no se corrige."
81531,PEÑALVA HUMBERTO,2025/04,Gas Oil Grado 2,95000.90,1302.00,"Volumen líquido mayor a 5000 m3 por producto y mes: posible escala o carga; pendiente de revisión, no se corrige."
16115,PENTAGONO DUAL SRL,2025/01,Gas Oil Grado 3,73975.10,1458.03,"Volumen líquido mayor a 5000 m3 por producto y mes: posible escala o carga; pendiente de revisión, no se corrige."
16116,PENTAGONO DUAL SRL,2025/01,Nafta (premium) de más de 95 Ron,103742.00,1488.16,"Volumen líquido mayor a 5000 m3 por producto y mes: posible escala o carga; pendiente de revisión, no se corrige."
16117,PENTAGONO DUAL SRL,2025/01,Nafta (súper) entre 92 y 95 Ron,172089.00,1208.87,"Volumen líquido mayor a 5000 m3 por producto y mes: posible escala o carga; pendiente de revisión, no se corrige."
16118,PENTAGONO DUAL SRL,2025/01,Gas Oil Grado 2,53352.90,1208.46,"Volumen líquido mayor a 5000 m3 por producto y mes: posible escala o carga; pendiente de revisión, no se corrige."
37909,PENTAGONO DUAL SRL,2025/02,Nafta (premium) de más de 95 Ron,81775.80,1519.60,"Volumen líquido mayor a 5000 m3 por producto y mes: posible escala o carga; pendiente de revisión, no se corrige."
37910,PENTAGONO DUAL SRL,2025/02,Nafta (súper) entre 92 y 95 Ron,143271.00,1239.51,"Volumen líquido mayor a 5000 m3 por producto y mes: posible escala o carga; pendiente de revisión, no se corrige."
37911,PENTAGONO DUAL SRL,2025/02,Gas Oil Grado 3,65490.20,1489.29,"Volumen líquido mayor a 5000 m3 por producto y mes: posible escala o carga; pendiente de revisión, no se corrige."
37912,PENTAGONO DUAL SRL,2025/02,Gas Oil Grado 2,48326.80,1242.96,"Volumen líquido mayor a 5000 m3 por producto y mes: posible escala o carga; pendiente de revisión, no se corrige."
59747,PENTAGONO DUAL SRL,2025/03,Nafta (premium) de más de 95 Ron,59904.30,1549.60,"Volumen líquido mayor a 5000 m3 por producto y mes: posible escala o carga; pendiente de revisión, no se corrige."
59748,PENTAGONO DUAL SRL,2025/03,Nafta (súper) entre 92 y 95 Ron,110726.00,1264.69,"Volumen líquido mayor a 5000 m3 por producto y mes: posible escala o carga; pendiente de revisión, no se corrige."
59749,PENTAGONO DUAL SRL,2025/03,Gas Oil Grado 2,59697.40,1259.25,"Volumen líquido mayor a 5000 m3 por producto y mes: posible escala o carga; pendiente de revisión, no se corrige."
59750,PENTAGONO DUAL SRL,2025/03,Gas Oil Grado 3,62626.20,1519.43,"Volumen líquido mayor a 5000 m3 por producto y mes: posible escala o carga; pendiente de revisión, no se corrige."
81558,PENTAGONO DUAL SRL,2025/04,Nafta (súper) entre 92 y 95 Ron,96249.60,1284.76,"Volumen líquido mayor a 5000 m3 por producto y mes: posible escala o carga; pendiente de revisión, no se corrige."
81559,PENTAGONO DUAL SRL,2025/04,Gas Oil Grado 2,55333.60,1284.50,"Volumen líquido mayor a 5000 m3 por producto y mes: posible escala o carga; pendiente de revisión, no se corrige."
81560,PENTAGONO DUAL SRL,2025/04,Gas Oil Grado 3,60839.80,1544.61,"Volumen líquido mayor a 5000 m3 por producto y mes: posible escala o carga; pendiente de revisión, no se corrige."
81561,PENTAGONO DUAL SRL,2025/04,Nafta (premium) de más de 95 Ron,51610.60,1574.82,"Volumen líquido mayor a 5000 m3 por producto y mes: posible escala o carga; pendiente de revisión, no se corrige."
103374,PENTAGONO DUAL SRL,2025/05,Gas Oil Grado 3,59744.00,1489.34,"Volumen líquido mayor a 5000 m3 por producto y mes: posible escala o carga; pendiente de revisión, no se corrige."
103375,PENTAGONO DUAL SRL,2025/05,Gas Oil Grado 2,55010.80,1266.29,"Volumen líquido mayor a 5000 m3 por producto y mes: posible escala o carga; pendiente de revisión, no se corrige."
103376,PENTAGONO DUAL SRL,2025/05,Nafta (súper) entre 92 y 95 Ron,93082.90,1275.60,"Volumen líquido mayor a 5000 m3 por producto y mes: posible escala o carga; pendiente de revisión, no se corrige."
103377,PENTAGONO DUAL SRL,2025/05,Nafta (premium) de más de 95 Ron,53431.80,1522.65,"Volumen líquido mayor a 5000 m3 por producto y mes: posible escala o carga; pendiente de revisión, no se corrige."
125167,PENTAGONO DUAL SRL,2025/06,Gas Oil Grado 3,55904.60,1521.06,"Volumen líquido mayor a 5000 m3 por producto y mes: posible escala o carga; pendiente de revisión, no se corrige."
125168,PENTAGONO DUAL SRL,2025/06,Gas Oil Grado 2,53884.20,1291.44,"Volumen líquido mayor a 5000 m3 por producto y mes: posible escala o carga; pendiente de revisión, no se corrige."
125169,PENTAGONO DUAL SRL,2025/06,Nafta (súper) entre 92 y 95 Ron,81533.90,1304.83,"Volumen líquido mayor a 5000 m3 por producto y mes: posible escala o carga; pendiente de revisión, no se corrige."
125170,PENTAGONO DUAL SRL,2025/06,Nafta (premium) de más de 95 Ron,46044.80,1559.59,"Volumen líquido mayor a 5000 m3 por producto y mes: posible escala o carga; pendiente de revisión, no se corrige."
146923,PENTAGONO DUAL SRL,2025/07,Nafta (súper) entre 92 y 95 Ron,92726.60,1362.45,"Volumen líquido mayor a 5000 m3 por producto y mes: posible escala o carga; pendiente de revisión, no se corrige."
146924,PENTAGONO DUAL SRL,2025/07,Nafta (premium) de más de 95 Ron,55311.10,1611.20,"Volumen líquido mayor a 5000 m3 por producto y mes: posible escala o carga; pendiente de revisión, no se corrige."
146925,PENTAGONO DUAL SRL,2025/07,Gas Oil Grado 3,58095.20,1582.90,"Volumen líquido mayor a 5000 m3 por producto y mes: posible escala o carga; pendiente de revisión, no se corrige."
146926,PENTAGONO DUAL SRL,2025/07,Gas Oil Grado 2,56491.70,1348.34,"Volumen líquido mayor a 5000 m3 por producto y mes: posible escala o carga; pendiente de revisión, no se corrige."
168534,PENTAGONO DUAL SRL,2025/08,Nafta (premium) de más de 95 Ron,55739.40,1675.58,"Volumen líquido mayor a 5000 m3 por producto y mes: posible escala o carga; pendiente de revisión, no se corrige."
168535,PENTAGONO DUAL SRL,2025/08,Gas Oil Grado 2,53622.20,1402.59,"Volumen líquido mayor a 5000 m3 por producto y mes: posible escala o carga; pendiente de revisión, no se corrige."
168536,PENTAGONO DUAL SRL,2025/08,Gas Oil Grado 3,58035.60,1637.88,"Volumen líquido mayor a 5000 m3 por producto y mes: posible escala o carga; pendiente de revisión, no se corrige."
168537,PENTAGONO DUAL SRL,2025/08,Nafta (súper) entre 92 y 95 Ron,88526.70,1408.63,"Volumen líquido mayor a 5000 m3 por producto y mes: posible escala o carga; pendiente de revisión, no se corrige."
190304,PENTAGONO DUAL SRL,2025/09,Gas Oil Grado 2,54607.10,1453.37,"Volumen líquido mayor a 5000 m3 por producto y mes: posible escala o carga; pendiente de revisión, no se corrige."
190305,PENTAGONO DUAL SRL,2025/09,Nafta (súper) entre 92 y 95 Ron,90648.80,1467.45,"Volumen líquido mayor a 5000 m3 por producto y mes: posible escala o carga; pendiente de revisión, no se corrige."
190306,PENTAGONO DUAL SRL,2025/09,Gas Oil Grado 3,59994.60,1687.14,"Volumen líquido mayor a 5000 m3 por producto y mes: posible escala o carga; pendiente de revisión, no se corrige."
190307,PENTAGONO DUAL SRL,2025/09,Nafta (premium) de más de 95 Ron,56262.40,1754.90,"Volumen líquido mayor a 5000 m3 por producto y mes: posible escala o carga; pendiente de revisión, no se corrige."
212065,PENTAGONO DUAL SRL,2025/10,Gas Oil Grado 3,65740.50,1729.69,"Volumen líquido mayor a 5000 m3 por producto y mes: posible escala o carga; pendiente de revisión, no se corrige."
212066,PENTAGONO DUAL SRL,2025/10,Nafta (súper) entre 92 y 95 Ron,97992.60,1511.32,"Volumen líquido mayor a 5000 m3 por producto y mes: posible escala o carga; pendiente de revisión, no se corrige."
212067,PENTAGONO DUAL SRL,2025/10,Nafta (premium) de más de 95 Ron,58525.30,1797.77,"Volumen líquido mayor a 5000 m3 por producto y mes: posible escala o carga; pendiente de revisión, no se corrige."
212068,PENTAGONO DUAL SRL,2025/10,Gas Oil Grado 2,53856.20,1488.02,"Volumen líquido mayor a 5000 m3 por producto y mes: posible escala o carga; pendiente de revisión, no se corrige."
233773,PENTAGONO DUAL SRL,2025/11,Gas Oil Grado 3,71346.40,1808.32,"Volumen líquido mayor a 5000 m3 por producto y mes: posible escala o carga; pendiente de revisión, no se corrige."
233774,PENTAGONO DUAL SRL,2025/11,Gas Oil Grado 2,55447.60,1539.02,"Volumen líquido mayor a 5000 m3 por producto y mes: posible escala o carga; pendiente de revisión, no se corrige."
233775,PENTAGONO DUAL SRL,2025/11,Nafta (súper) entre 92 y 95 Ron,109262.00,1577.00,"Volumen líquido mayor a 5000 m3 por producto y mes: posible escala o carga; pendiente de revisión, no se corrige."
233776,PENTAGONO DUAL SRL,2025/11,Nafta (premium) de más de 95 Ron,63354.10,1879.04,"Volumen líquido mayor a 5000 m3 por producto y mes: posible escala o carga; pendiente de revisión, no se corrige."
255467,PENTAGONO DUAL SRL,2025/12,Gas Oil Grado 3,73807.20,1937.69,"Volumen líquido mayor a 5000 m3 por producto y mes: posible escala o carga; pendiente de revisión, no se corrige."
255468,PENTAGONO DUAL SRL,2025/12,Nafta (premium) de más de 95 Ron,73229.60,1972.86,"Volumen líquido mayor a 5000 m3 por producto y mes: posible escala o carga; pendiente de revisión, no se corrige."
255469,PENTAGONO DUAL SRL,2025/12,Gas Oil Grado 2,59208.50,1668.61,"Volumen líquido mayor a 5000 m3 por producto y mes: posible escala o carga; pendiente de revisión, no se corrige."
255470,PENTAGONO DUAL SRL,2025/12,Nafta (súper) entre 92 y 95 Ron,116767.00,1690.88,"Volumen líquido mayor a 5000 m3 por producto y mes: posible escala o carga; pendiente de revisión, no se corrige."
212556,PETROLOBOS S.A.,2025/10,Gas Oil Grado 3,13738.00,1734.00,"Volumen líquido mayor a 5000 m3 por producto y mes: posible escala o carga; pendiente de revisión, no se corrige."
212557,PETROLOBOS S.A.,2025/10,Gas Oil Grado 2,32806.00,1568.00,"Volumen líquido mayor a 5000 m3 por producto y mes: posible escala o carga; pendiente de revisión, no se corrige."
212558,PETROLOBOS S.A.,2025/10,Nafta (súper) entre 92 y 95 Ron,22888.00,1575.00,"Volumen líquido mayor a 5000 m3 por producto y mes: posible escala o carga; pendiente de revisión, no se corrige."
17071,PILA COMBUSTIBLES S. A.,2025/01,Gas Oil Grado 2,6900.32,1234.10,"Volumen líquido mayor a 5000 m3 por producto y mes: posible escala o carga; pendiente de revisión, no se corrige."
256404,PILA COMBUSTIBLES S. A.,2025/12,Nafta (premium) de más de 95 Ron,71000.00,1894.66,"Volumen líquido mayor a 5000 m3 por producto y mes: posible escala o carga; pendiente de revisión, no se corrige."
17113,PLENARIS SA,2025/01,Nafta (súper) entre 92 y 95 Ron,6698.00,1019.26,"Volumen líquido mayor a 5000 m3 por producto y mes: posible escala o carga; pendiente de revisión, no se corrige."
38907,PLENARIS SA,2025/02,Nafta (súper) entre 92 y 95 Ron,6780.00,1122.88,"Volumen líquido mayor a 5000 m3 por producto y mes: posible escala o carga; pendiente de revisión, no se corrige."
60748,PLENARIS SA,2025/03,Nafta (súper) entre 92 y 95 Ron,6780.00,1122.88,"Volumen líquido mayor a 5000 m3 por producto y mes: posible escala o carga; pendiente de revisión, no se corrige."
82542,PLENARIS SA,2025/04,Nafta (súper) entre 92 y 95 Ron,6567.89,1209.00,"Volumen líquido mayor a 5000 m3 por producto y mes: posible escala o carga; pendiente de revisión, no se corrige."
104367,PLENARIS SA,2025/05,Nafta (súper) entre 92 y 95 Ron,5365.00,1090.56,"Volumen líquido mayor a 5000 m3 por producto y mes: posible escala o carga; pendiente de revisión, no se corrige."
126154,PLENARIS SA,2025/06,Nafta (súper) entre 92 y 95 Ron,6132.00,1124.35,"Volumen líquido mayor a 5000 m3 por producto y mes: posible escala o carga; pendiente de revisión, no se corrige."
147908,PLENARIS SA,2025/07,GNC,68029.00,1.00,"Precio promedio fuera del intervalo de selección 100-5000 ARS por unidad. Umbral didáctico, no prueba de error."
147911,PLENARIS SA,2025/07,Nafta (súper) entre 92 y 95 Ron,7951.00,1125.76,"Volumen líquido mayor a 5000 m3 por producto y mes: posible escala o carga; pendiente de revisión, no se corrige."
169514,PLENARIS SA,2025/08,GNC,63400.00,1.00,"Precio promedio fuera del intervalo de selección 100-5000 ARS por unidad. Umbral didáctico, no prueba de error."
191298,PLENARIS SA,2025/09,GNC,62808.00,1.00,"Precio promedio fuera del intervalo de selección 100-5000 ARS por unidad. Umbral didáctico, no prueba de error."
213037,PLENARIS SA,2025/10,GNC,62172.00,1.00,"Precio promedio fuera del intervalo de selección 100-5000 ARS por unidad. Umbral didáctico, no prueba de error."
213040,PLENARIS SA,2025/10,Nafta (súper) entre 92 y 95 Ron,6500.00,1209.00,"Volumen líquido mayor a 5000 m3 por producto y mes: posible escala o carga; pendiente de revisión, no se corrige."
234748,PLENARIS SA,2025/11,GNC,58169.00,1.00,"Precio promedio fuera del intervalo de selección 100-5000 ARS por unidad. Umbral didáctico, no prueba de error."
234749,PLENARIS SA,2025/11,Nafta (súper) entre 92 y 95 Ron,5301.00,1209.00,"Volumen líquido mayor a 5000 m3 por producto y mes: posible escala o carga; pendiente de revisión, no se corrige."
256455,PLENARIS SA,2025/12,Nafta (súper) entre 92 y 95 Ron,7096.00,1209.00,"Volumen líquido mayor a 5000 m3 por producto y mes: posible escala o carga; pendiente de revisión, no se corrige."
17137,POCHAT CRISTIAN SIMON,2025/01,Gas Oil Grado 3,10819.30,1509.39,"Volumen líquido mayor a 5000 m3 por producto y mes: posible escala o carga; pendiente de revisión, no se corrige."
17141,POCHAT CRISTIAN SIMON,2025/01,Nafta (súper) entre 92 y 95 Ron,23768.60,1298.21,"Volumen líquido mayor a 5000 m3 por producto y mes: posible escala o carga; pendiente de revisión, no se corrige."
17142,POCHAT CRISTIAN SIMON,2025/01,Nafta (premium) de más de 95 Ron,9267.16,1541.27,"Volumen líquido mayor a 5000 m3 por producto y mes: posible escala o carga; pendiente de revisión, no se corrige."
38928,POCHAT CRISTIAN SIMON,2025/02,Nafta (súper) entre 92 y 95 Ron,19796.00,1329.29,"Volumen líquido mayor a 5000 m3 por producto y mes: posible escala o carga; pendiente de revisión, no se corrige."
38930,POCHAT CRISTIAN SIMON,2025/02,Gas Oil Grado 3,10200.60,1545.95,"Volumen líquido mayor a 5000 m3 por producto y mes: posible escala o carga; pendiente de revisión, no se corrige."
38931,POCHAT CRISTIAN SIMON,2025/02,Nafta (premium) de más de 95 Ron,7309.07,1579.78,"Volumen líquido mayor a 5000 m3 por producto y mes: posible escala o carga; pendiente de revisión, no se corrige."
60771,POCHAT CRISTIAN SIMON,2025/03,Gas Oil Grado 3,12840.70,1575.00,"Volumen líquido mayor a 5000 m3 por producto y mes: posible escala o carga; pendiente de revisión, no se corrige."
60772,POCHAT CRISTIAN SIMON,2025/03,Nafta (súper) entre 92 y 95 Ron,25382.40,1359.00,"Volumen líquido mayor a 5000 m3 por producto y mes: posible escala o carga; pendiente de revisión, no se corrige."
60775,POCHAT CRISTIAN SIMON,2025/03,Nafta (premium) de más de 95 Ron,6696.16,1612.00,"Volumen líquido mayor a 5000 m3 por producto y mes: posible escala o carga; pendiente de revisión, no se corrige."
82564,POCHAT CRISTIAN SIMON,2025/04,Nafta (súper) entre 92 y 95 Ron,23899.70,1378.98,"Volumen líquido mayor a 5000 m3 por producto y mes: posible escala o carga; pendiente de revisión, no se corrige."
82569,POCHAT CRISTIAN SIMON,2025/04,Gas Oil Grado 3,14513.90,1599.00,"Volumen líquido mayor a 5000 m3 por producto y mes: posible escala o carga; pendiente de revisión, no se corrige."
104387,POCHAT CRISTIAN SIMON,2025/05,Gas Oil Grado 3,12129.20,1539.00,"Volumen líquido mayor a 5000 m3 por producto y mes: posible escala o carga; pendiente de revisión, no se corrige."
104392,POCHAT CRISTIAN SIMON,2025/05,Nafta (premium) de más de 95 Ron,5988.55,1589.00,"Volumen líquido mayor a 5000 m3 por producto y mes: posible escala o carga; pendiente de revisión, no se corrige."
104393,POCHAT CRISTIAN SIMON,2025/05,Nafta (súper) entre 92 y 95 Ron,19409.80,1359.00,"Volumen líquido mayor a 5000 m3 por producto y mes: posible escala o carga; pendiente de revisión, no se corrige."
126178,POCHAT CRISTIAN SIMON,2025/06,Nafta (súper) entre 92 y 95 Ron,11270.10,1449.00,"Volumen líquido mayor a 5000 m3 por producto y mes: posible escala o carga; pendiente de revisión, no se corrige."
126179,POCHAT CRISTIAN SIMON,2025/06,Gas Oil Grado 3,9825.91,1629.00,"Volumen líquido mayor a 5000 m3 por producto y mes: posible escala o carga; pendiente de revisión, no se corrige."
147933,POCHAT CRISTIAN SIMON,2025/07,Nafta (premium) de más de 95 Ron,5752.82,1702.08,"Volumen líquido mayor a 5000 m3 por producto y mes: posible escala o carga; pendiente de revisión, no se corrige."
147934,POCHAT CRISTIAN SIMON,2025/07,Nafta (súper) entre 92 y 95 Ron,10476.60,1462.14,"Volumen líquido mayor a 5000 m3 por producto y mes: posible escala o carga; pendiente de revisión, no se corrige."
147935,POCHAT CRISTIAN SIMON,2025/07,Gas Oil Grado 3,10805.80,1655.16,"Volumen líquido mayor a 5000 m3 por producto y mes: posible escala o carga; pendiente de revisión, no se corrige."
169538,POCHAT CRISTIAN SIMON,2025/08,Nafta (súper) entre 92 y 95 Ron,10741.10,1536.48,"Volumen líquido mayor a 5000 m3 por producto y mes: posible escala o carga; pendiente de revisión, no se corrige."
169542,POCHAT CRISTIAN SIMON,2025/08,Gas Oil Grado 3,10297.00,1735.20,"Volumen líquido mayor a 5000 m3 por producto y mes: posible escala o carga; pendiente de revisión, no se corrige."
191324,POCHAT CRISTIAN SIMON,2025/09,Nafta (premium) de más de 95 Ron,6272.84,1864.41,"Volumen líquido mayor a 5000 m3 por producto y mes: posible escala o carga; pendiente de revisión, no se corrige."
191326,POCHAT CRISTIAN SIMON,2025/09,Gas Oil Grado 3,11589.00,1800.53,"Volumen líquido mayor a 5000 m3 por producto y mes: posible escala o carga; pendiente de revisión, no se corrige."
191327,POCHAT CRISTIAN SIMON,2025/09,Nafta (súper) entre 92 y 95 Ron,11083.10,1609.58,"Volumen líquido mayor a 5000 m3 por producto y mes: posible escala o carga; pendiente de revisión, no se corrige."
213062,POCHAT CRISTIAN SIMON,2025/10,Gas Oil Grado 3,12042.70,1845.13,"Volumen líquido mayor a 5000 m3 por producto y mes: posible escala o carga; pendiente de revisión, no se corrige."
213065,POCHAT CRISTIAN SIMON,2025/10,Nafta (premium) de más de 95 Ron,6259.26,1899.61,"Volumen líquido mayor a 5000 m3 por producto y mes: posible escala o carga; pendiente de revisión, no se corrige."
213067,POCHAT CRISTIAN SIMON,2025/10,Nafta (súper) entre 92 y 95 Ron,12514.10,1661.54,"Volumen líquido mayor a 5000 m3 por producto y mes: posible escala o carga; pendiente de revisión, no se corrige."
234773,POCHAT CRISTIAN SIMON,2025/11,Nafta (súper) entre 92 y 95 Ron,11356.60,1741.26,"Volumen líquido mayor a 5000 m3 por producto y mes: posible escala o carga; pendiente de revisión, no se corrige."
234774,POCHAT CRISTIAN SIMON,2025/11,Nafta (premium) de más de 95 Ron,6047.97,1972.78,"Volumen líquido mayor a 5000 m3 por producto y mes: posible escala o carga; pendiente de revisión, no se corrige."
234778,POCHAT CRISTIAN SIMON,2025/11,Gas Oil Grado 3,10328.40,1943.35,"Volumen líquido mayor a 5000 m3 por producto y mes: posible escala o carga; pendiente de revisión, no se corrige."
256479,POCHAT CRISTIAN SIMON,2025/12,Gas Oil Grado 3,10617.20,2062.98,"Volumen líquido mayor a 5000 m3 por producto y mes: posible escala o carga; pendiente de revisión, no se corrige."
256483,POCHAT CRISTIAN SIMON,2025/12,Nafta (súper) entre 92 y 95 Ron,13535.40,1822.24,"Volumen líquido mayor a 5000 m3 por producto y mes: posible escala o carga; pendiente de revisión, no se corrige."
256484,POCHAT CRISTIAN SIMON,2025/12,Nafta (premium) de más de 95 Ron,6673.13,2068.39,"Volumen líquido mayor a 5000 m3 por producto y mes: posible escala o carga; pendiente de revisión, no se corrige."
169837,PUENTE VANGUARDIA S.A.,2025/08,Gas Oil Grado 3,19431.00,1523.00,"Volumen líquido mayor a 5000 m3 por producto y mes: posible escala o carga; pendiente de revisión, no se corrige."
169838,PUENTE VANGUARDIA S.A.,2025/08,Gas Oil Grado 2,145721.00,1322.10,"Volumen líquido mayor a 5000 m3 por producto y mes: posible escala o carga; pendiente de revisión, no se corrige."
169839,PUENTE VANGUARDIA S.A.,2025/08,Nafta (premium) de más de 95 Ron,34393.50,1541.59,"Volumen líquido mayor a 5000 m3 por producto y mes: posible escala o carga; pendiente de revisión, no se corrige."
169840,PUENTE VANGUARDIA S.A.,2025/08,Nafta (súper) entre 92 y 95 Ron,198405.00,1349.87,"Volumen líquido mayor a 5000 m3 por producto y mes: posible escala o carga; pendiente de revisión, no se corrige."
191622,PUENTE VANGUARDIA S.A.,2025/09,Gas Oil Grado 3,21883.50,1579.83,"Volumen líquido mayor a 5000 m3 por producto y mes: posible escala o carga; pendiente de revisión, no se corrige."
191623,PUENTE VANGUARDIA S.A.,2025/09,Nafta (súper) entre 92 y 95 Ron,210386.00,1401.37,"Volumen líquido mayor a 5000 m3 por producto y mes: posible escala o carga; pendiente de revisión, no se corrige."
191624,PUENTE VANGUARDIA S.A.,2025/09,Gas Oil Grado 2,152916.00,1370.62,"Volumen líquido mayor a 5000 m3 por producto y mes: posible escala o carga; pendiente de revisión, no se corrige."
191625,PUENTE VANGUARDIA S.A.,2025/09,Nafta (premium) de más de 95 Ron,35710.10,1490.95,"Volumen líquido mayor a 5000 m3 por producto y mes: posible escala o carga; pendiente de revisión, no se corrige."
213361,PUENTE VANGUARDIA S.A.,2025/10,Nafta (súper) entre 92 y 95 Ron,225844.00,1459.38,"Volumen líquido mayor a 5000 m3 por producto y mes: posible escala o carga; pendiente de revisión, no se corrige."
213362,PUENTE VANGUARDIA S.A.,2025/10,Nafta (premium) de más de 95 Ron,35883.00,1632.23,"Volumen líquido mayor a 5000 m3 por producto y mes: posible escala o carga; pendiente de revisión, no se corrige."
213363,PUENTE VANGUARDIA S.A.,2025/10,Gas Oil Grado 3,27299.10,1636.34,"Volumen líquido mayor a 5000 m3 por producto y mes: posible escala o carga; pendiente de revisión, no se corrige."
235082,PUENTE VANGUARDIA S.A.,2025/11,Nafta (premium) de más de 95 Ron,37047.90,1710.98,"Volumen líquido mayor a 5000 m3 por producto y mes: posible escala o carga; pendiente de revisión, no se corrige."
235083,PUENTE VANGUARDIA S.A.,2025/11,Nafta (súper) entre 92 y 95 Ron,224099.00,1548.68,"Volumen líquido mayor a 5000 m3 por producto y mes: posible escala o carga; pendiente de revisión, no se corrige."
235084,PUENTE VANGUARDIA S.A.,2025/11,Gas Oil Grado 3,20959.00,1711.48,"Volumen líquido mayor a 5000 m3 por producto y mes: posible escala o carga; pendiente de revisión, no se corrige."
235085,PUENTE VANGUARDIA S.A.,2025/11,Gas Oil Grado 2,177267.00,1499.35,"Volumen líquido mayor a 5000 m3 por producto y mes: posible escala o carga; pendiente de revisión, no se corrige."
256776,PUENTE VANGUARDIA S.A.,2025/12,Nafta (premium) de más de 95 Ron,36643.00,1847.86,"Volumen líquido mayor a 5000 m3 por producto y mes: posible escala o carga; pendiente de revisión, no se corrige."
256777,PUENTE VANGUARDIA S.A.,2025/12,Gas Oil Grado 2,172757.00,1620.88,"Volumen líquido mayor a 5000 m3 por producto y mes: posible escala o carga; pendiente de revisión, no se corrige."
256778,PUENTE VANGUARDIA S.A.,2025/12,Gas Oil Grado 3,29600.00,1850.43,"Volumen líquido mayor a 5000 m3 por producto y mes: posible escala o carga; pendiente de revisión, no se corrige."
256779,PUENTE VANGUARDIA S.A.,2025/12,Nafta (súper) entre 92 y 95 Ron,245453.00,1637.73,"Volumen líquido mayor a 5000 m3 por producto y mes: posible escala o carga; pendiente de revisión, no se corrige."
17520,QUARIN Y CIA SRL,2025/01,Gas Oil Grado 3,28983.00,1437.73,"Volumen líquido mayor a 5000 m3 por producto y mes: posible escala o carga; pendiente de revisión, no se corrige."
17521,QUARIN Y CIA SRL,2025/01,Nafta (súper) entre 92 y 95 Ron,34621.00,1212.66,"Volumen líquido mayor a 5000 m3 por producto y mes: posible escala o carga; pendiente de revisión, no se corrige."
17522,QUARIN Y CIA SRL,2025/01,Nafta (premium) de más de 95 Ron,20162.00,1441.16,"Volumen líquido mayor a 5000 m3 por producto y mes: posible escala o carga; pendiente de revisión, no se corrige."
17523,QUARIN Y CIA SRL,2025/01,Gas Oil Grado 2,85261.00,1237.50,"Volumen líquido mayor a 5000 m3 por producto y mes: posible escala o carga; pendiente de revisión, no se corrige."
39310,QUARIN Y CIA SRL,2025/02,Nafta (súper) entre 92 y 95 Ron,37925.00,1248.70,"Volumen líquido mayor a 5000 m3 por producto y mes: posible escala o carga; pendiente de revisión, no se corrige."
39311,QUARIN Y CIA SRL,2025/02,Nafta (premium) de más de 95 Ron,12504.00,1483.68,"Volumen líquido mayor a 5000 m3 por producto y mes: posible escala o carga; pendiente de revisión, no se corrige."
39312,QUARIN Y CIA SRL,2025/02,Gas Oil Grado 3,28493.00,1461.62,"Volumen líquido mayor a 5000 m3 por producto y mes: posible escala o carga; pendiente de revisión, no se corrige."
39313,QUARIN Y CIA SRL,2025/02,Gas Oil Grado 2,100095.00,1250.64,"Volumen líquido mayor a 5000 m3 por producto y mes: posible escala o carga; pendiente de revisión, no se corrige."
61154,QUARIN Y CIA SRL,2025/03,Nafta (súper) entre 92 y 95 Ron,30791.80,1278.96,"Volumen líquido mayor a 5000 m3 por producto y mes: posible escala o carga; pendiente de revisión, no se corrige."
61155,QUARIN Y CIA SRL,2025/03,Gas Oil Grado 2,106116.00,1281.40,"Volumen líquido mayor a 5000 m3 por producto y mes: posible escala o carga; pendiente de revisión, no se corrige."
61156,QUARIN Y CIA SRL,2025/03,Nafta (premium) de más de 95 Ron,20978.70,1507.78,"Volumen líquido mayor a 5000 m3 por producto y mes: posible escala o carga; pendiente de revisión, no se corrige."
61157,QUARIN Y CIA SRL,2025/03,Gas Oil Grado 3,39088.50,1487.30,"Volumen líquido mayor a 5000 m3 por producto y mes: posible escala o carga; pendiente de revisión, no se corrige."
169921,QUARIN Y CIA SRL,2025/08,Gas Oil Grado 2,117392.00,1392.64,"Volumen líquido mayor a 5000 m3 por producto y mes: posible escala o carga; pendiente de revisión, no se corrige."
169922,QUARIN Y CIA SRL,2025/08,Nafta (premium) de más de 95 Ron,19413.10,1606.84,"Volumen líquido mayor a 5000 m3 por producto y mes: posible escala o carga; pendiente de revisión, no se corrige."
169923,QUARIN Y CIA SRL,2025/08,Nafta (súper) entre 92 y 95 Ron,34194.10,1400.75,"Volumen líquido mayor a 5000 m3 por producto y mes: posible escala o carga; pendiente de revisión, no se corrige."
169924,QUARIN Y CIA SRL,2025/08,Gas Oil Grado 3,39469.00,1549.62,"Volumen líquido mayor a 5000 m3 por producto y mes: posible escala o carga; pendiente de revisión, no se corrige."
17578,RAFITA S.A.,2025/01,Nafta (premium) de más de 95 Ron,43004.00,1564.00,"Volumen líquido mayor a 5000 m3 por producto y mes: posible escala o carga; pendiente de revisión, no se corrige."
17615,RAM OLAVARRIA S.A.,2025/01,Nafta (premium) de más de 95 Ron,39979.90,1465.65,"Volumen líquido mayor a 5000 m3 por producto y mes: posible escala o carga; pendiente de revisión, no se corrige."
17617,RAM OLAVARRIA S.A.,2025/01,Gas Oil Grado 3,35230.40,1433.89,"Volumen líquido mayor a 5000 m3 por producto y mes: posible escala o carga; pendiente de revisión, no se corrige."
17618,RAM OLAVARRIA S.A.,2025/01,Nafta (súper) entre 92 y 95 Ron,123620.00,1224.94,"Volumen líquido mayor a 5000 m3 por producto y mes: posible escala o carga; pendiente de revisión, no se corrige."
17619,RAM OLAVARRIA S.A.,2025/01,Gas Oil Grado 2,47350.60,1234.18,"Volumen líquido mayor a 5000 m3 por producto y mes: posible escala o carga; pendiente de revisión, no se corrige."
39405,RAM OLAVARRIA S.A.,2025/02,Gas Oil Grado 2,55085.10,1277.73,"Volumen líquido mayor a 5000 m3 por producto y mes: posible escala o carga; pendiente de revisión, no se corrige."
39407,RAM OLAVARRIA S.A.,2025/02,Gas Oil Grado 3,36567.00,1483.30,"Volumen líquido mayor a 5000 m3 por producto y mes: posible escala o carga; pendiente de revisión, no se corrige."
39408,RAM OLAVARRIA S.A.,2025/02,Nafta (premium) de más de 95 Ron,39899.80,1508.12,"Volumen líquido mayor a 5000 m3 por producto y mes: posible escala o carga; pendiente de revisión, no se corrige."
39409,RAM OLAVARRIA S.A.,2025/02,Nafta (súper) entre 92 y 95 Ron,126559.00,1259.27,"Volumen líquido mayor a 5000 m3 por producto y mes: posible escala o carga; pendiente de revisión, no se corrige."
61252,RAM OLAVARRIA S.A.,2025/03,Nafta (súper) entre 92 y 95 Ron,151506.00,1285.75,"Volumen líquido mayor a 5000 m3 por producto y mes: posible escala o carga; pendiente de revisión, no se corrige."
61253,RAM OLAVARRIA S.A.,2025/03,Gas Oil Grado 2,54159.00,1318.66,"Volumen líquido mayor a 5000 m3 por producto y mes: posible escala o carga; pendiente de revisión, no se corrige."
61254,RAM OLAVARRIA S.A.,2025/03,Nafta (premium) de más de 95 Ron,50299.40,1541.86,"Volumen líquido mayor a 5000 m3 por producto y mes: posible escala o carga; pendiente de revisión, no se corrige."
61255,RAM OLAVARRIA S.A.,2025/03,Gas Oil Grado 3,31530.40,1513.78,"Volumen líquido mayor a 5000 m3 por producto y mes: posible escala o carga; pendiente de revisión, no se corrige."
83040,RAM OLAVARRIA S.A.,2025/04,Nafta (súper) entre 92 y 95 Ron,166256.00,1303.18,"Volumen líquido mayor a 5000 m3 por producto y mes: posible escala o carga; pendiente de revisión, no se corrige."
83041,RAM OLAVARRIA S.A.,2025/04,Gas Oil Grado 2,71458.10,1340.76,"Volumen líquido mayor a 5000 m3 por producto y mes: posible escala o carga; pendiente de revisión, no se corrige."
83042,RAM OLAVARRIA S.A.,2025/04,Nafta (premium) de más de 95 Ron,51966.20,1562.75,"Volumen líquido mayor a 5000 m3 por producto y mes: posible escala o carga; pendiente de revisión, no se corrige."
83043,RAM OLAVARRIA S.A.,2025/04,Gas Oil Grado 3,42167.60,1536.48,"Volumen líquido mayor a 5000 m3 por producto y mes: posible escala o carga; pendiente de revisión, no se corrige."
104864,RAM OLAVARRIA S.A.,2025/05,Nafta (premium) de más de 95 Ron,57431.70,1462.68,"Volumen líquido mayor a 5000 m3 por producto y mes: posible escala o carga; pendiente de revisión, no se corrige."
104865,RAM OLAVARRIA S.A.,2025/05,Gas Oil Grado 3,44556.10,1402.69,"Volumen líquido mayor a 5000 m3 por producto y mes: posible escala o carga; pendiente de revisión, no se corrige."
104867,RAM OLAVARRIA S.A.,2025/05,Gas Oil Grado 2,67059.40,1267.62,"Volumen líquido mayor a 5000 m3 por producto y mes: posible escala o carga; pendiente de revisión, no se corrige."
104868,RAM OLAVARRIA S.A.,2025/05,Nafta (súper) entre 92 y 95 Ron,176804.00,1273.35,"Volumen líquido mayor a 5000 m3 por producto y mes: posible escala o carga; pendiente de revisión, no se corrige."
126653,RAM OLAVARRIA S.A.,2025/06,Gas Oil Grado 2,60750.80,1282.91,"Volumen líquido mayor a 5000 m3 por producto y mes: posible escala o carga; pendiente de revisión, no se corrige."
126655,RAM OLAVARRIA S.A.,2025/06,Gas Oil Grado 3,45118.30,1419.92,"Volumen líquido mayor a 5000 m3 por producto y mes: posible escala o carga; pendiente de revisión, no se corrige."
126656,RAM OLAVARRIA S.A.,2025/06,Nafta (premium) de más de 95 Ron,57327.90,1479.93,"Volumen líquido mayor a 5000 m3 por producto y mes: posible escala o carga; pendiente de revisión, no se corrige."
126657,RAM OLAVARRIA S.A.,2025/06,Nafta (súper) entre 92 y 95 Ron,161043.00,1287.94,"Volumen líquido mayor a 5000 m3 por producto y mes: posible escala o carga; pendiente de revisión, no se corrige."
148397,RAM OLAVARRIA S.A.,2025/07,Nafta (premium) de más de 95 Ron,56086.80,1577.80,"Volumen líquido mayor a 5000 m3 por producto y mes: posible escala o carga; pendiente de revisión, no se corrige."
148398,RAM OLAVARRIA S.A.,2025/07,Gas Oil Grado 3,44369.80,1514.58,"Volumen líquido mayor a 5000 m3 por producto y mes: posible escala o carga; pendiente de revisión, no se corrige."
148399,RAM OLAVARRIA S.A.,2025/07,Nafta (súper) entre 92 y 95 Ron,154523.00,1374.71,"Volumen líquido mayor a 5000 m3 por producto y mes: posible escala o carga; pendiente de revisión, no se corrige."
148400,RAM OLAVARRIA S.A.,2025/07,Gas Oil Grado 2,63862.80,1369.53,"Volumen líquido mayor a 5000 m3 por producto y mes: posible escala o carga; pendiente de revisión, no se corrige."
170015,RAM OLAVARRIA S.A.,2025/08,Gas Oil Grado 3,46666.10,1594.26,"Volumen líquido mayor a 5000 m3 por producto y mes: posible escala o carga; pendiente de revisión, no se corrige."
170016,RAM OLAVARRIA S.A.,2025/08,Gas Oil Grado 2,56249.90,1444.24,"Volumen líquido mayor a 5000 m3 por producto y mes: posible escala o carga; pendiente de revisión, no se corrige."
170018,RAM OLAVARRIA S.A.,2025/08,Nafta (premium) de más de 95 Ron,55132.30,1666.12,"Volumen líquido mayor a 5000 m3 por producto y mes: posible escala o carga; pendiente de revisión, no se corrige."
170019,RAM OLAVARRIA S.A.,2025/08,Nafta (súper) entre 92 y 95 Ron,158139.00,1445.20,"Volumen líquido mayor a 5000 m3 por producto y mes: posible escala o carga; pendiente de revisión, no se corrige."
191802,RAM OLAVARRIA S.A.,2025/09,Gas Oil Grado 2,55247.50,1503.25,"Volumen líquido mayor a 5000 m3 por producto y mes: posible escala o carga; pendiente de revisión, no se corrige."
191803,RAM OLAVARRIA S.A.,2025/09,Nafta (súper) entre 92 y 95 Ron,148787.00,1502.54,"Volumen líquido mayor a 5000 m3 por producto y mes: posible escala o carga; pendiente de revisión, no se corrige."
191804,RAM OLAVARRIA S.A.,2025/09,Gas Oil Grado 3,47128.90,1657.80,"Volumen líquido mayor a 5000 m3 por producto y mes: posible escala o carga; pendiente de revisión, no se corrige."
191806,RAM OLAVARRIA S.A.,2025/09,Nafta (premium) de más de 95 Ron,54230.70,1731.37,"Volumen líquido mayor a 5000 m3 por producto y mes: posible escala o carga; pendiente de revisión, no se corrige."
213540,RAM OLAVARRIA S.A.,2025/10,Gas Oil Grado 2,59003.80,1553.14,"Volumen líquido mayor a 5000 m3 por producto y mes: posible escala o carga; pendiente de revisión, no se corrige."
213541,RAM OLAVARRIA S.A.,2025/10,Nafta (súper) entre 92 y 95 Ron,133436.00,1553.93,"Volumen líquido mayor a 5000 m3 por producto y mes: posible escala o carga; pendiente de revisión, no se corrige."
213542,RAM OLAVARRIA S.A.,2025/10,Nafta (premium) de más de 95 Ron,51914.90,1792.12,"Volumen líquido mayor a 5000 m3 por producto y mes: posible escala o carga; pendiente de revisión, no se corrige."
213543,RAM OLAVARRIA S.A.,2025/10,Gas Oil Grado 3,46943.60,1702.47,"Volumen líquido mayor a 5000 m3 por producto y mes: posible escala o carga; pendiente de revisión, no se corrige."
235258,RAM OLAVARRIA S.A.,2025/11,Gas Oil Grado 3,47030.60,1788.39,"Volumen líquido mayor a 5000 m3 por producto y mes: posible escala o carga; pendiente de revisión, no se corrige."
235260,RAM OLAVARRIA S.A.,2025/11,Gas Oil Grado 2,63372.90,1681.98,"Volumen líquido mayor a 5000 m3 por producto y mes: posible escala o carga; pendiente de revisión, no se corrige."
235261,RAM OLAVARRIA S.A.,2025/11,Nafta (premium) de más de 95 Ron,60349.30,1868.24,"Volumen líquido mayor a 5000 m3 por producto y mes: posible escala o carga; pendiente de revisión, no se corrige."
235262,RAM OLAVARRIA S.A.,2025/11,Nafta (súper) entre 92 y 95 Ron,168396.00,1633.75,"Volumen líquido mayor a 5000 m3 por producto y mes: posible escala o carga; pendiente de revisión, no se corrige."
256953,RAM OLAVARRIA S.A.,2025/12,Nafta (súper) entre 92 y 95 Ron,197983.00,1721.19,"Volumen líquido mayor a 5000 m3 por producto y mes: posible escala o carga; pendiente de revisión, no se corrige."
256954,RAM OLAVARRIA S.A.,2025/12,Nafta (premium) de más de 95 Ron,74076.90,1941.46,"Volumen líquido mayor a 5000 m3 por producto y mes: posible escala o carga; pendiente de revisión, no se corrige."
256955,RAM OLAVARRIA S.A.,2025/12,Gas Oil Grado 3,56537.00,1922.87,"Volumen líquido mayor a 5000 m3 por producto y mes: posible escala o carga; pendiente de revisión, no se corrige."
256956,RAM OLAVARRIA S.A.,2025/12,Gas Oil Grado 2,61907.70,1822.12,"Volumen líquido mayor a 5000 m3 por producto y mes: posible escala o carga; pendiente de revisión, no se corrige."
17945,REFINERIA BAHIA BLANCA S.A.U.,2025/01,GNC,1.00,1.00,"Precio promedio fuera del intervalo de selección 100-5000 ARS por unidad. Umbral didáctico, no prueba de error."
39646,REFINERIA BAHIA BLANCA S.A.U.,2025/02,GNC,1.00,1.00,"Precio promedio fuera del intervalo de selección 100-5000 ARS por unidad. Umbral didáctico, no prueba de error."
61630,REFINERIA BAHIA BLANCA S.A.U.,2025/03,GNC,1.00,1.00,"Precio promedio fuera del intervalo de selección 100-5000 ARS por unidad. Umbral didáctico, no prueba de error."
83394,REFINERIA BAHIA BLANCA S.A.U.,2025/04,GNC,1.00,1.00,"Precio promedio fuera del intervalo de selección 100-5000 ARS por unidad. Umbral didáctico, no prueba de error."
105237,REFINERIA BAHIA BLANCA S.A.U.,2025/05,GNC,1.00,1.00,"Precio promedio fuera del intervalo de selección 100-5000 ARS por unidad. Umbral didáctico, no prueba de error."
126904,REFINERIA BAHIA BLANCA S.A.U.,2025/06,GNC,1.00,1.00,"Precio promedio fuera del intervalo de selección 100-5000 ARS por unidad. Umbral didáctico, no prueba de error."
148581,REFINERIA BAHIA BLANCA S.A.U.,2025/07,GNC,1.00,1.00,"Precio promedio fuera del intervalo de selección 100-5000 ARS por unidad. Umbral didáctico, no prueba de error."
170187,REFINERIA BAHIA BLANCA S.A.U.,2025/08,GNC,1.00,1.00,"Precio promedio fuera del intervalo de selección 100-5000 ARS por unidad. Umbral didáctico, no prueba de error."
191996,REFINERIA BAHIA BLANCA S.A.U.,2025/09,GNC,1.00,1.00,"Precio promedio fuera del intervalo de selección 100-5000 ARS por unidad. Umbral didáctico, no prueba de error."
213747,REFINERIA BAHIA BLANCA S.A.U.,2025/10,GNC,1.00,1.00,"Precio promedio fuera del intervalo de selección 100-5000 ARS por unidad. Umbral didáctico, no prueba de error."
235561,REFINERIA BAHIA BLANCA S.A.U.,2025/11,GNC,1.00,1.00,"Precio promedio fuera del intervalo de selección 100-5000 ARS por unidad. Umbral didáctico, no prueba de error."
257249,REFINERIA BAHIA BLANCA S.A.U.,2025/12,GNC,1.00,1.00,"Precio promedio fuera del intervalo de selección 100-5000 ARS por unidad. Umbral didáctico, no prueba de error."
17840,REFINERIA BAHIA BLANCA S.A.U.,2025/01,GNC,1.00,1.00,"Precio promedio fuera del intervalo de selección 100-5000 ARS por unidad. Umbral didáctico, no prueba de error."
39611,REFINERIA BAHIA BLANCA S.A.U.,2025/02,GNC,1.00,1.00,"Precio promedio fuera del intervalo de selección 100-5000 ARS por unidad. Umbral didáctico, no prueba de error."
61550,REFINERIA BAHIA BLANCA S.A.U.,2025/03,GNC,1.00,1.00,"Precio promedio fuera del intervalo de selección 100-5000 ARS por unidad. Umbral didáctico, no prueba de error."
83325,REFINERIA BAHIA BLANCA S.A.U.,2025/04,GNC,1.00,1.00,"Precio promedio fuera del intervalo de selección 100-5000 ARS por unidad. Umbral didáctico, no prueba de error."
105026,REFINERIA BAHIA BLANCA S.A.U.,2025/05,GNC,1.00,1.00,"Precio promedio fuera del intervalo de selección 100-5000 ARS por unidad. Umbral didáctico, no prueba de error."
126813,REFINERIA BAHIA BLANCA S.A.U.,2025/06,GNC,1.00,1.00,"Precio promedio fuera del intervalo de selección 100-5000 ARS por unidad. Umbral didáctico, no prueba de error."
148726,REFINERIA BAHIA BLANCA S.A.U.,2025/07,GNC,1.00,1.00,"Precio promedio fuera del intervalo de selección 100-5000 ARS por unidad. Umbral didáctico, no prueba de error."
170266,REFINERIA BAHIA BLANCA S.A.U.,2025/08,GNC,1.00,1.00,"Precio promedio fuera del intervalo de selección 100-5000 ARS por unidad. Umbral didáctico, no prueba de error."
192136,REFINERIA BAHIA BLANCA S.A.U.,2025/09,GNC,1.00,1.00,"Precio promedio fuera del intervalo de selección 100-5000 ARS por unidad. Umbral didáctico, no prueba de error."
213802,REFINERIA BAHIA BLANCA S.A.U.,2025/10,GNC,1.00,1.00,"Precio promedio fuera del intervalo de selección 100-5000 ARS por unidad. Umbral didáctico, no prueba de error."
235610,REFINERIA BAHIA BLANCA S.A.U.,2025/11,GNC,1.00,1.00,"Precio promedio fuera del intervalo de selección 100-5000 ARS por unidad. Umbral didáctico, no prueba de error."
257223,REFINERIA BAHIA BLANCA S.A.U.,2025/12,GNC,1.00,1.00,"Precio promedio fuera del intervalo de selección 100-5000 ARS por unidad. Umbral didáctico, no prueba de error."
61665,REIMS S.A.,2025/03,Nafta (premium) de más de 95 Ron,11632.50,1268.02,"Volumen líquido mayor a 5000 m3 por producto y mes: posible escala o carga; pendiente de revisión, no se corrige."
61666,REIMS S.A.,2025/03,Gas Oil Grado 2,23294.00,1049.75,"Volumen líquido mayor a 5000 m3 por producto y mes: posible escala o carga; pendiente de revisión, no se corrige."
61667,REIMS S.A.,2025/03,Gas Oil Grado 3,7605.14,1241.97,"Volumen líquido mayor a 5000 m3 por producto y mes: posible escala o carga; pendiente de revisión, no se corrige."
61668,REIMS S.A.,2025/03,Nafta (súper) entre 92 y 95 Ron,68291.20,1049.09,"Volumen líquido mayor a 5000 m3 por producto y mes: posible escala o carga; pendiente de revisión, no se corrige."
170426,REIMS S.A.,2025/08,Nafta (premium) de más de 95 Ron,9470.15,1452.67,"Volumen líquido mayor a 5000 m3 por producto y mes: posible escala o carga; pendiente de revisión, no se corrige."
170427,REIMS S.A.,2025/08,Nafta (súper) entre 92 y 95 Ron,49272.10,1218.09,"Volumen líquido mayor a 5000 m3 por producto y mes: posible escala o carga; pendiente de revisión, no se corrige."
170428,REIMS S.A.,2025/08,Gas Oil Grado 2,22696.80,1280.32,"Volumen líquido mayor a 5000 m3 por producto y mes: posible escala o carga; pendiente de revisión, no se corrige."
170429,REIMS S.A.,2025/08,Gas Oil Grado 3,5971.03,1394.92,"Volumen líquido mayor a 5000 m3 por producto y mes: posible escala o carga; pendiente de revisión, no se corrige."
213979,REPRESENTACIONES AL.SA.GA.S.R.L.,2025/10,Gas Oil Grado 2,48878.80,1446.00,"Volumen líquido mayor a 5000 m3 por producto y mes: posible escala o carga; pendiente de revisión, no se corrige."
213980,REPRESENTACIONES AL.SA.GA.S.R.L.,2025/10,Gas Oil Grado 3,18425.50,1654.00,"Volumen líquido mayor a 5000 m3 por producto y mes: posible escala o carga; pendiente de revisión, no se corrige."
18140,RICARDO Y SAMUEL ITURRALDE S.A.,2025/01,Nafta (súper) entre 92 y 95 Ron,87343.90,1218.23,"Volumen líquido mayor a 5000 m3 por producto y mes: posible escala o carga; pendiente de revisión, no se corrige."
18141,RICARDO Y SAMUEL ITURRALDE S.A.,2025/01,Gas Oil Grado 2,462801.00,1203.23,"Volumen líquido mayor a 5000 m3 por producto y mes: posible escala o carga; pendiente de revisión, no se corrige."
18142,RICARDO Y SAMUEL ITURRALDE S.A.,2025/01,Gas Oil Grado 3,98551.80,1440.19,"Volumen líquido mayor a 5000 m3 por producto y mes: posible escala o carga; pendiente de revisión, no se corrige."
18143,RICARDO Y SAMUEL ITURRALDE S.A.,2025/01,Nafta (premium) de más de 95 Ron,20017.90,1463.10,"Volumen líquido mayor a 5000 m3 por producto y mes: posible escala o carga; pendiente de revisión, no se corrige."
39928,RICARDO Y SAMUEL ITURRALDE S.A.,2025/02,Gas Oil Grado 3,82486.70,1479.55,"Volumen líquido mayor a 5000 m3 por producto y mes: posible escala o carga; pendiente de revisión, no se corrige."
39929,RICARDO Y SAMUEL ITURRALDE S.A.,2025/02,Gas Oil Grado 2,416042.00,1228.35,"Volumen líquido mayor a 5000 m3 por producto y mes: posible escala o carga; pendiente de revisión, no se corrige."
39930,RICARDO Y SAMUEL ITURRALDE S.A.,2025/02,Nafta (súper) entre 92 y 95 Ron,75722.00,1245.59,"Volumen líquido mayor a 5000 m3 por producto y mes: posible escala o carga; pendiente de revisión, no se corrige."
39931,RICARDO Y SAMUEL ITURRALDE S.A.,2025/02,Nafta (premium) de más de 95 Ron,18275.60,1496.18,"Volumen líquido mayor a 5000 m3 por producto y mes: posible escala o carga; pendiente de revisión, no se corrige."
61776,RICARDO Y SAMUEL ITURRALDE S.A.,2025/03,Gas Oil Grado 3,89155.30,1508.21,"Volumen líquido mayor a 5000 m3 por producto y mes: posible escala o carga; pendiente de revisión, no se corrige."
61777,RICARDO Y SAMUEL ITURRALDE S.A.,2025/03,Nafta (súper) entre 92 y 95 Ron,82975.50,1269.12,"Volumen líquido mayor a 5000 m3 por producto y mes: posible escala o carga; pendiente de revisión, no se corrige."
61778,RICARDO Y SAMUEL ITURRALDE S.A.,2025/03,Gas Oil Grado 2,532620.00,1262.28,"Volumen líquido mayor a 5000 m3 por producto y mes: posible escala o carga; pendiente de revisión, no se corrige."
61779,RICARDO Y SAMUEL ITURRALDE S.A.,2025/03,Nafta (premium) de más de 95 Ron,18310.90,1524.51,"Volumen líquido mayor a 5000 m3 por producto y mes: posible escala o carga; pendiente de revisión, no se corrige."
83557,RICARDO Y SAMUEL ITURRALDE S.A.,2025/04,Gas Oil Grado 3,90415.90,1533.79,"Volumen líquido mayor a 5000 m3 por producto y mes: posible escala o carga; pendiente de revisión, no se corrige."
83558,RICARDO Y SAMUEL ITURRALDE S.A.,2025/04,Nafta (premium) de más de 95 Ron,18331.20,1552.11,"Volumen líquido mayor a 5000 m3 por producto y mes: posible escala o carga; pendiente de revisión, no se corrige."
83559,RICARDO Y SAMUEL ITURRALDE S.A.,2025/04,Gas Oil Grado 2,708298.00,1283.50,"Volumen líquido mayor a 5000 m3 por producto y mes: posible escala o carga; pendiente de revisión, no se corrige."
83560,RICARDO Y SAMUEL ITURRALDE S.A.,2025/04,Nafta (súper) entre 92 y 95 Ron,80997.20,1288.84,"Volumen líquido mayor a 5000 m3 por producto y mes: posible escala o carga; pendiente de revisión, no se corrige."
105385,RICARDO Y SAMUEL ITURRALDE S.A.,2025/05,Gas Oil Grado 2,580367.00,1262.42,"Volumen líquido mayor a 5000 m3 por producto y mes: posible escala o carga; pendiente de revisión, no se corrige."
105386,RICARDO Y SAMUEL ITURRALDE S.A.,2025/05,Nafta (premium) de más de 95 Ron,19954.30,1484.60,"Volumen líquido mayor a 5000 m3 por producto y mes: posible escala o carga; pendiente de revisión, no se corrige."
105387,RICARDO Y SAMUEL ITURRALDE S.A.,2025/05,Nafta (súper) entre 92 y 95 Ron,84573.50,1263.85,"Volumen líquido mayor a 5000 m3 por producto y mes: posible escala o carga; pendiente de revisión, no se corrige."
105388,RICARDO Y SAMUEL ITURRALDE S.A.,2025/05,Gas Oil Grado 3,106040.00,1457.19,"Volumen líquido mayor a 5000 m3 por producto y mes: posible escala o carga; pendiente de revisión, no se corrige."
127171,RICARDO Y SAMUEL ITURRALDE S.A.,2025/06,Gas Oil Grado 3,103800.00,1480.47,"Volumen líquido mayor a 5000 m3 por producto y mes: posible escala o carga; pendiente de revisión, no se corrige."
127172,RICARDO Y SAMUEL ITURRALDE S.A.,2025/06,Nafta (súper) entre 92 y 95 Ron,76830.00,1316.62,"Volumen líquido mayor a 5000 m3 por producto y mes: posible escala o carga; pendiente de revisión, no se corrige."
127173,RICARDO Y SAMUEL ITURRALDE S.A.,2025/06,Nafta (premium) de más de 95 Ron,20752.30,1523.12,"Volumen líquido mayor a 5000 m3 por producto y mes: posible escala o carga; pendiente de revisión, no se corrige."
127174,RICARDO Y SAMUEL ITURRALDE S.A.,2025/06,Gas Oil Grado 2,448774.00,1307.02,"Volumen líquido mayor a 5000 m3 por producto y mes: posible escala o carga; pendiente de revisión, no se corrige."
148918,RICARDO Y SAMUEL ITURRALDE S.A.,2025/07,Nafta (súper) entre 92 y 95 Ron,80678.40,1372.10,"Volumen líquido mayor a 5000 m3 por producto y mes: posible escala o carga; pendiente de revisión, no se corrige."
148919,RICARDO Y SAMUEL ITURRALDE S.A.,2025/07,Nafta (premium) de más de 95 Ron,22962.30,1615.39,"Volumen líquido mayor a 5000 m3 por producto y mes: posible escala o carga; pendiente de revisión, no se corrige."
148920,RICARDO Y SAMUEL ITURRALDE S.A.,2025/07,Gas Oil Grado 2,449103.00,1386.06,"Volumen líquido mayor a 5000 m3 por producto y mes: posible escala o carga; pendiente de revisión, no se corrige."
148921,RICARDO Y SAMUEL ITURRALDE S.A.,2025/07,Gas Oil Grado 3,112354.00,1574.88,"Volumen líquido mayor a 5000 m3 por producto y mes: posible escala o carga; pendiente de revisión, no se corrige."
170537,RICARDO Y SAMUEL ITURRALDE S.A.,2025/08,Gas Oil Grado 2,427470.00,1458.60,"Volumen líquido mayor a 5000 m3 por producto y mes: posible escala o carga; pendiente de revisión, no se corrige."
170538,RICARDO Y SAMUEL ITURRALDE S.A.,2025/08,Nafta (súper) entre 92 y 95 Ron,81965.50,1444.90,"Volumen líquido mayor a 5000 m3 por producto y mes: posible escala o carga; pendiente de revisión, no se corrige."
170539,RICARDO Y SAMUEL ITURRALDE S.A.,2025/08,Nafta (premium) de más de 95 Ron,21573.20,1709.02,"Volumen líquido mayor a 5000 m3 por producto y mes: posible escala o carga; pendiente de revisión, no se corrige."
170540,RICARDO Y SAMUEL ITURRALDE S.A.,2025/08,Gas Oil Grado 3,90983.30,1648.87,"Volumen líquido mayor a 5000 m3 por producto y mes: posible escala o carga; pendiente de revisión, no se corrige."
192323,RICARDO Y SAMUEL ITURRALDE S.A.,2025/09,Nafta (premium) de más de 95 Ron,19535.30,1792.17,"Volumen líquido mayor a 5000 m3 por producto y mes: posible escala o carga; pendiente de revisión, no se corrige."
192324,RICARDO Y SAMUEL ITURRALDE S.A.,2025/09,Gas Oil Grado 3,91182.80,1724.38,"Volumen líquido mayor a 5000 m3 por producto y mes: posible escala o carga; pendiente de revisión, no se corrige."
192325,RICARDO Y SAMUEL ITURRALDE S.A.,2025/09,Gas Oil Grado 2,403283.00,1534.30,"Volumen líquido mayor a 5000 m3 por producto y mes: posible escala o carga; pendiente de revisión, no se corrige."
192326,RICARDO Y SAMUEL ITURRALDE S.A.,2025/09,Nafta (súper) entre 92 y 95 Ron,82498.20,1500.21,"Volumen líquido mayor a 5000 m3 por producto y mes: posible escala o carga; pendiente de revisión, no se corrige."
214059,RICARDO Y SAMUEL ITURRALDE S.A.,2025/10,Gas Oil Grado 3,106918.00,1789.17,"Volumen líquido mayor a 5000 m3 por producto y mes: posible escala o carga; pendiente de revisión, no se corrige."
214060,RICARDO Y SAMUEL ITURRALDE S.A.,2025/10,Nafta (súper) entre 92 y 95 Ron,91473.40,1556.64,"Volumen líquido mayor a 5000 m3 por producto y mes: posible escala o carga; pendiente de revisión, no se corrige."
214061,RICARDO Y SAMUEL ITURRALDE S.A.,2025/10,Nafta (premium) de más de 95 Ron,22102.40,1856.42,"Volumen líquido mayor a 5000 m3 por producto y mes: posible escala o carga; pendiente de revisión, no se corrige."
214062,RICARDO Y SAMUEL ITURRALDE S.A.,2025/10,Gas Oil Grado 2,439355.00,1575.08,"Volumen líquido mayor a 5000 m3 por producto y mes: posible escala o carga; pendiente de revisión, no se corrige."
235778,RICARDO Y SAMUEL ITURRALDE S.A.,2025/11,Gas Oil Grado 2,497546.00,1643.78,"Volumen líquido mayor a 5000 m3 por producto y mes: posible escala o carga; pendiente de revisión, no se corrige."
235779,RICARDO Y SAMUEL ITURRALDE S.A.,2025/11,Nafta (premium) de más de 95 Ron,20907.90,1931.24,"Volumen líquido mayor a 5000 m3 por producto y mes: posible escala o carga; pendiente de revisión, no se corrige."
235780,RICARDO Y SAMUEL ITURRALDE S.A.,2025/11,Gas Oil Grado 3,98247.10,1874.33,"Volumen líquido mayor a 5000 m3 por producto y mes: posible escala o carga; pendiente de revisión, no se corrige."
235781,RICARDO Y SAMUEL ITURRALDE S.A.,2025/11,Nafta (súper) entre 92 y 95 Ron,87909.20,1633.19,"Volumen líquido mayor a 5000 m3 por producto y mes: posible escala o carga; pendiente de revisión, no se corrige."
257474,RICARDO Y SAMUEL ITURRALDE S.A.,2025/12,Nafta (premium) de más de 95 Ron,22994.60,1992.67,"Volumen líquido mayor a 5000 m3 por producto y mes: posible escala o carga; pendiente de revisión, no se corrige."
257475,RICARDO Y SAMUEL ITURRALDE S.A.,2025/12,Gas Oil Grado 3,96758.40,1994.65,"Volumen líquido mayor a 5000 m3 por producto y mes: posible escala o carga; pendiente de revisión, no se corrige."
257476,RICARDO Y SAMUEL ITURRALDE S.A.,2025/12,Nafta (súper) entre 92 y 95 Ron,91880.70,1711.85,"Volumen líquido mayor a 5000 m3 por producto y mes: posible escala o carga; pendiente de revisión, no se corrige."
257477,RICARDO Y SAMUEL ITURRALDE S.A.,2025/12,Gas Oil Grado 2,476335.00,1734.76,"Volumen líquido mayor a 5000 m3 por producto y mes: posible escala o carga; pendiente de revisión, no se corrige."
18163,RINCON DE MILBERG S.R.L,2025/01,Gas Oil Grado 2,30881.00,1217.00,"Volumen líquido mayor a 5000 m3 por producto y mes: posible escala o carga; pendiente de revisión, no se corrige."
18164,RINCON DE MILBERG S.R.L,2025/01,Gas Oil Grado 3,32143.00,1464.00,"Volumen líquido mayor a 5000 m3 por producto y mes: posible escala o carga; pendiente de revisión, no se corrige."
18165,RINCON DE MILBERG S.R.L,2025/01,Nafta (súper) entre 92 y 95 Ron,150321.00,1223.00,"Volumen líquido mayor a 5000 m3 por producto y mes: posible escala o carga; pendiente de revisión, no se corrige."
18166,RINCON DE MILBERG S.R.L,2025/01,Nafta (premium) de más de 95 Ron,47047.00,1496.00,"Volumen líquido mayor a 5000 m3 por producto y mes: posible escala o carga; pendiente de revisión, no se corrige."
39950,RINCON DE MILBERG S.R.L,2025/02,Gas Oil Grado 3,29951.00,1499.00,"Volumen líquido mayor a 5000 m3 por producto y mes: posible escala o carga; pendiente de revisión, no se corrige."
39951,RINCON DE MILBERG S.R.L,2025/02,Nafta (súper) entre 92 y 95 Ron,140589.00,1254.00,"Volumen líquido mayor a 5000 m3 por producto y mes: posible escala o carga; pendiente de revisión, no se corrige."
39952,RINCON DE MILBERG S.R.L,2025/02,Gas Oil Grado 2,26790.00,1246.00,"Volumen líquido mayor a 5000 m3 por producto y mes: posible escala o carga; pendiente de revisión, no se corrige."
39953,RINCON DE MILBERG S.R.L,2025/02,Nafta (premium) de más de 95 Ron,44603.00,1499.00,"Volumen líquido mayor a 5000 m3 por producto y mes: posible escala o carga; pendiente de revisión, no se corrige."
61798,RINCON DE MILBERG S.R.L,2025/03,Gas Oil Grado 3,34035.00,1529.00,"Volumen líquido mayor a 5000 m3 por producto y mes: posible escala o carga; pendiente de revisión, no se corrige."
61800,RINCON DE MILBERG S.R.L,2025/03,Nafta (súper) entre 92 y 95 Ron,152261.00,1279.00,"Volumen líquido mayor a 5000 m3 por producto y mes: posible escala o carga; pendiente de revisión, no se corrige."
61801,RINCON DE MILBERG S.R.L,2025/03,Nafta (premium) de más de 95 Ron,52260.00,1563.00,"Volumen líquido mayor a 5000 m3 por producto y mes: posible escala o carga; pendiente de revisión, no se corrige."
61802,RINCON DE MILBERG S.R.L,2025/03,Gas Oil Grado 2,29921.00,1271.00,"Volumen líquido mayor a 5000 m3 por producto y mes: posible escala o carga; pendiente de revisión, no se corrige."
83578,RINCON DE MILBERG S.R.L,2025/04,Nafta (premium) de más de 95 Ron,54143.00,1592.00,"Volumen líquido mayor a 5000 m3 por producto y mes: posible escala o carga; pendiente de revisión, no se corrige."
83579,RINCON DE MILBERG S.R.L,2025/04,Nafta (súper) entre 92 y 95 Ron,155214.00,1299.00,"Volumen líquido mayor a 5000 m3 por producto y mes: posible escala o carga; pendiente de revisión, no se corrige."
83581,RINCON DE MILBERG S.R.L,2025/04,Gas Oil Grado 2,31315.00,1295.00,"Volumen líquido mayor a 5000 m3 por producto y mes: posible escala o carga; pendiente de revisión, no se corrige."
83582,RINCON DE MILBERG S.R.L,2025/04,Gas Oil Grado 3,34955.00,1557.00,"Volumen líquido mayor a 5000 m3 por producto y mes: posible escala o carga; pendiente de revisión, no se corrige."
105405,RINCON DE MILBERG S.R.L,2025/05,Nafta (súper) entre 92 y 95 Ron,147869.00,1289.00,"Volumen líquido mayor a 5000 m3 por producto y mes: posible escala o carga; pendiente de revisión, no se corrige."
105406,RINCON DE MILBERG S.R.L,2025/05,Nafta (premium) de más de 95 Ron,56304.00,1536.00,"Volumen líquido mayor a 5000 m3 por producto y mes: posible escala o carga; pendiente de revisión, no se corrige."
105407,RINCON DE MILBERG S.R.L,2025/05,Gas Oil Grado 3,36572.00,1496.00,"Volumen líquido mayor a 5000 m3 por producto y mes: posible escala o carga; pendiente de revisión, no se corrige."
105408,RINCON DE MILBERG S.R.L,2025/05,Gas Oil Grado 2,29402.00,1276.00,"Volumen líquido mayor a 5000 m3 por producto y mes: posible escala o carga; pendiente de revisión, no se corrige."
127190,RINCON DE MILBERG S.R.L,2025/06,Nafta (súper) entre 92 y 95 Ron,141393.00,1364.00,"Volumen líquido mayor a 5000 m3 por producto y mes: posible escala o carga; pendiente de revisión, no se corrige."
127192,RINCON DE MILBERG S.R.L,2025/06,Gas Oil Grado 3,32431.00,1586.00,"Volumen líquido mayor a 5000 m3 por producto y mes: posible escala o carga; pendiente de revisión, no se corrige."
127193,RINCON DE MILBERG S.R.L,2025/06,Nafta (premium) de más de 95 Ron,52275.00,1629.00,"Volumen líquido mayor a 5000 m3 por producto y mes: posible escala o carga; pendiente de revisión, no se corrige."
148938,RINCON DE MILBERG S.R.L,2025/07,Gas Oil Grado 3,34524.00,1618.00,"Volumen líquido mayor a 5000 m3 por producto y mes: posible escala o carga; pendiente de revisión, no se corrige."
148939,RINCON DE MILBERG S.R.L,2025/07,Gas Oil Grado 2,33907.00,1380.00,"Volumen líquido mayor a 5000 m3 por producto y mes: posible escala o carga; pendiente de revisión, no se corrige."
148940,RINCON DE MILBERG S.R.L,2025/07,Nafta (súper) entre 92 y 95 Ron,147673.00,1391.00,"Volumen líquido mayor a 5000 m3 por producto y mes: posible escala o carga; pendiente de revisión, no se corrige."
148941,RINCON DE MILBERG S.R.L,2025/07,Nafta (premium) de más de 95 Ron,50072.70,1630.00,"Volumen líquido mayor a 5000 m3 por producto y mes: posible escala o carga; pendiente de revisión, no se corrige."
170556,RINCON DE MILBERG S.R.L,2025/08,Nafta (premium) de más de 95 Ron,52269.00,1713.00,"Volumen líquido mayor a 5000 m3 por producto y mes: posible escala o carga; pendiente de revisión, no se corrige."
170557,RINCON DE MILBERG S.R.L,2025/08,Nafta (súper) entre 92 y 95 Ron,149372.00,1458.00,"Volumen líquido mayor a 5000 m3 por producto y mes: posible escala o carga; pendiente de revisión, no se corrige."
170558,RINCON DE MILBERG S.R.L,2025/08,Gas Oil Grado 3,35520.00,1713.00,"Volumen líquido mayor a 5000 m3 por producto y mes: posible escala o carga; pendiente de revisión, no se corrige."
170560,RINCON DE MILBERG S.R.L,2025/08,Gas Oil Grado 2,28387.00,1434.00,"Volumen líquido mayor a 5000 m3 por producto y mes: posible escala o carga; pendiente de revisión, no se corrige."
192343,RINCON DE MILBERG S.R.L,2025/09,Nafta (súper) entre 92 y 95 Ron,140049.00,1506.00,"Volumen líquido mayor a 5000 m3 por producto y mes: posible escala o carga; pendiente de revisión, no se corrige."
192344,RINCON DE MILBERG S.R.L,2025/09,Nafta (premium) de más de 95 Ron,54408.00,1793.00,"Volumen líquido mayor a 5000 m3 por producto y mes: posible escala o carga; pendiente de revisión, no se corrige."
192345,RINCON DE MILBERG S.R.L,2025/09,Gas Oil Grado 2,25943.00,1487.00,"Volumen líquido mayor a 5000 m3 por producto y mes: posible escala o carga; pendiente de revisión, no se corrige."
192346,RINCON DE MILBERG S.R.L,2025/09,Gas Oil Grado 3,32840.00,1739.00,"Volumen líquido mayor a 5000 m3 por producto y mes: posible escala o carga; pendiente de revisión, no se corrige."
214078,RINCON DE MILBERG S.R.L,2025/10,Nafta (premium) de más de 95 Ron,60455.00,1817.00,"Volumen líquido mayor a 5000 m3 por producto y mes: posible escala o carga; pendiente de revisión, no se corrige."
214079,RINCON DE MILBERG S.R.L,2025/10,Gas Oil Grado 2,25969.00,1499.00,"Volumen líquido mayor a 5000 m3 por producto y mes: posible escala o carga; pendiente de revisión, no se corrige."
214081,RINCON DE MILBERG S.R.L,2025/10,Nafta (súper) entre 92 y 95 Ron,149289.00,1561.00,"Volumen líquido mayor a 5000 m3 por producto y mes: posible escala o carga; pendiente de revisión, no se corrige."
214082,RINCON DE MILBERG S.R.L,2025/10,Gas Oil Grado 3,35511.00,1768.00,"Volumen líquido mayor a 5000 m3 por producto y mes: posible escala o carga; pendiente de revisión, no se corrige."
235797,RINCON DE MILBERG S.R.L,2025/11,Gas Oil Grado 3,34700.00,1899.00,"Volumen líquido mayor a 5000 m3 por producto y mes: posible escala o carga; pendiente de revisión, no se corrige."
235799,RINCON DE MILBERG S.R.L,2025/11,Gas Oil Grado 2,25087.00,1607.00,"Volumen líquido mayor a 5000 m3 por producto y mes: posible escala o carga; pendiente de revisión, no se corrige."
235800,RINCON DE MILBERG S.R.L,2025/11,Nafta (súper) entre 92 y 95 Ron,145745.00,1673.00,"Volumen líquido mayor a 5000 m3 por producto y mes: posible escala o carga; pendiente de revisión, no se corrige."
235801,RINCON DE MILBERG S.R.L,2025/11,Nafta (premium) de más de 95 Ron,60365.00,1954.00,"Volumen líquido mayor a 5000 m3 por producto y mes: posible escala o carga; pendiente de revisión, no se corrige."
257493,RINCON DE MILBERG S.R.L,2025/12,Gas Oil Grado 3,35237.00,1991.00,"Volumen líquido mayor a 5000 m3 por producto y mes: posible escala o carga; pendiente de revisión, no se corrige."
257494,RINCON DE MILBERG S.R.L,2025/12,Gas Oil Grado 2,26383.00,1693.00,"Volumen líquido mayor a 5000 m3 por producto y mes: posible escala o carga; pendiente de revisión, no se corrige."
257496,RINCON DE MILBERG S.R.L,2025/12,Nafta (súper) entre 92 y 95 Ron,151613.00,1740.00,"Volumen líquido mayor a 5000 m3 por producto y mes: posible escala o carga; pendiente de revisión, no se corrige."
257497,RINCON DE MILBERG S.R.L,2025/12,Nafta (premium) de más de 95 Ron,68334.00,1997.00,"Volumen líquido mayor a 5000 m3 por producto y mes: posible escala o carga; pendiente de revisión, no se corrige."
18237,RIVAS NUÑEZ SRL,2025/01,Gas Oil Grado 2,31.73,1.23,"Precio promedio fuera del intervalo de selección 100-5000 ARS por unidad. Umbral didáctico, no prueba de error."
18238,RIVAS NUÑEZ SRL,2025/01,Gas Oil Grado 3,50.88,1.44,"Precio promedio fuera del intervalo de selección 100-5000 ARS por unidad. Umbral didáctico, no prueba de error."
18239,RIVAS NUÑEZ SRL,2025/01,Nafta (súper) entre 92 y 95 Ron,139.76,1.22,"Precio promedio fuera del intervalo de selección 100-5000 ARS por unidad. Umbral didáctico, no prueba de error."
18240,RIVAS NUÑEZ SRL,2025/01,Nafta (premium) de más de 95 Ron,41.02,1.46,"Precio promedio fuera del intervalo de selección 100-5000 ARS por unidad. Umbral didáctico, no prueba de error."
40026,RIVAS NUÑEZ SRL,2025/02,Nafta (premium) de más de 95 Ron,35.98,1.50,"Precio promedio fuera del intervalo de selección 100-5000 ARS por unidad. Umbral didáctico, no prueba de error."
40027,RIVAS NUÑEZ SRL,2025/02,Nafta (súper) entre 92 y 95 Ron,130.43,1.25,"Precio promedio fuera del intervalo de selección 100-5000 ARS por unidad. Umbral didáctico, no prueba de error."
40028,RIVAS NUÑEZ SRL,2025/02,Gas Oil Grado 2,30.68,1.26,"Precio promedio fuera del intervalo de selección 100-5000 ARS por unidad. Umbral didáctico, no prueba de error."
40029,RIVAS NUÑEZ SRL,2025/02,Gas Oil Grado 3,46.95,1.46,"Precio promedio fuera del intervalo de selección 100-5000 ARS por unidad. Umbral didáctico, no prueba de error."
149030,ROBERTO DANIEL BOLONESE,2025/07,Kerosene,5724.00,1950.00,"Volumen líquido mayor a 5000 m3 por producto y mes: posible escala o carga; pendiente de revisión, no se corrige."
40118,ROBERTO VALLOSCURO SA,2025/02,Nafta (súper) entre 92 y 95 Ron,71050.00,1239.00,"Volumen líquido mayor a 5000 m3 por producto y mes: posible escala o carga; pendiente de revisión, no se corrige."
18336,ROBERTS COMBUSTIBLES S.A.,2025/01,Nafta (premium) de más de 95 Ron,17309.00,1529.00,"Volumen líquido mayor a 5000 m3 por producto y mes: posible escala o carga; pendiente de revisión, no se corrige."
149259,ROJAS GNC S.R.L.,2025/07,Nafta (súper) entre 92 y 95 Ron,55034.00,755.56,"Volumen líquido mayor a 5000 m3 por producto y mes: posible escala o carga; pendiente de revisión, no se corrige."
18551,ROQUEGAS S.A.,2025/01,Nafta (súper) entre 92 y 95 Ron,32611.00,1048.39,"Volumen líquido mayor a 5000 m3 por producto y mes: posible escala o carga; pendiente de revisión, no se corrige."
40342,ROQUEGAS S.A.,2025/02,Nafta (súper) entre 92 y 95 Ron,34025.00,1071.78,"Volumen líquido mayor a 5000 m3 por producto y mes: posible escala o carga; pendiente de revisión, no se corrige."
62191,ROQUEGAS S.A.,2025/03,Gas Oil Grado 3,5687.00,1314.90,"Volumen líquido mayor a 5000 m3 por producto y mes: posible escala o carga; pendiente de revisión, no se corrige."
62194,ROQUEGAS S.A.,2025/03,Nafta (súper) entre 92 y 95 Ron,37072.00,1091.78,"Volumen líquido mayor a 5000 m3 por producto y mes: posible escala o carga; pendiente de revisión, no se corrige."
83979,ROQUEGAS S.A.,2025/04,Gas Oil Grado 3,6055.00,1336.85,"Volumen líquido mayor a 5000 m3 por producto y mes: posible escala o carga; pendiente de revisión, no se corrige."
83980,ROQUEGAS S.A.,2025/04,Nafta (súper) entre 92 y 95 Ron,38984.00,1109.67,"Volumen líquido mayor a 5000 m3 por producto y mes: posible escala o carga; pendiente de revisión, no se corrige."
105804,ROQUEGAS S.A.,2025/05,Nafta (súper) entre 92 y 95 Ron,38829.00,1086.58,"Volumen líquido mayor a 5000 m3 por producto y mes: posible escala o carga; pendiente de revisión, no se corrige."
127589,ROQUEGAS S.A.,2025/06,Nafta (súper) entre 92 y 95 Ron,37314.00,1119.40,"Volumen líquido mayor a 5000 m3 por producto y mes: posible escala o carga; pendiente de revisión, no se corrige."
149332,ROQUEGAS S.A.,2025/07,Nafta (súper) entre 92 y 95 Ron,40665.00,1147.21,"Volumen líquido mayor a 5000 m3 por producto y mes: posible escala o carga; pendiente de revisión, no se corrige."
170949,ROQUEGAS S.A.,2025/08,Nafta (súper) entre 92 y 95 Ron,38946.00,1214.88,"Volumen líquido mayor a 5000 m3 por producto y mes: posible escala o carga; pendiente de revisión, no se corrige."
170952,ROQUEGAS S.A.,2025/08,Gas Oil Grado 3,5269.00,1435.08,"Volumen líquido mayor a 5000 m3 por producto y mes: posible escala o carga; pendiente de revisión, no se corrige."
192777,ROQUEGAS S.A.,2025/09,Nafta (súper) entre 92 y 95 Ron,35566.00,1258.93,"Volumen líquido mayor a 5000 m3 por producto y mes: posible escala o carga; pendiente de revisión, no se corrige."
214481,ROQUEGAS S.A.,2025/10,Nafta (súper) entre 92 y 95 Ron,39257.00,1313.75,"Volumen líquido mayor a 5000 m3 por producto y mes: posible escala o carga; pendiente de revisión, no se corrige."
236200,ROQUEGAS S.A.,2025/11,Nafta (súper) entre 92 y 95 Ron,34351.00,1374.77,"Volumen líquido mayor a 5000 m3 por producto y mes: posible escala o carga; pendiente de revisión, no se corrige."
257901,ROQUEGAS S.A.,2025/12,Nafta (súper) entre 92 y 95 Ron,43194.00,1469.92,"Volumen líquido mayor a 5000 m3 por producto y mes: posible escala o carga; pendiente de revisión, no se corrige."
18884,SAHLIN SEBASTIAN,2025/01,Gas Oil Grado 3,8948.00,1392.00,"Volumen líquido mayor a 5000 m3 por producto y mes: posible escala o carga; pendiente de revisión, no se corrige."
19094,SAN MIGUEL COMBUSTIBLES SACI,2025/01,Gas Oil Grado 2,10892.30,1147.00,"Volumen líquido mayor a 5000 m3 por producto y mes: posible escala o carga; pendiente de revisión, no se corrige."
19095,SAN MIGUEL COMBUSTIBLES SACI,2025/01,Gas Oil Grado 3,28383.60,1392.00,"Volumen líquido mayor a 5000 m3 por producto y mes: posible escala o carga; pendiente de revisión, no se corrige."
19096,SAN MIGUEL COMBUSTIBLES SACI,2025/01,Nafta (súper) entre 92 y 95 Ron,197004.00,1155.00,"Volumen líquido mayor a 5000 m3 por producto y mes: posible escala o carga; pendiente de revisión, no se corrige."
19097,SAN MIGUEL COMBUSTIBLES SACI,2025/01,Nafta (premium) de más de 95 Ron,69368.80,1423.00,"Volumen líquido mayor a 5000 m3 por producto y mes: posible escala o carga; pendiente de revisión, no se corrige."
19348,SBS OIL S.A.,2025/01,Gas Oil Grado 2,41200.00,1230.00,"Volumen líquido mayor a 5000 m3 por producto y mes: posible escala o carga; pendiente de revisión, no se corrige."
215279,SBS OIL S.A.,2025/10,Nafta (premium) de más de 95 Ron,40389.00,1817.00,"Volumen líquido mayor a 5000 m3 por producto y mes: posible escala o carga; pendiente de revisión, no se corrige."
19539,SERVCIOS DEL CRUCE SRL,2025/01,Gas Oil Grado 2,145314.00,1177.94,"Volumen líquido mayor a 5000 m3 por producto y mes: posible escala o carga; pendiente de revisión, no se corrige."
19541,SERVCIOS DEL CRUCE SRL,2025/01,Nafta (súper) entre 92 y 95 Ron,33524.30,1153.95,"Volumen líquido mayor a 5000 m3 por producto y mes: posible escala o carga; pendiente de revisión, no se corrige."
41326,SERVCIOS DEL CRUCE SRL,2025/02,Nafta (súper) entre 92 y 95 Ron,8641.33,1177.82,"Volumen líquido mayor a 5000 m3 por producto y mes: posible escala o carga; pendiente de revisión, no se corrige."
41327,SERVCIOS DEL CRUCE SRL,2025/02,Gas Oil Grado 2,119267.00,1197.34,"Volumen líquido mayor a 5000 m3 por producto y mes: posible escala o carga; pendiente de revisión, no se corrige."
63182,SERVCIOS DEL CRUCE SRL,2025/03,Nafta (súper) entre 92 y 95 Ron,14087.60,1200.58,"Volumen líquido mayor a 5000 m3 por producto y mes: posible escala o carga; pendiente de revisión, no se corrige."
63183,SERVCIOS DEL CRUCE SRL,2025/03,Gas Oil Grado 2,137464.00,1218.34,"Volumen líquido mayor a 5000 m3 por producto y mes: posible escala o carga; pendiente de revisión, no se corrige."
84970,SERVCIOS DEL CRUCE SRL,2025/04,Nafta (súper) entre 92 y 95 Ron,12346.60,1223.84,"Volumen líquido mayor a 5000 m3 por producto y mes: posible escala o carga; pendiente de revisión, no se corrige."
84971,SERVCIOS DEL CRUCE SRL,2025/04,Gas Oil Grado 2,127010.00,1230.85,"Volumen líquido mayor a 5000 m3 por producto y mes: posible escala o carga; pendiente de revisión, no se corrige."
106789,SERVCIOS DEL CRUCE SRL,2025/05,Gas Oil Grado 2,145170.00,1218.41,"Volumen líquido mayor a 5000 m3 por producto y mes: posible escala o carga; pendiente de revisión, no se corrige."
106790,SERVCIOS DEL CRUCE SRL,2025/05,Nafta (súper) entre 92 y 95 Ron,12810.00,1200.40,"Volumen líquido mayor a 5000 m3 por producto y mes: posible escala o carga; pendiente de revisión, no se corrige."
128575,SERVCIOS DEL CRUCE SRL,2025/06,Gas Oil Grado 2,128570.00,1237.92,"Volumen líquido mayor a 5000 m3 por producto y mes: posible escala o carga; pendiente de revisión, no se corrige."
128576,SERVCIOS DEL CRUCE SRL,2025/06,Nafta (súper) entre 92 y 95 Ron,14940.00,1214.72,"Volumen líquido mayor a 5000 m3 por producto y mes: posible escala o carga; pendiente de revisión, no se corrige."
150315,SERVCIOS DEL CRUCE SRL,2025/07,Nafta (súper) entre 92 y 95 Ron,16210.00,1254.67,"Volumen líquido mayor a 5000 m3 por producto y mes: posible escala o carga; pendiente de revisión, no se corrige."
150317,SERVCIOS DEL CRUCE SRL,2025/07,Gas Oil Grado 2,149670.00,1278.99,"Volumen líquido mayor a 5000 m3 por producto y mes: posible escala o carga; pendiente de revisión, no se corrige."
171953,SERVCIOS DEL CRUCE SRL,2025/08,Gas Oil Grado 2,146680.00,1362.14,"Volumen líquido mayor a 5000 m3 por producto y mes: posible escala o carga; pendiente de revisión, no se corrige."
171955,SERVCIOS DEL CRUCE SRL,2025/08,Nafta (súper) entre 92 y 95 Ron,17900.00,1322.17,"Volumen líquido mayor a 5000 m3 por producto y mes: posible escala o carga; pendiente de revisión, no se corrige."
193736,SERVCIOS DEL CRUCE SRL,2025/09,Gas Oil Grado 2,148280.00,1429.47,"Volumen líquido mayor a 5000 m3 por producto y mes: posible escala o carga; pendiente de revisión, no se corrige."
193737,SERVCIOS DEL CRUCE SRL,2025/09,Nafta (súper) entre 92 y 95 Ron,25820.00,1394.83,"Volumen líquido mayor a 5000 m3 por producto y mes: posible escala o carga; pendiente de revisión, no se corrige."
215477,SERVCIOS DEL CRUCE SRL,2025/10,Nafta (súper) entre 92 y 95 Ron,20360.00,1434.52,"Volumen líquido mayor a 5000 m3 por producto y mes: posible escala o carga; pendiente de revisión, no se corrige."
215478,SERVCIOS DEL CRUCE SRL,2025/10,Gas Oil Grado 2,146630.00,1488.32,"Volumen líquido mayor a 5000 m3 por producto y mes: posible escala o carga; pendiente de revisión, no se corrige."
237201,SERVCIOS DEL CRUCE SRL,2025/11,Nafta (súper) entre 92 y 95 Ron,18950.00,1521.55,"Volumen líquido mayor a 5000 m3 por producto y mes: posible escala o carga; pendiente de revisión, no se corrige."
237203,SERVCIOS DEL CRUCE SRL,2025/11,Gas Oil Grado 2,144920.00,1572.19,"Volumen líquido mayor a 5000 m3 por producto y mes: posible escala o carga; pendiente de revisión, no se corrige."
258878,SERVCIOS DEL CRUCE SRL,2025/12,Gas Oil Grado 3,5560.00,1899.72,"Volumen líquido mayor a 5000 m3 por producto y mes: posible escala o carga; pendiente de revisión, no se corrige."
258879,SERVCIOS DEL CRUCE SRL,2025/12,Nafta (súper) entre 92 y 95 Ron,23950.00,1612.71,"Volumen líquido mayor a 5000 m3 por producto y mes: posible escala o carga; pendiente de revisión, no se corrige."
258880,SERVCIOS DEL CRUCE SRL,2025/12,Gas Oil Grado 2,155990.00,1715.01,"Volumen líquido mayor a 5000 m3 por producto y mes: posible escala o carga; pendiente de revisión, no se corrige."
258881,SERVCIOS DEL CRUCE SRL,2025/12,Nafta (premium) de más de 95 Ron,5160.00,1859.75,"Volumen líquido mayor a 5000 m3 por producto y mes: posible escala o carga; pendiente de revisión, no se corrige."
41417,SERVICENTRO LOS REMEROS SRL,2025/02,Nafta (premium) de más de 95 Ron,160.94,1.47,"Precio promedio fuera del intervalo de selección 100-5000 ARS por unidad. Umbral didáctico, no prueba de error."
41418,SERVICENTRO LOS REMEROS SRL,2025/02,Nafta (común) hasta 92 Ron,296.04,1.20,"Precio promedio fuera del intervalo de selección 100-5000 ARS por unidad. Umbral didáctico, no prueba de error."
41419,SERVICENTRO LOS REMEROS SRL,2025/02,Gas Oil Grado 2,491.62,1.18,"Precio promedio fuera del intervalo de selección 100-5000 ARS por unidad. Umbral didáctico, no prueba de error."
41420,SERVICENTRO LOS REMEROS SRL,2025/02,Gas Oil Grado 3,143.54,1.44,"Precio promedio fuera del intervalo de selección 100-5000 ARS por unidad. Umbral didáctico, no prueba de error."
63278,SERVICENTRO LOS REMEROS SRL,2025/03,Nafta (premium) de más de 95 Ron,156.54,1.50,"Precio promedio fuera del intervalo de selección 100-5000 ARS por unidad. Umbral didáctico, no prueba de error."
63279,SERVICENTRO LOS REMEROS SRL,2025/03,Gas Oil Grado 3,100.90,1.46,"Precio promedio fuera del intervalo de selección 100-5000 ARS por unidad. Umbral didáctico, no prueba de error."
106891,SERVICENTRO LOS REMEROS SRL,2025/05,Nafta (súper) entre 92 y 95 Ron,310.02,1.22,"Precio promedio fuera del intervalo de selección 100-5000 ARS por unidad. Umbral didáctico, no prueba de error."
106892,SERVICENTRO LOS REMEROS SRL,2025/05,Gas Oil Grado 3,830.38,1.38,"Precio promedio fuera del intervalo de selección 100-5000 ARS por unidad. Umbral didáctico, no prueba de error."
106893,SERVICENTRO LOS REMEROS SRL,2025/05,Gas Oil Grado 2,47.01,1.20,"Precio promedio fuera del intervalo de selección 100-5000 ARS por unidad. Umbral didáctico, no prueba de error."
106894,SERVICENTRO LOS REMEROS SRL,2025/05,Nafta (premium) de más de 95 Ron,160.03,1.43,"Precio promedio fuera del intervalo de selección 100-5000 ARS por unidad. Umbral didáctico, no prueba de error."
128675,SERVICENTRO LOS REMEROS SRL,2025/06,Gas Oil Grado 3,79.14,1.39,"Precio promedio fuera del intervalo de selección 100-5000 ARS por unidad. Umbral didáctico, no prueba de error."
128676,SERVICENTRO LOS REMEROS SRL,2025/06,Gas Oil Grado 2,50.46,1.21,"Precio promedio fuera del intervalo de selección 100-5000 ARS por unidad. Umbral didáctico, no prueba de error."
128677,SERVICENTRO LOS REMEROS SRL,2025/06,Nafta (premium) de más de 95 Ron,152.53,1.45,"Precio promedio fuera del intervalo de selección 100-5000 ARS por unidad. Umbral didáctico, no prueba de error."
128678,SERVICENTRO LOS REMEROS SRL,2025/06,Nafta (súper) entre 92 y 95 Ron,308.26,1.24,"Precio promedio fuera del intervalo de selección 100-5000 ARS por unidad. Umbral didáctico, no prueba de error."
150415,SERVICENTRO LOS REMEROS SRL,2025/07,Gas Oil Grado 3,90.79,1.46,"Precio promedio fuera del intervalo de selección 100-5000 ARS por unidad. Umbral didáctico, no prueba de error."
150416,SERVICENTRO LOS REMEROS SRL,2025/07,Nafta (premium) de más de 95 Ron,136.97,1.52,"Precio promedio fuera del intervalo de selección 100-5000 ARS por unidad. Umbral didáctico, no prueba de error."
150417,SERVICENTRO LOS REMEROS SRL,2025/07,Nafta (súper) entre 92 y 95 Ron,311.24,1.29,"Precio promedio fuera del intervalo de selección 100-5000 ARS por unidad. Umbral didáctico, no prueba de error."
150418,SERVICENTRO LOS REMEROS SRL,2025/07,Gas Oil Grado 2,71.06,1.27,"Precio promedio fuera del intervalo de selección 100-5000 ARS por unidad. Umbral didáctico, no prueba de error."
172052,SERVICENTRO LOS REMEROS SRL,2025/08,Gas Oil Grado 3,92.69,1.57,"Precio promedio fuera del intervalo de selección 100-5000 ARS por unidad. Umbral didáctico, no prueba de error."
172053,SERVICENTRO LOS REMEROS SRL,2025/08,Nafta (súper) entre 92 y 95 Ron,315.12,1.39,"Precio promedio fuera del intervalo de selección 100-5000 ARS por unidad. Umbral didáctico, no prueba de error."
172054,SERVICENTRO LOS REMEROS SRL,2025/08,Nafta (premium) de más de 95 Ron,135.80,1.63,"Precio promedio fuera del intervalo de selección 100-5000 ARS por unidad. Umbral didáctico, no prueba de error."
172055,SERVICENTRO LOS REMEROS SRL,2025/08,Gas Oil Grado 2,72.40,1.35,"Precio promedio fuera del intervalo de selección 100-5000 ARS por unidad. Umbral didáctico, no prueba de error."
193834,SERVICENTRO LOS REMEROS SRL,2025/09,Nafta (premium) de más de 95 Ron,82.00,1.67,"Precio promedio fuera del intervalo de selección 100-5000 ARS por unidad. Umbral didáctico, no prueba de error."
193835,SERVICENTRO LOS REMEROS SRL,2025/09,Gas Oil Grado 3,137.07,1.61,"Precio promedio fuera del intervalo de selección 100-5000 ARS por unidad. Umbral didáctico, no prueba de error."
193836,SERVICENTRO LOS REMEROS SRL,2025/09,Gas Oil Grado 2,60.44,1.38,"Precio promedio fuera del intervalo de selección 100-5000 ARS por unidad. Umbral didáctico, no prueba de error."
193837,SERVICENTRO LOS REMEROS SRL,2025/09,Nafta (súper) entre 92 y 95 Ron,309.92,1.43,"Precio promedio fuera del intervalo de selección 100-5000 ARS por unidad. Umbral didáctico, no prueba de error."
215576,SERVICENTRO LOS REMEROS SRL,2025/10,Gas Oil Grado 2,73.95,1.42,"Precio promedio fuera del intervalo de selección 100-5000 ARS por unidad. Umbral didáctico, no prueba de error."
215577,SERVICENTRO LOS REMEROS SRL,2025/10,Nafta (súper) entre 92 y 95 Ron,322.76,1.47,"Precio promedio fuera del intervalo de selección 100-5000 ARS por unidad. Umbral didáctico, no prueba de error."
215578,SERVICENTRO LOS REMEROS SRL,2025/10,Nafta (premium) de más de 95 Ron,128.30,1.71,"Precio promedio fuera del intervalo de selección 100-5000 ARS por unidad. Umbral didáctico, no prueba de error."
215579,SERVICENTRO LOS REMEROS SRL,2025/10,Gas Oil Grado 3,105.93,1.66,"Precio promedio fuera del intervalo de selección 100-5000 ARS por unidad. Umbral didáctico, no prueba de error."
237301,SERVICENTRO LOS REMEROS SRL,2025/11,Gas Oil Grado 2,70.66,1.58,"Precio promedio fuera del intervalo de selección 100-5000 ARS por unidad. Umbral didáctico, no prueba de error."
237302,SERVICENTRO LOS REMEROS SRL,2025/11,Gas Oil Grado 3,90.03,1.81,"Precio promedio fuera del intervalo de selección 100-5000 ARS por unidad. Umbral didáctico, no prueba de error."
237303,SERVICENTRO LOS REMEROS SRL,2025/11,Nafta (premium) de más de 95 Ron,170.01,1.85,"Precio promedio fuera del intervalo de selección 100-5000 ARS por unidad. Umbral didáctico, no prueba de error."
237304,SERVICENTRO LOS REMEROS SRL,2025/11,Nafta (súper) entre 92 y 95 Ron,300.16,1.62,"Precio promedio fuera del intervalo de selección 100-5000 ARS por unidad. Umbral didáctico, no prueba de error."
258978,SERVICENTRO LOS REMEROS SRL,2025/12,Gas Oil Grado 3,89.06,1.85,"Precio promedio fuera del intervalo de selección 100-5000 ARS por unidad. Umbral didáctico, no prueba de error."
258979,SERVICENTRO LOS REMEROS SRL,2025/12,Nafta (súper) entre 92 y 95 Ron,350.13,1.63,"Precio promedio fuera del intervalo de selección 100-5000 ARS por unidad. Umbral didáctico, no prueba de error."
258980,SERVICENTRO LOS REMEROS SRL,2025/12,Gas Oil Grado 2,70.46,1.63,"Precio promedio fuera del intervalo de selección 100-5000 ARS por unidad. Umbral didáctico, no prueba de error."
258981,SERVICENTRO LOS REMEROS SRL,2025/12,Nafta (premium) de más de 95 Ron,180.41,1.83,"Precio promedio fuera del intervalo de selección 100-5000 ARS por unidad. Umbral didáctico, no prueba de error."
107070,SERVICIOS LUARCA S.A.,2025/05,Gas Oil Grado 2,53215.00,1321.00,"Volumen líquido mayor a 5000 m3 por producto y mes: posible escala o carga; pendiente de revisión, no se corrige."
194043,SERVICIOS PILMAYQUEN SRL,2025/09,Gas Oil Grado 2,58890.00,1591.00,"Volumen líquido mayor a 5000 m3 por producto y mes: posible escala o carga; pendiente de revisión, no se corrige."
194044,SERVICIOS PILMAYQUEN SRL,2025/09,Gas Oil Grado 3,80982.00,1789.00,"Volumen líquido mayor a 5000 m3 por producto y mes: posible escala o carga; pendiente de revisión, no se corrige."
194046,SERVICIOS PILMAYQUEN SRL,2025/09,Nafta (súper) entre 92 y 95 Ron,143815.00,1549.00,"Volumen líquido mayor a 5000 m3 por producto y mes: posible escala o carga; pendiente de revisión, no se corrige."
194047,SERVICIOS PILMAYQUEN SRL,2025/09,Nafta (premium) de más de 95 Ron,62065.00,1819.00,"Volumen líquido mayor a 5000 m3 por producto y mes: posible escala o carga; pendiente de revisión, no se corrige."
259248,SERVIDUAL LUJAN S.A.,2025/12,Gas Oil Grado 2,57898.00,1748.55,"Volumen líquido mayor a 5000 m3 por producto y mes: posible escala o carga; pendiente de revisión, no se corrige."
259249,SERVIDUAL LUJAN S.A.,2025/12,Gas Oil Grado 3,59168.00,1988.33,"Volumen líquido mayor a 5000 m3 por producto y mes: posible escala o carga; pendiente de revisión, no se corrige."
259250,SERVIDUAL LUJAN S.A.,2025/12,Nafta (premium) de más de 95 Ron,45903.00,1969.53,"Volumen líquido mayor a 5000 m3 por producto y mes: posible escala o carga; pendiente de revisión, no se corrige."
259251,SERVIDUAL LUJAN S.A.,2025/12,Nafta (súper) entre 92 y 95 Ron,150355.00,1671.34,"Volumen líquido mayor a 5000 m3 por producto y mes: posible escala o carga; pendiente de revisión, no se corrige."
19963,SERVIOLMOS SRL,2025/01,Nafta (súper) entre 92 y 95 Ron,45000.00,1245.00,"Volumen líquido mayor a 5000 m3 por producto y mes: posible escala o carga; pendiente de revisión, no se corrige."
19964,SERVIOLMOS SRL,2025/01,Gas Oil Grado 2,15000.00,1253.00,"Volumen líquido mayor a 5000 m3 por producto y mes: posible escala o carga; pendiente de revisión, no se corrige."
41743,SERVIOLMOS SRL,2025/02,Gas Oil Grado 2,12000.00,1281.00,"Volumen líquido mayor a 5000 m3 por producto y mes: posible escala o carga; pendiente de revisión, no se corrige."
41746,SERVIOLMOS SRL,2025/02,Nafta (súper) entre 92 y 95 Ron,40000.00,1277.00,"Volumen líquido mayor a 5000 m3 por producto y mes: posible escala o carga; pendiente de revisión, no se corrige."
63597,SERVIOLMOS SRL,2025/03,Gas Oil Grado 2,15000.00,1281.00,"Volumen líquido mayor a 5000 m3 por producto y mes: posible escala o carga; pendiente de revisión, no se corrige."
63599,SERVIOLMOS SRL,2025/03,Nafta (súper) entre 92 y 95 Ron,45000.00,1277.00,"Volumen líquido mayor a 5000 m3 por producto y mes: posible escala o carga; pendiente de revisión, no se corrige."
85390,SERVIOLMOS SRL,2025/04,Nafta (súper) entre 92 y 95 Ron,24097.00,1290.00,"Volumen líquido mayor a 5000 m3 por producto y mes: posible escala o carga; pendiente de revisión, no se corrige."
107216,SERVIOLMOS SRL,2025/05,Nafta (súper) entre 92 y 95 Ron,22406.00,1290.00,"Volumen líquido mayor a 5000 m3 por producto y mes: posible escala o carga; pendiente de revisión, no se corrige."
129000,SERVIOLMOS SRL,2025/06,Nafta (súper) entre 92 y 95 Ron,21462.00,1339.00,"Volumen líquido mayor a 5000 m3 por producto y mes: posible escala o carga; pendiente de revisión, no se corrige."
150742,SERVIOLMOS SRL,2025/07,Gas Oil Grado 2,10000.00,1360.00,"Volumen líquido mayor a 5000 m3 por producto y mes: posible escala o carga; pendiente de revisión, no se corrige."
150743,SERVIOLMOS SRL,2025/07,Nafta (súper) entre 92 y 95 Ron,40000.00,1374.00,"Volumen líquido mayor a 5000 m3 por producto y mes: posible escala o carga; pendiente de revisión, no se corrige."
172375,SERVIOLMOS SRL,2025/08,Gas Oil Grado 2,10000.00,1425.50,"Volumen líquido mayor a 5000 m3 por producto y mes: posible escala o carga; pendiente de revisión, no se corrige."
172378,SERVIOLMOS SRL,2025/08,Nafta (súper) entre 92 y 95 Ron,30000.00,1403.00,"Volumen líquido mayor a 5000 m3 por producto y mes: posible escala o carga; pendiente de revisión, no se corrige."
194168,SERVIOLMOS SRL,2025/09,Nafta (súper) entre 92 y 95 Ron,40000.00,1490.00,"Volumen líquido mayor a 5000 m3 por producto y mes: posible escala o carga; pendiente de revisión, no se corrige."
194170,SERVIOLMOS SRL,2025/09,Gas Oil Grado 2,10000.00,1500.00,"Volumen líquido mayor a 5000 m3 por producto y mes: posible escala o carga; pendiente de revisión, no se corrige."
215907,SERVIOLMOS SRL,2025/10,Nafta (súper) entre 92 y 95 Ron,45000.00,1536.00,"Volumen líquido mayor a 5000 m3 por producto y mes: posible escala o carga; pendiente de revisión, no se corrige."
215909,SERVIOLMOS SRL,2025/10,Nafta (premium) de más de 95 Ron,6000.00,1845.00,"Volumen líquido mayor a 5000 m3 por producto y mes: posible escala o carga; pendiente de revisión, no se corrige."
215910,SERVIOLMOS SRL,2025/10,Gas Oil Grado 2,14000.00,1546.00,"Volumen líquido mayor a 5000 m3 por producto y mes: posible escala o carga; pendiente de revisión, no se corrige."
237627,SERVIOLMOS SRL,2025/11,Gas Oil Grado 3,6000.00,1852.50,"Volumen líquido mayor a 5000 m3 por producto y mes: posible escala o carga; pendiente de revisión, no se corrige."
237629,SERVIOLMOS SRL,2025/11,Gas Oil Grado 2,16000.00,1585.50,"Volumen líquido mayor a 5000 m3 por producto y mes: posible escala o carga; pendiente de revisión, no se corrige."
237630,SERVIOLMOS SRL,2025/11,Nafta (súper) entre 92 y 95 Ron,40000.00,1670.50,"Volumen líquido mayor a 5000 m3 por producto y mes: posible escala o carga; pendiente de revisión, no se corrige."
237631,SERVIOLMOS SRL,2025/11,Nafta (premium) de más de 95 Ron,6000.00,1976.00,"Volumen líquido mayor a 5000 m3 por producto y mes: posible escala o carga; pendiente de revisión, no se corrige."
259306,SERVIOLMOS SRL,2025/12,Gas Oil Grado 2,15000.00,1645.00,"Volumen líquido mayor a 5000 m3 por producto y mes: posible escala o carga; pendiente de revisión, no se corrige."
259309,SERVIOLMOS SRL,2025/12,Gas Oil Grado 3,7000.00,1929.50,"Volumen líquido mayor a 5000 m3 por producto y mes: posible escala o carga; pendiente de revisión, no se corrige."
259310,SERVIOLMOS SRL,2025/12,Nafta (súper) entre 92 y 95 Ron,54000.00,1785.50,"Volumen líquido mayor a 5000 m3 por producto y mes: posible escala o carga; pendiente de revisión, no se corrige."
216035,SILFA SA,2025/10,Gas Oil Grado 3,24400.00,1771.00,"Volumen líquido mayor a 5000 m3 por producto y mes: posible escala o carga; pendiente de revisión, no se corrige."
216037,SILFA SA,2025/10,Nafta (súper) entre 92 y 95 Ron,104900.00,1549.00,"Volumen líquido mayor a 5000 m3 por producto y mes: posible escala o carga; pendiente de revisión, no se corrige."
216038,SILFA SA,2025/10,Nafta (premium) de más de 95 Ron,60000.00,1799.00,"Volumen líquido mayor a 5000 m3 por producto y mes: posible escala o carga; pendiente de revisión, no se corrige."
20212,SOCOROMA S.A.,2025/01,Nafta (súper) entre 92 y 95 Ron,208299.00,1170.89,"Volumen líquido mayor a 5000 m3 por producto y mes: posible escala o carga; pendiente de revisión, no se corrige."
129262,SOLACOM S.A.,2025/06,Gas Oil Grado 2,46.00,1.22,"Precio promedio fuera del intervalo de selección 100-5000 ARS por unidad. Umbral didáctico, no prueba de error."
151014,SOLACOM S.A.,2025/07,GNC,89950.00,2.00,"Precio promedio fuera del intervalo de selección 100-5000 ARS por unidad. Umbral didáctico, no prueba de error."
107583,SOUCAR S.R.L.,2025/05,Nafta (súper) entre 92 y 95 Ron,17168.50,1232.47,"Volumen líquido mayor a 5000 m3 por producto y mes: posible escala o carga; pendiente de revisión, no se corrige."
107584,SOUCAR S.R.L.,2025/05,Gas Oil Grado 2,223253.00,1161.10,"Volumen líquido mayor a 5000 m3 por producto y mes: posible escala o carga; pendiente de revisión, no se corrige."
20556,SUR CARBURANTES S.A,2025/01,Nafta (premium) de más de 95 Ron,215589.00,1444.04,"Volumen líquido mayor a 5000 m3 por producto y mes: posible escala o carga; pendiente de revisión, no se corrige."
20557,SUR CARBURANTES S.A,2025/01,Nafta (común) hasta 92 Ron,400213.00,1172.29,"Volumen líquido mayor a 5000 m3 por producto y mes: posible escala o carga; pendiente de revisión, no se corrige."
20558,SUR CARBURANTES S.A,2025/01,Gas Oil Grado 2,94937.00,1164.29,"Volumen líquido mayor a 5000 m3 por producto y mes: posible escala o carga; pendiente de revisión, no se corrige."
20559,SUR CARBURANTES S.A,2025/01,Gas Oil Grado 3,155088.00,1414.93,"Volumen líquido mayor a 5000 m3 por producto y mes: posible escala o carga; pendiente de revisión, no se corrige."
42365,SUR CARBURANTES S.A,2025/02,Nafta (premium) de más de 95 Ron,206341.00,1475.00,"Volumen líquido mayor a 5000 m3 por producto y mes: posible escala o carga; pendiente de revisión, no se corrige."
42366,SUR CARBURANTES S.A,2025/02,Nafta (común) hasta 92 Ron,393084.00,1197.00,"Volumen líquido mayor a 5000 m3 por producto y mes: posible escala o carga; pendiente de revisión, no se corrige."
42367,SUR CARBURANTES S.A,2025/02,Gas Oil Grado 2,93394.00,1189.00,"Volumen líquido mayor a 5000 m3 por producto y mes: posible escala o carga; pendiente de revisión, no se corrige."
42368,SUR CARBURANTES S.A,2025/02,Gas Oil Grado 3,143351.00,1445.00,"Volumen líquido mayor a 5000 m3 por producto y mes: posible escala o carga; pendiente de revisión, no se corrige."
64221,SUR COMBUSTIBLES S.R.L.,2025/03,Nafta (súper) entre 92 y 95 Ron,21322.00,1187.10,"Volumen líquido mayor a 5000 m3 por producto y mes: posible escala o carga; pendiente de revisión, no se corrige."
64227,SUR COMBUSTIBLES S.R.L.,2025/03,Gas Oil Grado 2,31465.00,1167.46,"Volumen líquido mayor a 5000 m3 por producto y mes: posible escala o carga; pendiente de revisión, no se corrige."
20644,TC OIL S.A.,2025/01,Gas Oil Grado 3,6845.00,1435.39,"Volumen líquido mayor a 5000 m3 por producto y mes: posible escala o carga; pendiente de revisión, no se corrige."
107937,TECOMB S.A.,2025/05,Gas Oil Grado 3,30250.10,1332.54,"Volumen líquido mayor a 5000 m3 por producto y mes: posible escala o carga; pendiente de revisión, no se corrige."
107939,TECOMB S.A.,2025/05,Gas Oil Grado 2,149162.00,1175.80,"Volumen líquido mayor a 5000 m3 por producto y mes: posible escala o carga; pendiente de revisión, no se corrige."
107940,TECOMB S.A.,2025/05,Nafta (premium) de más de 95 Ron,29788.00,1400.80,"Volumen líquido mayor a 5000 m3 por producto y mes: posible escala o carga; pendiente de revisión, no se corrige."
107941,TECOMB S.A.,2025/05,Nafta (súper) entre 92 y 95 Ron,111027.00,1197.84,"Volumen líquido mayor a 5000 m3 por producto y mes: posible escala o carga; pendiente de revisión, no se corrige."
129822,TOBAGO S.A.,2025/06,Gas Oil Grado 3,45045.00,1402.00,"Volumen líquido mayor a 5000 m3 por producto y mes: posible escala o carga; pendiente de revisión, no se corrige."
129898,TOTALGNC SRL,2025/06,Nafta (premium) de más de 95 Ron,31150.00,1569.00,"Volumen líquido mayor a 5000 m3 por producto y mes: posible escala o carga; pendiente de revisión, no se corrige."
129901,TOTALGNC SRL,2025/06,Gas Oil Grado 3,31040.00,1519.00,"Volumen líquido mayor a 5000 m3 por producto y mes: posible escala o carga; pendiente de revisión, no se corrige."
216826,TOTALGNC SRL,2025/10,Gas Oil Grado 2,29270.00,1527.00,"Volumen líquido mayor a 5000 m3 por producto y mes: posible escala o carga; pendiente de revisión, no se corrige."
238554,TOTALGNC SRL,2025/11,Nafta (súper) entre 92 y 95 Ron,120644.00,1509.00,"Volumen líquido mayor a 5000 m3 por producto y mes: posible escala o carga; pendiente de revisión, no se corrige."
86340,TRANSPORTES AUTOMOTORES DEL PLATA S.A.,2025/04,Nafta (súper) entre 92 y 95 Ron,176140.00,1314.65,"Volumen líquido mayor a 5000 m3 por producto y mes: posible escala o carga; pendiente de revisión, no se corrige."
86341,TRANSPORTES AUTOMOTORES DEL PLATA S.A.,2025/04,Gas Oil Grado 3,41430.00,1571.80,"Volumen líquido mayor a 5000 m3 por producto y mes: posible escala o carga; pendiente de revisión, no se corrige."
86342,TRANSPORTES AUTOMOTORES DEL PLATA S.A.,2025/04,Gas Oil Grado 2,58770.00,1309.82,"Volumen líquido mayor a 5000 m3 por producto y mes: posible escala o carga; pendiente de revisión, no se corrige."
260272,TRANSPORTES AUTOMOTORES DEL PLATA S.A.,2025/12,Nafta (premium) de más de 95 Ron,78560.00,1996.06,"Volumen líquido mayor a 5000 m3 por producto y mes: posible escala o carga; pendiente de revisión, no se corrige."
260273,TRANSPORTES AUTOMOTORES DEL PLATA S.A.,2025/12,Gas Oil Grado 2,72376.00,1700.16,"Volumen líquido mayor a 5000 m3 por producto y mes: posible escala o carga; pendiente de revisión, no se corrige."
260274,TRANSPORTES AUTOMOTORES DEL PLATA S.A.,2025/12,Gas Oil Grado 3,53982.00,1961.23,"Volumen líquido mayor a 5000 m3 por producto y mes: posible escala o carga; pendiente de revisión, no se corrige."
260275,TRANSPORTES AUTOMOTORES DEL PLATA S.A.,2025/12,Nafta (súper) entre 92 y 95 Ron,224059.00,1713.02,"Volumen líquido mayor a 5000 m3 por producto y mes: posible escala o carga; pendiente de revisión, no se corrige."
173470,TRIVI SACACIFIYE,2025/08,Gas Oil Grado 2,82478.00,1452.00,"Volumen líquido mayor a 5000 m3 por producto y mes: posible escala o carga; pendiente de revisión, no se corrige."
21150,UNITY OIL SA,2025/01,Nafta (premium) de más de 95 Ron,22535.00,1461.00,"Volumen líquido mayor a 5000 m3 por producto y mes: posible escala o carga; pendiente de revisión, no se corrige."
21151,UNITY OIL SA,2025/01,Gas Oil Grado 2,226089.00,1178.00,"Volumen líquido mayor a 5000 m3 por producto y mes: posible escala o carga; pendiente de revisión, no se corrige."
21152,UNITY OIL SA,2025/01,Nafta (súper) entre 92 y 95 Ron,58692.00,1195.00,"Volumen líquido mayor a 5000 m3 por producto y mes: posible escala o carga; pendiente de revisión, no se corrige."
21153,UNITY OIL SA,2025/01,Gas Oil Grado 3,29652.00,1429.00,"Volumen líquido mayor a 5000 m3 por producto y mes: posible escala o carga; pendiente de revisión, no se corrige."
42957,UNITY OIL SA,2025/02,Gas Oil Grado 2,193638.00,1202.00,"Volumen líquido mayor a 5000 m3 por producto y mes: posible escala o carga; pendiente de revisión, no se corrige."
42958,UNITY OIL SA,2025/02,Nafta (premium) de más de 95 Ron,20728.90,1491.00,"Volumen líquido mayor a 5000 m3 por producto y mes: posible escala o carga; pendiente de revisión, no se corrige."
42959,UNITY OIL SA,2025/02,Gas Oil Grado 3,26374.90,1458.00,"Volumen líquido mayor a 5000 m3 por producto y mes: posible escala o carga; pendiente de revisión, no se corrige."
42960,UNITY OIL SA,2025/02,Nafta (súper) entre 92 y 95 Ron,59494.70,1219.00,"Volumen líquido mayor a 5000 m3 por producto y mes: posible escala o carga; pendiente de revisión, no se corrige."
64813,UNITY OIL SA,2025/03,Gas Oil Grado 2,187341.00,1225.00,"Volumen líquido mayor a 5000 m3 por producto y mes: posible escala o carga; pendiente de revisión, no se corrige."
64814,UNITY OIL SA,2025/03,Nafta (premium) de más de 95 Ron,20976.00,1520.00,"Volumen líquido mayor a 5000 m3 por producto y mes: posible escala o carga; pendiente de revisión, no se corrige."
64815,UNITY OIL SA,2025/03,Nafta (súper) entre 92 y 95 Ron,62291.20,1243.00,"Volumen líquido mayor a 5000 m3 por producto y mes: posible escala o carga; pendiente de revisión, no se corrige."
64816,UNITY OIL SA,2025/03,Gas Oil Grado 3,25433.10,1486.00,"Volumen líquido mayor a 5000 m3 por producto y mes: posible escala o carga; pendiente de revisión, no se corrige."
86595,UNITY OIL SA,2025/04,Nafta (premium) de más de 95 Ron,23201.60,1547.00,"Volumen líquido mayor a 5000 m3 por producto y mes: posible escala o carga; pendiente de revisión, no se corrige."
86596,UNITY OIL SA,2025/04,Gas Oil Grado 3,30214.10,1512.00,"Volumen líquido mayor a 5000 m3 por producto y mes: posible escala o carga; pendiente de revisión, no se corrige."
86597,UNITY OIL SA,2025/04,Nafta (súper) entre 92 y 95 Ron,60733.40,1265.00,"Volumen líquido mayor a 5000 m3 por producto y mes: posible escala o carga; pendiente de revisión, no se corrige."
86598,UNITY OIL SA,2025/04,Gas Oil Grado 2,186871.00,1247.00,"Volumen líquido mayor a 5000 m3 por producto y mes: posible escala o carga; pendiente de revisión, no se corrige."
108433,UNITY OIL SA,2025/05,Gas Oil Grado 3,34609.30,1397.00,"Volumen líquido mayor a 5000 m3 por producto y mes: posible escala o carga; pendiente de revisión, no se corrige."
108434,UNITY OIL SA,2025/05,Nafta (súper) entre 92 y 95 Ron,67593.70,1243.00,"Volumen líquido mayor a 5000 m3 por producto y mes: posible escala o carga; pendiente de revisión, no se corrige."
108435,UNITY OIL SA,2025/05,Gas Oil Grado 2,192495.00,1216.00,"Volumen líquido mayor a 5000 m3 por producto y mes: posible escala o carga; pendiente de revisión, no se corrige."
108436,UNITY OIL SA,2025/05,Nafta (premium) de más de 95 Ron,24606.10,1458.00,"Volumen líquido mayor a 5000 m3 por producto y mes: posible escala o carga; pendiente de revisión, no se corrige."
130193,UNITY OIL SA,2025/06,Nafta (premium) de más de 95 Ron,22710.10,1475.00,"Volumen líquido mayor a 5000 m3 por producto y mes: posible escala o carga; pendiente de revisión, no se corrige."
130194,UNITY OIL SA,2025/06,Gas Oil Grado 2,200878.00,1230.00,"Volumen líquido mayor a 5000 m3 por producto y mes: posible escala o carga; pendiente de revisión, no se corrige."
130195,UNITY OIL SA,2025/06,Gas Oil Grado 3,35281.70,1413.00,"Volumen líquido mayor a 5000 m3 por producto y mes: posible escala o carga; pendiente de revisión, no se corrige."
130196,UNITY OIL SA,2025/06,Nafta (súper) entre 92 y 95 Ron,63716.80,1258.00,"Volumen líquido mayor a 5000 m3 por producto y mes: posible escala o carga; pendiente de revisión, no se corrige."
151951,UNITY OIL SA,2025/07,Nafta (súper) entre 92 y 95 Ron,60226.50,1360.00,"Volumen líquido mayor a 5000 m3 por producto y mes: posible escala o carga; pendiente de revisión, no se corrige."
151952,UNITY OIL SA,2025/07,Gas Oil Grado 3,30740.90,1532.00,"Volumen líquido mayor a 5000 m3 por producto y mes: posible escala o carga; pendiente de revisión, no se corrige."
151953,UNITY OIL SA,2025/07,Nafta (premium) de más de 95 Ron,23706.70,1600.00,"Volumen líquido mayor a 5000 m3 por producto y mes: posible escala o carga; pendiente de revisión, no se corrige."
151954,UNITY OIL SA,2025/07,Gas Oil Grado 2,230049.00,1331.00,"Volumen líquido mayor a 5000 m3 por producto y mes: posible escala o carga; pendiente de revisión, no se corrige."
173594,UNITY OIL SA,2025/08,Gas Oil Grado 3,28522.90,1636.00,"Volumen líquido mayor a 5000 m3 por producto y mes: posible escala o carga; pendiente de revisión, no se corrige."
173595,UNITY OIL SA,2025/08,Nafta (súper) entre 92 y 95 Ron,61318.40,1450.00,"Volumen líquido mayor a 5000 m3 por producto y mes: posible escala o carga; pendiente de revisión, no se corrige."
173596,UNITY OIL SA,2025/08,Nafta (premium) de más de 95 Ron,26717.20,1711.00,"Volumen líquido mayor a 5000 m3 por producto y mes: posible escala o carga; pendiente de revisión, no se corrige."
173597,UNITY OIL SA,2025/08,Gas Oil Grado 2,192233.00,1414.00,"Volumen líquido mayor a 5000 m3 por producto y mes: posible escala o carga; pendiente de revisión, no se corrige."
195392,UNITY OIL SA,2025/09,Gas Oil Grado 3,33962.80,1681.00,"Volumen líquido mayor a 5000 m3 por producto y mes: posible escala o carga; pendiente de revisión, no se corrige."
195393,UNITY OIL SA,2025/09,Nafta (súper) entre 92 y 95 Ron,63459.00,1490.00,"Volumen líquido mayor a 5000 m3 por producto y mes: posible escala o carga; pendiente de revisión, no se corrige."
195394,UNITY OIL SA,2025/09,Gas Oil Grado 2,221106.00,1448.00,"Volumen líquido mayor a 5000 m3 por producto y mes: posible escala o carga; pendiente de revisión, no se corrige."
195395,UNITY OIL SA,2025/09,Nafta (premium) de más de 95 Ron,21728.30,1750.00,"Volumen líquido mayor a 5000 m3 por producto y mes: posible escala o carga; pendiente de revisión, no se corrige."
217119,UNITY OIL SA,2025/10,Gas Oil Grado 3,36004.00,1719.00,"Volumen líquido mayor a 5000 m3 por producto y mes: posible escala o carga; pendiente de revisión, no se corrige."
217120,UNITY OIL SA,2025/10,Nafta (premium) de más de 95 Ron,26349.80,1790.00,"Volumen líquido mayor a 5000 m3 por producto y mes: posible escala o carga; pendiente de revisión, no se corrige."
217121,UNITY OIL SA,2025/10,Gas Oil Grado 2,210238.00,1494.00,"Volumen líquido mayor a 5000 m3 por producto y mes: posible escala o carga; pendiente de revisión, no se corrige."
217122,UNITY OIL SA,2025/10,Nafta (súper) entre 92 y 95 Ron,65164.40,1534.00,"Volumen líquido mayor a 5000 m3 por producto y mes: posible escala o carga; pendiente de revisión, no se corrige."
238849,UNITY OIL SA,2025/11,Nafta (premium) de más de 95 Ron,21692.20,1933.00,"Volumen líquido mayor a 5000 m3 por producto y mes: posible escala o carga; pendiente de revisión, no se corrige."
238850,UNITY OIL SA,2025/11,Gas Oil Grado 2,223384.00,1641.00,"Volumen líquido mayor a 5000 m3 por producto y mes: posible escala o carga; pendiente de revisión, no se corrige."
238851,UNITY OIL SA,2025/11,Nafta (súper) entre 92 y 95 Ron,53546.40,1654.00,"Volumen líquido mayor a 5000 m3 por producto y mes: posible escala o carga; pendiente de revisión, no se corrige."
238852,UNITY OIL SA,2025/11,Gas Oil Grado 3,42515.80,1881.00,"Volumen líquido mayor a 5000 m3 por producto y mes: posible escala o carga; pendiente de revisión, no se corrige."
260527,UNITY OIL SA,2025/12,Gas Oil Grado 3,42107.00,1938.00,"Volumen líquido mayor a 5000 m3 por producto y mes: posible escala o carga; pendiente de revisión, no se corrige."
260528,UNITY OIL SA,2025/12,Nafta (súper) entre 92 y 95 Ron,59739.00,1683.00,"Volumen líquido mayor a 5000 m3 por producto y mes: posible escala o carga; pendiente de revisión, no se corrige."
260529,UNITY OIL SA,2025/12,Nafta (premium) de más de 95 Ron,25478.00,1930.00,"Volumen líquido mayor a 5000 m3 por producto y mes: posible escala o carga; pendiente de revisión, no se corrige."
260530,UNITY OIL SA,2025/12,Gas Oil Grado 2,193379.00,1706.00,"Volumen líquido mayor a 5000 m3 por producto y mes: posible escala o carga; pendiente de revisión, no se corrige."
21182,URRUTY CARLOS Y ANIBAL S.H,2025/01,Nafta (súper) entre 92 y 95 Ron,157265.00,1226.00,"Volumen líquido mayor a 5000 m3 por producto y mes: posible escala o carga; pendiente de revisión, no se corrige."
21183,URRUTY CARLOS Y ANIBAL S.H,2025/01,Nafta (premium) de más de 95 Ron,90152.50,1467.00,"Volumen líquido mayor a 5000 m3 por producto y mes: posible escala o carga; pendiente de revisión, no se corrige."
21184,URRUTY CARLOS Y ANIBAL S.H,2025/01,Gas Oil Grado 3,175595.00,1437.00,"Volumen líquido mayor a 5000 m3 por producto y mes: posible escala o carga; pendiente de revisión, no se corrige."
21185,URRUTY CARLOS Y ANIBAL S.H,2025/01,Gas Oil Grado 2,199634.00,1231.00,"Volumen líquido mayor a 5000 m3 por producto y mes: posible escala o carga; pendiente de revisión, no se corrige."
64845,URRUTY CARLOS Y ANIBAL S.H,2025/03,Gas Oil Grado 3,122248.00,1494.00,"Volumen líquido mayor a 5000 m3 por producto y mes: posible escala o carga; pendiente de revisión, no se corrige."
21288,VEGAS KINDONG SRL,2025/01,Gas Oil Grado 2,8703.00,1158.00,"Volumen líquido mayor a 5000 m3 por producto y mes: posible escala o carga; pendiente de revisión, no se corrige."
21289,VEGAS KINDONG SRL,2025/01,Gas Oil Grado 3,7717.00,1390.00,"Volumen líquido mayor a 5000 m3 por producto y mes: posible escala o carga; pendiente de revisión, no se corrige."
21290,VEGAS KINDONG SRL,2025/01,Nafta (súper) entre 92 y 95 Ron,45630.00,1150.00,"Volumen líquido mayor a 5000 m3 por producto y mes: posible escala o carga; pendiente de revisión, no se corrige."
43094,VEGAS KINDONG SRL,2025/02,Gas Oil Grado 3,7807.00,1459.00,"Volumen líquido mayor a 5000 m3 por producto y mes: posible escala o carga; pendiente de revisión, no se corrige."
43095,VEGAS KINDONG SRL,2025/02,Nafta (súper) entre 92 y 95 Ron,41946.00,1212.00,"Volumen líquido mayor a 5000 m3 por producto y mes: posible escala o carga; pendiente de revisión, no se corrige."
43096,VEGAS KINDONG SRL,2025/02,Gas Oil Grado 2,168344.00,1225.00,"Volumen líquido mayor a 5000 m3 por producto y mes: posible escala o carga; pendiente de revisión, no se corrige."
64953,VEGAS KINDONG SRL,2025/03,Gas Oil Grado 3,7356.00,1488.00,"Volumen líquido mayor a 5000 m3 por producto y mes: posible escala o carga; pendiente de revisión, no se corrige."
86733,VEGAS KINDONG SRL,2025/04,Gas Oil Grado 3,6850.00,1488.00,"Volumen líquido mayor a 5000 m3 por producto y mes: posible escala o carga; pendiente de revisión, no se corrige."
86734,VEGAS KINDONG SRL,2025/04,Gas Oil Grado 2,6938.00,1228.00,"Volumen líquido mayor a 5000 m3 por producto y mes: posible escala o carga; pendiente de revisión, no se corrige."
86737,VEGAS KINDONG SRL,2025/04,Nafta (súper) entre 92 y 95 Ron,44670.00,1235.00,"Volumen líquido mayor a 5000 m3 por producto y mes: posible escala o carga; pendiente de revisión, no se corrige."
108570,VEGAS KINDONG SRL,2025/05,Nafta (premium) de más de 95 Ron,5624.00,1472.00,"Volumen líquido mayor a 5000 m3 por producto y mes: posible escala o carga; pendiente de revisión, no se corrige."
108572,VEGAS KINDONG SRL,2025/05,Nafta (súper) entre 92 y 95 Ron,34535.00,1246.00,"Volumen líquido mayor a 5000 m3 por producto y mes: posible escala o carga; pendiente de revisión, no se corrige."
108573,VEGAS KINDONG SRL,2025/05,Gas Oil Grado 3,5284.00,1409.00,"Volumen líquido mayor a 5000 m3 por producto y mes: posible escala o carga; pendiente de revisión, no se corrige."
108574,VEGAS KINDONG SRL,2025/05,Gas Oil Grado 2,5691.00,1225.00,"Volumen líquido mayor a 5000 m3 por producto y mes: posible escala o carga; pendiente de revisión, no se corrige."
130329,VEGAS KINDONG SRL,2025/06,Gas Oil Grado 2,11505.00,1337.00,"Volumen líquido mayor a 5000 m3 por producto y mes: posible escala o carga; pendiente de revisión, no se corrige."
130330,VEGAS KINDONG SRL,2025/06,Nafta (súper) entre 92 y 95 Ron,38457.00,1320.00,"Volumen líquido mayor a 5000 m3 por producto y mes: posible escala o carga; pendiente de revisión, no se corrige."
152083,VEGAS KINDONG SRL,2025/07,Gas Oil Grado 3,5553.00,1642.00,"Volumen líquido mayor a 5000 m3 por producto y mes: posible escala o carga; pendiente de revisión, no se corrige."
152085,VEGAS KINDONG SRL,2025/07,Nafta (súper) entre 92 y 95 Ron,41164.00,1399.00,"Volumen líquido mayor a 5000 m3 por producto y mes: posible escala o carga; pendiente de revisión, no se corrige."
152086,VEGAS KINDONG SRL,2025/07,Gas Oil Grado 2,5975.00,1418.00,"Volumen líquido mayor a 5000 m3 por producto y mes: posible escala o carga; pendiente de revisión, no se corrige."
173727,VEGAS KINDONG SRL,2025/08,Gas Oil Grado 2,6529.00,1459.00,"Volumen líquido mayor a 5000 m3 por producto y mes: posible escala o carga; pendiente de revisión, no se corrige."
173730,VEGAS KINDONG SRL,2025/08,Nafta (súper) entre 92 y 95 Ron,32791.00,1439.00,"Volumen líquido mayor a 5000 m3 por producto y mes: posible escala o carga; pendiente de revisión, no se corrige."
195526,VEGAS KINDONG SRL,2025/09,Nafta (súper) entre 92 y 95 Ron,36910.00,1489.00,"Volumen líquido mayor a 5000 m3 por producto y mes: posible escala o carga; pendiente de revisión, no se corrige."
195528,VEGAS KINDONG SRL,2025/09,Gas Oil Grado 2,7067.00,1499.00,"Volumen líquido mayor a 5000 m3 por producto y mes: posible escala o carga; pendiente de revisión, no se corrige."
217245,VEGAS KINDONG SRL,2025/10,Nafta (súper) entre 92 y 95 Ron,37985.00,1550.00,"Volumen líquido mayor a 5000 m3 por producto y mes: posible escala o carga; pendiente de revisión, no se corrige."
217248,VEGAS KINDONG SRL,2025/10,Gas Oil Grado 2,7280.00,1560.00,"Volumen líquido mayor a 5000 m3 por producto y mes: posible escala o carga; pendiente de revisión, no se corrige."
238976,VEGAS KINDONG SRL,2025/11,Nafta (súper) entre 92 y 95 Ron,34849.00,1662.00,"Volumen líquido mayor a 5000 m3 por producto y mes: posible escala o carga; pendiente de revisión, no se corrige."
238980,VEGAS KINDONG SRL,2025/11,Gas Oil Grado 2,6118.00,1672.00,"Volumen líquido mayor a 5000 m3 por producto y mes: posible escala o carga; pendiente de revisión, no se corrige."
260655,VEGAS KINDONG SRL,2025/12,Nafta (súper) entre 92 y 95 Ron,38396.00,1649.00,"Volumen líquido mayor a 5000 m3 por producto y mes: posible escala o carga; pendiente de revisión, no se corrige."
260659,VEGAS KINDONG SRL,2025/12,Gas Oil Grado 2,5969.00,1704.00,"Volumen líquido mayor a 5000 m3 por producto y mes: posible escala o carga; pendiente de revisión, no se corrige."
108677,VICCEL SRL,2025/05,Nafta (premium) de más de 95 Ron,34640.00,1516.66,"Volumen líquido mayor a 5000 m3 por producto y mes: posible escala o carga; pendiente de revisión, no se corrige."
239093,VICOFER GAS S.R.L.,2025/11,Nafta (súper) entre 92 y 95 Ron,37605.00,1595.00,"Volumen líquido mayor a 5000 m3 por producto y mes: posible escala o carga; pendiente de revisión, no se corrige."
239096,VICOFER GAS S.R.L.,2025/11,Gas Oil Grado 2,14277.00,1578.00,"Volumen líquido mayor a 5000 m3 por producto y mes: posible escala o carga; pendiente de revisión, no se corrige."
