id_fuente,fila_extraida,id_operador,periodo,id_producto,canal,volumen_original_m3,unidad_original,cantidad_venta,unidad_venta,precio_promedio_con_impuestos_ars,precio_surtidor_ars,origen
F000285,285,O015,2025-01-01,P001,Al público,65939.00,m3,65939.00,m3,483.91,484.90,real_con_conversion
F000286,286,O015,2025-01-01,P005,Al público,175.67,m3,175670.00,L,1178.86,1180.00,real_con_conversion
F000287,287,O015,2025-01-01,P006,Al público,65.84,m3,65840.00,L,1443.84,1445.00,real_con_conversion
F000288,288,O015,2025-01-01,P003,Al público,35.01,m3,35010.00,L,1410.54,1412.00,real_con_conversion
F000289,289,O015,2025-01-01,P002,Al público,57.73,m3,57730.00,L,1166.35,1167.00,real_con_conversion
F002825,2825,O018,2025-01-01,P006,Al público,9.38,m3,9380.00,L,1546.00,1549.00,real_con_conversion
F002826,2826,O018,2025-01-01,P003,Al público,37.39,m3,37390.00,L,1594.00,1599.00,real_con_conversion
F002827,2827,O018,2025-01-01,P002,Al público,35.41,m3,35410.00,L,1291.47,1299.00,real_con_conversion
F002828,2828,O018,2025-01-01,P007,Al público,27.16,m3,27160.00,L,1229.00,1229.00,real_con_conversion
F003081,3081,O002,2025-01-01,P003,Al público,52.26,m3,52260.00,L,1562.00,1562.00,real_con_conversion
F003082,3082,O002,2025-01-01,P007,Al público,172.99,m3,172990.00,L,1251.00,1251.00,real_con_conversion
F003083,3083,O002,2025-01-01,P006,Al público,83.45,m3,83450.00,L,1528.00,1528.00,real_con_conversion
F003084,3084,O002,2025-01-01,P002,Al público,16.45,m3,16450.00,L,1299.00,1299.00,real_con_conversion
F004701,4701,O013,2025-01-01,P002,Al público,12.88,m3,12880.00,L,1311.03,1312.00,real_con_conversion
F004702,4702,O013,2025-01-01,P006,Al público,37.18,m3,37180.00,L,1526.90,1528.00,real_con_conversion
F004703,4703,O013,2025-01-01,P007,Al público,127.79,m3,127790.00,L,1252.16,1253.00,real_con_conversion
F004704,4704,O013,2025-01-01,P003,Al público,17.97,m3,17970.00,L,1560.84,1562.00,real_con_conversion
F005215,5215,O010,2025-01-01,P003,Al público,32.52,m3,32520.00,L,1395.00,1395.00,real_con_conversion
F005216,5216,O010,2025-01-01,P001,Al público,100647.00,m3,100647.00,m3,539.00,539.00,real_con_conversion
F005217,5217,O010,2025-01-01,P002,Al público,38.00,m3,38000.00,L,1150.00,1150.00,real_con_conversion
F005218,5218,O010,2025-01-01,P006,Al público,53.60,m3,53600.00,L,1426.08,1426.08,real_con_conversion
F005219,5219,O010,2025-01-01,P007,Al público,192.71,m3,192710.00,L,1164.13,1164.13,real_con_conversion
F005875,5875,O006,2025-01-01,P002,Al público,108.03,m3,108030.00,L,1235.85,1237.00,real_con_conversion
F005876,5876,O006,2025-01-01,P007,Al público,324.72,m3,324720.00,L,1220.58,1222.00,real_con_conversion
F005877,5877,O006,2025-01-01,P003,Al público,108.84,m3,108840.00,L,1442.73,1444.00,real_con_conversion
F005878,5878,O006,2025-01-01,P005,Al público,79.88,m3,79880.00,L,1464.30,1466.00,real_con_conversion
F005879,5879,O006,2025-01-01,P004,Al público,1.57,m3,1570.00,L,1231.91,1237.00,real_con_conversion
F005880,5880,O006,2025-01-01,P001,Al público,138800.00,m3,138800.00,m3,799.00,799.00,real_con_conversion
F006134,6134,O008,2025-01-01,P006,Al público,8.04,m3,8040.00,L,1454.00,1454.00,real_con_conversion
F006135,6135,O008,2025-01-01,P002,Al público,49.68,m3,49680.00,L,1195.00,1195.00,real_con_conversion
F006136,6136,O008,2025-01-01,P003,Al público,17.04,m3,17040.00,L,1490.00,1490.00,real_con_conversion
F006137,6137,O008,2025-01-01,P007,Al público,60.88,m3,60880.00,L,1165.00,1165.00,real_con_conversion
F007910,7910,O001,2025-01-01,P004,Al público,4.19,m3,4190.00,L,1388.15,1400.00,real_con_conversion
F007911,7911,O001,2025-01-01,P003,Al público,113.73,m3,113730.00,L,1447.77,1479.00,real_con_conversion
F007912,7912,O001,2025-01-01,P002,Al público,55.66,m3,55660.00,L,1225.25,1251.00,real_con_conversion
F007913,7913,O001,2025-01-01,P001,Al público,78739.70,m3,78739.70,m3,639.00,639.00,real_con_conversion
F007914,7914,O001,2025-01-01,P007,Al público,308.13,m3,308130.00,L,1215.83,1241.00,real_con_conversion
F007917,7917,O001,2025-01-01,P006,Al público,172.92,m3,172920.00,L,1461.66,1493.00,real_con_conversion
F012063,12063,O014,2025-01-01,P003,Al público,30.25,m3,30250.00,L,1424.04,1429.00,real_con_conversion
F012064,12064,O014,2025-01-01,P002,Al público,46.52,m3,46520.00,L,1177.27,1179.00,real_con_conversion
F012065,12065,O014,2025-01-01,P001,Al público,81548.00,m3,81548.00,m3,493.49,494.90,real_con_conversion
F012066,12066,O014,2025-01-01,P004,Al público,1.37,m3,1370.00,L,1177.92,1179.00,real_con_conversion
F012067,12067,O014,2025-01-01,P006,Al público,43.04,m3,43040.00,L,1469.42,1470.00,real_con_conversion
F012068,12068,O014,2025-01-01,P007,Al público,166.49,m3,166490.00,L,1194.48,1195.00,real_con_conversion
F013157,13157,O017,2025-01-01,P004,Al público,2.51,m3,2510.00,L,1216.68,1237.00,real_con_conversion
F013158,13158,O017,2025-01-01,P007,Al público,133.04,m3,133040.00,L,1220.15,1222.00,real_con_conversion
F013159,13159,O017,2025-01-01,P002,Al público,189.13,m3,189130.00,L,1250.67,1237.00,real_con_conversion
F013160,13160,O017,2025-01-01,P006,Al público,47.79,m3,47790.00,L,1468.48,1446.00,real_con_conversion
F013162,13162,O017,2025-01-01,P003,Al público,113.54,m3,113540.00,L,1448.50,1444.00,real_con_conversion
F013164,13164,O017,2025-01-01,P001,Al público,57789.00,m3,57789.00,m3,698.90,699.00,real_con_conversion
F016145,16145,O003,2025-01-01,P007,Al público,125.52,m3,125520.00,L,1226.00,1226.00,real_con_conversion
F016146,16146,O003,2025-01-01,P006,Al público,56.36,m3,56360.00,L,1474.00,1474.00,real_con_conversion
F016147,16147,O003,2025-01-01,P002,Al público,103.64,m3,103640.00,L,1246.00,1246.00,real_con_conversion
F016148,16148,O003,2025-01-01,P003,Al público,143.62,m3,143620.00,L,1531.00,1531.00,real_con_conversion
F017196,17196,O016,2025-01-01,P002,Al público,82.10,m3,82100.00,L,1273.91,1270.00,real_con_conversion
F017197,17197,O016,2025-01-01,P006,Al público,13.49,m3,13490.00,L,1461.11,1463.00,real_con_conversion
F017198,17198,O016,2025-01-01,P007,Al público,65.76,m3,65760.00,L,1215.63,1217.00,real_con_conversion
F017199,17199,O016,2025-01-01,P003,Al público,18.41,m3,18410.00,L,1499.83,1499.00,real_con_conversion
F017437,17437,O004,2025-01-01,P007,Al público,208.83,m3,208830.00,L,1224.06,1226.00,real_con_conversion
F017439,17439,O004,2025-01-01,P002,Al público,41.93,m3,41930.00,L,1336.96,1340.00,real_con_conversion
F017440,17440,O004,2025-01-01,P006,Al público,28.71,m3,28710.00,L,1532.16,1536.00,real_con_conversion
F017441,17441,O004,2025-01-01,P003,Al público,19.74,m3,19740.00,L,1594.80,1598.00,real_con_conversion
F018449,18449,O009,2025-01-01,P006,Al público,6.15,m3,6150.00,L,1541.00,1541.00,real_con_conversion
F018454,18454,O009,2025-01-01,P003,Al público,4.33,m3,4330.00,L,1541.00,1541.00,real_con_conversion
F018456,18456,O009,2025-01-01,P007,Al público,33.25,m3,33250.00,L,1262.00,1262.00,real_con_conversion
F018457,18457,O009,2025-01-01,P002,Al público,55.33,m3,55330.00,L,1315.00,1315.00,real_con_conversion
F018552,18552,O007,2025-01-01,P002,Al público,107.35,m3,107350.00,L,1246.00,1246.00,real_con_conversion
F018553,18553,O007,2025-01-01,P003,Al público,68.27,m3,68270.00,L,1495.00,1495.00,real_con_conversion
F018554,18554,O007,2025-01-01,P006,Al público,24.67,m3,24670.00,L,1464.00,1464.00,real_con_conversion
F018555,18555,O007,2025-01-01,P007,Al público,219.73,m3,219730.00,L,1204.00,1204.00,real_con_conversion
F019145,19145,O011,2025-01-01,P002,Al público,253.52,m3,253520.00,L,1236.29,1237.00,real_con_conversion
F019146,19146,O011,2025-01-01,P007,Al público,287.41,m3,287410.00,L,1214.31,1216.00,real_con_conversion
F019148,19148,O011,2025-01-01,P006,Al público,156.95,m3,156950.00,L,1446.33,1459.00,real_con_conversion
F019149,19149,O011,2025-01-01,P003,Al público,246.10,m3,246100.00,L,1441.56,1444.00,real_con_conversion
F019150,19150,O011,2025-01-01,P001,Al público,104981.00,m3,104981.00,m3,678.74,699.00,real_con_conversion
F020381,20381,O012,2025-01-01,P007,Al público,276.27,m3,276270.00,L,1203.25,1204.00,real_con_conversion
F020382,20382,O012,2025-01-01,P006,Al público,118.47,m3,118470.00,L,1443.58,1444.00,real_con_conversion
F020383,20383,O012,2025-01-01,P004,Al público,163.29,m3,163290.00,L,620.81,630.00,real_con_conversion
F020384,20384,O012,2025-01-01,P002,Al público,789.87,m3,789870.00,L,1219.72,1225.00,real_con_conversion
F020458,20458,O005,2025-01-01,P002,Al público,76.75,m3,76750.00,L,1246.00,1246.00,real_con_conversion
F020459,20459,O005,2025-01-01,P003,Al público,73.70,m3,73700.00,L,1495.00,1495.00,real_con_conversion
F020460,20460,O005,2025-01-01,P006,Al público,48.79,m3,48790.00,L,1464.00,1464.00,real_con_conversion
F020461,20461,O005,2025-01-01,P007,Al público,187.75,m3,187750.00,L,1204.00,1204.00,real_con_conversion
F022125,22125,O015,2025-02-01,P001,Al público,71508.00,m3,71508.00,m3,484.90,484.90,real_con_conversion
F022126,22126,O015,2025-02-01,P003,Al público,30.61,m3,30610.00,L,1440.92,1441.00,real_con_conversion
F022127,22127,O015,2025-02-01,P006,Al público,64.97,m3,64970.00,L,1474.94,1475.00,real_con_conversion
F022128,22128,O015,2025-02-01,P005,Al público,167.96,m3,167960.00,L,1204.98,1205.00,real_con_conversion
F022129,22129,O015,2025-02-01,P002,Al público,54.45,m3,54450.00,L,1191.00,1191.00,real_con_conversion
F024702,24702,O018,2025-02-01,P006,Al público,9.00,m3,9000.00,L,1568.00,1569.00,real_con_conversion
F024703,24703,O018,2025-02-01,P002,Al público,39.00,m3,39000.00,L,1348.00,1349.00,real_con_conversion
F024704,24704,O018,2025-02-01,P005,Al público,21.00,m3,21000.00,L,1278.00,1279.00,real_con_conversion
F024705,24705,O018,2025-02-01,P003,Al público,26.00,m3,26000.00,L,1628.00,1629.00,real_con_conversion
F024957,24957,O002,2025-02-01,P002,Al público,18.39,m3,18390.00,L,1341.00,1341.00,real_con_conversion
F024958,24958,O002,2025-02-01,P003,Al público,59.34,m3,59340.00,L,1599.00,1599.00,real_con_conversion
F024959,24959,O002,2025-02-01,P006,Al público,84.28,m3,84280.00,L,1567.00,1567.00,real_con_conversion
F024960,24960,O002,2025-02-01,P007,Al público,187.55,m3,187550.00,L,1289.00,1289.00,real_con_conversion
F026584,26584,O013,2025-02-01,P002,Al público,10.51,m3,10510.00,L,1341.00,1341.00,real_con_conversion
F026585,26585,O013,2025-02-01,P003,Al público,15.98,m3,15980.00,L,1599.00,1599.00,real_con_conversion
F026586,26586,O013,2025-02-01,P006,Al público,32.98,m3,32980.00,L,1567.00,1567.00,real_con_conversion
F026587,26587,O013,2025-02-01,P007,Al público,119.28,m3,119280.00,L,1289.00,1289.00,real_con_conversion
F027099,27099,O010,2025-02-01,P001,Al público,94624.00,m3,94624.00,m3,562.57,562.57,real_con_conversion
F027100,27100,O010,2025-02-01,P006,Al público,30.05,m3,30050.00,L,1457.00,1457.00,real_con_conversion
F027101,27101,O010,2025-02-01,P003,Al público,57.72,m3,57720.00,L,1425.00,1425.00,real_con_conversion
F027102,27102,O010,2025-02-01,P007,Al público,201.40,m3,201400.00,L,1190.00,1190.00,real_con_conversion
F027103,27103,O010,2025-02-01,P002,Al público,30.80,m3,30800.00,L,1175.15,1175.15,real_con_conversion
F027774,27774,O006,2025-02-01,P004,Al público,1.82,m3,1820.00,L,1237.00,1237.00,real_con_conversion
F027775,27775,O006,2025-02-01,P006,Al público,69.29,m3,69290.00,L,1496.00,1496.00,real_con_conversion
F027776,27776,O006,2025-02-01,P007,Al público,293.90,m3,293900.00,L,1247.00,1247.00,real_con_conversion
F027777,27777,O006,2025-02-01,P003,Al público,110.42,m3,110420.00,L,1473.00,1473.00,real_con_conversion
F027778,27778,O006,2025-02-01,P002,Al público,110.38,m3,110380.00,L,1261.90,1262.00,real_con_conversion
F027779,27779,O006,2025-02-01,P001,Al público,124890.00,m3,124890.00,m3,842.40,849.00,real_con_conversion
F028036,28036,O008,2025-02-01,P002,Al público,39.50,m3,39500.00,L,1271.91,1271.00,real_con_conversion
F028037,28037,O008,2025-02-01,P006,Al público,9.64,m3,9640.00,L,1485.94,1497.00,real_con_conversion
F028038,28038,O008,2025-02-01,P003,Al público,13.28,m3,13280.00,L,1541.28,1545.00,real_con_conversion
F028039,28039,O008,2025-02-01,P007,Al público,55.58,m3,55580.00,L,1257.50,1258.00,real_con_conversion
F029823,29823,O001,2025-02-01,P001,Al público,76233.80,m3,76233.80,m3,655.69,659.00,real_con_conversion
F029824,29824,O001,2025-02-01,P007,Al público,295.35,m3,295350.00,L,1241.02,1266.00,real_con_conversion
F029825,29825,O001,2025-02-01,P006,Al público,158.75,m3,158750.00,L,1492.96,1523.00,real_con_conversion
F029826,29826,O001,2025-02-01,P003,Al público,97.36,m3,97360.00,L,1479.01,1508.00,real_con_conversion
F029827,29827,O001,2025-02-01,P002,Al público,55.91,m3,55910.00,L,1250.92,1276.00,real_con_conversion
F029831,29831,O001,2025-02-01,P004,Al público,2.58,m3,2580.00,L,1400.00,1400.00,real_con_conversion
F033962,33962,O014,2025-02-01,P006,Al público,38.65,m3,38650.00,L,1500.15,1529.00,real_con_conversion
F033963,33963,O014,2025-02-01,P004,Al público,89,m3,89000,L,1203.01,1226.00,real_con_conversion
F033964,33964,O014,2025-02-01,P001,Al público,72631.00,m3,72631.00,m3,494.90,494.90,real_con_conversion
F033965,33965,O014,2025-02-01,P002,Al público,36.71,m3,36710.00,L,1201.06,1226.00,real_con_conversion
F033966,33966,O014,2025-02-01,P007,Al público,149.39,m3,149390.00,L,1219.05,1243.00,real_con_conversion
F033967,33967,O014,2025-02-01,P003,Al público,24.53,m3,24530.00,L,1456.96,1486.00,real_con_conversion
F035055,35055,O017,2025-02-01,P007,Al público,131.54,m3,131540.00,L,1246.97,1247.00,real_con_conversion
F035056,35056,O017,2025-02-01,P001,Al público,43360.00,m3,43360.00,m3,699.00,699.00,real_con_conversion
F035061,35061,O017,2025-02-01,P004,Al público,2.51,m3,2510.00,L,1271.80,1262.00,real_con_conversion
F035062,35062,O017,2025-02-01,P006,Al público,46.45,m3,46450.00,L,1499.69,1496.00,real_con_conversion
F035063,35063,O017,2025-02-01,P002,Al público,163.61,m3,163610.00,L,1275.30,1262.00,real_con_conversion
F035064,35064,O017,2025-02-01,P003,Al público,105.66,m3,105660.00,L,1476.60,1473.00,real_con_conversion
F037940,37940,O003,2025-02-01,P006,Al público,13.57,m3,13570.00,L,1504.00,1504.00,real_con_conversion
F037941,37941,O003,2025-02-01,P005,Al público,131.54,m3,131540.00,L,1251.00,1251.00,real_con_conversion
F037942,37942,O003,2025-02-01,P002,Al público,162.54,m3,162540.00,L,1271.00,1271.00,real_con_conversion
F037943,37943,O003,2025-02-01,P003,Al público,34.07,m3,34070.00,L,1531.00,1531.00,real_con_conversion
F039003,39003,O016,2025-02-01,P003,Al público,19.96,m3,19960.00,L,1528.00,1528.00,real_con_conversion
F039004,39004,O016,2025-02-01,P002,Al público,78.65,m3,78650.00,L,1294.85,1295.00,real_con_conversion
F039005,39005,O016,2025-02-01,P006,Al público,13.18,m3,13180.00,L,1489.67,1493.00,real_con_conversion
F039006,39006,O016,2025-02-01,P007,Al público,60.20,m3,60200.00,L,1239.85,1241.00,real_con_conversion
F039229,39229,O004,2025-02-01,P007,Al público,187.66,m3,187660.00,L,1250.64,1251.00,real_con_conversion
F039230,39230,O004,2025-02-01,P006,Al público,21.11,m3,21110.00,L,1566.55,1567.00,real_con_conversion
F039232,39232,O004,2025-02-01,P002,Al público,36.86,m3,36860.00,L,1365.80,1366.00,real_con_conversion
F039233,39233,O004,2025-02-01,P003,Al público,24.16,m3,24160.00,L,1629.69,1630.00,real_con_conversion
F040239,40239,O009,2025-02-01,P002,Al público,49.38,m3,49380.00,L,1341.00,1341.00,real_con_conversion
F040240,40240,O009,2025-02-01,P003,Al público,3.23,m3,3230.00,L,1599.00,1599.00,real_con_conversion
F040241,40241,O009,2025-02-01,P006,Al público,5.26,m3,5260.00,L,1567.00,1567.00,real_con_conversion
F040246,40246,O009,2025-02-01,P007,Al público,35.10,m3,35100.00,L,1289.00,1289.00,real_con_conversion
F040343,40343,O007,2025-02-01,P003,Al público,62.49,m3,62490.00,L,1531.00,1531.00,real_con_conversion
F040344,40344,O007,2025-02-01,P006,Al público,19.75,m3,19750.00,L,1494.00,1494.00,real_con_conversion
F040345,40345,O007,2025-02-01,P007,Al público,205.60,m3,205600.00,L,1229.00,1229.00,real_con_conversion
F040346,40346,O007,2025-02-01,P002,Al público,104.43,m3,104430.00,L,1271.00,1271.00,real_con_conversion
F040929,40929,O011,2025-02-01,P001,Al público,92220.20,m3,92220.20,m3,699.00,699.00,real_con_conversion
F040932,40932,O011,2025-02-01,P006,Al público,143.04,m3,143040.00,L,1477.04,1489.00,real_con_conversion
F040935,40935,O011,2025-02-01,P007,Al público,254.69,m3,254690.00,L,1240.48,1241.00,real_con_conversion
F040937,40937,O011,2025-02-01,P002,Al público,250.65,m3,250650.00,L,1261.91,1262.00,real_con_conversion
F040938,40938,O011,2025-02-01,P003,Al público,229.51,m3,229510.00,L,1471.70,1473.00,real_con_conversion
F042187,42187,O012,2025-02-01,P007,Al público,258.08,m3,258080.00,L,1229.34,1229.00,real_con_conversion
F042188,42188,O012,2025-02-01,P003,Al público,308.60,m3,308600.00,L,1459.06,1459.00,real_con_conversion
F042189,42189,O012,2025-02-01,P006,Al público,114.72,m3,114720.00,L,1473.44,1473.00,real_con_conversion
F042192,42192,O012,2025-02-01,P002,Al público,730.76,m3,730760.00,L,1247.01,1250.00,real_con_conversion
F042266,42266,O005,2025-02-01,P002,Al público,72.92,m3,72920.00,L,1271.00,1271.00,real_con_conversion
F042267,42267,O005,2025-02-01,P003,Al público,67.84,m3,67840.00,L,1525.00,1525.00,real_con_conversion
F042268,42268,O005,2025-02-01,P007,Al público,184.99,m3,184990.00,L,1229.00,1229.00,real_con_conversion
F042269,42269,O005,2025-02-01,P006,Al público,48.48,m3,48480.00,L,1494.00,1494.00,real_con_conversion
F043930,43930,O015,2025-03-01,P006,Al público,73.92,m3,73920.00,L,1503.94,1504.00,real_con_conversion
F043931,43931,O015,2025-03-01,P003,Al público,38.93,m3,38930.00,L,1468.94,1469.00,real_con_conversion
F043932,43932,O015,2025-03-01,P002,Al público,59.72,m3,59720.00,L,1215.00,1215.00,real_con_conversion
F043933,43933,O015,2025-03-01,P001,Al público,85237.00,m3,85237.00,m3,505.52,509.00,real_con_conversion
F043934,43934,O015,2025-03-01,P005,Al público,199.66,m3,199660.00,L,1228.98,1229.00,real_con_conversion
F046524,46524,O018,2025-03-01,P005,Al público,17.83,m3,17830.00,L,1308.00,1309.00,real_con_conversion
F046525,46525,O018,2025-03-01,P006,Al público,10.51,m3,10510.00,L,1599.00,1599.00,real_con_conversion
F046526,46526,O018,2025-03-01,P002,Al público,28.67,m3,28670.00,L,1386.00,1389.00,real_con_conversion
F046527,46527,O018,2025-03-01,P003,Al público,25.34,m3,25340.00,L,1658.00,1659.00,real_con_conversion
F046778,46778,O002,2025-03-01,P007,Al público,202.60,m3,202600.00,L,1314.00,1314.00,real_con_conversion
F046779,46779,O002,2025-03-01,P006,Al público,87.16,m3,87160.00,L,1592.00,1592.00,real_con_conversion
F046780,46780,O002,2025-03-01,P002,Al público,15.93,m3,15930.00,L,1359.00,1314.00,real_con_conversion
F046781,46781,O002,2025-03-01,P003,Al público,58.58,m3,58580.00,L,1636.00,1636.00,real_con_conversion
F048391,48391,O013,2025-03-01,P003,Al público,16.65,m3,16650.00,L,1632.00,1632.00,real_con_conversion
F048392,48392,O013,2025-03-01,P002,Al público,12.22,m3,12220.00,L,1372.00,1372.00,real_con_conversion
F048393,48393,O013,2025-03-01,P006,Al público,37.66,m3,37660.00,L,1595.00,1595.00,real_con_conversion
F048394,48394,O013,2025-03-01,P007,Al público,132.90,m3,132900.00,L,1314.00,1314.00,real_con_conversion
F048904,48904,O010,2025-03-01,P001,Al público,110.78,m3,110.78,m3,569.00,569.00,real_con_conversion
F048905,48905,O010,2025-03-01,P006,Al público,73.06,m3,73060.00,L,1485.00,1485.00,real_con_conversion
F048906,48906,O010,2025-03-01,P002,Al público,39.58,m3,39580.00,L,1198.00,1198.00,real_con_conversion
F048907,48907,O010,2025-03-01,P007,Al público,232.16,m3,232160.00,L,1273.00,1273.00,real_con_conversion
F048908,48908,O010,2025-03-01,P003,Al público,38.52,m3,38520.00,L,1453.00,1453.00,real_con_conversion
F049587,49587,O006,2025-03-01,P002,Al público,129.56,m3,129560.00,L,1285.91,1286.00,real_con_conversion
F049588,49588,O006,2025-03-01,P003,Al público,95.49,m3,95490.00,L,1500.98,1501.00,real_con_conversion
F049589,49589,O006,2025-03-01,P007,Al público,321.48,m3,321480.00,L,1270.97,1271.00,real_con_conversion
F049590,49590,O006,2025-03-01,P006,Al público,70.64,m3,70640.00,L,1524.99,1525.00,real_con_conversion
F049591,49591,O006,2025-03-01,P004,Al público,2.38,m3,2380.00,L,1274.10,1286.00,real_con_conversion
F049592,49592,O006,2025-03-01,P001,Al público,139200.00,m3,139200.00,m3,849.00,849.00,real_con_conversion
F049850,49850,O008,2025-03-01,P002,Al público,37.17,m3,37170.00,L,1299.94,1300.00,real_con_conversion
F049851,49851,O008,2025-03-01,P007,Al público,57.87,m3,57870.00,L,1281.61,1282.00,real_con_conversion
F049852,49852,O008,2025-03-01,P003,Al público,12.99,m3,12990.00,L,1586.00,1586.00,real_con_conversion
F049853,49853,O008,2025-03-01,P006,Al público,6.43,m3,6430.00,L,1533.78,1543.00,real_con_conversion
F051628,51628,O001,2025-03-01,P001,Al público,83994.70,m3,83994.70,m3,659.00,659.00,real_con_conversion
F051629,51629,O001,2025-03-01,P006,Al público,170.33,m3,170330.00,L,1522.99,1551.00,real_con_conversion
F051630,51630,O001,2025-03-01,P007,Al público,318.20,m3,318200.00,L,1265.99,1290.00,real_con_conversion
F051631,51631,O001,2025-03-01,P002,Al público,49.26,m3,49260.00,L,1276.53,1300.00,real_con_conversion
F051632,51632,O001,2025-03-01,P004,Al público,4.15,m3,4150.00,L,1400.00,1400.00,real_con_conversion
F051633,51633,O001,2025-03-01,P003,Al público,115.66,m3,115660.00,L,1508.05,1536.00,real_con_conversion
F055766,55766,O014,2025-03-01,P001,Al público,84093.00,m3,84093.00,m3,478.55,514.90,real_con_conversion
F055767,55767,O014,2025-03-01,P006,Al público,44.89,m3,44890.00,L,1409.02,1529.00,real_con_conversion
F055768,55768,O014,2025-03-01,P003,Al público,36.51,m3,36510.00,L,1179.84,1486.00,real_con_conversion
F055769,55769,O014,2025-03-01,P007,Al público,174.03,m3,174030.00,L,1142.70,1243.00,real_con_conversion
F055770,55770,O014,2025-03-01,P004,Al público,2.04,m3,2040.00,L,793.26,1226.00,real_con_conversion
F055771,55771,O014,2025-03-01,P002,Al público,46.51,m3,46510.00,L,1177.52,1226.00,real_con_conversion
F056863,56863,O017,2025-03-01,P002,Al público,152.82,m3,152820.00,L,1300.15,1286.00,real_con_conversion
F056865,56865,O017,2025-03-01,P006,Al público,45.18,m3,45180.00,L,1524.07,1525.00,real_con_conversion
F056868,56868,O017,2025-03-01,P001,Al público,57078.00,m3,57078.00,m3,722.34,750.00,real_con_conversion
F056869,56869,O017,2025-03-01,P007,Al público,138.73,m3,138730.00,L,1266.16,1271.00,real_con_conversion
F056870,56870,O017,2025-03-01,P004,Al público,3.55,m3,3550.00,L,1285.67,1262.00,real_con_conversion
F056872,56872,O017,2025-03-01,P003,Al público,107.74,m3,107740.00,L,1503.85,1501.00,real_con_conversion
F059778,59778,O003,2025-03-01,P006,Al público,6.78,m3,6780.00,L,1533.00,1533.00,real_con_conversion
F059779,59779,O003,2025-03-01,P003,Al público,33.95,m3,33950.00,L,1566.00,1566.00,real_con_conversion
F059780,59780,O003,2025-03-01,P002,Al público,204.45,m3,204450.00,L,1300.00,1300.00,real_con_conversion
F059781,59781,O003,2025-03-01,P007,Al público,119.87,m3,119870.00,L,1275.00,1275.00,real_con_conversion
F060850,60850,O016,2025-03-01,P007,Al público,63.89,m3,63890.00,L,1265.51,1266.00,real_con_conversion
F060851,60851,O016,2025-03-01,P002,Al público,83.58,m3,83580.00,L,1319.61,1320.00,real_con_conversion
F060852,60852,O016,2025-03-01,P003,Al público,20.58,m3,20580.00,L,1557.59,1559.00,real_con_conversion
F060853,60853,O016,2025-03-01,P006,Al público,11.33,m3,11330.00,L,1522.67,1523.00,real_con_conversion
F061073,61073,O004,2025-03-01,P007,Al público,130.84,m3,130840.00,L,1274.41,1275.00,real_con_conversion
F061075,61075,O004,2025-03-01,P002,Al público,39.53,m3,39530.00,L,1396.70,1397.00,real_con_conversion
F061076,61076,O004,2025-03-01,P006,Al público,19.05,m3,19050.00,L,1597.21,1598.00,real_con_conversion
F061079,61079,O004,2025-03-01,P003,Al público,24.35,m3,24350.00,L,1651.28,1635.00,real_con_conversion
F062093,62093,O009,2025-03-01,P002,Al público,58.62,m3,58620.00,L,1341.00,1341.00,real_con_conversion
F062095,62095,O009,2025-03-01,P006,Al público,4.25,m3,4250.00,L,1567.00,1567.00,real_con_conversion
F062096,62096,O009,2025-03-01,P003,Al público,4.39,m3,4390.00,L,1599.00,1599.00,real_con_conversion
F062098,62098,O009,2025-03-01,P007,Al público,38.12,m3,38120.00,L,1289.00,1289.00,real_con_conversion
F062195,62195,O007,2025-03-01,P006,Al público,23.76,m3,23760.00,L,1523.00,1523.00,real_con_conversion
F062196,62196,O007,2025-03-01,P002,Al público,110.77,m3,110770.00,L,1300.00,1300.00,real_con_conversion
F062197,62197,O007,2025-03-01,P003,Al público,74.46,m3,74460.00,L,1566.00,1566.00,real_con_conversion
F062198,62198,O007,2025-03-01,P007,Al público,235.94,m3,235940.00,L,1252.00,1252.00,real_con_conversion
F062782,62782,O011,2025-03-01,P001,Al público,94855.90,m3,94855.90,m3,699.00,699.00,real_con_conversion
F062784,62784,O011,2025-03-01,P007,Al público,243.46,m3,243460.00,L,1264.29,1265.00,real_con_conversion
F062785,62785,O011,2025-03-01,P002,Al público,247.08,m3,247080.00,L,1285.68,1286.00,real_con_conversion
F062790,62790,O011,2025-03-01,P006,Al público,134.98,m3,134980.00,L,1505.05,1518.00,real_con_conversion
F062791,62791,O011,2025-03-01,P003,Al público,255.57,m3,255570.00,L,1499.00,1501.00,real_con_conversion
F064040,64040,O012,2025-03-01,P003,Al público,309.82,m3,309820.00,L,1485.94,1487.00,real_con_conversion
F064041,64041,O012,2025-03-01,P002,Al público,762.94,m3,762940.00,L,1271.51,1274.00,real_con_conversion
F064043,64043,O012,2025-03-01,P006,Al público,128.54,m3,128540.00,L,1501.69,1501.00,real_con_conversion
F064045,64045,O012,2025-03-01,P007,Al público,282.69,m3,282690.00,L,1252.37,1252.00,real_con_conversion
F064118,64118,O005,2025-03-01,P002,Al público,79.59,m3,79590.00,L,1300.00,1300.00,real_con_conversion
F064119,64119,O005,2025-03-01,P005,Al público,208.94,m3,208940.00,L,1252.00,1252.00,real_con_conversion
F064120,64120,O005,2025-03-01,P003,Al público,75.87,m3,75870.00,L,1560.00,1560.00,real_con_conversion
F064121,64121,O005,2025-03-01,P006,Al público,49.50,m3,49500.00,L,1523.00,1523.00,real_con_conversion
F065784,65784,O015,2025-04-01,P005,Al público,187.21,m3,187210.00,L,1251.96,1252.00,real_con_conversion
F065785,65785,O015,2025-04-01,P001,Al público,84775.00,m3,84775.00,m3,509.00,509.00,real_con_conversion
F065786,65786,O015,2025-04-01,P003,Al público,35.86,m3,35860.00,L,1174.39,1496.00,real_con_conversion
F065787,65787,O015,2025-04-01,P002,Al público,57.32,m3,57320.00,L,1237.00,1237.00,real_con_conversion
F065788,65788,O015,2025-04-01,P006,Al público,65.26,m3,65260.00,L,1197.52,1531.00,real_con_conversion
F068365,68365,O018,2025-04-01,P006,Al público,5.06,m3,5060.00,L,1639.00,1639.00,real_con_conversion
F068366,68366,O018,2025-04-01,P002,Al público,52.67,m3,52670.00,L,1418.46,1419.00,real_con_conversion
F068367,68367,O018,2025-04-01,P005,Al público,31.60,m3,31600.00,L,1339.00,1339.00,real_con_conversion
F068368,68368,O018,2025-04-01,P003,Al público,19.00,m3,19000.00,L,1659.00,1659.00,real_con_conversion
F068620,68620,O002,2025-04-01,P006,Al público,85.97,m3,85970.00,L,1623.00,1623.00,real_con_conversion
F068621,68621,O002,2025-04-01,P003,Al público,58.75,m3,58750.00,L,1662.00,1662.00,real_con_conversion
F068622,68622,O002,2025-04-01,P002,Al público,16.15,m3,16150.00,L,1388.00,1388.00,real_con_conversion
F068623,68623,O002,2025-04-01,P007,Al público,178.45,m3,178450.00,L,1334.00,1334.00,real_con_conversion
F070231,70231,O013,2025-04-01,P003,Al público,15.97,m3,15970.00,L,1659.00,1659.00,real_con_conversion
F070232,70232,O013,2025-04-01,P007,Al público,121.81,m3,121810.00,L,1337.00,1337.00,real_con_conversion
F070233,70233,O013,2025-04-01,P002,Al público,11.26,m3,11260.00,L,1399.00,1399.00,real_con_conversion
F070234,70234,O013,2025-04-01,P006,Al público,36.36,m3,36360.00,L,1623.00,1623.00,real_con_conversion
F070745,70745,O010,2025-04-01,P001,Al público,109117.00,m3,109117.00,m3,569.00,569.00,real_con_conversion
F070746,70746,O010,2025-04-01,P006,Al público,25.51,m3,25510.00,L,1511.00,1511.00,real_con_conversion
F070747,70747,O010,2025-04-01,P002,Al público,28.29,m3,28290.00,L,1219.00,1219.00,real_con_conversion
F070748,70748,O010,2025-04-01,P007,Al público,177.45,m3,177450.00,L,1234.00,1234.00,real_con_conversion
F070749,70749,O010,2025-04-01,P003,Al público,39.33,m3,39330.00,L,1478.00,1478.00,real_con_conversion
F071419,71419,O006,2025-04-01,P002,Al público,116.98,m3,116980.00,L,1308.93,1309.00,real_con_conversion
F071420,71420,O006,2025-04-01,P006,Al público,69.43,m3,69430.00,L,1551.78,1552.00,real_con_conversion
F071421,71421,O006,2025-04-01,P003,Al público,114.12,m3,114120.00,L,1526.95,1527.00,real_con_conversion
F071422,71422,O006,2025-04-01,P004,Al público,2.34,m3,2340.00,L,1309.00,1309.00,real_con_conversion
F071423,71423,O006,2025-04-01,P007,Al público,294.89,m3,294890.00,L,1292.20,1293.00,real_con_conversion
F071424,71424,O006,2025-04-01,P001,Al público,133.18,m3,133.18,m3,849.00,849.00,real_con_conversion
F071680,71680,O008,2025-04-01,P002,Al público,29.83,m3,29830.00,L,1322.91,1323.00,real_con_conversion
F071681,71681,O008,2025-04-01,P003,Al público,10.65,m3,10650.00,L,1579.65,1586.00,real_con_conversion
F071682,71682,O008,2025-04-01,P007,Al público,4.37,m3,4370.00,L,1534.90,1543.00,real_con_conversion
F071683,71683,O008,2025-04-01,P006,Al público,39.10,m3,39100.00,L,1279.77,1282.00,real_con_conversion
F073457,73457,O001,2025-04-01,P001,Al público,81303.70,m3,81303.70,m3,659.00,659.00,real_con_conversion
F073458,73458,O001,2025-04-01,P003,Al público,122.99,m3,122990.00,L,1535.56,1414.00,real_con_conversion
F073459,73459,O001,2025-04-01,P006,Al público,166.68,m3,166680.00,L,1550.86,1459.00,real_con_conversion
F073460,73460,O001,2025-04-01,P002,Al público,49.19,m3,49190.00,L,1299.98,1262.00,real_con_conversion
F073461,73461,O001,2025-04-01,P007,Al público,302.35,m3,302350.00,L,1289.96,1265.00,real_con_conversion
F073462,73462,O001,2025-04-01,P004,Al público,4.99,m3,4990.00,L,1456.06,1500.00,real_con_conversion
F077601,77601,O014,2025-04-01,P002,Al público,48.61,m3,48610.00,L,868.75,1248.00,real_con_conversion
F077602,77602,O014,2025-04-01,P003,Al público,29.89,m3,29890.00,L,1081.89,1512.00,real_con_conversion
F077603,77603,O014,2025-04-01,P007,Al público,167.79,m3,167790.00,L,830.96,1265.00,real_con_conversion
F077604,77604,O014,2025-04-01,P006,Al público,43.69,m3,43690.00,L,1061.90,1556.00,real_con_conversion
F077605,77605,O014,2025-04-01,P001,Al público,80684.00,m3,80684.00,m3,410.15,514.90,real_con_conversion
F077606,77606,O014,2025-04-01,P004,Al público,2.13,m3,2130.00,L,780.25,1248.00,real_con_conversion
F078696,78696,O017,2025-04-01,P006,Al público,46.77,m3,46770.00,L,1551.90,1552.00,real_con_conversion
F078697,78697,O017,2025-04-01,P002,Al público,203.09,m3,203090.00,L,1323.30,1309.00,real_con_conversion
F078698,78698,O017,2025-04-01,P003,Al público,117.83,m3,117830.00,L,1531.32,1527.00,real_con_conversion
F078699,78699,O017,2025-04-01,P004,Al público,4.50,m3,4500.00,L,1286.12,1286.00,real_con_conversion
F078700,78700,O017,2025-04-01,P007,Al público,133.76,m3,133760.00,L,1290.71,1293.00,real_con_conversion
F078701,78701,O017,2025-04-01,P001,Al público,56561.00,m3,56561.00,m3,750.00,750.00,real_con_conversion
F081589,81589,O003,2025-04-01,P003,Al público,27.39,m3,27390.00,L,1599.00,1599.00,real_con_conversion
F081590,81590,O003,2025-04-01,P006,Al público,4.69,m3,4690.00,L,1533.00,1533.00,real_con_conversion
F081591,81591,O003,2025-04-01,P007,Al público,105.07,m3,105070.00,L,1298.97,1298.97,real_con_conversion
F081592,81592,O003,2025-04-01,P002,Al público,192.71,m3,192710.00,L,1325.00,1325.00,real_con_conversion
F082636,82636,O016,2025-04-01,P003,Al público,15.57,m3,15570.00,L,1590.00,1590.00,real_con_conversion
F082637,82637,O016,2025-04-01,P006,Al público,7.56,m3,7560.00,L,1552.66,1553.00,real_con_conversion
F082638,82638,O016,2025-04-01,P002,Al público,86.16,m3,86160.00,L,1345.93,1346.00,real_con_conversion
F082639,82639,O016,2025-04-01,P007,Al público,58.04,m3,58040.00,L,1291.78,1292.00,real_con_conversion
F082870,82870,O004,2025-04-01,P002,Al público,38.30,m3,38300.00,L,1420.57,1421.00,real_con_conversion
F082871,82871,O004,2025-04-01,P003,Al público,24.35,m3,24350.00,L,1662.45,1663.00,real_con_conversion
F082872,82872,O004,2025-04-01,P006,Al público,17.99,m3,17990.00,L,1623.71,1624.00,real_con_conversion
F082873,82873,O004,2025-04-01,P007,Al público,118.47,m3,118470.00,L,1296.54,1297.00,real_con_conversion
F083879,83879,O009,2025-04-01,P006,Al público,2.14,m3,2140.00,L,1624.00,1624.00,real_con_conversion
F083883,83883,O009,2025-04-01,P003,Al público,12.00,m3,12000.00,L,1662.00,1662.00,real_con_conversion
F083884,83884,O009,2025-04-01,P007,Al público,84.00,m3,84000.00,L,1334.00,1334.00,real_con_conversion
F083885,83885,O009,2025-04-01,P002,Al público,47.90,m3,47900.00,L,1388.00,1388.00,real_con_conversion
F083981,83981,O007,2025-04-01,P002,Al público,103.02,m3,103020.00,L,1323.00,1323.00,real_con_conversion
F083982,83982,O007,2025-04-01,P007,Al público,221.76,m3,221760.00,L,1274.00,1274.00,real_con_conversion
F083983,83983,O007,2025-04-01,P006,Al público,24.53,m3,24530.00,L,1550.00,1550.00,real_con_conversion
F083984,83984,O007,2025-04-01,P003,Al público,70.33,m3,70330.00,L,1593.00,1593.00,real_con_conversion
F084570,84570,O011,2025-04-01,P001,Al público,89727.20,m3,89727.20,m3,699.00,699.00,real_con_conversion
F084571,84571,O011,2025-04-01,P007,Al público,217.26,m3,217260.00,L,1283.94,1287.00,real_con_conversion
F084577,84577,O011,2025-04-01,P006,Al público,119.16,m3,119160.00,L,1523.30,1545.00,real_con_conversion
F084578,84578,O011,2025-04-01,P002,Al público,274.64,m3,274640.00,L,1308.91,1309.00,real_con_conversion
F084579,84579,O011,2025-04-01,P003,Al público,225.49,m3,225490.00,L,1525.85,1527.00,real_con_conversion
F085827,85827,O012,2025-04-01,P003,Al público,291.61,m3,291610.00,L,1513.29,1513.00,real_con_conversion
F085828,85828,O012,2025-04-01,P002,Al público,873.66,m3,873660.00,L,1294.31,1296.00,real_con_conversion
F085832,85832,O012,2025-04-01,P007,Al público,247.93,m3,247930.00,L,1274.15,1274.00,real_con_conversion
F085833,85833,O012,2025-04-01,P006,Al público,106.45,m3,106450.00,L,1527.14,1527.00,real_con_conversion
F085906,85906,O005,2025-04-01,P006,Al público,46.30,m3,46300.00,L,1550.00,1550.00,real_con_conversion
F085907,85907,O005,2025-04-01,P007,Al público,174.73,m3,174730.00,L,1274.00,1274.00,real_con_conversion
F085908,85908,O005,2025-04-01,P002,Al público,70.67,m3,70670.00,L,1323.00,1323.00,real_con_conversion
F085909,85909,O005,2025-04-01,P003,Al público,61.66,m3,61660.00,L,1587.00,1587.00,real_con_conversion
F087563,87563,O015,2025-05-01,P001,Al público,79901.00,m3,79901.00,m3,509.00,509.00,real_con_conversion
F087564,87564,O015,2025-05-01,P003,Al público,39.39,m3,39390.00,L,1381.89,1383.00,real_con_conversion
F087565,87565,O015,2025-05-01,P006,Al público,79.55,m3,79550.00,L,1441.47,1442.00,real_con_conversion
F087566,87566,O015,2025-05-01,P005,Al público,197.28,m3,197280.00,L,1230.64,1231.00,real_con_conversion
F087567,87567,O015,2025-05-01,P002,Al público,53.19,m3,53190.00,L,1205.69,1207.00,real_con_conversion
F090171,90171,O018,2025-05-01,P003,Al público,15.96,m3,15960.00,L,1634.41,1629.00,real_con_conversion
F090172,90172,O018,2025-05-01,P005,Al público,32.32,m3,32320.00,L,1326.91,1319.00,real_con_conversion
F090173,90173,O018,2025-05-01,P006,Al público,3.72,m3,3720.00,L,1613.43,1595.00,real_con_conversion
F090174,90174,O018,2025-05-01,P002,Al público,50.49,m3,50490.00,L,1398.51,1389.00,real_con_conversion
F090426,90426,O002,2025-05-01,P002,Al público,14.88,m3,14880.00,L,1367.00,1367.00,real_con_conversion
F090427,90427,O002,2025-05-01,P003,Al público,65.24,m3,65240.00,L,1597.00,1597.00,real_con_conversion
F090428,90428,O002,2025-05-01,P006,Al público,88.05,m3,88050.00,L,1566.00,1566.00,real_con_conversion
F090429,90429,O002,2025-05-01,P007,Al público,175.80,m3,175800.00,L,1323.00,1323.00,real_con_conversion
F092034,92034,O013,2025-05-01,P007,Al público,104.54,m3,104540.00,L,1328.13,1326.00,real_con_conversion
F092035,92035,O013,2025-05-01,P002,Al público,8.89,m3,8890.00,L,1382.06,1378.00,real_con_conversion
F092036,92036,O013,2025-05-01,P006,Al público,32.49,m3,32490.00,L,1577.03,1566.00,real_con_conversion
F092037,92037,O013,2025-05-01,P003,Al público,13.95,m3,13950.00,L,1606.58,1594.00,real_con_conversion
F092541,92541,O010,2025-05-01,P007,Al público,240.26,m3,240260.00,L,1210.74,1210.74,real_con_conversion
F092542,92542,O010,2025-05-01,P006,Al público,78.91,m3,78910.00,L,1421.72,1421.72,real_con_conversion
F092543,92543,O010,2025-05-01,P003,Al público,37.63,m3,37630.00,L,1363.42,1363.42,real_con_conversion
F092544,92544,O010,2025-05-01,P002,Al público,34.18,m3,34180.00,L,1184.90,1184.90,real_con_conversion
F092545,92545,O010,2025-05-01,P001,Al público,118229.00,m3,118229.00,m3,569.00,569.00,real_con_conversion
F093212,93212,O006,2025-05-01,P001,Al público,139000.00,m3,139000.00,m3,849.00,849.00,real_con_conversion
F093213,93213,O006,2025-05-01,P005,Al público,291.31,m3,291310.00,L,1267.51,1270.00,real_con_conversion
F093214,93214,O006,2025-05-01,P006,Al público,83.80,m3,83800.00,L,1460.54,1462.00,real_con_conversion
F093215,93215,O006,2025-05-01,P003,Al público,109.26,m3,109260.00,L,1408.85,1411.00,real_con_conversion
F093216,93216,O006,2025-05-01,P004,Al público,2.87,m3,2870.00,L,1309.00,1309.00,real_con_conversion
F093217,93217,O006,2025-05-01,P002,Al público,116.69,m3,116690.00,L,1273.34,1276.00,real_con_conversion
F093478,93478,O008,2025-05-01,P002,Al público,42.43,m3,42430.00,L,1285.35,1283.00,real_con_conversion
F093479,93479,O008,2025-05-01,P006,Al público,3.67,m3,3670.00,L,1495.54,1490.00,real_con_conversion
F093480,93480,O008,2025-05-01,P007,Al público,45.56,m3,45560.00,L,1250.43,1249.00,real_con_conversion
F093481,93481,O008,2025-05-01,P003,Al público,9.63,m3,9630.00,L,1491.33,1490.00,real_con_conversion
F095262,95262,O001,2025-05-01,P004,Al público,4.54,m3,4540.00,L,1500.00,1500.00,real_con_conversion
F095263,95263,O001,2025-05-01,P006,Al público,171.39,m3,171390.00,L,1461.45,1481.00,real_con_conversion
F095264,95264,O001,2025-05-01,P007,Al público,318.09,m3,318090.00,L,1266.75,1283.00,real_con_conversion
F095265,95265,O001,2025-05-01,P003,Al público,128.64,m3,128640.00,L,1418.64,1438.00,real_con_conversion
F095266,95266,O001,2025-05-01,P002,Al público,44.82,m3,44820.00,L,1266.43,1284.00,real_con_conversion
F095267,95267,O001,2025-05-01,P001,Al público,85828.50,m3,85828.50,m3,659.00,659.00,real_con_conversion
F099409,99409,O014,2025-05-01,P004,Al público,1.44,m3,1440.00,L,1217.00,1217.00,real_con_conversion
F099410,99410,O014,2025-05-01,P001,Al público,87272.00,m3,87272.00,m3,514.90,514.90,real_con_conversion
F099411,99411,O014,2025-05-01,P006,Al público,45.59,m3,45590.00,L,1466.00,1466.00,real_con_conversion
F099412,99412,O014,2025-05-01,P007,Al público,178.32,m3,178320.00,L,1243.00,1243.00,real_con_conversion
F099413,99413,O014,2025-05-01,P003,Al público,35.89,m3,35890.00,L,1397.00,1397.00,real_con_conversion
F099414,99414,O014,2025-05-01,P002,Al público,54.59,m3,54590.00,L,1217.00,1217.00,real_con_conversion
F100502,100502,O017,2025-05-01,P006,Al público,48.58,m3,48580.00,L,1472.78,1462.00,real_con_conversion
F100507,100507,O017,2025-05-01,P004,Al público,4.50,m3,4500.00,L,1289.65,1270.00,real_con_conversion
F100508,100508,O017,2025-05-01,P003,Al público,121.63,m3,121630.00,L,1419.89,1411.00,real_con_conversion
F100509,100509,O017,2025-05-01,P002,Al público,208.69,m3,208690.00,L,1292.05,1276.00,real_con_conversion
F100510,100510,O017,2025-05-01,P001,Al público,60736.00,m3,60736.00,m3,750.00,750.00,real_con_conversion
F100512,100512,O017,2025-05-01,P007,Al público,137.87,m3,137870.00,L,1273.62,1270.00,real_con_conversion
F103406,103406,O003,2025-05-01,P003,Al público,27.39,m3,27390.00,L,1479.00,1479.00,real_con_conversion
F103407,103407,O003,2025-05-01,P006,Al público,4.69,m3,4690.00,L,1533.00,1533.00,real_con_conversion
F103408,103408,O003,2025-05-01,P002,Al público,184.87,m3,184870.00,L,1289.00,1289.00,real_con_conversion
F103409,103409,O003,2025-05-01,P007,Al público,105.07,m3,105070.00,L,1279.00,1279.00,real_con_conversion
F104466,104466,O016,2025-05-01,P003,Al público,20.60,m3,20600.00,L,1492.23,1470.00,real_con_conversion
F104467,104467,O016,2025-05-01,P006,Al público,8.55,m3,8550.00,L,1476.75,1463.00,real_con_conversion
F104468,104468,O016,2025-05-01,P007,Al público,58.16,m3,58160.00,L,1270.68,1268.00,real_con_conversion
F104469,104469,O016,2025-05-01,P002,Al público,106.26,m3,106260.00,L,1320.16,1313.00,real_con_conversion
F104693,104693,O004,2025-05-01,P002,Al público,39.67,m3,39670.00,L,1397.79,1399.00,real_con_conversion
F104697,104697,O004,2025-05-01,P006,Al público,18.42,m3,18420.00,L,1576.17,1571.00,real_con_conversion
F104698,104698,O004,2025-05-01,P003,Al público,24.55,m3,24550.00,L,1606.49,1599.00,real_con_conversion
F104699,104699,O004,2025-05-01,P007,Al público,119.40,m3,119400.00,L,1273.10,1274.00,real_con_conversion
F105705,105705,O009,2025-05-01,P002,Al público,39.00,m3,39000.00,L,1367.00,1367.00,real_con_conversion
F105706,105706,O009,2025-05-01,P003,Al público,6.00,m3,6000.00,L,1597.00,1597.00,real_con_conversion
F105707,105707,O009,2025-05-01,P006,Al público,7.00,m3,7000.00,L,1567.00,1567.00,real_con_conversion
F105708,105708,O009,2025-05-01,P007,Al público,64.90,m3,64900.00,L,1323.00,1323.00,real_con_conversion
F105806,105806,O007,2025-05-01,P003,Al público,76.50,m3,76500.00,L,1472.00,1472.00,real_con_conversion
F105807,105807,O007,2025-05-01,P002,Al público,116.62,m3,116620.00,L,1289.00,1289.00,real_con_conversion
F105808,105808,O007,2025-05-01,P006,Al público,26.79,m3,26790.00,L,1460.00,1460.00,real_con_conversion
F105809,105809,O007,2025-05-01,P007,Al público,228.91,m3,228910.00,L,1252.00,1252.00,real_con_conversion
F106396,106396,O011,2025-05-01,P001,Al público,94907.80,m3,94907.80,m3,698.99,699.00,real_con_conversion
F106397,106397,O011,2025-05-01,P006,Al público,126.84,m3,126840.00,L,1447.92,1455.00,real_con_conversion
F106398,106398,O011,2025-05-01,P007,Al público,221.09,m3,221090.00,L,1262.52,1264.00,real_con_conversion
F106400,106400,O011,2025-05-01,P002,Al público,275.60,m3,275600.00,L,1273.49,1276.00,real_con_conversion
F106402,106402,O011,2025-05-01,P003,Al público,256.54,m3,256540.00,L,1408.20,1411.00,real_con_conversion
F107659,107659,O012,2025-05-01,P006,Al público,119.86,m3,119860.00,L,1437.03,1438.00,real_con_conversion
F107660,107660,O012,2025-05-01,P007,Al público,272.89,m3,272890.00,L,1250.86,1252.00,real_con_conversion
F107661,107661,O012,2025-05-01,P003,Al público,314.82,m3,314820.00,L,1395.76,1398.00,real_con_conversion
F107662,107662,O012,2025-05-01,P002,Al público,971.99,m3,971990.00,L,1259.04,1263.00,real_con_conversion
F107735,107735,O005,2025-05-01,P007,Al público,194.46,m3,194460.00,L,1252.00,1252.00,real_con_conversion
F107736,107736,O005,2025-05-01,P003,Al público,68.13,m3,68130.00,L,1466.00,1466.00,real_con_conversion
F107737,107737,O005,2025-05-01,P002,Al público,72.03,m3,72030.00,L,1289.00,1289.00,real_con_conversion
F107738,107738,O005,2025-05-01,P006,Al público,47.33,m3,47330.00,L,1460.00,1460.00,real_con_conversion
F109409,109409,O015,2025-06-01,P005,Al público,193.55,m3,193550.00,L,1245.99,1246.00,real_con_conversion
F109410,109410,O015,2025-06-01,P002,Al público,52.79,m3,52790.00,L,1220.98,1221.00,real_con_conversion
F109411,109411,O015,2025-06-01,P006,Al público,79.88,m3,79880.00,L,1459.00,1459.00,real_con_conversion
F109412,109412,O015,2025-06-01,P001,Al público,79887.00,m3,79887.00,m3,509.00,509.00,real_con_conversion
F109413,109413,O015,2025-06-01,P003,Al público,36.77,m3,36770.00,L,1399.00,1399.00,real_con_conversion
F112022,112022,O018,2025-06-01,P003,Al público,23.38,m3,23380.00,L,1644.00,1699.00,real_con_conversion
F112023,112023,O018,2025-06-01,P005,Al público,20.52,m3,20520.00,L,1331.00,1379.00,real_con_conversion
F112024,112024,O018,2025-06-01,P002,Al público,55.07,m3,55070.00,L,1406.00,1479.00,real_con_conversion
F112025,112025,O018,2025-06-01,P006,Al público,8.15,m3,8150.00,L,1600.00,1669.00,real_con_conversion
F112277,112277,O002,2025-06-01,P007,Al público,168.31,m3,168310.00,L,1357.91,1399.00,real_con_conversion
F112278,112278,O002,2025-06-01,P006,Al público,85.16,m3,85160.00,L,1606.88,1660.00,real_con_conversion
F112279,112279,O002,2025-06-01,P003,Al público,64.55,m3,64550.00,L,1639.14,1693.00,real_con_conversion
F112280,112280,O002,2025-06-01,P002,Al público,14.24,m3,14240.00,L,1402.82,1450.00,real_con_conversion
F113870,113870,O013,2025-06-01,P007,Al público,94.73,m3,94730.00,L,1362.83,1408.00,real_con_conversion
F113871,113871,O013,2025-06-01,P006,Al público,32.56,m3,32560.00,L,1606.83,1660.00,real_con_conversion
F113872,113872,O013,2025-06-01,P002,Al público,9.46,m3,9460.00,L,1414.87,1462.00,real_con_conversion
F113873,113873,O013,2025-06-01,P003,Al público,13.75,m3,13750.00,L,1635.17,1689.00,real_con_conversion
F114378,114378,O010,2025-06-01,P001,Al público,112954.00,m3,112954.00,m3,569.00,569.00,real_con_conversion
F114379,114379,O010,2025-06-01,P007,Al público,218.21,m3,218210.00,L,1226.00,1226.00,real_con_conversion
F114380,114380,O010,2025-06-01,P006,Al público,31.12,m3,31120.00,L,1439.00,1439.00,real_con_conversion
F114381,114381,O010,2025-06-01,P003,Al público,65.82,m3,65820.00,L,1382.00,1382.00,real_con_conversion
F114382,114382,O010,2025-06-01,P002,Al público,34.14,m3,34140.00,L,1201.00,1201.00,real_con_conversion
F115046,115046,O006,2025-06-01,P007,Al público,317.46,m3,317460.00,L,1283.92,1284.00,real_con_conversion
F115047,115047,O006,2025-06-01,P001,Al público,141050.00,m3,141050.00,m3,849.00,849.00,real_con_conversion
F115048,115048,O006,2025-06-01,P004,Al público,4.58,m3,4580.00,L,1309.00,1309.00,real_con_conversion
F115049,115049,O006,2025-06-01,P002,Al público,106.32,m3,106320.00,L,1290.99,1291.00,real_con_conversion
F115050,115050,O006,2025-06-01,P003,Al público,95.08,m3,95080.00,L,1426.99,1427.00,real_con_conversion
F115051,115051,O006,2025-06-01,P006,Al público,72.37,m3,72370.00,L,1478.98,1479.00,real_con_conversion
F115311,115311,O008,2025-06-01,P007,Al público,44.27,m3,44270.00,L,1332.63,1366.00,real_con_conversion
F115312,115312,O008,2025-06-01,P002,Al público,45.41,m3,45410.00,L,1326.67,1394.00,real_con_conversion
F115313,115313,O008,2025-06-01,P005,Al público,3.27,m3,3270.00,L,1515.99,1575.00,real_con_conversion
F115314,115314,O008,2025-06-01,P003,Al público,9.26,m3,9260.00,L,1523.88,1592.00,real_con_conversion
F117088,117088,O001,2025-06-01,P003,Al público,125.71,m3,125710.00,L,1438.01,1474.00,real_con_conversion
F117089,117089,O001,2025-06-01,P007,Al público,313.60,m3,313600.00,L,1283.00,1315.00,real_con_conversion
F117090,117090,O001,2025-06-01,P006,Al público,181.83,m3,181830.00,L,1481.00,1519.00,real_con_conversion
F117091,117091,O001,2025-06-01,P004,Al público,6.90,m3,6900.00,L,1508.01,1550.00,real_con_conversion
F117092,117092,O001,2025-06-01,P001,Al público,84845.10,m3,84845.10,m3,659.00,659.00,real_con_conversion
F117093,117093,O001,2025-06-01,P002,Al público,46.49,m3,46490.00,L,1283.89,1317.00,real_con_conversion
F121236,121236,O014,2025-06-01,P002,Al público,50.93,m3,50930.00,L,1231.00,1231.00,real_con_conversion
F121237,121237,O014,2025-06-01,P003,Al público,32.18,m3,32180.00,L,1413.00,1413.00,real_con_conversion
F121238,121238,O014,2025-06-01,P006,Al público,48.20,m3,48200.00,L,1483.00,1483.00,real_con_conversion
F121239,121239,O014,2025-06-01,P004,Al público,3.09,m3,3090.00,L,1231.00,1231.00,real_con_conversion
F121240,121240,O014,2025-06-01,P007,Al público,176.02,m3,176020.00,L,1258.00,1258.00,real_con_conversion
F121241,121241,O014,2025-06-01,P001,Al público,83210.00,m3,83210.00,m3,514.90,514.90,real_con_conversion
F122321,122321,O017,2025-06-01,P006,Al público,50.98,m3,50980.00,L,1476.97,1479.00,real_con_conversion
F122322,122322,O017,2025-06-01,P001,Al público,58182.00,m3,58182.00,m3,750.00,750.00,real_con_conversion
F122324,122324,O017,2025-06-01,P003,Al público,125.57,m3,125570.00,L,1427.69,1427.00,real_con_conversion
F122326,122326,O017,2025-06-01,P002,Al público,234.49,m3,234490.00,L,1306.03,1291.00,real_con_conversion
F122328,122328,O017,2025-06-01,P007,Al público,135.54,m3,135540.00,L,1281.30,1284.00,real_con_conversion
F122329,122329,O017,2025-06-01,P004,Al público,11.10,m3,11100.00,L,1288.62,1291.00,real_con_conversion
F125198,125198,O003,2025-06-01,P003,Al público,25.78,m3,25780.00,L,1479.00,1479.00,real_con_conversion
F125199,125199,O003,2025-06-01,P006,Al público,4.82,m3,4820.00,L,1533.00,1533.00,real_con_conversion
F125200,125200,O003,2025-06-01,P002,Al público,155.01,m3,155010.00,L,1289.00,1289.00,real_con_conversion
F125201,125201,O003,2025-06-01,P005,Al público,98.78,m3,98780.00,L,1279.00,1279.00,real_con_conversion
F126251,126251,O016,2025-06-01,P003,Al público,25.87,m3,25870.00,L,1504.20,1560.00,real_con_conversion
F126252,126252,O016,2025-06-01,P006,Al público,9.35,m3,9350.00,L,1499.47,1555.00,real_con_conversion
F126253,126253,O016,2025-06-01,P007,Al público,61.08,m3,61080.00,L,1297.15,1347.00,real_con_conversion
F126254,126254,O016,2025-06-01,P002,Al público,103.19,m3,103190.00,L,1349.23,1394.00,real_con_conversion
F126477,126477,O004,2025-06-01,P003,Al público,21.17,m3,21170.00,L,1626.58,1695.00,real_con_conversion
F126482,126482,O004,2025-06-01,P002,Al público,30.46,m3,30460.00,L,1432.20,1487.00,real_con_conversion
F126492,126492,O004,2025-06-01,P007,Al público,106.71,m3,106710.00,L,1307.34,1356.00,real_con_conversion
F126493,126493,O004,2025-06-01,P006,Al público,15.13,m3,15130.00,L,1602.12,1654.00,real_con_conversion
F127490,127490,O009,2025-06-01,P007,Al público,65.30,m3,65300.00,L,1338.00,1338.00,real_con_conversion
F127491,127491,O009,2025-06-01,P006,Al público,6.00,m3,6000.00,L,1582.00,1582.00,real_con_conversion
F127492,127492,O009,2025-06-01,P002,Al público,41.00,m3,41000.00,L,1381.00,1381.00,real_con_conversion
F127493,127493,O009,2025-06-01,P003,Al público,7.00,m3,7000.00,L,1612.00,1612.00,real_con_conversion
F127593,127593,O007,2025-06-01,P002,Al público,119.49,m3,119490.00,L,1304.00,1304.00,real_con_conversion
F127594,127594,O007,2025-06-01,P003,Al público,77.24,m3,77240.00,L,1489.00,1489.00,real_con_conversion
F127595,127595,O007,2025-06-01,P007,Al público,218.70,m3,218700.00,L,1266.00,1266.00,real_con_conversion
F127596,127596,O007,2025-06-01,P006,Al público,28.33,m3,28330.00,L,1477.00,1477.00,real_con_conversion
F128180,128180,O011,2025-06-01,P006,Al público,127.44,m3,127440.00,L,1467.32,1472.00,real_con_conversion
F128181,128181,O011,2025-06-01,P001,Al público,91237.80,m3,91237.80,m3,699.00,699.00,real_con_conversion
F128183,128183,O011,2025-06-01,P002,Al público,267.94,m3,267940.00,L,1291.00,1291.00,real_con_conversion
F128184,128184,O011,2025-06-01,P007,Al público,216.81,m3,216810.00,L,1277.81,1278.00,real_con_conversion
F128186,128186,O011,2025-06-01,P003,Al público,237.85,m3,237850.00,L,1426.54,1427.00,real_con_conversion
F129428,129428,O012,2025-06-01,P006,Al público,131.99,m3,131990.00,L,1454.16,1454.00,real_con_conversion
F129430,129430,O012,2025-06-01,P007,Al público,258.24,m3,258240.00,L,1266.13,1266.00,real_con_conversion
F129431,129431,O012,2025-06-01,P001,Al público,141785.00,m3,141785.00,m3,672.01,672.00,real_con_conversion
F129432,129432,O012,2025-06-01,P002,Al público,961.22,m3,961220.00,L,1274.87,1277.00,real_con_conversion
F129433,129433,O012,2025-06-01,P003,Al público,324.09,m3,324090.00,L,1414.02,1414.00,real_con_conversion
F129504,129504,O005,2025-06-01,P007,Al público,186.96,m3,186960.00,L,1266.00,1266.00,real_con_conversion
F129505,129505,O005,2025-06-01,P002,Al público,71.26,m3,71260.00,L,1304.00,1304.00,real_con_conversion
F129506,129506,O005,2025-06-01,P003,Al público,67.55,m3,67550.00,L,1483.00,1483.00,real_con_conversion
F129507,129507,O005,2025-06-01,P006,Al público,51.17,m3,51170.00,L,1477.00,1477.00,real_con_conversion
F131162,131162,O015,2025-07-01,P002,Al público,54.94,m3,54940.00,L,1299.88,1334.00,real_con_conversion
F131163,131163,O015,2025-07-01,P003,Al público,38.05,m3,38050.00,L,1486.37,1512.00,real_con_conversion
F131164,131164,O015,2025-07-01,P006,Al público,78.93,m3,78930.00,L,1557.95,1577.00,real_con_conversion
F131165,131165,O015,2025-07-01,P001,Al público,86961.00,m3,86961.00,m3,509.00,509.00,real_con_conversion
F131166,131166,O015,2025-07-01,P005,Al público,194.63,m3,194630.00,L,1342.48,1362.00,real_con_conversion
F133774,133774,O018,2025-07-01,P002,Al público,45.98,m3,45980.00,L,1479.00,1479.00,real_con_conversion
F133775,133775,O018,2025-07-01,P006,Al público,5.22,m3,5220.00,L,1669.00,1669.00,real_con_conversion
F133776,133776,O018,2025-07-01,P003,Al público,21.66,m3,21660.00,L,1699.00,1699.00,real_con_conversion
F133777,133777,O018,2025-07-01,P005,Al público,16.81,m3,16810.00,L,1379.00,1379.00,real_con_conversion
F134021,134021,O002,2025-07-01,P006,Al público,91.59,m3,91590.00,L,1676.44,1699.00,real_con_conversion
F134022,134022,O002,2025-07-01,P003,Al público,71.72,m3,71720.00,L,1709.56,1733.00,real_con_conversion
F134023,134023,O002,2025-07-01,P002,Al público,14.98,m3,14980.00,L,1475.06,1495.00,real_con_conversion
F134024,134024,O002,2025-07-01,P007,Al público,168.86,m3,168860.00,L,1414.18,1424.00,real_con_conversion
F135603,135603,O013,2025-07-01,P002,Al público,9.96,m3,9960.00,L,1457.32,1476.00,real_con_conversion
F135604,135604,O013,2025-07-01,P003,Al público,14.56,m3,14560.00,L,1681.81,1699.00,real_con_conversion
F135605,135605,O013,2025-07-01,P007,Al público,100.63,m3,100630.00,L,1401.68,1415.00,real_con_conversion
F135606,135606,O013,2025-07-01,P006,Al público,36.01,m3,36010.00,L,1654.74,1676.00,real_con_conversion
F136107,136107,O010,2025-07-01,P007,Al público,219.83,m3,219830.00,L,1256.00,1256.00,real_con_conversion
F136108,136108,O010,2025-07-01,P003,Al público,36.19,m3,36190.00,L,1504.00,1504.00,real_con_conversion
F136109,136109,O010,2025-07-01,P001,Al público,113310.00,m3,113310.00,m3,569.00,569.00,real_con_conversion
F136110,136110,O010,2025-07-01,P002,Al público,50.16,m3,50160.00,L,1282.00,1282.00,real_con_conversion
F136111,136111,O010,2025-07-01,P006,Al público,67.38,m3,67380.00,L,1445.00,1445.00,real_con_conversion
F136781,136781,O006,2025-07-01,P002,Al público,150.83,m3,150830.00,L,1341.98,1371.00,real_con_conversion
F136782,136782,O006,2025-07-01,P007,Al público,331.36,m3,331360.00,L,1332.04,1364.00,real_con_conversion
F136783,136783,O006,2025-07-01,P003,Al público,124.26,m3,124260.00,L,1482.23,1517.00,real_con_conversion
F136784,136784,O006,2025-07-01,P006,Al público,79.40,m3,79400.00,L,1534.97,1571.00,real_con_conversion
F136785,136785,O006,2025-07-01,P004,Al público,3.61,m3,3610.00,L,1319.83,1371.00,real_con_conversion
F136786,136786,O006,2025-07-01,P001,Al público,137850.00,m3,137850.00,m3,877.33,879.00,real_con_conversion
F137051,137051,O008,2025-07-01,P003,Al público,26.53,m3,26530.00,L,1587.38,1597.00,real_con_conversion
F137052,137052,O008,2025-07-01,P007,Al público,49.41,m3,49410.00,L,1370.68,1383.00,real_con_conversion
F137053,137053,O008,2025-07-01,P006,Al público,4.90,m3,4900.00,L,1573.62,1595.00,real_con_conversion
F137054,137054,O008,2025-07-01,P002,Al público,45.18,m3,45180.00,L,1371.57,1373.00,real_con_conversion
F138830,138830,O001,2025-07-01,P006,Al público,184.48,m3,184480.00,L,1526.21,1550.00,real_con_conversion
F138831,138831,O001,2025-07-01,P004,Al público,5.49,m3,5490.00,L,1550.00,1550.00,real_con_conversion
F138832,138832,O001,2025-07-01,P007,Al público,332.94,m3,332940.00,L,1331.69,1345.00,real_con_conversion
F138833,138833,O001,2025-07-01,P001,Al público,88782.20,m3,88782.20,m3,659.00,659.00,real_con_conversion
F138834,138834,O001,2025-07-01,P002,Al público,47.39,m3,47390.00,L,1336.02,1347.00,real_con_conversion
F138835,138835,O001,2025-07-01,P003,Al público,135.65,m3,135650.00,L,1488.09,1504.00,real_con_conversion
F142973,142973,O014,2025-07-01,P001,Al público,87214.00,m3,87214.00,m3,514.90,514.90,real_con_conversion
F142974,142974,O014,2025-07-01,P003,Al público,34.92,m3,34920.00,L,1481.00,1481.00,real_con_conversion
F142975,142975,O014,2025-07-01,P002,Al público,54.04,m3,54040.00,L,1302.00,1302.00,real_con_conversion
F142976,142976,O014,2025-07-01,P006,Al público,55.96,m3,55960.00,L,1555.00,1555.00,real_con_conversion
F142977,142977,O014,2025-07-01,P007,Al público,183.36,m3,183360.00,L,1329.00,1329.00,real_con_conversion
F142978,142978,O014,2025-07-01,P004,Al público,2.65,m3,2650.00,L,1302.00,1302.00,real_con_conversion
F144064,144064,O017,2025-07-01,P005,Al público,147.99,m3,147990.00,L,1360.41,1395.00,real_con_conversion
F144065,144065,O017,2025-07-01,P006,Al público,54.77,m3,54770.00,L,1608.90,1610.00,real_con_conversion
F144066,144066,O017,2025-07-01,P002,Al público,244.85,m3,244850.00,L,1328.66,1403.00,real_con_conversion
F144067,144067,O017,2025-07-01,P003,Al público,132.23,m3,132230.00,L,1498.10,1555.00,real_con_conversion
F144069,144069,O017,2025-07-01,P004,Al público,9.90,m3,9900.00,L,1433.71,1393.00,real_con_conversion
F144070,144070,O017,2025-07-01,P001,Al público,58445.90,m3,58445.90,m3,750.00,750.00,real_con_conversion
F146954,146954,O003,2025-07-01,P002,Al público,197.00,m3,197000.00,L,1349.01,1349.01,real_con_conversion
F146955,146955,O003,2025-07-01,P003,Al público,31.10,m3,31100.00,L,1566.98,1566.98,real_con_conversion
F146956,146956,O003,2025-07-01,P007,Al público,110.18,m3,110180.00,L,1356.02,1356.05,real_con_conversion
F146957,146957,O003,2025-07-01,P006,Al público,6.29,m3,6290.00,L,1533.00,1533.00,real_con_conversion
F148006,148006,O016,2025-07-01,P002,Al público,77.33,m3,77330.00,L,1374.55,1430.00,real_con_conversion
F148007,148007,O016,2025-07-01,P006,Al público,10.42,m3,10420.00,L,1549.57,1615.00,real_con_conversion
F148008,148008,O016,2025-07-01,P003,Al público,29.47,m3,29470.00,L,1545.18,1602.00,real_con_conversion
F148009,148009,O016,2025-07-01,P007,Al público,57.48,m3,57480.00,L,1344.79,1387.00,real_con_conversion
F148221,148221,O004,2025-07-01,P007,Al público,116.39,m3,116390.00,L,1367.67,1390.00,real_con_conversion
F148224,148224,O004,2025-07-01,P002,Al público,32.04,m3,32040.00,L,1467.03,1490.00,real_con_conversion
F148225,148225,O004,2025-07-01,P006,Al público,16.86,m3,16860.00,L,1661.36,1719.00,real_con_conversion
F148227,148227,O004,2025-07-01,P003,Al público,16.36,m3,16360.00,L,1679.35,1729.00,real_con_conversion
F149233,149233,O009,2025-07-01,P006,Al público,4.00,m3,4000.00,L,1699.00,1699.00,real_con_conversion
F149234,149234,O009,2025-07-01,P002,Al público,36.00,m3,36000.00,L,1491.00,1491.00,real_con_conversion
F149235,149235,O009,2025-07-01,P003,Al público,6.00,m3,6000.00,L,1733.00,1733.00,real_con_conversion
F149238,149238,O009,2025-07-01,P007,Al público,63.00,m3,63000.00,L,1438.00,1438.00,real_con_conversion
F149335,149335,O007,2025-07-01,P007,Al público,226.93,m3,226930.00,L,1340.00,1340.00,real_con_conversion
F149336,149336,O007,2025-07-01,P006,Al público,28.54,m3,28540.00,L,1569.00,1569.00,real_con_conversion
F149337,149337,O007,2025-07-01,P002,Al público,128.88,m3,128880.00,L,1379.00,1379.00,real_con_conversion
F149338,149338,O007,2025-07-01,P003,Al público,82.71,m3,82710.00,L,1581.00,1581.00,real_con_conversion
F149917,149917,O011,2025-07-01,P003,Al público,307.79,m3,307790.00,L,1481.43,1503.00,real_con_conversion
F149920,149920,O011,2025-07-01,P001,Al público,97841.90,m3,97841.90,m3,699.00,699.00,real_con_conversion
F149923,149923,O011,2025-07-01,P006,Al público,153.33,m3,153330.00,L,1523.24,1550.00,real_con_conversion
F149924,149924,O011,2025-07-01,P005,Al público,265.28,m3,265280.00,L,1327.33,1346.00,real_con_conversion
F149926,149926,O011,2025-07-01,P002,Al público,296.62,m3,296620.00,L,1339.41,1503.00,real_con_conversion
F151188,151188,O012,2025-07-01,P007,Al público,279.55,m3,279550.00,L,1344.39,1365.00,real_con_conversion
F151189,151189,O012,2025-07-01,P006,Al público,123.74,m3,123740.00,L,1547.33,1564.00,real_con_conversion
F151190,151190,O012,2025-07-01,P001,Al público,149836.00,m3,149836.00,m3,672.01,672.00,real_con_conversion
F151191,151191,O012,2025-07-01,P002,Al público,919.49,m3,919490.00,L,1355.84,1377.00,real_con_conversion
F151192,151192,O012,2025-07-01,P003,Al público,344.08,m3,344080.00,L,1502.91,1521.00,real_con_conversion
F151262,151262,O005,2025-07-01,P003,Al público,66.27,m3,66270.00,L,1567.00,1567.00,real_con_conversion
F151263,151263,O005,2025-07-01,P002,Al público,81.16,m3,81160.00,L,1367.00,1367.00,real_con_conversion
F151264,151264,O005,2025-07-01,P007,Al público,197.89,m3,197890.00,L,1327.00,1327.00,real_con_conversion
F151265,151265,O005,2025-07-01,P006,Al público,49.80,m3,49800.00,L,1560.00,1560.00,real_con_conversion
F152909,152909,O015,2025-08-01,P005,Al público,196.35,m3,196350.00,L,1423.46,1441.00,real_con_conversion
F152910,152910,O015,2025-08-01,P003,Al público,37.00,m3,37000.00,L,1584.06,1612.00,real_con_conversion
F152911,152911,O015,2025-08-01,P006,Al público,77.63,m3,77630.00,L,1658.33,1689.00,real_con_conversion
F152912,152912,O015,2025-08-01,P001,Al público,80956.90,m3,80956.90,m3,509.00,509.00,real_con_conversion
F152913,152913,O015,2025-08-01,P002,Al público,53.34,m3,53340.00,L,1383.35,1404.00,real_con_conversion
F155522,155522,O018,2025-08-01,P002,Al público,45.97,m3,45970.00,L,1530.00,1549.00,real_con_conversion
F155523,155523,O018,2025-08-01,P005,Al público,18.63,m3,18630.00,L,1449.00,1485.00,real_con_conversion
F155524,155524,O018,2025-08-01,P003,Al público,23.30,m3,23300.00,L,1757.00,1789.00,real_con_conversion
F155525,155525,O018,2025-08-01,P006,Al público,5.95,m3,5950.00,L,1739.00,1770.00,real_con_conversion
F155772,155772,O002,2025-08-01,P007,Al público,177.92,m3,177920.00,L,1480.67,1499.00,real_con_conversion
F155773,155773,O002,2025-08-01,P006,Al público,93.28,m3,93280.00,L,1763.95,1799.00,real_con_conversion
F155774,155774,O002,2025-08-01,P002,Al público,13.35,m3,13350.00,L,1586.33,1592.00,real_con_conversion
F155775,155775,O002,2025-08-01,P003,Al público,68.91,m3,68910.00,L,1795.01,1823.00,real_con_conversion
F157347,157347,O013,2025-08-01,P005,Al público,34.03,m3,34030.00,L,1728.52,1791.00,real_con_conversion
F157348,157348,O013,2025-08-01,P002,Al público,9.65,m3,9650.00,L,1525.61,1574.00,real_con_conversion
F157349,157349,O013,2025-08-01,P003,Al público,14.72,m3,14720.00,L,1749.45,1799.00,real_con_conversion
F157350,157350,O013,2025-08-01,P007,Al público,103.04,m3,103040.00,L,1461.81,1517.00,real_con_conversion
F157856,157856,O010,2025-08-01,P005,Al público,229.39,m3,229390.00,L,1333.50,1333.50,real_con_conversion
F157857,157857,O010,2025-08-01,P001,Al público,115101.00,m3,115101.00,m3,569.00,569.00,real_con_conversion
F157858,157858,O010,2025-08-01,P002,Al público,56.82,m3,56820.00,L,1309.83,1309.83,real_con_conversion
F157859,157859,O010,2025-08-01,P003,Al público,32.55,m3,32550.00,L,1511.17,1511.17,real_con_conversion
F157860,157860,O010,2025-08-01,P006,Al público,67.09,m3,67090.00,L,1565.13,1565.33,real_con_conversion
F158528,158528,O006,2025-08-01,P002,Al público,125.50,m3,125500.00,L,1408.60,1458.00,real_con_conversion
F158529,158529,O006,2025-08-01,P007,Al público,335.97,m3,335970.00,L,1401.14,1436.00,real_con_conversion
F158530,158530,O006,2025-08-01,P003,Al público,118.62,m3,118620.00,L,1565.70,1610.00,real_con_conversion
F158531,158531,O006,2025-08-01,P004,Al público,2.50,m3,2500.00,L,1390.46,1397.00,real_con_conversion
F158532,158532,O006,2025-08-01,P006,Al público,74.84,m3,74840.00,L,1620.88,1670.00,real_con_conversion
F158533,158533,O006,2025-08-01,P001,Al público,124340.00,m3,124340.00,m3,879.00,879.00,real_con_conversion
F158803,158803,O008,2025-08-01,P003,Al público,30.57,m3,30570.00,L,1656.95,1696.00,real_con_conversion
F158804,158804,O008,2025-08-01,P005,Al público,7.74,m3,7740.00,L,1630.72,1659.00,real_con_conversion
F158805,158805,O008,2025-08-01,P002,Al público,48.36,m3,48360.00,L,1454.36,1498.00,real_con_conversion
F158806,158806,O008,2025-08-01,P007,Al público,55.46,m3,55460.00,L,1404.65,1424.00,real_con_conversion
F160579,160579,O001,2025-08-01,P003,Al público,142.95,m3,142950.00,L,1560.40,1615.00,real_con_conversion
F160580,160580,O001,2025-08-01,P002,Al público,52.58,m3,52580.00,L,1396.97,1446.00,real_con_conversion
F160581,160581,O001,2025-08-01,P006,Al público,180.93,m3,180930.00,L,1587.12,1665.00,real_con_conversion
F160582,160582,O001,2025-08-01,P004,Al público,4.05,m3,4050.00,L,1589.28,1600.00,real_con_conversion
F160583,160583,O001,2025-08-01,P001,Al público,86938.10,m3,86938.10,m3,667.95,669.00,real_con_conversion
F160584,160584,O001,2025-08-01,P007,Al público,325.21,m3,325210.00,L,1394.58,1443.00,real_con_conversion
F164705,164705,O014,2025-08-01,P003,Al público,33.93,m3,33930.00,L,1539.98,1589.00,real_con_conversion
F164706,164706,O014,2025-08-01,P007,Al público,188.40,m3,188400.00,L,1373.55,1419.00,real_con_conversion
F164707,164707,O014,2025-08-01,P001,Al público,83081.00,m3,83081.00,m3,526.29,529.00,real_con_conversion
F164708,164708,O014,2025-08-01,P002,Al público,56.33,m3,56330.00,L,1346.00,1385.00,real_con_conversion
F164709,164709,O014,2025-08-01,P006,Al público,49.42,m3,49420.00,L,1615.06,1668.00,real_con_conversion
F164710,164710,O014,2025-08-01,P004,Al público,1.82,m3,1820.00,L,1349.75,1388.00,real_con_conversion
F165787,165787,O017,2025-08-01,P006,Al público,54.21,m3,54210.00,L,1658.41,1710.00,real_con_conversion
F165788,165788,O017,2025-08-01,P001,Al público,60544.00,m3,60544.00,m3,778.19,799.00,real_con_conversion
F165791,165791,O017,2025-08-01,P002,Al público,214.79,m3,214790.00,L,1468.19,1480.00,real_con_conversion
F165794,165794,O017,2025-08-01,P007,Al público,139.02,m3,139020.00,L,1430.57,1483.00,real_con_conversion
F165795,165795,O017,2025-08-01,P004,Al público,6.89,m3,6890.00,L,1435.23,1477.00,real_con_conversion
F165796,165796,O017,2025-08-01,P003,Al público,124.97,m3,124970.00,L,1505.49,1649.00,real_con_conversion
F168565,168565,O003,2025-08-01,P003,Al público,29.47,m3,29470.00,L,1563.00,1563.00,real_con_conversion
F168566,168566,O003,2025-08-01,P007,Al público,106.50,m3,106500.00,L,1422.07,1422.07,real_con_conversion
F168567,168567,O003,2025-08-01,P002,Al público,183.78,m3,183780.00,L,1476.00,1476.00,real_con_conversion
F168568,168568,O003,2025-08-01,P006,Al público,6.30,m3,6300.00,L,1674.99,1674.99,real_con_conversion
F169611,169611,O016,2025-08-01,P003,Al público,25.22,m3,25220.00,L,1629.86,1662.00,real_con_conversion
F169612,169612,O016,2025-08-01,P007,Al público,55.10,m3,55100.00,L,1425.28,1467.00,real_con_conversion
F169613,169613,O016,2025-08-01,P006,Al público,13.63,m3,13630.00,L,1648.58,1696.00,real_con_conversion
F169614,169614,O016,2025-08-01,P002,Al público,83.09,m3,83090.00,L,1468.69,1511.00,real_con_conversion
F169845,169845,O004,2025-08-01,P002,Al público,35.63,m3,35630.00,L,1517.68,1587.00,real_con_conversion
F169850,169850,O004,2025-08-01,P006,Al público,18.84,m3,18840.00,L,1721.17,1771.00,real_con_conversion
F169855,169855,O004,2025-08-01,P007,Al público,113.76,m3,113760.00,L,1434.37,1503.00,real_con_conversion
F169857,169857,O004,2025-08-01,P003,Al público,22.38,m3,22380.00,L,1727.15,1781.00,real_con_conversion
F170851,170851,O009,2025-08-01,P002,Al público,38.00,m3,38000.00,L,1593.00,1593.00,real_con_conversion
F170852,170852,O009,2025-08-01,P007,Al público,56.00,m3,56000.00,L,1606.00,1606.00,real_con_conversion
F170855,170855,O009,2025-08-01,P006,Al público,2.50,m3,2500.00,L,1835.00,1835.00,real_con_conversion
F170856,170856,O009,2025-08-01,P003,Al público,4.00,m3,4000.00,L,1864.00,1864.00,real_con_conversion
F170954,170954,O007,2025-08-01,P003,Al público,135.31,m3,135310.00,L,1669.00,1669.00,real_con_conversion
F170955,170955,O007,2025-08-01,P006,Al público,33.99,m3,33990.00,L,1652.00,1652.00,real_con_conversion
F170956,170956,O007,2025-08-01,P007,Al público,254.41,m3,254410.00,L,1419.00,1419.00,real_con_conversion
F170957,170957,O007,2025-08-01,P002,Al público,84.94,m3,84940.00,L,1465.00,1465.00,real_con_conversion
F171556,171556,O011,2025-08-01,P003,Al público,269.94,m3,269940.00,L,1552.04,1610.00,real_con_conversion
F171557,171557,O011,2025-08-01,P006,Al público,145.23,m3,145230.00,L,1589.09,1651.00,real_con_conversion
F171560,171560,O011,2025-08-01,P002,Al público,236.49,m3,236490.00,L,1405.74,1460.00,real_con_conversion
F171561,171561,O011,2025-08-01,P001,Al público,99811.40,m3,99811.40,m3,699.00,699.00,real_con_conversion
F171564,171564,O011,2025-08-01,P007,Al público,248.32,m3,248320.00,L,1383.69,1444.00,real_con_conversion
F172815,172815,O012,2025-08-01,P007,Al público,275.90,m3,275900.00,L,1419.07,1454.00,real_con_conversion
F172818,172818,O012,2025-08-01,P003,Al público,324.12,m3,324120.00,L,1581.15,1641.00,real_con_conversion
F172819,172819,O012,2025-08-01,P006,Al público,122.11,m3,122110.00,L,1636.44,1682.00,real_con_conversion
F172820,172820,O012,2025-08-01,P002,Al público,821.82,m3,821820.00,L,1426.53,1476.00,real_con_conversion
F172822,172822,O012,2025-08-01,P001,Al público,150356.00,m3,150356.00,m3,672.01,672.00,real_con_conversion
F172892,172892,O005,2025-08-01,P003,Al público,73.93,m3,73930.00,L,1658.00,1658.00,real_con_conversion
F172893,172893,O005,2025-08-01,P007,Al público,205.01,m3,205010.00,L,1429.00,1429.00,real_con_conversion
F172894,172894,O005,2025-08-01,P006,Al público,50.71,m3,50710.00,L,1662.00,1662.00,real_con_conversion
F172895,172895,O005,2025-08-01,P002,Al público,88.58,m3,88580.00,L,1471.00,1471.00,real_con_conversion
F174551,174551,O015,2025-09-01,P002,Al público,54.91,m3,54910.00,L,1446.00,1446.00,real_con_conversion
F174552,174552,O015,2025-09-01,P006,Al público,73.95,m3,73950.00,L,1732.00,1732.00,real_con_conversion
F174553,174553,O015,2025-09-01,P003,Al público,38.11,m3,38110.00,L,1667.00,1667.00,real_con_conversion
F174554,174554,O015,2025-09-01,P001,Al público,85977.00,m3,85977.00,m3,549.00,549.00,real_con_conversion
F174555,174555,O015,2025-09-01,P007,Al público,187.63,m3,187630.00,L,1490.00,1490.00,real_con_conversion
F177160,177160,O018,2025-09-01,P002,Al público,41.51,m3,41510.00,L,1620.00,1635.00,real_con_conversion
F177161,177161,O018,2025-09-01,P007,Al público,21.95,m3,21950.00,L,1541.00,1569.00,real_con_conversion
F177162,177162,O018,2025-09-01,P003,Al público,15.63,m3,15630.00,L,1855.00,1889.00,real_con_conversion
F177163,177163,O018,2025-09-01,P006,Al público,4.83,m3,4830.00,L,1840.00,1861.00,real_con_conversion
F177408,177408,O002,2025-09-01,P007,Al público,168.32,m3,168320.00,L,1533.20,1546.00,real_con_conversion
F177409,177409,O002,2025-09-01,P003,Al público,70.41,m3,70410.00,L,1839.66,1842.00,real_con_conversion
F177410,177410,O002,2025-09-01,P002,Al público,13.11,m3,13110.00,L,1608.17,1610.00,real_con_conversion
F177411,177411,O002,2025-09-01,P006,Al público,90.66,m3,90660.00,L,1816.86,1819.00,real_con_conversion
F179017,179017,O013,2025-09-01,P007,Al público,98.86,m3,98860.00,L,1537.00,1549.00,real_con_conversion
F179018,179018,O013,2025-09-01,P002,Al público,8.75,m3,8750.00,L,1596.47,1616.00,real_con_conversion
F179019,179019,O013,2025-09-01,P006,Al público,34.79,m3,34790.00,L,1816.37,1838.00,real_con_conversion
F179020,179020,O013,2025-09-01,P003,Al público,13.00,m3,13000.00,L,1831.73,1856.00,real_con_conversion
F179534,179534,O010,2025-09-01,P002,Al público,55.61,m3,55610.00,L,1360.77,1360.77,real_con_conversion
F179535,179535,O010,2025-09-01,P001,Al público,115691.00,m3,115691.00,m3,589.00,589.00,real_con_conversion
F179536,179536,O010,2025-09-01,P007,Al público,226.44,m3,226440.00,L,1391.10,1391.10,real_con_conversion
F179537,179537,O010,2025-09-01,P003,Al público,65.58,m3,65580.00,L,1565.00,1565.00,real_con_conversion
F179538,179538,O010,2025-09-01,P006,Al público,34.84,m3,34840.00,L,1629.47,1629.47,real_con_conversion
F180193,180193,O006,2025-09-01,P002,Al público,125.57,m3,125570.00,L,1479.72,1500.00,real_con_conversion
F180194,180194,O006,2025-09-01,P006,Al público,71.00,m3,71000.00,L,1702.16,1736.00,real_con_conversion
F180195,180195,O006,2025-09-01,P007,Al público,326.43,m3,326430.00,L,1463.46,1481.00,real_con_conversion
F180196,180196,O006,2025-09-01,P003,Al público,117.04,m3,117040.00,L,1639.57,1681.00,real_con_conversion
F180197,180197,O006,2025-09-01,P001,Al público,133680.00,m3,133680.00,m3,879.00,879.00,real_con_conversion
F180198,180198,O006,2025-09-01,P004,Al público,2.26,m3,2260.00,L,1437.00,1473.00,real_con_conversion
F180463,180463,O008,2025-09-01,P007,Al público,52.45,m3,52450.00,L,1456.68,1495.00,real_con_conversion
F180464,180464,O008,2025-09-01,P002,Al público,45.01,m3,45010.00,L,1519.52,1533.00,real_con_conversion
F180465,180465,O008,2025-09-01,P006,Al público,6.32,m3,6320.00,L,1680.62,1701.00,real_con_conversion
F180466,180466,O008,2025-09-01,P003,Al público,20.14,m3,20140.00,L,1717.36,1732.00,real_con_conversion
F182234,182234,O001,2025-09-01,P003,Al público,148.59,m3,148590.00,L,1644.39,1671.00,real_con_conversion
F182235,182235,O001,2025-09-01,P004,Al público,5.18,m3,5180.00,L,1581.75,1600.00,real_con_conversion
F182236,182236,O001,2025-09-01,P007,Al público,321.64,m3,321640.00,L,1466.61,1500.00,real_con_conversion
F182237,182237,O001,2025-09-01,P006,Al público,177.19,m3,177190.00,L,1689.43,1736.00,real_con_conversion
F182238,182238,O001,2025-09-01,P001,Al público,87834.60,m3,87834.60,m3,669.00,669.00,real_con_conversion
F182239,182239,O001,2025-09-01,P002,Al público,57.77,m3,57770.00,L,1461.89,1491.00,real_con_conversion
F186371,186371,O014,2025-09-01,P001,Al público,84867.00,m3,84867.00,m3,554.80,569.00,real_con_conversion
F186372,186372,O014,2025-09-01,P007,Al público,186.93,m3,186930.00,L,1423.48,1456.00,real_con_conversion
F186373,186373,O014,2025-09-01,P006,Al público,48.84,m3,48840.00,L,1675.19,1706.00,real_con_conversion
F186374,186374,O014,2025-09-01,P003,Al público,34.59,m3,34590.00,L,1603.62,1634.00,real_con_conversion
F186375,186375,O014,2025-09-01,P004,Al público,1.61,m3,1610.00,L,1401.15,1412.00,real_con_conversion
F186376,186376,O014,2025-09-01,P002,Al público,56.18,m3,56180.00,L,1397.71,1419.00,real_con_conversion
F187455,187455,O017,2025-09-01,P006,Al público,48.78,m3,48780.00,L,1737.46,1775.00,real_con_conversion
F187456,187456,O017,2025-09-01,P002,Al público,196.87,m3,196870.00,L,1538.80,1550.00,real_con_conversion
F187458,187458,O017,2025-09-01,P003,Al público,125.42,m3,125420.00,L,1603.12,1682.00,real_con_conversion
F187459,187459,O017,2025-09-01,P004,Al público,3.73,m3,3730.00,L,1501.34,1524.00,real_con_conversion
F187460,187460,O017,2025-09-01,P001,Al público,55984.00,m3,55984.00,m3,799.00,799.00,real_con_conversion
F187461,187461,O017,2025-09-01,P007,Al público,144.98,m3,144980.00,L,1502.75,1556.00,real_con_conversion
F190337,190337,O003,2025-09-01,P003,Al público,29.08,m3,29080.00,L,1733.00,1733.00,real_con_conversion
F190338,190338,O003,2025-09-01,P006,Al público,4.85,m3,4850.00,L,1762.00,1762.00,real_con_conversion
F190339,190339,O003,2025-09-01,P007,Al público,101.61,m3,101610.00,L,1499.03,1499.03,real_con_conversion
F190340,190340,O003,2025-09-01,P002,Al público,157.05,m3,157050.00,L,1514.00,1514.00,real_con_conversion
F191394,191394,O016,2025-09-01,P006,Al público,13.34,m3,13340.00,L,1759.15,1795.00,real_con_conversion
F191395,191395,O016,2025-09-01,P001,Al público,33746.90,m3,33746.90,m3,780.00,780.00,real_con_conversion
F191396,191396,O016,2025-09-01,P003,Al público,22.88,m3,22880.00,L,1704.15,1745.00,real_con_conversion
F191397,191397,O016,2025-09-01,P007,Al público,63.29,m3,63290.00,L,1496.34,1511.00,real_con_conversion
F191398,191398,O016,2025-09-01,P002,Al público,101.15,m3,101150.00,L,1539.55,1566.00,real_con_conversion
F191628,191628,O004,2025-09-01,P007,Al público,111.36,m3,111360.00,L,1516.51,1539.00,real_con_conversion
F191631,191631,O004,2025-09-01,P003,Al público,21.85,m3,21850.00,L,1787.61,1799.00,real_con_conversion
F191634,191634,O004,2025-09-01,P002,Al público,37.69,m3,37690.00,L,1592.59,1605.00,real_con_conversion
F191641,191641,O004,2025-09-01,P006,Al público,17.61,m3,17610.00,L,1780.20,1799.00,real_con_conversion
F192641,192641,O009,2025-09-01,P003,Al público,6.00,m3,6000.00,L,1842.00,1842.00,real_con_conversion
F192642,192642,O009,2025-09-01,P002,Al público,36.00,m3,36000.00,L,1610.00,1610.00,real_con_conversion
F192643,192643,O009,2025-09-01,P006,Al público,3.70,m3,3700.00,L,1827.00,1827.00,real_con_conversion
F192645,192645,O009,2025-09-01,P007,Al público,102.90,m3,102900.00,L,1535.00,1535.00,real_con_conversion
F192780,192780,O007,2025-09-01,P002,Al público,78.36,m3,78360.00,L,1510.00,1510.00,real_con_conversion
F192781,192781,O007,2025-09-01,P005,Al público,27.81,m3,27810.00,L,1708.00,1708.00,real_con_conversion
F192782,192782,O007,2025-09-01,P003,Al público,129.91,m3,129910.00,L,1724.00,1724.00,real_con_conversion
F192783,192783,O007,2025-09-01,P007,Al público,228.35,m3,228350.00,L,1491.00,1491.00,real_con_conversion
F193338,193338,O011,2025-09-01,P001,Al público,94634.70,m3,94634.70,m3,699.00,699.00,real_con_conversion
F193342,193342,O011,2025-09-01,P007,Al público,230.37,m3,230370.00,L,1461.57,1489.00,real_con_conversion
F193345,193345,O011,2025-09-01,P003,Al público,284.35,m3,284350.00,L,1623.41,1664.00,real_con_conversion
F193346,193346,O011,2025-09-01,P002,Al público,280.02,m3,280020.00,L,1475.09,1504.00,real_con_conversion
F193347,193347,O011,2025-09-01,P006,Al público,130.36,m3,130360.00,L,1679.00,1727.00,real_con_conversion
F194620,194620,O012,2025-09-01,P006,Al público,120.11,m3,120110.00,L,1702.02,1734.00,real_con_conversion
F194621,194621,O012,2025-09-01,P002,Al público,648.97,m3,648970.00,L,1496.92,1520.00,real_con_conversion
F194623,194623,O012,2025-09-01,P001,Al público,150744.00,m3,150744.00,m3,672.02,672.00,real_con_conversion
F194625,194625,O012,2025-09-01,P007,Al público,278.79,m3,278790.00,L,1491.18,1524.00,real_con_conversion
F194626,194626,O012,2025-09-01,P003,Al público,292.37,m3,292370.00,L,1659.27,1697.00,real_con_conversion
F194696,194696,O005,2025-09-01,P002,Al público,77.04,m3,77040.00,L,1518.00,1518.00,real_con_conversion
F194697,194697,O005,2025-09-01,P006,Al público,47.12,m3,47120.00,L,1708.00,1708.00,real_con_conversion
F194698,194698,O005,2025-09-01,P003,Al público,70.14,m3,70140.00,L,1729.00,1729.00,real_con_conversion
F194699,194699,O005,2025-09-01,P007,Al público,194.84,m3,194840.00,L,1481.00,1481.00,real_con_conversion
F196360,196360,O015,2025-10-01,P007,Al público,198.73,m3,198730.00,L,1525.00,1528.00,real_con_conversion
F196361,196361,O015,2025-10-01,P006,Al público,70.05,m3,70050.00,L,1774.00,1774.00,real_con_conversion
F196362,196362,O015,2025-10-01,P003,Al público,38.81,m3,38810.00,L,1702.00,1702.00,real_con_conversion
F196363,196363,O015,2025-10-01,P002,Al público,56.99,m3,56990.00,L,1489.00,1489.00,real_con_conversion
F196364,196364,O015,2025-10-01,P001,Al público,89001.00,m3,89001.00,m3,549.00,549.00,real_con_conversion
F198964,198964,O018,2025-10-01,P007,Al público,24.53,m3,24530.00,L,1583.00,1583.00,real_con_conversion
F198965,198965,O018,2025-10-01,P002,Al público,36.41,m3,36410.00,L,1659.00,1679.00,real_con_conversion
F198966,198966,O018,2025-10-01,P006,Al público,5.88,m3,5880.00,L,1894.00,1919.00,real_con_conversion
F198967,198967,O018,2025-10-01,P003,Al público,15.65,m3,15650.00,L,1932.00,1969.00,real_con_conversion
F199212,199212,O002,2025-10-01,P002,Al público,13.51,m3,13510.00,L,1640.46,1649.00,real_con_conversion
F199213,199213,O002,2025-10-01,P007,Al público,173.69,m3,173690.00,L,1564.85,1569.00,real_con_conversion
F199214,199214,O002,2025-10-01,P006,Al público,96.45,m3,96450.00,L,1857.72,1869.00,real_con_conversion
F199215,199215,O002,2025-10-01,P003,Al público,63.25,m3,63250.00,L,1875.78,1889.00,real_con_conversion
F200819,200819,O013,2025-10-01,P006,Al público,35.38,m3,35380.00,L,1860.84,1868.00,real_con_conversion
F200820,200820,O013,2025-10-01,P003,Al público,14.86,m3,14860.00,L,1880.32,1887.00,real_con_conversion
F200821,200821,O013,2025-10-01,P007,Al público,107.87,m3,107870.00,L,1577.58,1583.00,real_con_conversion
F200822,200822,O013,2025-10-01,P002,Al público,8.49,m3,8490.00,L,1629.48,1635.00,real_con_conversion
F201333,201333,O010,2025-10-01,P001,Al público,115961.00,m3,115961.00,m3,589.00,589.00,real_con_conversion
F201334,201334,O010,2025-10-01,P003,Al público,35.38,m3,35380.00,L,1604.00,1627.00,real_con_conversion
F201335,201335,O010,2025-10-01,P006,Al público,67.46,m3,67460.00,L,1676.00,1707.00,real_con_conversion
F201336,201336,O010,2025-10-01,P007,Al público,251.32,m3,251320.00,L,1430.00,1462.00,real_con_conversion
F201337,201337,O010,2025-10-01,P002,Al público,50.41,m3,50410.00,L,1396.00,1421.00,real_con_conversion
F202006,202006,O006,2025-10-01,P006,Al público,73.31,m3,73310.00,L,1765.63,1766.00,real_con_conversion
F202007,202007,O006,2025-10-01,P002,Al público,127.92,m3,127920.00,L,1532.55,1553.00,real_con_conversion
F202008,202008,O006,2025-10-01,P001,Al público,136950.00,m3,136950.00,m3,879.00,879.00,real_con_conversion
F202009,202009,O006,2025-10-01,P007,Al público,352.38,m3,352380.00,L,1504.56,1523.00,real_con_conversion
F202010,202010,O006,2025-10-01,P003,Al público,143.06,m3,143060.00,L,1696.13,1713.00,real_con_conversion
F202011,202011,O006,2025-10-01,P004,Al público,1.60,m3,1600.00,L,1473.00,1473.00,real_con_conversion
F202274,202274,O008,2025-10-01,P003,Al público,19.84,m3,19840.00,L,1748.90,1760.00,real_con_conversion
F202275,202275,O008,2025-10-01,P002,Al público,45.79,m3,45790.00,L,1551.48,1565.00,real_con_conversion
F202276,202276,O008,2025-10-01,P007,Al público,57.75,m3,57750.00,L,1521.92,1547.00,real_con_conversion
F202277,202277,O008,2025-10-01,P006,Al público,6.12,m3,6120.00,L,1724.00,1740.00,real_con_conversion
F204031,204031,O001,2025-10-01,P007,Al público,344.94,m3,344940.00,L,1517.35,1544.00,real_con_conversion
F204032,204032,O001,2025-10-01,P006,Al público,189.70,m3,189700.00,L,1747.19,1768.00,real_con_conversion
F204033,204033,O001,2025-10-01,P001,Al público,96310.40,m3,96310.40,m3,669.00,669.00,real_con_conversion
F204034,204034,O001,2025-10-01,P003,Al público,157.86,m3,157860.00,L,1698.43,1711.00,real_con_conversion
F204035,204035,O001,2025-10-01,P002,Al público,49.01,m3,49010.00,L,1516.56,1546.00,real_con_conversion
F204036,204036,O001,2025-10-01,P004,Al público,3.88,m3,3880.00,L,1600.00,1600.00,real_con_conversion
F208163,208163,O014,2025-10-01,P007,Al público,202.56,m3,202560.00,L,1473.80,1491.00,real_con_conversion
F208164,208164,O014,2025-10-01,P006,Al público,47.90,m3,47900.00,L,1728.73,1748.00,real_con_conversion
F208165,208165,O014,2025-10-01,P001,Al público,86820.00,m3,86820.00,m3,569.00,569.00,real_con_conversion
F208166,208166,O014,2025-10-01,P004,Al público,1.21,m3,1210.00,L,1439.35,1446.00,real_con_conversion
F208167,208167,O014,2025-10-01,P002,Al público,52.83,m3,52830.00,L,1444.67,1461.00,real_con_conversion
F208168,208168,O014,2025-10-01,P003,Al público,34.73,m3,34730.00,L,1663.75,1668.00,real_con_conversion
F209245,209245,O017,2025-10-01,P002,Al público,208.91,m3,208910.00,L,1594.81,1597.00,real_con_conversion
F209247,209247,O017,2025-10-01,P006,Al público,51.24,m3,51240.00,L,1796.26,1816.00,real_con_conversion
F209249,209249,O017,2025-10-01,P003,Al público,135.42,m3,135420.00,L,1707.68,1726.00,real_con_conversion
F209250,209250,O017,2025-10-01,P001,Al público,59503.00,m3,59503.00,m3,799.00,799.00,real_con_conversion
F209252,209252,O017,2025-10-01,P007,Al público,158.11,m3,158110.00,L,1564.06,1576.00,real_con_conversion
F209253,209253,O017,2025-10-01,P004,Al público,2.83,m3,2830.00,L,1577.38,1597.00,real_con_conversion
F212095,212095,O003,2025-10-01,P007,Al público,98.19,m3,98190.00,L,1525.00,1525.00,real_con_conversion
F212096,212096,O003,2025-10-01,P006,Al público,5.16,m3,5160.00,L,1782.00,1782.00,real_con_conversion
F212097,212097,O003,2025-10-01,P002,Al público,146.97,m3,146970.00,L,1558.00,1558.00,real_con_conversion
F212098,212098,O003,2025-10-01,P003,Al público,29.15,m3,29150.00,L,1777.00,1777.00,real_con_conversion
F213135,213135,O016,2025-10-01,P003,Al público,23.89,m3,23890.00,L,1768.70,1793.00,real_con_conversion
F213136,213136,O016,2025-10-01,P001,Al público,46914.80,m3,46914.80,m3,780.00,780.00,real_con_conversion
F213137,213137,O016,2025-10-01,P002,Al público,98.60,m3,98600.00,L,1595.17,1620.00,real_con_conversion
F213138,213138,O016,2025-10-01,P006,Al público,12.99,m3,12990.00,L,1831.06,1846.00,real_con_conversion
F213139,213139,O016,2025-10-01,P007,Al público,70.90,m3,70900.00,L,1553.36,1564.00,real_con_conversion
F213365,213365,O004,2025-10-01,P002,Al público,36.97,m3,36970.00,L,1705.40,1731.00,real_con_conversion
F213369,213369,O004,2025-10-01,P007,Al público,113.33,m3,113330.00,L,1582.50,1599.00,real_con_conversion
F213371,213371,O004,2025-10-01,P006,Al público,16.45,m3,16450.00,L,1876.74,1899.00,real_con_conversion
F213372,213372,O004,2025-10-01,P003,Al público,22.98,m3,22980.00,L,1930.97,1959.00,real_con_conversion
F214377,214377,O009,2025-10-01,P006,Al público,6.00,m3,6000.00,L,1882.00,1882.00,real_con_conversion
F214378,214378,O009,2025-10-01,P002,Al público,24.00,m3,24000.00,L,1648.00,1648.00,real_con_conversion
F214379,214379,O009,2025-10-01,P007,Al público,107.90,m3,107900.00,L,1571.00,1571.00,real_con_conversion
F214380,214380,O009,2025-10-01,P003,Al público,6.00,m3,6000.00,L,1888.00,1888.00,real_con_conversion
F214483,214483,O007,2025-10-01,P003,Al público,86.65,m3,86650.00,L,1780.00,1780.00,real_con_conversion
F214484,214484,O007,2025-10-01,P006,Al público,29.16,m3,29160.00,L,1742.00,1742.00,real_con_conversion
F214485,214485,O007,2025-10-01,P007,Al público,253.11,m3,253110.00,L,1524.00,1524.00,real_con_conversion
F214486,214486,O007,2025-10-01,P002,Al público,165.45,m3,165450.00,L,1550.00,1550.00,real_con_conversion
F215081,215081,O011,2025-10-01,P001,Al público,99904.50,m3,99904.50,m3,699.00,699.00,real_con_conversion
F215084,215084,O011,2025-10-01,P006,Al público,145.86,m3,145860.00,L,1706.95,1770.00,real_con_conversion
F215086,215086,O011,2025-10-01,P007,Al público,259.40,m3,259400.00,L,1467.35,1539.00,real_con_conversion
F215087,215087,O011,2025-10-01,P002,Al público,295.88,m3,295880.00,L,1465.14,1573.00,real_con_conversion
F215090,215090,O011,2025-10-01,P003,Al público,302.13,m3,302130.00,L,1662.34,1705.00,real_con_conversion
F216344,216344,O012,2025-10-01,P006,Al público,125.11,m3,125110.00,L,1769.40,1790.00,real_con_conversion
F216345,216345,O012,2025-10-01,P003,Al público,296.06,m3,296060.00,L,1712.56,1711.00,real_con_conversion
F216346,216346,O012,2025-10-01,P007,Al público,292.51,m3,292510.00,L,1550.19,1577.00,real_con_conversion
F216349,216349,O012,2025-10-01,P002,Al público,708.93,m3,708930.00,L,1533.02,1567.00,real_con_conversion
F216351,216351,O012,2025-10-01,P001,Al público,146809.00,m3,146809.00,m3,672.00,672.00,real_con_conversion
F216421,216421,O005,2025-10-01,P006,Al público,50.63,m3,50630.00,L,1758.00,1758.00,real_con_conversion
F216422,216422,O005,2025-10-01,P003,Al público,71.98,m3,71980.00,L,1772.00,1772.00,real_con_conversion
F216423,216423,O005,2025-10-01,P002,Al público,80.21,m3,80210.00,L,1571.00,1571.00,real_con_conversion
F216424,216424,O005,2025-10-01,P007,Al público,208.93,m3,208930.00,L,1530.00,1530.00,real_con_conversion
F218090,218090,O015,2025-11-01,P002,Al público,50.10,m3,50100.00,L,1675.00,1675.00,real_con_conversion
F218091,218091,O015,2025-11-01,P003,Al público,38.65,m3,38650.00,L,1842.00,1842.00,real_con_conversion
F218092,218092,O015,2025-11-01,P007,Al público,176.85,m3,176850.00,L,1676.00,1676.00,real_con_conversion
F218093,218093,O015,2025-11-01,P006,Al público,79.39,m3,79390.00,L,1929.00,1929.00,real_con_conversion
F218094,218094,O015,2025-11-01,P001,Al público,82619.00,m3,82619.00,m3,549.00,549.00,real_con_conversion
F220706,220706,O018,2025-11-01,P006,Al público,5.59,m3,5590.00,L,1946.00,2039.00,real_con_conversion
F220707,220707,O018,2025-11-01,P007,Al público,20.20,m3,20200.00,L,1665.00,1729.00,real_con_conversion
F220708,220708,O018,2025-11-01,P002,Al público,35.46,m3,35460.00,L,1742.00,1825.00,real_con_conversion
F220709,220709,O018,2025-11-01,P003,Al público,18.95,m3,18950.00,L,2014.00,2080.00,real_con_conversion
F220942,220942,O002,2025-11-01,P006,Al público,84.97,m3,84970.00,L,1960.43,1999.00,real_con_conversion
F220943,220943,O002,2025-11-01,P007,Al público,164.16,m3,164160.00,L,1659.08,1697.00,real_con_conversion
F220944,220944,O002,2025-11-01,P003,Al público,62.63,m3,62630.00,L,1963.34,1999.00,real_con_conversion
F220945,220945,O002,2025-11-01,P002,Al público,11.99,m3,11990.00,L,1701.79,1730.00,real_con_conversion
F222534,222534,O013,2025-11-01,P007,Al público,114.29,m3,114290.00,L,1664.03,1743.00,real_con_conversion
F222535,222535,O013,2025-11-01,P006,Al público,33.12,m3,33120.00,L,1924.80,1991.00,real_con_conversion
F222536,222536,O013,2025-11-01,P002,Al público,8.19,m3,8190.00,L,1707.33,1772.00,real_con_conversion
F222537,222537,O013,2025-11-01,P003,Al público,14.77,m3,14770.00,L,1952.23,1999.00,real_con_conversion
F223049,223049,O010,2025-11-01,P001,Al público,120194.00,m3,120194.00,m3,599.00,599.00,real_con_conversion
F223050,223050,O010,2025-11-01,P006,Al público,66.89,m3,66890.00,L,1703.00,1826.00,real_con_conversion
F223051,223051,O010,2025-11-01,P003,Al público,37.10,m3,37100.00,L,1637.00,1733.00,real_con_conversion
F223052,223052,O010,2025-11-01,P002,Al público,50.62,m3,50620.00,L,1505.00,1505.00,real_con_conversion
F223053,223053,O010,2025-11-01,P007,Al público,219.05,m3,219050.00,L,1613.00,1613.00,real_con_conversion
F223718,223718,O006,2025-11-01,P002,Al público,141.04,m3,141040.00,L,1626.94,1697.00,real_con_conversion
F223719,223719,O006,2025-11-01,P007,Al público,327.02,m3,327020.00,L,1582.38,1633.00,real_con_conversion
F223720,223720,O006,2025-11-01,P003,Al público,129.06,m3,129060.00,L,1774.84,1860.00,real_con_conversion
F223721,223721,O006,2025-11-01,P004,Al público,1.71,m3,1710.00,L,1473.00,1473.00,real_con_conversion
F223722,223722,O006,2025-11-01,P006,Al público,76.07,m3,76070.00,L,1823.18,1874.00,real_con_conversion
F223723,223723,O006,2025-11-01,P001,Al público,126960.00,m3,126960.00,m3,879.00,879.00,real_con_conversion
F223989,223989,O008,2025-11-01,P007,Al público,56.31,m3,56310.00,L,1608.84,1665.00,real_con_conversion
F223990,223990,O008,2025-11-01,P002,Al público,48.49,m3,48490.00,L,1636.55,1679.00,real_con_conversion
F223991,223991,O008,2025-11-01,P006,Al público,5.74,m3,5740.00,L,1824.11,1887.00,real_con_conversion
F223992,223992,O008,2025-11-01,P003,Al público,20.89,m3,20890.00,L,1835.63,1894.00,real_con_conversion
F225767,225767,O001,2025-11-01,P003,Al público,162.13,m3,162130.00,L,1777.62,1846.00,real_con_conversion
F225768,225768,O001,2025-11-01,P002,Al público,19.84,m3,19840.00,L,1585.06,1676.00,real_con_conversion
F225769,225769,O001,2025-11-01,P006,Al público,183.07,m3,183070.00,L,1831.14,1911.00,real_con_conversion
F225770,225770,O001,2025-11-01,P007,Al público,325.00,m3,325000.00,L,1613.67,1685.00,real_con_conversion
F225771,225771,O001,2025-11-01,P001,Al público,91813.90,m3,91813.90,m3,674.29,696.00,real_con_conversion
F225772,225772,O001,2025-11-01,P004,Al público,3.79,m3,3790.00,L,1617.89,1800.00,real_con_conversion
F229896,229896,O014,2025-11-01,P007,Al público,181.27,m3,181270.00,L,1606.01,1640.00,real_con_conversion
F229897,229897,O014,2025-11-01,P002,Al público,52.11,m3,52110.00,L,1578.02,1643.00,real_con_conversion
F229898,229898,O014,2025-11-01,P003,Al público,34.31,m3,34310.00,L,1770.78,1804.00,real_con_conversion
F229899,229899,O014,2025-11-01,P001,Al público,83027.00,m3,83027.00,m3,569.00,569.00,real_con_conversion
F229900,229900,O014,2025-11-01,P006,Al público,46.60,m3,46600.00,L,1855.11,1892.00,real_con_conversion
F229901,229901,O014,2025-11-01,P004,Al público,1.29,m3,1290.00,L,1564.91,1628.00,real_con_conversion
F230977,230977,O017,2025-11-01,P003,Al público,116.06,m3,116060.00,L,1678.61,1861.00,real_con_conversion
F230978,230978,O017,2025-11-01,P004,Al público,2.56,m3,2560.00,L,1634.90,1687.00,real_con_conversion
F230981,230981,O017,2025-11-01,P006,Al público,48.52,m3,48520.00,L,1863.84,1924.00,real_con_conversion
F230984,230984,O017,2025-11-01,P002,Al público,221.74,m3,221740.00,L,1680.02,1717.00,real_con_conversion
F230985,230985,O017,2025-11-01,P007,Al público,143.40,m3,143400.00,L,1646.60,1739.00,real_con_conversion
F230986,230986,O017,2025-11-01,P001,Al público,52950.00,m3,52950.00,m3,799.00,799.00,real_con_conversion
F233803,233803,O003,2025-11-01,P003,Al público,24.72,m3,24720.00,L,1945.98,1945.98,real_con_conversion
F233804,233804,O003,2025-11-01,P007,Al público,98.15,m3,98150.00,L,1675.00,1675.00,real_con_conversion
F233805,233805,O003,2025-11-01,P006,Al público,4.28,m3,4280.00,L,1875.04,1875.04,real_con_conversion
F233806,233806,O003,2025-11-01,P002,Al público,141.56,m3,141560.00,L,1669.00,1669.00,real_con_conversion
F234848,234848,O016,2025-11-01,P005,Al público,69.18,m3,69180.00,L,1644.62,1680.00,real_con_conversion
F234849,234849,O016,2025-11-01,P001,Al público,46144.00,m3,46144.00,m3,783.52,790.00,real_con_conversion
F234850,234850,O016,2025-11-01,P006,Al público,12.40,m3,12400.00,L,1921.37,1960.00,real_con_conversion
F234851,234851,O016,2025-11-01,P003,Al público,21.35,m3,21350.00,L,1862.32,1910.00,real_con_conversion
F234852,234852,O016,2025-11-01,P002,Al público,88.31,m3,88310.00,L,1677.23,1710.00,real_con_conversion
F235087,235087,O004,2025-11-01,P006,Al público,15.36,m3,15360.00,L,1939.02,1999.00,real_con_conversion
F235092,235092,O004,2025-11-01,P002,Al público,28.01,m3,28010.00,L,1798.31,1889.00,real_con_conversion
F235095,235095,O004,2025-11-01,P003,Al público,21.39,m3,21390.00,L,1990.47,2039.00,real_con_conversion
F235100,235100,O004,2025-11-01,P007,Al público,109.92,m3,109920.00,L,1648.07,1689.00,real_con_conversion
F236100,236100,O009,2025-11-01,P007,Al público,107.90,m3,107900.00,L,1714.00,1714.00,real_con_conversion
F236101,236101,O009,2025-11-01,P002,Al público,30.00,m3,30000.00,L,1768.00,1768.00,real_con_conversion
F236103,236103,O009,2025-11-01,P006,Al público,4.20,m3,4200.00,L,1995.00,1995.00,real_con_conversion
F236105,236105,O009,2025-11-01,P003,Al público,6.00,m3,6000.00,L,1999.00,1999.00,real_con_conversion
F236202,236202,O007,2025-11-01,P006,Al público,29.73,m3,29730.00,L,1893.00,1893.00,real_con_conversion
F236203,236203,O007,2025-11-01,P003,Al público,81.05,m3,81050.00,L,1903.00,1903.00,real_con_conversion
F236204,236204,O007,2025-11-01,P007,Al público,242.91,m3,242910.00,L,1708.00,1708.00,real_con_conversion
F236205,236205,O007,2025-11-01,P002,Al público,143.86,m3,143860.00,L,1735.00,1735.00,real_con_conversion
F236805,236805,O011,2025-11-01,P003,Al público,256.81,m3,256810.00,L,1662.34,1705.00,real_con_conversion
F236807,236807,O011,2025-11-01,P006,Al público,123.97,m3,123970.00,L,1770.00,1770.00,real_con_conversion
F236808,236808,O011,2025-11-01,P002,Al público,251.50,m3,251500.00,L,1465.14,1573.00,real_con_conversion
F236812,236812,O011,2025-11-01,P007,Al público,220.49,m3,220490.00,L,1467.35,1539.00,real_con_conversion
F236813,236813,O011,2025-11-01,P001,Al público,84918.80,m3,84918.80,m3,699.00,699.00,real_con_conversion
F238070,238070,O012,2025-11-01,P002,Al público,681.63,m3,681630.00,L,1648.87,1761.00,real_con_conversion
F238071,238071,O012,2025-11-01,P007,Al público,290.75,m3,290750.00,L,1639.28,1708.00,real_con_conversion
F238072,238072,O012,2025-11-01,P003,Al público,277.41,m3,277410.00,L,1789.31,1855.00,real_con_conversion
F238073,238073,O012,2025-11-01,P001,Al público,150234.00,m3,150234.00,m3,672.94,680.00,real_con_conversion
F238075,238075,O012,2025-11-01,P006,Al público,122.36,m3,122360.00,L,1848.94,1934.00,real_con_conversion
F238146,238146,O005,2025-11-01,P007,Al público,192.19,m3,192190.00,L,1668.00,1668.00,real_con_conversion
F238147,238147,O005,2025-11-01,P006,Al público,47.36,m3,47360.00,L,1881.00,1881.00,real_con_conversion
F238148,238148,O005,2025-11-01,P003,Al público,65.93,m3,65930.00,L,1886.00,1886.00,real_con_conversion
F238149,238149,O005,2025-11-01,P002,Al público,76.33,m3,76330.00,L,1687.00,1687.00,real_con_conversion
F239801,239801,O015,2025-12-01,P002,Al público,45.14,m3,45140.00,L,1689.74,1689.74,real_con_conversion
F239802,239802,O015,2025-12-01,P003,Al público,37.93,m3,37930.00,L,1891.52,1891.52,real_con_conversion
F239803,239803,O015,2025-12-01,P001,Al público,85487.00,m3,85487.00,m3,599.00,599.00,real_con_conversion
F239804,239804,O015,2025-12-01,P006,Al público,82.81,m3,82810.00,L,1903.00,1903.00,real_con_conversion
F239805,239805,O015,2025-12-01,P007,Al público,181.34,m3,181340.00,L,1690.00,1690.00,real_con_conversion
F242413,242413,O018,2025-12-01,P003,Al público,14.96,m3,14960.00,L,2167.00,2180.00,real_con_conversion
F242414,242414,O018,2025-12-01,P002,Al público,27.46,m3,27460.00,L,1905.00,1935.00,real_con_conversion
F242415,242415,O018,2025-12-01,P006,Al público,5.94,m3,5940.00,L,2087.00,2098.00,real_con_conversion
F242416,242416,O018,2025-12-01,P007,Al público,15.76,m3,15760.00,L,1790.00,1799.00,real_con_conversion
F242649,242649,O002,2025-12-01,P002,Al público,10.72,m3,10720.00,L,1784.13,1807.00,real_con_conversion
F242650,242650,O002,2025-12-01,P006,Al público,88.43,m3,88430.00,L,2046.12,2064.00,real_con_conversion
F242651,242651,O002,2025-12-01,P003,Al público,58.95,m3,58950.00,L,2035.11,2044.00,real_con_conversion
F242652,242652,O002,2025-12-01,P007,Al público,154.93,m3,154930.00,L,1766.53,1786.00,real_con_conversion
F244241,244241,O013,2025-12-01,P007,Al público,106.66,m3,106660.00,L,1816.03,1827.00,real_con_conversion
F244242,244242,O013,2025-12-01,P002,Al público,7.21,m3,7210.00,L,1847.19,1862.00,real_con_conversion
F244243,244243,O013,2025-12-01,P003,Al público,15.87,m3,15870.00,L,2059.55,2067.00,real_con_conversion
F244244,244244,O013,2025-12-01,P006,Al público,35.16,m3,35160.00,L,2050.68,2056.00,real_con_conversion
F244750,244750,O010,2025-12-01,P002,Al público,35.25,m3,35250.00,L,1612.00,1612.00,real_con_conversion
F244751,244751,O010,2025-12-01,P006,Al público,79.32,m3,79320.00,L,1823.00,1823.00,real_con_conversion
F244752,244752,O010,2025-12-01,P007,Al público,222.54,m3,222540.00,L,1637.00,1637.00,real_con_conversion
F244753,244753,O010,2025-12-01,P001,Al público,128.84,m3,128.84,m3,599.00,599.00,real_con_conversion
F244754,244754,O010,2025-12-01,P003,Al público,35.25,m3,35250.00,L,1837.00,1837.00,real_con_conversion
F245427,245427,O006,2025-12-01,P003,Al público,159.39,m3,159390.00,L,1877.02,1887.00,real_con_conversion
F245428,245428,O006,2025-12-01,P002,Al público,125.92,m3,125920.00,L,1717.44,1719.00,real_con_conversion
F245429,245429,O006,2025-12-01,P004,Al público,1.22,m3,1220.00,L,1473.00,1473.00,real_con_conversion
F245430,245430,O006,2025-12-01,P006,Al público,84.54,m3,84540.00,L,1863.91,1846.00,real_con_conversion
F245431,245431,O006,2025-12-01,P001,Al público,128590.00,m3,128590.00,m3,879.00,879.00,real_con_conversion
F245432,245432,O006,2025-12-01,P007,Al público,372.70,m3,372700.00,L,1657.12,1641.00,real_con_conversion
F245707,245707,O008,2025-12-01,P006,Al público,5.52,m3,5520.00,L,1913.80,1920.00,real_con_conversion
F245708,245708,O008,2025-12-01,P007,Al público,51.51,m3,51510.00,L,1783.47,1750.00,real_con_conversion
F245709,245709,O008,2025-12-01,P002,Al público,42.05,m3,42050.00,L,1759.66,1780.00,real_con_conversion
F245710,245710,O008,2025-12-01,P003,Al público,21.44,m3,21440.00,L,1922.31,1930.00,real_con_conversion
F247486,247486,O001,2025-12-01,P003,Al público,151.09,m3,151090.00,L,1866.84,1876.00,real_con_conversion
F247487,247487,O001,2025-12-01,P002,Al público,56.56,m3,56560.00,L,1708.09,1713.00,real_con_conversion
F247488,247488,O001,2025-12-01,P001,Al público,94697.60,m3,94697.60,m3,714.40,727.00,real_con_conversion
F247489,247489,O001,2025-12-01,P006,Al público,206.40,m3,206400.00,L,1889.61,1880.00,real_con_conversion
F247490,247490,O001,2025-12-01,P007,Al público,361.62,m3,361620.00,L,1684.84,1670.00,real_con_conversion
F247491,247491,O001,2025-12-01,P004,Al público,3.10,m3,3100.00,L,1800.00,1800.00,real_con_conversion
F251645,251645,O014,2025-12-01,P002,Al público,53.69,m3,53690.00,L,1173.42,1692.00,real_con_conversion
F251646,251646,O014,2025-12-01,P001,Al público,85174.00,m3,85174.00,m3,477.96,619.00,real_con_conversion
F251647,251647,O014,2025-12-01,P003,Al público,37.89,m3,37890.00,L,1328.00,1854.00,real_con_conversion
F251648,251648,O014,2025-12-01,P006,Al público,54.46,m3,54460.00,L,1316.47,1886.00,real_con_conversion
F251649,251649,O014,2025-12-01,P004,Al público,86,m3,86000,L,1070.00,1700.00,real_con_conversion
F251650,251650,O014,2025-12-01,P007,Al público,208.14,m3,208140.00,L,1116.61,1646.00,real_con_conversion
F252724,252724,O017,2025-12-01,P003,Al público,130.72,m3,130720.00,L,1832.00,1901.00,real_con_conversion
F252725,252725,O017,2025-12-01,P001,Al público,56325.00,m3,56325.00,m3,799.00,799.00,real_con_conversion
F252727,252727,O017,2025-12-01,P004,Al público,2.71,m3,2710.00,L,1661.95,1756.00,real_con_conversion
F252728,252728,O017,2025-12-01,P007,Al público,166.35,m3,166350.00,L,1659.53,1718.00,real_con_conversion
F252732,252732,O017,2025-12-01,P002,Al público,246.77,m3,246770.00,L,1777.68,1760.00,real_con_conversion
F252733,252733,O017,2025-12-01,P006,Al público,58.25,m3,58250.00,L,1880.54,1886.00,real_con_conversion
F255497,255497,O003,2025-12-01,P003,Al público,25.52,m3,25520.00,L,1950.00,1950.00,real_con_conversion
F255498,255498,O003,2025-12-01,P007,Al público,111.03,m3,111030.00,L,1697.00,1697.00,real_con_conversion
F255499,255499,O003,2025-12-01,P002,Al público,124.07,m3,124070.00,L,1743.00,1743.00,real_con_conversion
F255500,255500,O003,2025-12-01,P006,Al público,5.27,m3,5270.00,L,1956.00,1956.00,real_con_conversion
F256551,256551,O016,2025-12-01,P001,Al público,44849.80,m3,44849.80,m3,816.00,830.00,real_con_conversion
F256552,256552,O016,2025-12-01,P003,Al público,23.25,m3,23250.00,L,1953.19,1945.00,real_con_conversion
F256553,256553,O016,2025-12-01,P007,Al público,82.28,m3,82280.00,L,1725.54,1728.00,real_con_conversion
F256554,256554,O016,2025-12-01,P006,Al público,14.85,m3,14850.00,L,1976.48,1960.00,real_con_conversion
F256555,256555,O016,2025-12-01,P002,Al público,84.32,m3,84320.00,L,1761.31,1759.00,real_con_conversion
F256780,256780,O004,2025-12-01,P006,Al público,11.91,m3,11910.00,L,2053.74,2049.00,real_con_conversion
F256783,256783,O004,2025-12-01,P007,Al público,130.52,m3,130520.00,L,1741.33,1751.00,real_con_conversion
F256786,256786,O004,2025-12-01,P003,Al público,17.17,m3,17170.00,L,2086.53,2089.00,real_con_conversion
F256787,256787,O004,2025-12-01,P002,Al público,28.65,m3,28650.00,L,1888.99,1889.00,real_con_conversion
F257803,257803,O009,2025-12-01,P005,Al público,139.70,m3,139700.00,L,1798.00,1798.00,real_con_conversion
F257805,257805,O009,2025-12-01,P003,Al público,6.00,m3,6000.00,L,2063.00,2063.00,real_con_conversion
F257807,257807,O009,2025-12-01,P006,Al público,3.80,m3,3800.00,L,2048.00,2048.00,real_con_conversion
F257808,257808,O009,2025-12-01,P002,Al público,37.00,m3,37000.00,L,1852.00,1852.00,real_con_conversion
F257906,257906,O007,2025-12-01,P003,Al público,807.86,m3,807860.00,L,1936.00,1936.00,real_con_conversion
F257907,257907,O007,2025-12-01,P002,Al público,107.88,m3,107880.00,L,1776.00,1776.00,real_con_conversion
F257908,257908,O007,2025-12-01,P006,Al público,32.23,m3,32230.00,L,1892.00,1892.00,real_con_conversion
F257909,257909,O007,2025-12-01,P007,Al público,252.17,m3,252170.00,L,1722.00,1722.00,real_con_conversion
F258484,258484,O011,2025-12-01,P002,Al público,252.89,m3,252890.00,L,1747.54,1753.00,real_con_conversion
F258485,258485,O011,2025-12-01,P007,Al público,274.01,m3,274010.00,L,1644.89,1635.00,real_con_conversion
F258486,258486,O011,2025-12-01,P003,Al público,262.89,m3,262890.00,L,1857.67,1860.00,real_con_conversion
F258488,258488,O011,2025-12-01,P006,Al público,160.38,m3,160380.00,L,1855.85,1834.00,real_con_conversion
F258489,258489,O011,2025-12-01,P001,Al público,94940.60,m3,94940.60,m3,699.00,699.00,real_con_conversion
F259745,259745,O012,2025-12-01,P003,Al público,268.33,m3,268330.00,L,1875.21,1879.00,real_con_conversion
F259747,259747,O012,2025-12-01,P007,Al público,307.49,m3,307490.00,L,1717.49,1698.00,real_con_conversion
F259749,259749,O012,2025-12-01,P002,Al público,645.72,m3,645720.00,L,1763.15,1800.00,real_con_conversion
F259751,259751,O012,2025-12-01,P001,Al público,157238.00,m3,157238.00,m3,680.72,685.00,real_con_conversion
F259752,259752,O012,2025-12-01,P006,Al público,132.26,m3,132260.00,L,1928.48,1908.00,real_con_conversion
F259821,259821,O005,2025-12-01,P002,Al público,74.83,m3,74830.00,L,1746.00,1746.00,real_con_conversion
F259822,259822,O005,2025-12-01,P007,Al público,207.17,m3,207170.00,L,1683.00,1683.00,real_con_conversion
F259823,259823,O005,2025-12-01,P003,Al público,72.48,m3,72480.00,L,1915.00,1915.00,real_con_conversion
F259824,259824,O005,2025-12-01,P006,Al público,54.97,m3,54970.00,L,1890.00,1890.00,real_con_conversion
