_fila_extraida,Nro Inscripción,Período,Operador,Bandera,Fecha de baja,CUIT,Tipo Negocio,Dirección,Localidad,Provincia,Producto,Canal de Comercialización,Precio sin impuestos,Precio con impuestos,Volumen,Precio surtidor,NO Movimientos,Excentos,Impuesto Combustible Líquidos,Impuesto Dióxido Carbono,Tasa Vial,tasa Municipal,Ingresos Brutos,Iva,Fondo fiduciario GNC
285,723,2025/01,AGLP SA,YPF,,30-70715847-2,Bocas de expendio (venta por menor) Duales (líquidos + GNC),BLAS PARERA 935,ITUZAINGO,BUENOS AIRES,GNC,Al público,367.35,483.91,65939.00,484.90,NO,0,0,0,4.77,0,0,77.14,37.14
286,723,2025/01,AGLP SA,YPF,,30-70715847-2,Bocas de expendio (venta por menor) Duales (líquidos + GNC),BLAS PARERA 935,ITUZAINGO,BUENOS AIRES,Nafta (común) hasta 92 Ron,Al público,912.47,1178.86,175.67,1180.00,NO,0,214.15,13.12,11.85,0,0,191.61,0
287,723,2025/01,AGLP SA,YPF,,30-70715847-2,Bocas de expendio (venta por menor) Duales (líquidos + GNC),BLAS PARERA 935,ITUZAINGO,BUENOS AIRES,Nafta (premium) de más de 95 Ron,Al público,1125.58,1443.84,65.84,1445.00,NO,0,214.15,13.11,14.62,0,0,236.37,0
288,723,2025/01,AGLP SA,YPF,,30-70715847-2,Bocas de expendio (venta por menor) Duales (líquidos + GNC),BLAS PARERA 935,ITUZAINGO,BUENOS AIRES,Gas Oil Grado 3,Al público,1103.77,1410.54,35.01,1412.00,NO,0,236.73,27.00,14.33,0,0,231.79,0
289,723,2025/01,AGLP SA,YPF,,30-70715847-2,Bocas de expendio (venta por menor) Duales (líquidos + GNC),BLAS PARERA 935,ITUZAINGO,BUENOS AIRES,Gas Oil Grado 2,Al público,911.94,1166.35,57.73,1167.00,NO,0,147.98,16.87,11.85,0,0,191.50,0
2825,9641,2025/01,"BORDAQUEVICH, HUGO JOSE",AXION,,20-18054580-9,Bocas de expendio (venta por menor) Combustibles líquidos únicamente,RUTA 2 Y AV. REP. ARGENTINA (LOTE RURAL 065 E INMOBILIARIA 4176),CONCEPCION DE LA SIERRA,MISIONES,Nafta (premium) de más de 95 Ron,Al público,1270.00,1546.00,9.38,1549.00,NO,0,214.15,13.12,0,0,0,266.70,0
2826,9641,2025/01,"BORDAQUEVICH, HUGO JOSE",AXION,,20-18054580-9,Bocas de expendio (venta por menor) Combustibles líquidos únicamente,RUTA 2 Y AV. REP. ARGENTINA (LOTE RURAL 065 E INMOBILIARIA 4176),CONCEPCION DE LA SIERRA,MISIONES,Gas Oil Grado 3,Al público,1212.20,1594.00,37.39,1599.00,NO,0,147.24,16.87,0,0,0,275.52,0
2827,9641,2025/01,"BORDAQUEVICH, HUGO JOSE",AXION,,20-18054580-9,Bocas de expendio (venta por menor) Combustibles líquidos únicamente,RUTA 2 Y AV. REP. ARGENTINA (LOTE RURAL 065 E INMOBILIARIA 4176),CONCEPCION DE LA SIERRA,MISIONES,Gas Oil Grado 2,Al público,1061.00,1291.47,35.41,1299.00,NO,0,147.98,16.87,0,0,0,222.81,0
2828,9641,2025/01,"BORDAQUEVICH, HUGO JOSE",AXION,,20-18054580-9,Bocas de expendio (venta por menor) Combustibles líquidos únicamente,RUTA 2 Y AV. REP. ARGENTINA (LOTE RURAL 065 E INMOBILIARIA 4176),CONCEPCION DE LA SIERRA,MISIONES,Nafta (súper) entre 92 y 95 Ron,Al público,1007.00,1229.00,27.16,1229.00,NO,0,214.15,13.12,0,0,0,211.47,0
3081,104,2025/01,CALCAGNO RICARDO OMAR Y CALCAGNO RICARDO JAVIER SOC. HECHO,SHELL C.A.P.S.A.,,33-70812864-9,Bocas de expendio (venta por menor) Combustibles líquidos únicamente,AV. 25 DE MAYO 280,RESISTENCIA,CHACO,Gas Oil Grado 3,Al público,1189.38,1562.00,52.26,1562.00,NO,0,136.89,15.60,0,0,0,192.62,0
3082,104,2025/01,CALCAGNO RICARDO OMAR Y CALCAGNO RICARDO JAVIER SOC. HECHO,SHELL C.A.P.S.A.,,33-70812864-9,Bocas de expendio (venta por menor) Combustibles líquidos únicamente,AV. 25 DE MAYO 280,RESISTENCIA,CHACO,Nafta (súper) entre 92 y 95 Ron,Al público,884.21,1251.00,172.99,1251.00,NO,0,188.45,11.54,0,0,0,145.94,0
3083,104,2025/01,CALCAGNO RICARDO OMAR Y CALCAGNO RICARDO JAVIER SOC. HECHO,SHELL C.A.P.S.A.,,33-70812864-9,Bocas de expendio (venta por menor) Combustibles líquidos únicamente,AV. 25 DE MAYO 280,RESISTENCIA,CHACO,Nafta (premium) de más de 95 Ron,Al público,1122.79,1528.00,83.45,1528.00,NO,0,188.45,11.54,0,0,0,179.56,0
3084,104,2025/01,CALCAGNO RICARDO OMAR Y CALCAGNO RICARDO JAVIER SOC. HECHO,SHELL C.A.P.S.A.,,33-70812864-9,Bocas de expendio (venta por menor) Combustibles líquidos únicamente,AV. 25 DE MAYO 280,RESISTENCIA,CHACO,Gas Oil Grado 2,Al público,962.32,1299.00,16.45,1299.00,NO,0,136.89,15.60,0,0,0,161.16,0
4701,683,2025/01,CONSTRUCTORA EDIFICAR SA,SHELL C.A.P.S.A.,,30-65765065-6,Bocas de expendio (venta por menor) Combustibles líquidos únicamente,ESTADOS UNIDOS 725,CORRIENTES,CORRIENTES,Gas Oil Grado 2,Al público,957.48,1311.03,12.88,1312.00,NO,0,136.89,15.60,0,0,0,165.84,0
4702,683,2025/01,CONSTRUCTORA EDIFICAR SA,SHELL C.A.P.S.A.,,30-65765065-6,Bocas de expendio (venta por menor) Combustibles líquidos únicamente,ESTADOS UNIDOS 725,CORRIENTES,CORRIENTES,Nafta (premium) de más de 95 Ron,Al público,1096.62,1526.90,37.18,1528.00,NO,0,188.45,11.54,0,0,0,182.83,0
4703,683,2025/01,CONSTRUCTORA EDIFICAR SA,SHELL C.A.P.S.A.,,30-65765065-6,Bocas de expendio (venta por menor) Combustibles líquidos únicamente,ESTADOS UNIDOS 725,CORRIENTES,CORRIENTES,Nafta (súper) entre 92 y 95 Ron,Al público,869.56,1252.16,127.79,1253.00,NO,0,188.45,11.54,0,0,0,148.93,0
4704,683,2025/01,CONSTRUCTORA EDIFICAR SA,SHELL C.A.P.S.A.,,30-65765065-6,Bocas de expendio (venta por menor) Combustibles líquidos únicamente,ESTADOS UNIDOS 725,CORRIENTES,CORRIENTES,Gas Oil Grado 3,Al público,1163.93,1560.84,17.97,1562.00,NO,0,136.89,15.60,0,0,0,195.94,0
5215,475,2025/01,CUBA SA,YPF,,30-68389938-7,Bocas de expendio (venta por menor) Duales (líquidos + GNC),AV. PTE PERON 2282,VILLA DE MAYO,BUENOS AIRES,Gas Oil Grado 3,Al público,1067.96,1395.00,32.52,1395.00,NO,1,9.42,1.07,20,0,1,224.00,0
5216,475,2025/01,CUBA SA,YPF,,30-68389938-7,Bocas de expendio (venta por menor) Duales (líquidos + GNC),AV. PTE PERON 2282,VILLA DE MAYO,BUENOS AIRES,GNC,Al público,445.45,539.00,100647.00,539.00,NO,1,0,0,0,0,0,93.55,0
5217,475,2025/01,CUBA SA,YPF,,30-68389938-7,Bocas de expendio (venta por menor) Duales (líquidos + GNC),AV. PTE PERON 2282,VILLA DE MAYO,BUENOS AIRES,Gas Oil Grado 2,Al público,863.02,1150.00,38.00,1150.00,NO,1,9.42,1.07,15,0,1,181.23,0
5218,475,2025/01,CUBA SA,YPF,,30-68389938-7,Bocas de expendio (venta por menor) Duales (líquidos + GNC),AV. PTE PERON 2282,VILLA DE MAYO,BUENOS AIRES,Nafta (premium) de más de 95 Ron,Al público,1057.76,1426.08,53.60,1426.08,NO,1,15.28,94,20,0,1,222.13,0
5219,475,2025/01,CUBA SA,YPF,,30-68389938-7,Bocas de expendio (venta por menor) Duales (líquidos + GNC),AV. PTE PERON 2282,VILLA DE MAYO,BUENOS AIRES,Nafta (súper) entre 92 y 95 Ron,Al público,841.70,1164.13,192.71,1164.13,NO,1,15.28,94,15,0,1,176.76,0
5875,2298,2025/01,D.G.B. S.R.L.,YPF,,30-70728425-7,Bocas de expendio (venta por menor) Combustibles líquidos únicamente,ITUZAINGO Y DEAN FUNES,VILLA DOLORES,CORDOBA,Gas Oil Grado 2,Al público,895.58,1235.85,108.03,1237.00,NO,0,136.89,15.60,0,0,0,188.07,0
5876,2298,2025/01,D.G.B. S.R.L.,YPF,,30-70728425-7,Bocas de expendio (venta por menor) Combustibles líquidos únicamente,ITUZAINGO Y DEAN FUNES,VILLA DOLORES,CORDOBA,Nafta (súper) entre 92 y 95 Ron,Al público,843.77,1220.58,324.72,1222.00,NO,0,188.45,11.54,0,0,0,177.19,0
5877,2298,2025/01,D.G.B. S.R.L.,YPF,,30-70728425-7,Bocas de expendio (venta por menor) Combustibles líquidos únicamente,ITUZAINGO Y DEAN FUNES,VILLA DOLORES,CORDOBA,Gas Oil Grado 3,Al público,1070.03,1442.73,108.84,1444.00,NO,0,133.19,15.18,0,0,0,224.71,0
5878,2298,2025/01,D.G.B. S.R.L.,YPF,,30-70728425-7,Bocas de expendio (venta por menor) Combustibles líquidos únicamente,ITUZAINGO Y DEAN FUNES,VILLA DOLORES,CORDOBA,Nafta (común) hasta 92 Ron,Al público,1045.27,1464.30,79.88,1466.00,NO,0,188.45,11.54,0,0,0,219.55,0
5879,2298,2025/01,D.G.B. S.R.L.,YPF,,30-70728425-7,Bocas de expendio (venta por menor) Combustibles líquidos únicamente,ITUZAINGO Y DEAN FUNES,VILLA DOLORES,CORDOBA,Kerosene,Al público,800.15,1231.91,1.57,1237.00,NO,0,236.73,27.00,0,0,0,168.03,0
5880,2298,2025/01,D.G.B. S.R.L.,YPF,,30-70728425-7,Bocas de expendio (venta por menor) Combustibles líquidos únicamente,ITUZAINGO Y DEAN FUNES,VILLA DOLORES,CORDOBA,GNC,Al público,660.36,799.00,138800.00,799.00,NO,0,0,0,0,0,0,138.68,0
6134,3978,2025/01,DON ROBERTO SA,BLANCA,18/2022/08,30-70895265-2,Bocas de expendio (venta por menor) Combustibles líquidos únicamente,"RUTA NACIONAL N: 12, KM. 1052",SAN COSME,CORRIENTES,Nafta (premium) de más de 95 Ron,Al público,1036.52,1454.00,8.04,1454.00,NO,0,188.45,11.54,0,0,0,217.66,0
6135,3978,2025/01,DON ROBERTO SA,BLANCA,18/2022/08,30-70895265-2,Bocas de expendio (venta por menor) Combustibles líquidos únicamente,"RUTA NACIONAL N: 12, KM. 1052",SAN COSME,CORRIENTES,Gas Oil Grado 2,Al público,902.89,1195.00,49.68,1195.00,NO,0,136.89,15.60,0,0,0,189.60,0
6136,3978,2025/01,DON ROBERTO SA,BLANCA,18/2022/08,30-70895265-2,Bocas de expendio (venta por menor) Combustibles líquidos únicamente,"RUTA NACIONAL N: 12, KM. 1052",SAN COSME,CORRIENTES,Gas Oil Grado 3,Al público,1102.19,1490.00,17.04,1490.00,NO,0,136.89,15.60,0,0,0,231.46,0
6137,3978,2025/01,DON ROBERTO SA,BLANCA,18/2022/08,30-70895265-2,Bocas de expendio (venta por menor) Combustibles líquidos únicamente,"RUTA NACIONAL N: 12, KM. 1052",SAN COSME,CORRIENTES,Nafta (súper) entre 92 y 95 Ron,Al público,842.07,1165.00,60.88,1165.00,NO,0,188.45,11.54,0,0,0,176.83,0
7910,1036,2025/01,ESTACION EL SURTIDOR S.R.L.,YPF,,30-51932822-0,Bocas de expendio (venta por menor) Duales (líquidos + GNC),CORDOBA 4098,ROSARIO,SANTA FE,Kerosene,Al público,929.27,1388.15,4.19,1400.00,NO,0,236.73,12.13,14.87,0,0,195.15,0
7911,1036,2025/01,ESTACION EL SURTIDOR S.R.L.,YPF,,30-51932822-0,Bocas de expendio (venta por menor) Duales (líquidos + GNC),CORDOBA 4098,ROSARIO,SANTA FE,Gas Oil Grado 3,Al público,1060.36,1447.77,113.73,1479.00,NO,1,132.69,15.09,16.97,0,0,222.67,0
7912,1036,2025/01,ESTACION EL SURTIDOR S.R.L.,YPF,,30-51932822-0,Bocas de expendio (venta por menor) Duales (líquidos + GNC),CORDOBA 4098,ROSARIO,SANTA FE,Gas Oil Grado 2,Al público,872.92,1225.25,55.66,1251.00,NO,0,139.22,15.83,13.97,0,0,183.31,0
7913,1036,2025/01,ESTACION EL SURTIDOR S.R.L.,YPF,,30-51932822-0,Bocas de expendio (venta por menor) Duales (líquidos + GNC),CORDOBA 4098,ROSARIO,SANTA FE,GNC,Al público,512.52,639.00,78739.70,639.00,NO,0,0,0,8.20,0,0,4210.94,10.65
7914,1036,2025/01,ESTACION EL SURTIDOR S.R.L.,YPF,,30-51932822-0,Bocas de expendio (venta por menor) Duales (líquidos + GNC),CORDOBA 4098,ROSARIO,SANTA FE,Nafta (súper) entre 92 y 95 Ron,Al público,829.79,1215.83,308.13,1241.00,NO,0,187.08,11.43,13.28,0,0,174.26,0
7915,1036,2025/01,ESTACION EL SURTIDOR S.R.L.,YPF,,30-51932822-0,Bocas de expendio (venta por menor) Duales (líquidos + GNC),CORDOBA 4098,ROSARIO,SANTA FE,Nafta (súper) entre 92 y 95 Ron,Transporte de cargas,828.87,1214.76,48,0,NO,0,187.11,11.45,13.26,0,0,174.06,0
7916,1036,2025/01,ESTACION EL SURTIDOR S.R.L.,YPF,,30-51932822-0,Bocas de expendio (venta por menor) Duales (líquidos + GNC),CORDOBA 4098,ROSARIO,SANTA FE,Gas Oil Grado 2,Transporte de cargas,870.35,1221.36,90,0,NO,0,138.52,15.79,13.93,0,0,182.77,0
7917,1036,2025/01,ESTACION EL SURTIDOR S.R.L.,YPF,,30-51932822-0,Bocas de expendio (venta por menor) Duales (líquidos + GNC),CORDOBA 4098,ROSARIO,SANTA FE,Nafta (premium) de más de 95 Ron,Al público,1035.39,1461.66,172.92,1493.00,NO,0,181.21,11.06,16.57,0,0,217.43,0
7918,1036,2025/01,ESTACION EL SURTIDOR S.R.L.,YPF,,30-51932822-0,Bocas de expendio (venta por menor) Duales (líquidos + GNC),CORDOBA 4098,ROSARIO,SANTA FE,Gas Oil Grado 3,Transporte de cargas,1060.44,1449.00,25,0,NO,1,133.67,15.24,16.97,0,0,222.69,0
12063,719,2025/01,LIBEROIL SRL,YPF,,30-67791118-9,Bocas de expendio (venta por menor) Duales (líquidos + GNC),av. eva peron 3750,MERLO,BUENOS AIRES,Gas Oil Grado 3,Al público,1036.82,1424.04,30.25,1429.00,NO,0,133.33,15.20,25.92,8.91,41.49,217.73,0
12064,719,2025/01,LIBEROIL SRL,YPF,,30-67791118-9,Bocas de expendio (venta por menor) Duales (líquidos + GNC),av. eva peron 3750,MERLO,BUENOS AIRES,Gas Oil Grado 2,Al público,829.32,1177.27,46.52,1179.00,NO,0,138.96,15.83,20.73,8.91,34.44,174.16,0
12065,719,2025/01,LIBEROIL SRL,YPF,,30-67791118-9,Bocas de expendio (venta por menor) Duales (líquidos + GNC),av. eva peron 3750,MERLO,BUENOS AIRES,GNC,Al público,394.34,493.49,81548.00,494.90,NO,0,0,0,17.75,8.91,13.80,82.81,9.20
12066,719,2025/01,LIBEROIL SRL,YPF,,30-67791118-9,Bocas de expendio (venta por menor) Duales (líquidos + GNC),av. eva peron 3750,MERLO,BUENOS AIRES,Kerosene,Al público,741.11,1177.92,1.37,1179.00,NO,0,236.73,27.00,18.53,8.91,35.17,155.63,0
12067,719,2025/01,LIBEROIL SRL,YPF,,30-67791118-9,Bocas de expendio (venta por menor) Duales (líquidos + GNC),av. eva peron 3750,MERLO,BUENOS AIRES,Nafta (premium) de más de 95 Ron,Al público,1024.20,1469.42,43.04,1470.00,NO,0,188.45,11.54,30.73,8.91,42.85,215.08,0
12068,719,2025/01,LIBEROIL SRL,YPF,,30-67791118-9,Bocas de expendio (venta por menor) Duales (líquidos + GNC),av. eva peron 3750,MERLO,BUENOS AIRES,Nafta (súper) entre 92 y 95 Ron,Al público,805.67,1194.48,166.49,1195.00,NO,0,188.45,11.54,20.14,8.91,35.20,169.19,0
13157,8252,2025/01,MARIJO S.A.,YPF,,30-69854828-9,Bocas de expendio (venta por menor) Duales (líquidos + GNC),AYACUCHO 3285,RIO CUARTO,CORDOBA,Kerosene,Al público,898.92,1216.68,2.51,1237.00,NO,0,236.73,27.00,0,0,0,21,0
13158,8252,2025/01,MARIJO S.A.,YPF,,30-69854828-9,Bocas de expendio (venta por menor) Duales (líquidos + GNC),AYACUCHO 3285,RIO CUARTO,CORDOBA,Nafta (súper) entre 92 y 95 Ron,Al público,850.57,1220.15,133.04,1222.00,NO,0,179.93,11.02,0,0,0,21,0
13159,8252,2025/01,MARIJO S.A.,YPF,,30-69854828-9,Bocas de expendio (venta por menor) Duales (líquidos + GNC),AYACUCHO 3285,RIO CUARTO,CORDOBA,Gas Oil Grado 2,Al público,914.02,1250.67,189.13,1237.00,NO,0,129.89,14.80,0,0,0,21,0
13160,8252,2025/01,MARIJO S.A.,YPF,,30-69854828-9,Bocas de expendio (venta por menor) Duales (líquidos + GNC),AYACUCHO 3285,RIO CUARTO,CORDOBA,Nafta (premium) de más de 95 Ron,Al público,1055.81,1468.48,47.79,1446.00,NO,0,179.93,11.02,0,0,0,21,0
13162,8252,2025/01,MARIJO S.A.,YPF,,30-69854828-9,Bocas de expendio (venta por menor) Duales (líquidos + GNC),AYACUCHO 3285,RIO CUARTO,CORDOBA,Gas Oil Grado 3,Al público,1080.75,1448.50,113.54,1444.00,NO,0,126.38,14.40,0,0,0,21,0
13164,8252,2025/01,MARIJO S.A.,YPF,,30-69854828-9,Bocas de expendio (venta por menor) Duales (líquidos + GNC),AYACUCHO 3285,RIO CUARTO,CORDOBA,GNC,Al público,577.50,698.90,57789.00,699.00,NO,0,0,0,0,0,0,21,0
16145,10979,2025/01,PEREZ HERMANOS S.R.L.,DAPSA S.A.,,30-71621033-9,Bocas de expendio (venta por menor) Combustibles líquidos únicamente,RUTA NACIONAL 14 KM1052 0,SAN PEDRO,MISIONES,Nafta (súper) entre 92 y 95 Ron,Al público,847.94,1226.00,125.52,1226.00,NO,0,188.07,11.54,0,5.94,21.20,178.07,0
16146,10979,2025/01,PEREZ HERMANOS S.R.L.,DAPSA S.A.,,30-71621033-9,Bocas de expendio (venta por menor) Combustibles líquidos únicamente,RUTA NACIONAL 14 KM1052 0,SAN PEDRO,MISIONES,Nafta (premium) de más de 95 Ron,Al público,1052.89,1474.00,56.36,1474.00,NO,0,188.45,11.54,0,7.37,26.32,221.11,0
16147,10979,2025/01,PEREZ HERMANOS S.R.L.,DAPSA S.A.,,30-71621033-9,Bocas de expendio (venta por menor) Combustibles líquidos únicamente,RUTA NACIONAL 14 KM1052 0,SAN PEDRO,MISIONES,Gas Oil Grado 2,Al público,894.87,1246.00,103.64,1246.00,NO,0,146.50,16.70,0,6.26,22.37,187.92,0
16148,10979,2025/01,PEREZ HERMANOS S.R.L.,DAPSA S.A.,,30-71621033-9,Bocas de expendio (venta por menor) Combustibles líquidos únicamente,RUTA NACIONAL 14 KM1052 0,SAN PEDRO,MISIONES,Gas Oil Grado 3,Al público,1129.05,1531.00,143.62,1531.00,NO,0,147.98,16.98,0,7.90,28.23,237.10,0
17196,7672,2025/01,POSTA 16 S.R.L.,GULF,,30-71092757-6,Bocas de expendio (venta por menor) Combustibles líquidos únicamente,FORMOSA 949,ROLDAN,SANTA FE,Gas Oil Grado 2,Al público,922.87,1273.91,82.10,1270.00,NO,0,133.07,15.74,0,0,0,922.47,0
17197,7672,2025/01,POSTA 16 S.R.L.,GULF,,30-71092757-6,Bocas de expendio (venta por menor) Combustibles líquidos únicamente,FORMOSA 949,ROLDAN,SANTA FE,Nafta (premium) de más de 95 Ron,Al público,1042.77,1461.11,13.49,1463.00,NO,0,188.45,11.54,0,0,0,1043.80,0
17198,7672,2025/01,POSTA 16 S.R.L.,GULF,,30-71092757-6,Bocas de expendio (venta por menor) Combustibles líquidos únicamente,FORMOSA 949,ROLDAN,SANTA FE,Nafta (súper) entre 92 y 95 Ron,Al público,839.77,1215.63,65.76,1217.00,NO,0,188.45,11.54,0,0,0,176.50,0
17199,7672,2025/01,POSTA 16 S.R.L.,GULF,,30-71092757-6,Bocas de expendio (venta por menor) Combustibles líquidos únicamente,FORMOSA 949,ROLDAN,SANTA FE,Gas Oil Grado 3,Al público,1117.04,1499.83,18.41,1499.00,NO,0,133.78,15.25,0,0,0,234.29,0
17437,189,2025/01,PUERTA SA,AXION,,30-59299051-9,Bocas de expendio (venta por menor) Combustibles líquidos únicamente,Avenida Quaranta 4150,POSADAS,MISIONES,Nafta (súper) entre 92 y 95 Ron,Al público,846.55,1224.06,208.83,1226.00,NO,0,188.20,11.53,0,0,0,199.27,0
17439,189,2025/01,PUERTA SA,AXION,,30-59299051-9,Bocas de expendio (venta por menor) Combustibles líquidos únicamente,Avenida Quaranta 4150,POSADAS,MISIONES,Gas Oil Grado 2,Al público,979.81,1336.96,41.93,1340.00,NO,0,135.90,15.49,0,0,0,205.76,0
17440,189,2025/01,PUERTA SA,AXION,,30-59299051-9,Bocas de expendio (venta por menor) Combustibles líquidos únicamente,Avenida Quaranta 4150,POSADAS,MISIONES,Nafta (premium) de más de 95 Ron,Al público,1101.11,1532.16,28.71,1536.00,NO,0,188.28,11.53,0,0,0,231.23,0
17441,189,2025/01,PUERTA SA,AXION,,30-59299051-9,Bocas de expendio (venta por menor) Combustibles líquidos únicamente,Avenida Quaranta 4150,POSADAS,MISIONES,Gas Oil Grado 3,Al público,1192.93,1594.80,19.74,1598.00,NO,0,135.88,15.49,0,0,0,250.51,0
18449,4653,2025/01,"ROGER, HUGO DANIEL",SHELL C.A.P.S.A.,,20-16232054-9,Bocas de expendio (venta por menor) Combustibles líquidos únicamente,MONZON Y L.COBELLO 95,VILLA ANGELA,CHACO,Nafta (premium) de más de 95 Ron,Al público,1194.73,1541.00,6.15,1541.00,NO,0,214.14,13.11,0,0,0,119.01,0
18454,4653,2025/01,"ROGER, HUGO DANIEL",SHELL C.A.P.S.A.,,20-16232054-9,Bocas de expendio (venta por menor) Combustibles líquidos únicamente,MONZON Y L.COBELLO 95,VILLA ANGELA,CHACO,Gas Oil Grado 3,Al público,1188.08,1541.00,4.33,1541.00,NO,0,147.98,16.86,0,0,0,188.13,0
18456,4653,2025/01,"ROGER, HUGO DANIEL",SHELL C.A.P.S.A.,,20-16232054-9,Bocas de expendio (venta por menor) Combustibles líquidos únicamente,MONZON Y L.COBELLO 95,VILLA ANGELA,CHACO,Nafta (súper) entre 92 y 95 Ron,Al público,988.50,1262.00,33.25,1262.00,NO,0,214.14,13.11,0,0,0,46.25,0
18457,4653,2025/01,"ROGER, HUGO DANIEL",SHELL C.A.P.S.A.,,20-16232054-9,Bocas de expendio (venta por menor) Combustibles líquidos únicamente,MONZON Y L.COBELLO 95,VILLA ANGELA,CHACO,Gas Oil Grado 2,Al público,1009.91,1315.00,55.33,1315.00,NO,0,147.98,16.86,0,0,0,140.25,0
18552,2951,2025/01,ROQUE LINO PENZO Y CIA S.R.L.,YPF,,30-66986964-5,Bocas de expendio (venta por menor) Combustibles Líquidos + PRVE,SAN MARTIN N 1000,SANTA LUCIA,CORRIENTES,Gas Oil Grado 2,Al público,844.57,1246.00,107.35,1246.00,NO,0,158.81,18.11,0,0,0,224.57,0
18553,2951,2025/01,ROQUE LINO PENZO Y CIA S.R.L.,YPF,,30-66986964-5,Bocas de expendio (venta por menor) Combustibles Líquidos + PRVE,SAN MARTIN N 1000,SANTA LUCIA,CORRIENTES,Gas Oil Grado 3,Al público,1041.00,1495.00,68.27,1495.00,NO,0,159.13,18.15,0,0,0,276.72,0
18554,2951,2025/01,ROQUE LINO PENZO Y CIA S.R.L.,YPF,,30-66986964-5,Bocas de expendio (venta por menor) Combustibles Líquidos + PRVE,SAN MARTIN N 1000,SANTA LUCIA,CORRIENTES,Nafta (premium) de más de 95 Ron,Al público,964.26,1464.00,24.67,1464.00,NO,0,229.36,14.05,0,0,0,256.32,0
18555,2951,2025/01,ROQUE LINO PENZO Y CIA S.R.L.,YPF,,30-66986964-5,Bocas de expendio (venta por menor) Combustibles Líquidos + PRVE,SAN MARTIN N 1000,SANTA LUCIA,CORRIENTES,Nafta (súper) entre 92 y 95 Ron,Al público,763.27,1204.00,219.73,1204.00,NO,0,229.36,14.05,0,0,0,197.31,0
19145,563,2025/01,SANTA BARBARA SA,YPF,,30-64767888-9,Bocas de expendio (venta por menor) Duales (líquidos + GNC),AUTOPISTA CORDOBA PILAR KM 692,CORDOBA,CORDOBA,Gas Oil Grado 2,Al público,934.78,1236.29,253.52,1237.00,NO,0,94.43,10.76,0,0,0,196.30,0
19146,563,2025/01,SANTA BARBARA SA,YPF,,30-64767888-9,Bocas de expendio (venta por menor) Duales (líquidos + GNC),AUTOPISTA CORDOBA PILAR KM 692,CORDOBA,CORDOBA,Nafta (súper) entre 92 y 95 Ron,Al público,883.30,1214.31,287.41,1216.00,NO,0,137.12,8.40,0,0,0,185.49,0
19148,563,2025/01,SANTA BARBARA SA,YPF,,30-64767888-9,Bocas de expendio (venta por menor) Duales (líquidos + GNC),AUTOPISTA CORDOBA PILAR KM 692,CORDOBA,CORDOBA,Nafta (premium) de más de 95 Ron,Al público,1075.05,1446.33,156.95,1459.00,NO,0,137.12,8.40,0,0,0,225.76,0
19149,563,2025/01,SANTA BARBARA SA,YPF,,30-64767888-9,Bocas de expendio (venta por menor) Duales (líquidos + GNC),AUTOPISTA CORDOBA PILAR KM 692,CORDOBA,CORDOBA,Gas Oil Grado 3,Al público,1106.79,1441.56,246.10,1444.00,NO,0,91.88,10.76,0,0,0,232.43,0
19150,563,2025/01,SANTA BARBARA SA,YPF,,30-64767888-9,Bocas de expendio (venta por menor) Duales (líquidos + GNC),AUTOPISTA CORDOBA PILAR KM 692,CORDOBA,CORDOBA,GNC,Al público,560.95,678.74,104981.00,699.00,NO,0,0,0,0,0,0,117.80,10.49
20381,6644,2025/01,SUCATA S.A.,YPF,,30-70827063-2,Bocas de expendio (venta por menor) Duales (líquidos + GNC),"RUTA PROVINCIAL Nº 10 0,7",SAN LORENZO,SANTA FE,Nafta (súper) entre 92 y 95 Ron,Al público,829.40,1203.25,276.27,1204.00,NO,0,188.16,11.53,0,0,0,695.36,0
20382,6644,2025/01,SUCATA S.A.,YPF,,30-70827063-2,Bocas de expendio (venta por menor) Duales (líquidos + GNC),"RUTA PROVINCIAL Nº 10 0,7",SAN LORENZO,SANTA FE,Nafta (premium) de más de 95 Ron,Al público,1035.68,1443.58,118.47,1444.00,NO,0,179.42,10.99,0,0,0,315.35,0
20383,6644,2025/01,SUCATA S.A.,YPF,,30-70827063-2,Bocas de expendio (venta por menor) Duales (líquidos + GNC),"RUTA PROVINCIAL Nº 10 0,7",SAN LORENZO,SANTA FE,Kerosene,Al público,504.21,620.81,163.29,630.00,NO,0,0,10.71,0,0,0,105.88,0
20384,6644,2025/01,SUCATA S.A.,YPF,,30-70827063-2,Bocas de expendio (venta por menor) Duales (líquidos + GNC),"RUTA PROVINCIAL Nº 10 0,7",SAN LORENZO,SANTA FE,Gas Oil Grado 2,Al público,880.70,1219.72,789.87,1225.00,NO,0,138.31,15.76,0,0,0,184.97,0
20458,1907,2025/01,SUCESORES DE OVIDIO JUAN DEGREGORIO S.H,YPF,,30-67017935-0,Bocas de expendio (venta por menor) Combustibles líquidos únicamente,AV.AVALOS 1001,RESISTENCIA,CHACO,Gas Oil Grado 2,Al público,910.17,1246.00,76.75,1246.00,NO,0,129.89,14.80,0,0,0,191.14,0
20459,1907,2025/01,SUCESORES DE OVIDIO JUAN DEGREGORIO S.H,YPF,,30-67017935-0,Bocas de expendio (venta por menor) Combustibles líquidos únicamente,AV.AVALOS 1001,RESISTENCIA,CHACO,Gas Oil Grado 3,Al público,1119.57,1495.00,73.70,1495.00,NO,0,125.96,14.36,0,0,0,235.11,0
20460,1907,2025/01,SUCESORES DE OVIDIO JUAN DEGREGORIO S.H,YPF,,30-67017935-0,Bocas de expendio (venta por menor) Combustibles líquidos únicamente,AV.AVALOS 1001,RESISTENCIA,CHACO,Nafta (premium) de más de 95 Ron,Al público,1052.11,1464.00,48.79,1464.00,NO,0,179.93,11.02,0,0,0,220.94,0
20461,1907,2025/01,SUCESORES DE OVIDIO JUAN DEGREGORIO S.H,YPF,,30-67017935-0,Bocas de expendio (venta por menor) Combustibles líquidos únicamente,AV.AVALOS 1001,RESISTENCIA,CHACO,Nafta (súper) entre 92 y 95 Ron,Al público,837.23,1204.00,187.75,1204.00,NO,0,179.93,11.02,0,0,0,175.82,0
22125,723,2025/02,AGLP SA,YPF,,30-70715847-2,Bocas de expendio (venta por menor) Duales (líquidos + GNC),BLAS PARERA 935,ITUZAINGO,BUENOS AIRES,GNC,Al público,368.15,484.90,71508.00,484.90,NO,0,0,0,4.78,0,0,77.31,9.28
22126,723,2025/02,AGLP SA,YPF,,30-70715847-2,Bocas de expendio (venta por menor) Duales (líquidos + GNC),BLAS PARERA 935,ITUZAINGO,BUENOS AIRES,Gas Oil Grado 3,Al público,1128.87,1440.92,30.61,1441.00,NO,0,236.73,27.00,14.66,0,0,237.06,0
22127,723,2025/02,AGLP SA,YPF,,30-70715847-2,Bocas de expendio (venta por menor) Duales (líquidos + GNC),BLAS PARERA 935,ITUZAINGO,BUENOS AIRES,Nafta (premium) de más de 95 Ron,Al público,1151.28,1474.94,64.97,1475.00,NO,0,214.15,13.12,14.95,0,0,241.76,0
22128,723,2025/02,AGLP SA,YPF,,30-70715847-2,Bocas de expendio (venta por menor) Duales (líquidos + GNC),BLAS PARERA 935,ITUZAINGO,BUENOS AIRES,Nafta (común) hasta 92 Ron,Al público,934.03,1204.98,167.96,1205.00,NO,0,214.15,13.12,12.13,0,0,196.14,0
22129,723,2025/02,AGLP SA,YPF,,30-70715847-2,Bocas de expendio (venta por menor) Duales (líquidos + GNC),BLAS PARERA 935,ITUZAINGO,BUENOS AIRES,Gas Oil Grado 2,Al público,932.31,1191.00,54.45,1191.00,NO,0,147.98,16.87,12.11,0,0,195.78,0
24702,9641,2025/02,"BORDAQUEVICH, HUGO JOSE",AXION,,20-18054580-9,Bocas de expendio (venta por menor) Combustibles líquidos únicamente,RUTA 2 Y AV. REP. ARGENTINA (LOTE RURAL 065 E INMOBILIARIA 4176),CONCEPCION DE LA SIERRA,MISIONES,Nafta (premium) de más de 95 Ron,Al público,1178.00,1568.00,9.00,1569.00,NO,0,147.98,16.87,0,0,0,222.81,0
24703,9641,2025/02,"BORDAQUEVICH, HUGO JOSE",AXION,,20-18054580-9,Bocas de expendio (venta por menor) Combustibles líquidos únicamente,RUTA 2 Y AV. REP. ARGENTINA (LOTE RURAL 065 E INMOBILIARIA 4176),CONCEPCION DE LA SIERRA,MISIONES,Gas Oil Grado 2,Al público,1031.00,1348.00,39.00,1349.00,NO,0,214.15,13.12,0,0,0,266.70,0
24704,9641,2025/02,"BORDAQUEVICH, HUGO JOSE",AXION,,20-18054580-9,Bocas de expendio (venta por menor) Combustibles líquidos únicamente,RUTA 2 Y AV. REP. ARGENTINA (LOTE RURAL 065 E INMOBILIARIA 4176),CONCEPCION DE LA SIERRA,MISIONES,Nafta (común) hasta 92 Ron,Al público,959.66,1278.00,21.00,1279.00,NO,0,214.15,13.12,0,0,0,211.47,0
24705,9641,2025/02,"BORDAQUEVICH, HUGO JOSE",AXION,,20-18054580-9,Bocas de expendio (venta por menor) Combustibles líquidos únicamente,RUTA 2 Y AV. REP. ARGENTINA (LOTE RURAL 065 E INMOBILIARIA 4176),CONCEPCION DE LA SIERRA,MISIONES,Gas Oil Grado 3,Al público,1275.00,1628.00,26.00,1629.00,NO,0,147.00,16.87,0,0,0,275.52,0
24957,104,2025/02,CALCAGNO RICARDO OMAR Y CALCAGNO RICARDO JAVIER SOC. HECHO,SHELL C.A.P.S.A.,,33-70812864-9,Bocas de expendio (venta por menor) Combustibles líquidos únicamente,AV. 25 DE MAYO 280,RESISTENCIA,CHACO,Gas Oil Grado 2,Al público,974.00,1341.00,18.39,1341.00,NO,0,141.81,16.16,0,0,19.00,166.28,0
24958,104,2025/02,CALCAGNO RICARDO OMAR Y CALCAGNO RICARDO JAVIER SOC. HECHO,SHELL C.A.P.S.A.,,33-70812864-9,Bocas de expendio (venta por menor) Combustibles líquidos únicamente,AV. 25 DE MAYO 280,RESISTENCIA,CHACO,Gas Oil Grado 3,Al público,1194.04,1599.00,59.34,1599.00,NO,0,141.93,16.18,0,0,21.91,196.83,0
24959,104,2025/02,CALCAGNO RICARDO OMAR Y CALCAGNO RICARDO JAVIER SOC. HECHO,SHELL C.A.P.S.A.,,33-70812864-9,Bocas de expendio (venta por menor) Combustibles líquidos únicamente,AV. 25 DE MAYO 280,RESISTENCIA,CHACO,Nafta (premium) de más de 95 Ron,Al público,1133.91,1567.00,84.28,1567.00,NO,0,188.45,11.54,0,0,21.62,185.04,0
24960,104,2025/02,CALCAGNO RICARDO OMAR Y CALCAGNO RICARDO JAVIER SOC. HECHO,SHELL C.A.P.S.A.,,33-70812864-9,Bocas de expendio (venta por menor) Combustibles líquidos únicamente,AV. 25 DE MAYO 280,RESISTENCIA,CHACO,Nafta (súper) entre 92 y 95 Ron,Al público,897.51,1289.00,187.55,1289.00,NO,0,188.45,11.54,0,0,18.42,151.44,0
26584,683,2025/02,CONSTRUCTORA EDIFICAR SA,SHELL C.A.P.S.A.,,30-65765065-6,Bocas de expendio (venta por menor) Combustibles líquidos únicamente,ESTADOS UNIDOS 725,CORRIENTES,CORRIENTES,Gas Oil Grado 2,Al público,975.55,1341.00,10.51,1341.00,NO,0,145.02,16.53,0,0,0,168.52,0
26585,683,2025/02,CONSTRUCTORA EDIFICAR SA,SHELL C.A.P.S.A.,,30-65765065-6,Bocas de expendio (venta por menor) Combustibles líquidos únicamente,ESTADOS UNIDOS 725,CORRIENTES,CORRIENTES,Gas Oil Grado 3,Al público,1188.78,1599.00,15.98,1599.00,NO,0,145.02,16.53,0,0,0,199.63,0
26586,683,2025/02,CONSTRUCTORA EDIFICAR SA,SHELL C.A.P.S.A.,,30-65765065-6,Bocas de expendio (venta por menor) Combustibles líquidos únicamente,ESTADOS UNIDOS 725,CORRIENTES,CORRIENTES,Nafta (premium) de más de 95 Ron,Al público,1129.75,1567.00,32.98,1567.00,NO,0,188.45,11.54,0,0,0,188.39,0
26587,683,2025/02,CONSTRUCTORA EDIFICAR SA,SHELL C.A.P.S.A.,,30-65765065-6,Bocas de expendio (venta por menor) Combustibles líquidos únicamente,ESTADOS UNIDOS 725,CORRIENTES,CORRIENTES,Nafta (súper) entre 92 y 95 Ron,Al público,900.00,1289.00,119.28,1289.00,NO,0,188.45,11.54,0,0,0,154.21,0
27099,475,2025/02,CUBA SA,YPF,,30-68389938-7,Bocas de expendio (venta por menor) Duales (líquidos + GNC),AV. PTE PERON 2282,VILLA DE MAYO,BUENOS AIRES,GNC,Al público,464.94,562.57,94624.00,562.57,NO,0,0,0,0,0,0,97.64,0
27100,475,2025/02,CUBA SA,YPF,,30-68389938-7,Bocas de expendio (venta por menor) Duales (líquidos + GNC),AV. PTE PERON 2282,VILLA DE MAYO,BUENOS AIRES,Nafta (premium) de más de 95 Ron,Al público,1083.70,1457.00,30.05,1457.00,NO,0,15.28,94,20,0,0,227.58,0
27101,475,2025/02,CUBA SA,YPF,,30-68389938-7,Bocas de expendio (venta por menor) Duales (líquidos + GNC),AV. PTE PERON 2282,VILLA DE MAYO,BUENOS AIRES,Gas Oil Grado 3,Al público,1093.02,1425.00,57.72,1425.00,NO,0,9.42,1.07,20,0,0,229.53,0
27102,475,2025/02,CUBA SA,YPF,,30-68389938-7,Bocas de expendio (venta por menor) Duales (líquidos + GNC),AV. PTE PERON 2282,VILLA DE MAYO,BUENOS AIRES,Nafta (súper) entre 92 y 95 Ron,Al público,863.08,1190.00,201.40,1190.00,NO,0,15.28,94,15,0,0,326.92,0
27103,475,2025/02,CUBA SA,YPF,,30-68389938-7,Bocas de expendio (venta por menor) Duales (líquidos + GNC),AV. PTE PERON 2282,VILLA DE MAYO,BUENOS AIRES,Gas Oil Grado 2,Al público,883.57,1175.15,30.80,1175.15,NO,0,9.42,1.07,15,0,0,185.55,0
27774,2298,2025/02,D.G.B. S.R.L.,YPF,,30-70728425-7,Bocas de expendio (venta por menor) Combustibles líquidos únicamente,ITUZAINGO Y DEAN FUNES,VILLA DOLORES,CORDOBA,Kerosene,Al público,804.36,1237.00,1.82,1237.00,NO,0,236.73,27.00,0,0,0,168.92,0
27775,2298,2025/02,D.G.B. S.R.L.,YPF,,30-70728425-7,Bocas de expendio (venta por menor) Combustibles líquidos únicamente,ITUZAINGO Y DEAN FUNES,VILLA DOLORES,CORDOBA,Nafta (premium) de más de 95 Ron,Al público,1071.07,1496.00,69.29,1496.00,NO,0,188.45,11.54,0,0,0,224.92,0
27776,2298,2025/02,D.G.B. S.R.L.,YPF,,30-70728425-7,Bocas de expendio (venta por menor) Combustibles líquidos únicamente,ITUZAINGO Y DEAN FUNES,VILLA DOLORES,CORDOBA,Nafta (súper) entre 92 y 95 Ron,Al público,865.29,1247.00,293.90,1247.00,NO,0,188.45,11.54,0,0,0,181.71,0
27777,2298,2025/02,D.G.B. S.R.L.,YPF,,30-70728425-7,Bocas de expendio (venta por menor) Combustibles líquidos únicamente,ITUZAINGO Y DEAN FUNES,VILLA DOLORES,CORDOBA,Gas Oil Grado 3,Al público,1094.74,1473.00,110.42,1473.00,NO,0,133.19,15.18,0,0,0,229.90,0
27778,2298,2025/02,D.G.B. S.R.L.,YPF,,30-70728425-7,Bocas de expendio (venta por menor) Combustibles líquidos únicamente,ITUZAINGO Y DEAN FUNES,VILLA DOLORES,CORDOBA,Gas Oil Grado 2,Al público,916.86,1261.90,110.38,1262.00,NO,0,136.00,15.60,0,0,0,192.54,0
27779,2298,2025/02,D.G.B. S.R.L.,YPF,,30-70728425-7,Bocas de expendio (venta por menor) Combustibles líquidos únicamente,ITUZAINGO Y DEAN FUNES,VILLA DOLORES,CORDOBA,GNC,Al público,696.20,842.40,124890.00,849.00,NO,0,0,0,0,0,0,146.20,0
28036,3978,2025/02,DON ROBERTO SA,BLANCA,18/2022/08,30-70895265-2,Bocas de expendio (venta por menor) Combustibles líquidos únicamente,"RUTA NACIONAL N: 12, KM. 1052",SAN COSME,CORRIENTES,Gas Oil Grado 2,Al público,925.14,1271.91,39.50,1271.00,NO,0,136.89,15.60,0,0,0,194.29,0
28037,3978,2025/02,DON ROBERTO SA,BLANCA,18/2022/08,30-70895265-2,Bocas de expendio (venta por menor) Combustibles líquidos únicamente,"RUTA NACIONAL N: 12, KM. 1052",SAN COSME,CORRIENTES,Nafta (premium) de más de 95 Ron,Al público,1062.76,1485.94,9.64,1497.00,NO,0,188.45,11.54,0,0,0,223.18,0
28038,3978,2025/02,DON ROBERTO SA,BLANCA,18/2022/08,30-70895265-2,Bocas de expendio (venta por menor) Combustibles líquidos únicamente,"RUTA NACIONAL N: 12, KM. 1052",SAN COSME,CORRIENTES,Gas Oil Grado 3,Al público,1147.76,1541.28,13.28,1545.00,NO,0,136.89,15.60,0,0,0,241.03,0
28039,3978,2025/02,DON ROBERTO SA,BLANCA,18/2022/08,30-70895265-2,Bocas de expendio (venta por menor) Combustibles líquidos únicamente,"RUTA NACIONAL N: 12, KM. 1052",SAN COSME,CORRIENTES,Nafta (súper) entre 92 y 95 Ron,Al público,873.97,1257.50,55.58,1258.00,NO,0,188.45,11.54,0,0,0,183.53,0
29823,1036,2025/02,ESTACION EL SURTIDOR S.R.L.,YPF,,30-51932822-0,Bocas de expendio (venta por menor) Duales (líquidos + GNC),CORDOBA 4098,ROSARIO,SANTA FE,GNC,Al público,526.06,655.69,76233.80,659.00,NO,0,0,0,8.42,0,0,4556.48,10.75
29824,1036,2025/02,ESTACION EL SURTIDOR S.R.L.,YPF,,30-51932822-0,Bocas de expendio (venta por menor) Duales (líquidos + GNC),CORDOBA 4098,ROSARIO,SANTA FE,Nafta (súper) entre 92 y 95 Ron,Al público,849.14,1241.02,295.35,1266.00,NO,0,188.45,11.52,13.59,0,0,178.32,0
29825,1036,2025/02,ESTACION EL SURTIDOR S.R.L.,YPF,,30-51932822-0,Bocas de expendio (venta por menor) Duales (líquidos + GNC),CORDOBA 4098,ROSARIO,SANTA FE,Nafta (premium) de más de 95 Ron,Al público,1054.64,1492.96,158.75,1523.00,NO,0,188.46,11.51,16.87,0,0,221.48,0
29826,1036,2025/02,ESTACION EL SURTIDOR S.R.L.,YPF,,30-51932822-0,Bocas de expendio (venta por menor) Duales (líquidos + GNC),CORDOBA 4098,ROSARIO,SANTA FE,Gas Oil Grado 3,Al público,1084.03,1479.01,97.36,1508.00,NO,1,134.67,15.31,17.34,0,0,227.65,0
29827,1036,2025/02,ESTACION EL SURTIDOR S.R.L.,YPF,,30-51932822-0,Bocas de expendio (venta por menor) Duales (líquidos + GNC),CORDOBA 4098,ROSARIO,SANTA FE,Gas Oil Grado 2,Al público,893.69,1250.92,55.91,1276.00,NO,0,139.42,15.84,14.30,0,0,187.67,0
29828,1036,2025/02,ESTACION EL SURTIDOR S.R.L.,YPF,,30-51932822-0,Bocas de expendio (venta por menor) Duales (líquidos + GNC),CORDOBA 4098,ROSARIO,SANTA FE,Gas Oil Grado 3,Transporte de cargas,1083.67,1479.00,24,0,NO,1,135.03,15.39,17.34,0,0,227.57,0
29829,1036,2025/02,ESTACION EL SURTIDOR S.R.L.,YPF,,30-51932822-0,Bocas de expendio (venta por menor) Duales (líquidos + GNC),CORDOBA 4098,ROSARIO,SANTA FE,Gas Oil Grado 2,Transporte de cargas,893.31,1251.00,87,0,NO,0,139.86,15.94,14.29,0,0,187.60,0
29830,1036,2025/02,ESTACION EL SURTIDOR S.R.L.,YPF,,30-51932822-0,Bocas de expendio (venta por menor) Duales (líquidos + GNC),CORDOBA 4098,ROSARIO,SANTA FE,Nafta (súper) entre 92 y 95 Ron,Transporte de cargas,849.14,1241.00,56,0,NO,0,188.45,11.50,13.59,0,0,178.32,0
29831,1036,2025/02,ESTACION EL SURTIDOR S.R.L.,YPF,,30-51932822-0,Bocas de expendio (venta por menor) Duales (líquidos + GNC),CORDOBA 4098,ROSARIO,SANTA FE,Kerosene,Al público,939.07,1400.00,2.58,1400.00,NO,0,236.73,11.97,15.03,0,0,197.20,0
33962,719,2025/02,LIBEROIL SRL,YPF,,30-67791118-9,Bocas de expendio (venta por menor) Duales (líquidos + GNC),av. eva peron 3750,MERLO,BUENOS AIRES,Nafta (premium) de más de 95 Ron,Al público,1045.20,1500.15,38.65,1529.00,NO,0,219.51,13.45,31.36,9.51,44.74,219.49,0
33963,719,2025/02,LIBEROIL SRL,YPF,,30-67791118-9,Bocas de expendio (venta por menor) Duales (líquidos + GNC),av. eva peron 3750,MERLO,BUENOS AIRES,Kerosene,Al público,764.24,1203.01,89,1226.00,NO,0,253.00,29.16,19.11,9.51,36.62,160.49,0
33964,719,2025/02,LIBEROIL SRL,YPF,,30-67791118-9,Bocas de expendio (venta por menor) Duales (líquidos + GNC),av. eva peron 3750,MERLO,BUENOS AIRES,GNC,Al público,394.34,494.90,72631.00,494.90,NO,0,0,0,17.75,9.51,13.80,82.81,9.20
33965,719,2025/02,LIBEROIL SRL,YPF,,30-67791118-9,Bocas de expendio (venta por menor) Duales (líquidos + GNC),av. eva peron 3750,MERLO,BUENOS AIRES,Gas Oil Grado 2,Al público,855.44,1201.06,36.71,1226.00,NO,0,152.19,17.35,21.39,9.51,35.87,179.64,0
33966,719,2025/02,LIBEROIL SRL,YPF,,30-67791118-9,Bocas de expendio (venta por menor) Duales (líquidos + GNC),av. eva peron 3750,MERLO,BUENOS AIRES,Nafta (súper) entre 92 y 95 Ron,Al público,817.85,1219.05,149.39,1243.00,NO,0,219.51,13.45,20.45,9.51,36.78,171.75,0
33967,719,2025/02,LIBEROIL SRL,YPF,,30-67791118-9,Bocas de expendio (venta por menor) Duales (líquidos + GNC),av. eva peron 3750,MERLO,BUENOS AIRES,Gas Oil Grado 3,Al público,1065.97,1456.96,24.53,1486.00,NO,0,152.19,17.35,26.65,9.51,43.24,223.85,0
35055,8252,2025/02,MARIJO S.A.,YPF,,30-69854828-9,Bocas de expendio (venta por menor) Duales (líquidos + GNC),AYACUCHO 3285,RIO CUARTO,CORDOBA,Nafta (súper) entre 92 y 95 Ron,Al público,865.85,1246.97,131.54,1247.00,NO,0,188.45,11.54,0,0,0,21,0
35056,8252,2025/02,MARIJO S.A.,YPF,,30-69854828-9,Bocas de expendio (venta por menor) Duales (líquidos + GNC),AYACUCHO 3285,RIO CUARTO,CORDOBA,GNC,Al público,544.06,699.00,43360.00,699.00,NO,0,0,0,0,0,0,21,0
35061,8252,2025/02,MARIJO S.A.,YPF,,30-69854828-9,Bocas de expendio (venta por menor) Duales (líquidos + GNC),AYACUCHO 3285,RIO CUARTO,CORDOBA,Kerosene,Al público,831.94,1271.80,2.51,1262.00,NO,0,236.73,26.99,0,0,0,21,0
35062,8252,2025/02,MARIJO S.A.,YPF,,30-69854828-9,Bocas de expendio (venta por menor) Duales (líquidos + GNC),AYACUCHO 3285,RIO CUARTO,CORDOBA,Nafta (premium) de más de 95 Ron,Al público,1074.76,1499.69,46.45,1496.00,NO,0,188.45,11.54,0,0,0,21,0
35063,8252,2025/02,MARIJO S.A.,YPF,,30-69854828-9,Bocas de expendio (venta por menor) Duales (líquidos + GNC),AYACUCHO 3285,RIO CUARTO,CORDOBA,Gas Oil Grado 2,Al público,928.12,1275.30,163.61,1262.00,NO,0,136.89,15.60,0,0,0,21,0
35064,8252,2025/02,MARIJO S.A.,YPF,,30-69854828-9,Bocas de expendio (venta por menor) Duales (líquidos + GNC),AYACUCHO 3285,RIO CUARTO,CORDOBA,Gas Oil Grado 3,Al público,1098.07,1476.60,105.66,1473.00,NO,0,133.19,15.18,0,0,0,21,0
37940,10979,2025/02,PEREZ HERMANOS S.R.L.,DAPSA S.A.,,30-71621033-9,Bocas de expendio (venta por menor) Combustibles líquidos únicamente,RUTA NACIONAL 14 KM1052 0,SAN PEDRO,MISIONES,Nafta (premium) de más de 95 Ron,Al público,1077.69,1504.00,13.57,1504.00,NO,0,188.45,11.54,0,7.54,26.94,226.31,0
37941,10979,2025/02,PEREZ HERMANOS S.R.L.,DAPSA S.A.,,30-71621033-9,Bocas de expendio (venta por menor) Combustibles líquidos únicamente,RUTA NACIONAL 14 KM1052 0,SAN PEDRO,MISIONES,Nafta (común) hasta 92 Ron,Al público,868.60,1251.00,131.54,1251.00,NO,0,188.45,11.54,0,6.08,21.72,182.40,0
37942,10979,2025/02,PEREZ HERMANOS S.R.L.,DAPSA S.A.,,30-71621033-9,Bocas de expendio (venta por menor) Combustibles líquidos únicamente,RUTA NACIONAL 14 KM1052 0,SAN PEDRO,MISIONES,Gas Oil Grado 2,Al público,915.54,1271.00,162.54,1271.00,NO,0,146.50,16.70,0,6.41,22.89,192.26,0
37943,10979,2025/02,PEREZ HERMANOS S.R.L.,DAPSA S.A.,,30-71621033-9,Bocas de expendio (venta por menor) Combustibles líquidos únicamente,RUTA NACIONAL 14 KM1052 0,SAN PEDRO,MISIONES,Gas Oil Grado 3,Al público,1129.05,1531.00,34.07,1531.00,NO,0,147.98,16.87,0,7.90,28.23,237.10,0
39003,7672,2025/02,POSTA 16 S.R.L.,GULF,,30-71092757-6,Bocas de expendio (venta por menor) Combustibles líquidos únicamente,FORMOSA 949,ROLDAN,SANTA FE,Gas Oil Grado 3,Al público,1138.82,1528.00,19.96,1528.00,NO,0,133.78,15.25,0,0,0,239.33,0
39004,7672,2025/02,POSTA 16 S.R.L.,GULF,,30-71092757-6,Bocas de expendio (venta por menor) Combustibles líquidos únicamente,FORMOSA 949,ROLDAN,SANTA FE,Gas Oil Grado 2,Al público,941.41,1294.85,78.65,1295.00,NO,0,140.14,15.97,0,0,0,197.66,0
39005,7672,2025/02,POSTA 16 S.R.L.,GULF,,30-71092757-6,Bocas de expendio (venta por menor) Combustibles líquidos únicamente,FORMOSA 949,ROLDAN,SANTA FE,Nafta (premium) de más de 95 Ron,Al público,1065.85,1489.67,13.18,1493.00,NO,0,188.45,11.54,0,0,0,224.41,0
39006,7672,2025/02,POSTA 16 S.R.L.,GULF,,30-71092757-6,Bocas de expendio (venta por menor) Combustibles líquidos únicamente,FORMOSA 949,ROLDAN,SANTA FE,Nafta (súper) entre 92 y 95 Ron,Al público,859.38,1239.85,60.20,1241.00,NO,0,188.45,11.54,0,0,0,180.67,0
39229,189,2025/02,PUERTA SA,AXION,,30-59299051-9,Bocas de expendio (venta por menor) Combustibles líquidos únicamente,Avenida Quaranta 4150,POSADAS,MISIONES,Nafta (súper) entre 92 y 95 Ron,Al público,868.30,1250.64,187.66,1251.00,NO,0,188.45,11.54,0,0,0,182.41,0
39230,189,2025/02,PUERTA SA,AXION,,30-59299051-9,Bocas de expendio (venta por menor) Combustibles líquidos únicamente,Avenida Quaranta 4150,POSADAS,MISIONES,Nafta (premium) de más de 95 Ron,Al público,1129.38,1566.55,21.11,1567.00,NO,0,188.45,11.54,0,0,0,237.25,0
39232,189,2025/02,PUERTA SA,AXION,,30-59299051-9,Bocas de expendio (venta por menor) Combustibles líquidos únicamente,Avenida Quaranta 4150,POSADAS,MISIONES,Gas Oil Grado 2,Al público,1003.55,1365.80,36.86,1366.00,NO,0,136.00,15.50,0,0,0,210.71,0
39233,189,2025/02,PUERTA SA,AXION,,30-59299051-9,Bocas de expendio (venta por menor) Combustibles líquidos únicamente,Avenida Quaranta 4150,POSADAS,MISIONES,Gas Oil Grado 3,Al público,1221.64,1629.69,24.16,1630.00,NO,0,136.00,15.50,0,0,0,256.49,0
40239,4653,2025/02,"ROGER, HUGO DANIEL",SHELL C.A.P.S.A.,,20-16232054-9,Bocas de expendio (venta por menor) Combustibles líquidos únicamente,MONZON Y L.COBELLO 95,VILLA ANGELA,CHACO,Gas Oil Grado 2,Al público,966.78,1341.00,49.38,1341.00,NO,0,147.98,16.86,0,0,0,209.38,0
40240,4653,2025/02,"ROGER, HUGO DANIEL",SHELL C.A.P.S.A.,,20-16232054-9,Bocas de expendio (venta por menor) Combustibles líquidos únicamente,MONZON Y L.COBELLO 95,VILLA ANGELA,CHACO,Gas Oil Grado 3,Al público,1180.01,1599.00,3.23,1599.00,NO,0,147.98,16.86,0,0,0,254.15,0
40241,4653,2025/02,"ROGER, HUGO DANIEL",SHELL C.A.P.S.A.,,20-16232054-9,Bocas de expendio (venta por menor) Combustibles líquidos únicamente,MONZON Y L.COBELLO 95,VILLA ANGELA,CHACO,Nafta (premium) de más de 95 Ron,Al público,1098.89,1567.00,5.26,1567.00,NO,0,214.15,13.11,0,0,0,240.85,0
40246,4653,2025/02,"ROGER, HUGO DANIEL",SHELL C.A.P.S.A.,,20-16232054-9,Bocas de expendio (venta por menor) Combustibles líquidos únicamente,MONZON Y L.COBELLO 95,VILLA ANGELA,CHACO,Nafta (súper) entre 92 y 95 Ron,Al público,869.14,1289.00,35.10,1289.00,NO,0,214.15,13.11,0,0,0,192.60,0
40343,2951,2025/02,ROQUE LINO PENZO Y CIA S.R.L.,YPF,,30-66986964-5,Bocas de expendio (venta por menor) Combustibles Líquidos + PRVE,SAN MARTIN N 1000,SANTA LUCIA,CORRIENTES,Gas Oil Grado 3,Al público,886.56,1531.00,62.49,1531.00,NO,0,366.94,41.84,0,0,0,235.67,0
40344,2951,2025/02,ROQUE LINO PENZO Y CIA S.R.L.,YPF,,30-66986964-5,Bocas de expendio (venta por menor) Combustibles Líquidos + PRVE,SAN MARTIN N 1000,SANTA LUCIA,CORRIENTES,Nafta (premium) de más de 95 Ron,Al público,729.10,1494.00,19.75,1494.00,NO,0,538.12,32.97,0,0,0,193.81,0
40345,2951,2025/02,ROQUE LINO PENZO Y CIA S.R.L.,YPF,,30-66986964-5,Bocas de expendio (venta por menor) Combustibles Líquidos + PRVE,SAN MARTIN N 1000,SANTA LUCIA,CORRIENTES,Nafta (súper) entre 92 y 95 Ron,Al público,519.75,1229.00,205.60,1229.00,NO,0,538.12,32.97,0,0,0,138.16,0
40346,2951,2025/02,ROQUE LINO PENZO Y CIA S.R.L.,YPF,,30-66986964-5,Bocas de expendio (venta por menor) Combustibles Líquidos + PRVE,SAN MARTIN N 1000,SANTA LUCIA,CORRIENTES,Gas Oil Grado 2,Al público,677.84,1271.00,104.43,1271.00,NO,0,370.71,42.27,0,0,0,180.19,0
40929,563,2025/02,SANTA BARBARA SA,YPF,,30-64767888-9,Bocas de expendio (venta por menor) Duales (líquidos + GNC),AUTOPISTA CORDOBA PILAR KM 692,CORDOBA,CORDOBA,GNC,Al público,577.69,699.00,92220.20,699.00,NO,0,0,0,0,0,0,121.31,10.49
40932,563,2025/02,SANTA BARBARA SA,YPF,,30-64767888-9,Bocas de expendio (venta por menor) Duales (líquidos + GNC),AUTOPISTA CORDOBA PILAR KM 692,CORDOBA,CORDOBA,Nafta (premium) de más de 95 Ron,Al público,1100.43,1477.04,143.04,1489.00,NO,0,137.12,8.40,0,0,0,231.09,0
40935,563,2025/02,SANTA BARBARA SA,YPF,,30-64767888-9,Bocas de expendio (venta por menor) Duales (líquidos + GNC),AUTOPISTA CORDOBA PILAR KM 692,CORDOBA,CORDOBA,Nafta (súper) entre 92 y 95 Ron,Al público,904.92,1240.48,254.69,1241.00,NO,0,137.12,8.40,0,0,0,190.03,0
40937,563,2025/02,SANTA BARBARA SA,YPF,,30-64767888-9,Bocas de expendio (venta por menor) Duales (líquidos + GNC),AUTOPISTA CORDOBA PILAR KM 692,CORDOBA,CORDOBA,Gas Oil Grado 2,Al público,955.96,1261.91,250.65,1262.00,NO,0,94.43,10.76,0,0,0,200.75,0
40938,563,2025/02,SANTA BARBARA SA,YPF,,30-64767888-9,Bocas de expendio (venta por menor) Duales (líquidos + GNC),AUTOPISTA CORDOBA PILAR KM 692,CORDOBA,CORDOBA,Gas Oil Grado 3,Al público,1131.69,1471.70,229.51,1473.00,NO,0,91.88,10.47,0,0,0,237.65,0
42187,6644,2025/02,SUCATA S.A.,YPF,,30-70827063-2,Bocas de expendio (venta por menor) Duales (líquidos + GNC),"RUTA PROVINCIAL Nº 10 0,7",SAN LORENZO,SANTA FE,Nafta (súper) entre 92 y 95 Ron,Al público,850.70,1229.34,258.08,1229.00,NO,0,188.45,11.54,0,0,0,178.65,0
42188,6644,2025/02,SUCATA S.A.,YPF,,30-70827063-2,Bocas de expendio (venta por menor) Duales (líquidos + GNC),"RUTA PROVINCIAL Nº 10 0,7",SAN LORENZO,SANTA FE,Gas Oil Grado 3,Al público,1082.77,1459.06,308.60,1459.00,NO,0,133.68,15.24,0,0,0,227.38,0
42189,6644,2025/02,SUCATA S.A.,YPF,,30-70827063-2,Bocas de expendio (venta por menor) Duales (líquidos + GNC),"RUTA PROVINCIAL Nº 10 0,7",SAN LORENZO,SANTA FE,Nafta (premium) de más de 95 Ron,Al público,1052.43,1473.44,114.72,1473.00,NO,0,188.45,11.54,0,0,0,221.01,0
42192,6644,2025/02,SUCATA S.A.,YPF,,30-70827063-2,Bocas de expendio (venta por menor) Duales (líquidos + GNC),"RUTA PROVINCIAL Nº 10 0,7",SAN LORENZO,SANTA FE,Gas Oil Grado 2,Al público,904.28,1247.01,730.76,1250.00,NO,0,137.20,15.64,0,0,0,189.90,0
42266,1907,2025/02,SUCESORES DE OVIDIO JUAN DEGREGORIO S.H,YPF,,30-67017935-0,Bocas de expendio (venta por menor) Combustibles líquidos únicamente,AV.AVALOS 1001,RESISTENCIA,CHACO,Gas Oil Grado 2,Al público,923.44,1271.00,72.92,1271.00,NO,0,137.92,15.72,0,0,0,193.92,0
42267,1907,2025/02,SUCESORES DE OVIDIO JUAN DEGREGORIO S.H,YPF,,30-67017935-0,Bocas de expendio (venta por menor) Combustibles líquidos únicamente,AV.AVALOS 1001,RESISTENCIA,CHACO,Gas Oil Grado 3,Al público,1137.85,1525.00,67.84,1525.00,NO,0,133.04,15.16,0,0,0,238.95,0
42268,1907,2025/02,SUCESORES DE OVIDIO JUAN DEGREGORIO S.H,YPF,,30-67017935-0,Bocas de expendio (venta por menor) Combustibles líquidos únicamente,AV.AVALOS 1001,RESISTENCIA,CHACO,Nafta (súper) entre 92 y 95 Ron,Al público,850.42,1229.00,184.99,1229.00,NO,0,188.45,11.54,0,0,0,178.59,0
42269,1907,2025/02,SUCESORES DE OVIDIO JUAN DEGREGORIO S.H,YPF,,30-67017935-0,Bocas de expendio (venta por menor) Combustibles líquidos únicamente,AV.AVALOS 1001,RESISTENCIA,CHACO,Nafta (premium) de más de 95 Ron,Al público,1069.43,1494.00,48.48,1494.00,NO,0,188.45,11.54,0,0,0,224.58,0
43930,723,2025/03,AGLP SA,YPF,,30-70715847-2,Bocas de expendio (venta por menor) Duales (líquidos + GNC),BLAS PARERA 935,ITUZAINGO,BUENOS AIRES,Nafta (premium) de más de 95 Ron,Al público,1175.25,1503.94,73.92,1504.00,NO,0,219.51,13.45,15.26,0,0,246.80,0
43931,723,2025/03,AGLP SA,YPF,,30-70715847-2,Bocas de expendio (venta por menor) Duales (líquidos + GNC),BLAS PARERA 935,ITUZAINGO,BUENOS AIRES,Gas Oil Grado 3,Al público,1152.03,1468.94,38.93,1469.00,NO,0,255.74,29.16,14.96,0,0,241.92,0
43932,723,2025/03,AGLP SA,YPF,,30-70715847-2,Bocas de expendio (venta por menor) Duales (líquidos + GNC),BLAS PARERA 935,ITUZAINGO,BUENOS AIRES,Gas Oil Grado 2,Al público,952.14,1215.00,59.72,1215.00,NO,0,152.19,17.35,12.36,0,0,199.95,0
43933,723,2025/03,AGLP SA,YPF,,30-70715847-2,Bocas de expendio (venta por menor) Duales (líquidos + GNC),BLAS PARERA 935,ITUZAINGO,BUENOS AIRES,GNC,Al público,384.91,505.52,85237.00,509.00,NO,0,0,0,5.00,0,0,80.83,9.89
43934,723,2025/03,AGLP SA,YPF,,30-70715847-2,Bocas de expendio (venta por menor) Duales (líquidos + GNC),BLAS PARERA 935,ITUZAINGO,BUENOS AIRES,Nafta (común) hasta 92 Ron,Al público,953.86,1228.98,199.66,1229.00,NO,0,219.51,13.45,12.39,0,0,200.31,0
46524,9641,2025/03,"BORDAQUEVICH, HUGO JOSE",AXION,,20-18054580-9,Bocas de expendio (venta por menor) Combustibles líquidos únicamente,RUTA 2 Y AV. REP. ARGENTINA (LOTE RURAL 065 E INMOBILIARIA 4176),CONCEPCION DE LA SIERRA,MISIONES,Nafta (común) hasta 92 Ron,Al público,916.00,1308.00,17.83,1309.00,NO,0,214.15,13.12,0,0,0,211.47,0
46525,9641,2025/03,"BORDAQUEVICH, HUGO JOSE",AXION,,20-18054580-9,Bocas de expendio (venta por menor) Combustibles líquidos únicamente,RUTA 2 Y AV. REP. ARGENTINA (LOTE RURAL 065 E INMOBILIARIA 4176),CONCEPCION DE LA SIERRA,MISIONES,Nafta (premium) de más de 95 Ron,Al público,1156.00,1599.00,10.51,1599.00,NO,0,147.98,16.87,0,0,0,222.81,0
46526,9641,2025/03,"BORDAQUEVICH, HUGO JOSE",AXION,,20-18054580-9,Bocas de expendio (venta por menor) Combustibles líquidos únicamente,RUTA 2 Y AV. REP. ARGENTINA (LOTE RURAL 065 E INMOBILIARIA 4176),CONCEPCION DE LA SIERRA,MISIONES,Gas Oil Grado 2,Al público,1020.00,1386.00,28.67,1389.00,NO,0,214.15,13.12,0,0,0,266.70,0
46527,9641,2025/03,"BORDAQUEVICH, HUGO JOSE",AXION,,20-18054580-9,Bocas de expendio (venta por menor) Combustibles líquidos únicamente,RUTA 2 Y AV. REP. ARGENTINA (LOTE RURAL 065 E INMOBILIARIA 4176),CONCEPCION DE LA SIERRA,MISIONES,Gas Oil Grado 3,Al público,1245.00,1658.00,25.34,1659.00,NO,0,147.98,16.87,0,0,0,275.52,0
46778,104,2025/03,CALCAGNO RICARDO OMAR Y CALCAGNO RICARDO JAVIER SOC. HECHO,SHELL C.A.P.S.A.,,33-70812864-9,Bocas de expendio (venta por menor) Combustibles líquidos únicamente,AV. 25 DE MAYO 280,RESISTENCIA,CHACO,Nafta (súper) entre 92 y 95 Ron,Al público,936.04,1314.00,202.60,1314.00,NO,0,193.17,11.83,0,0,18.78,154.18,0
46779,104,2025/03,CALCAGNO RICARDO OMAR Y CALCAGNO RICARDO JAVIER SOC. HECHO,SHELL C.A.P.S.A.,,33-70812864-9,Bocas de expendio (venta por menor) Combustibles líquidos únicamente,AV. 25 DE MAYO 280,RESISTENCIA,CHACO,Nafta (premium) de más de 95 Ron,Al público,1177.35,1592.00,87.16,1592.00,NO,0,193.17,11.83,0,0,21.97,187.67,0
46780,104,2025/03,CALCAGNO RICARDO OMAR Y CALCAGNO RICARDO JAVIER SOC. HECHO,SHELL C.A.P.S.A.,,33-70812864-9,Bocas de expendio (venta por menor) Combustibles líquidos únicamente,AV. 25 DE MAYO 280,RESISTENCIA,CHACO,Gas Oil Grado 2,Al público,1013.86,1359.00,15.93,1314.00,NO,0,140.77,16.05,0,0,19.24,169.08,0
46781,104,2025/03,CALCAGNO RICARDO OMAR Y CALCAGNO RICARDO JAVIER SOC. HECHO,SHELL C.A.P.S.A.,,33-70812864-9,Bocas de expendio (venta por menor) Combustibles líquidos únicamente,AV. 25 DE MAYO 280,RESISTENCIA,CHACO,Gas Oil Grado 3,Al público,1254.54,1636.00,58.58,1636.00,NO,0,140.77,16.05,0,0,22.40,202.25,0
48391,683,2025/03,CONSTRUCTORA EDIFICAR SA,SHELL C.A.P.S.A.,,30-65765065-6,Bocas de expendio (venta por menor) Combustibles líquidos únicamente,ESTADOS UNIDOS 725,CORRIENTES,CORRIENTES,Gas Oil Grado 3,Al público,1188.78,1632.00,16.65,1632.00,NO,0,140.77,16.05,0,0,0,205.15,0
48392,683,2025/03,CONSTRUCTORA EDIFICAR SA,SHELL C.A.P.S.A.,,30-65765065-6,Bocas de expendio (venta por menor) Combustibles líquidos únicamente,ESTADOS UNIDOS 725,CORRIENTES,CORRIENTES,Gas Oil Grado 2,Al público,975.55,1372.00,12.22,1372.00,NO,0,140.77,16.05,0,0,0,173.89,0
48393,683,2025/03,CONSTRUCTORA EDIFICAR SA,SHELL C.A.P.S.A.,,30-65765065-6,Bocas de expendio (venta por menor) Combustibles líquidos únicamente,ESTADOS UNIDOS 725,CORRIENTES,CORRIENTES,Nafta (premium) de más de 95 Ron,Al público,1129.75,1595.00,37.66,1595.00,NO,0,193.17,11.83,0,0,0,191.50,0
48394,683,2025/03,CONSTRUCTORA EDIFICAR SA,SHELL C.A.P.S.A.,,30-65765065-6,Bocas de expendio (venta por menor) Combustibles líquidos únicamente,ESTADOS UNIDOS 725,CORRIENTES,CORRIENTES,Nafta (súper) entre 92 y 95 Ron,Al público,900.00,1314.00,132.90,1314.00,NO,0,193.17,11.83,0,0,0,157.00,0
48904,475,2025/03,CUBA SA,YPF,,30-68389938-7,Bocas de expendio (venta por menor) Duales (líquidos + GNC),AV. PTE PERON 2282,VILLA DE MAYO,BUENOS AIRES,GNC,Al público,470.25,569.00,110.78,569.00,NO,0,0,0,0,0,0,98.75,0
48905,475,2025/03,CUBA SA,YPF,,30-68389938-7,Bocas de expendio (venta por menor) Duales (líquidos + GNC),AV. PTE PERON 2282,VILLA DE MAYO,BUENOS AIRES,Nafta (premium) de más de 95 Ron,Al público,1106.84,1485.00,73.06,1485.00,NO,0,219.51,13.45,20,0,0,232.44,0
48906,475,2025/03,CUBA SA,YPF,,30-68389938-7,Bocas de expendio (venta por menor) Duales (líquidos + GNC),AV. PTE PERON 2282,VILLA DE MAYO,BUENOS AIRES,Gas Oil Grado 2,Al público,902.58,1198.00,39.58,1198.00,NO,0,255.74,29.16,15,0,0,189.54,0
48907,475,2025/03,CUBA SA,YPF,,30-68389938-7,Bocas de expendio (venta por menor) Duales (líquidos + GNC),AV. PTE PERON 2282,VILLA DE MAYO,BUENOS AIRES,Nafta (súper) entre 92 y 95 Ron,Al público,931.68,1273.00,232.16,1273.00,NO,0,219.51,13.45,15,0,0,195.65,0
48908,475,2025/03,CUBA SA,YPF,,30-68389938-7,Bocas de expendio (venta por menor) Duales (líquidos + GNC),AV. PTE PERON 2282,VILLA DE MAYO,BUENOS AIRES,Gas Oil Grado 3,Al público,1116.16,1453.00,38.52,1453.00,NO,0,152.19,17.35,20,0,0,234.39,0
49587,2298,2025/03,D.G.B. S.R.L.,YPF,,30-70728425-7,Bocas de expendio (venta por menor) Combustibles líquidos únicamente,ITUZAINGO Y DEAN FUNES,VILLA DOLORES,CORDOBA,Gas Oil Grado 2,Al público,933.15,1285.91,129.56,1286.00,NO,0,140.76,16.04,0,0,0,195.96,0
49588,2298,2025/03,D.G.B. S.R.L.,YPF,,30-70728425-7,Bocas de expendio (venta por menor) Combustibles líquidos únicamente,ITUZAINGO Y DEAN FUNES,VILLA DOLORES,CORDOBA,Gas Oil Grado 3,Al público,1114.40,1500.98,95.49,1501.00,NO,0,136.95,15.61,0,0,0,234.02,0
49589,2298,2025/03,D.G.B. S.R.L.,YPF,,30-70728425-7,Bocas de expendio (venta por menor) Combustibles líquidos únicamente,ITUZAINGO Y DEAN FUNES,VILLA DOLORES,CORDOBA,Nafta (súper) entre 92 y 95 Ron,Al público,880.99,1270.97,321.48,1271.00,NO,0,193.15,11.83,0,0,0,185.01,0
49590,2298,2025/03,D.G.B. S.R.L.,YPF,,30-70728425-7,Bocas de expendio (venta por menor) Combustibles líquidos únicamente,ITUZAINGO Y DEAN FUNES,VILLA DOLORES,CORDOBA,Nafta (premium) de más de 95 Ron,Al público,1090.92,1524.99,70.64,1525.00,NO,0,193.15,11.83,0,0,0,229.09,0
49591,2298,2025/03,D.G.B. S.R.L.,YPF,,30-70728425-7,Bocas de expendio (venta por menor) Combustibles líquidos únicamente,ITUZAINGO Y DEAN FUNES,VILLA DOLORES,CORDOBA,Kerosene,Al público,817.52,1274.10,2.38,1286.00,NO,0,255.74,29.16,0,0,0,171.68,0
49592,2298,2025/03,D.G.B. S.R.L.,YPF,,30-70728425-7,Bocas de expendio (venta por menor) Combustibles líquidos únicamente,ITUZAINGO Y DEAN FUNES,VILLA DOLORES,CORDOBA,GNC,Al público,701.65,849.00,139200.00,849.00,NO,0,0,0,0,0,0,147.35,0
49850,3978,2025/03,DON ROBERTO SA,BLANCA,18/2022/08,30-70895265-2,Bocas de expendio (venta por menor) Combustibles líquidos únicamente,"RUTA NACIONAL N: 12, KM. 1052",SAN COSME,CORRIENTES,Gas Oil Grado 2,Al público,944.73,1299.94,37.17,1300.00,NO,0,140.77,16.05,0,0,0,198.39,0
49851,3978,2025/03,DON ROBERTO SA,BLANCA,18/2022/08,30-70895265-2,Bocas de expendio (venta por menor) Combustibles líquidos únicamente,"RUTA NACIONAL N: 12, KM. 1052",SAN COSME,CORRIENTES,Nafta (súper) entre 92 y 95 Ron,Al público,889.75,1281.61,57.87,1282.00,NO,0,193.17,11.83,0,0,0,186.84,0
49852,3978,2025/03,DON ROBERTO SA,BLANCA,18/2022/08,30-70895265-2,Bocas de expendio (venta por menor) Combustibles líquidos únicamente,"RUTA NACIONAL N: 12, KM. 1052",SAN COSME,CORRIENTES,Gas Oil Grado 3,Al público,1173.45,1586.00,12.99,1586.00,NO,0,140.77,16.05,0,0,0,246.42,0
49853,3978,2025/03,DON ROBERTO SA,BLANCA,18/2022/08,30-70895265-2,Bocas de expendio (venta por menor) Combustibles líquidos únicamente,"RUTA NACIONAL N: 12, KM. 1052",SAN COSME,CORRIENTES,Nafta (premium) de más de 95 Ron,Al público,1098.16,1533.78,6.43,1543.00,NO,0,193.17,11.83,0,0,0,230.61,0
51628,1036,2025/03,ESTACION EL SURTIDOR S.R.L.,YPF,,30-51932822-0,Bocas de expendio (venta por menor) Duales (líquidos + GNC),CORDOBA 4098,ROSARIO,SANTA FE,GNC,Al público,528.75,659.00,83994.70,659.00,NO,0,0,0,8.46,0,0,5290.74,10.75
51629,1036,2025/03,ESTACION EL SURTIDOR S.R.L.,YPF,,30-51932822-0,Bocas de expendio (venta por menor) Duales (líquidos + GNC),CORDOBA 4098,ROSARIO,SANTA FE,Nafta (premium) de más de 95 Ron,Al público,1075.46,1522.99,170.33,1551.00,NO,0,193.17,11.83,17.20,0,0,225.76,0
51630,1036,2025/03,ESTACION EL SURTIDOR S.R.L.,YPF,,30-51932822-0,Bocas de expendio (venta por menor) Duales (líquidos + GNC),CORDOBA 4098,ROSARIO,SANTA FE,Nafta (súper) entre 92 y 95 Ron,Al público,866.47,1265.99,318.20,1290.00,NO,0,192.27,11.71,13.86,0,0,181.91,0
51631,1036,2025/03,ESTACION EL SURTIDOR S.R.L.,YPF,,30-51932822-0,Bocas de expendio (venta por menor) Duales (líquidos + GNC),CORDOBA 4098,ROSARIO,SANTA FE,Gas Oil Grado 2,Al público,911.09,1276.53,49.26,1300.00,NO,0,143.72,16.31,14.56,0,0,191.15,0
51632,1036,2025/03,ESTACION EL SURTIDOR S.R.L.,YPF,,30-51932822-0,Bocas de expendio (venta por menor) Duales (líquidos + GNC),CORDOBA 4098,ROSARIO,SANTA FE,Kerosene,Al público,939.07,1400.00,4.15,1400.00,NO,0,236.73,11.97,15.03,0,0,197.20,0
51633,1036,2025/03,ESTACION EL SURTIDOR S.R.L.,YPF,,30-51932822-0,Bocas de expendio (venta por menor) Duales (líquidos + GNC),CORDOBA 4098,ROSARIO,SANTA FE,Gas Oil Grado 3,Al público,1105.25,1508.05,115.66,1536.00,NO,1,137.52,15.60,17.68,0,0,232.09,0
55766,719,2025/03,LIBEROIL SRL,YPF,,30-67791118-9,Bocas de expendio (venta por menor) Duales (líquidos + GNC),av. eva peron 3750,MERLO,BUENOS AIRES,GNC,Al público,410.28,478.55,84093.00,514.90,NO,0,0,0,18.46,86,14.36,86.16,10
55767,719,2025/03,LIBEROIL SRL,YPF,,30-67791118-9,Bocas de expendio (venta por menor) Duales (líquidos + GNC),av. eva peron 3750,MERLO,BUENOS AIRES,Nafta (premium) de más de 95 Ron,Al público,1045.20,1409.02,44.89,1529.00,NO,0,219.51,13.45,31.36,86,44.74,219.49,0
55768,719,2025/03,LIBEROIL SRL,YPF,,30-67791118-9,Bocas de expendio (venta por menor) Duales (líquidos + GNC),av. eva peron 3750,MERLO,BUENOS AIRES,Gas Oil Grado 3,Al público,1065.97,1179.84,36.51,1486.00,NO,0,152.19,17.35,26.65,86,43.24,223.85,0
55769,719,2025/03,LIBEROIL SRL,YPF,,30-67791118-9,Bocas de expendio (venta por menor) Duales (líquidos + GNC),av. eva peron 3750,MERLO,BUENOS AIRES,Nafta (súper) entre 92 y 95 Ron,Al público,817.85,1142.70,174.03,1243.00,NO,0,219.51,13.45,20.45,86,36.78,171.75,0
55770,719,2025/03,LIBEROIL SRL,YPF,,30-67791118-9,Bocas de expendio (venta por menor) Duales (líquidos + GNC),av. eva peron 3750,MERLO,BUENOS AIRES,Kerosene,Al público,764.24,793.26,2.04,1226.00,NO,0,253.00,29.16,19.11,86,36.62,160.49,0
55771,719,2025/03,LIBEROIL SRL,YPF,,30-67791118-9,Bocas de expendio (venta por menor) Duales (líquidos + GNC),av. eva peron 3750,MERLO,BUENOS AIRES,Gas Oil Grado 2,Al público,855.44,1177.52,46.51,1226.00,NO,0,152.19,17.35,21.39,86,35.87,179.64,0
56863,8252,2025/03,MARIJO S.A.,YPF,,30-69854828-9,Bocas de expendio (venta por menor) Duales (líquidos + GNC),AYACUCHO 3285,RIO CUARTO,CORDOBA,Gas Oil Grado 2,Al público,944.97,1300.15,152.82,1286.00,NO,0,140.77,16.05,0,0,0,21,0
56865,8252,2025/03,MARIJO S.A.,YPF,,30-69854828-9,Bocas de expendio (venta por menor) Duales (líquidos + GNC),AYACUCHO 3285,RIO CUARTO,CORDOBA,Nafta (premium) de más de 95 Ron,Al público,1090.55,1524.07,45.18,1525.00,NO,0,193.17,11.83,0,0,0,21,0
56868,8252,2025/03,MARIJO S.A.,YPF,,30-69854828-9,Bocas de expendio (venta por menor) Duales (líquidos + GNC),AYACUCHO 3285,RIO CUARTO,CORDOBA,GNC,Al público,596.98,722.34,57078.00,750.00,NO,0,0,0,0,0,0,21,0
56869,8252,2025/03,MARIJO S.A.,YPF,,30-69854828-9,Bocas de expendio (venta por menor) Duales (líquidos + GNC),AYACUCHO 3285,RIO CUARTO,CORDOBA,Nafta (súper) entre 92 y 95 Ron,Al público,877.36,1266.16,138.73,1271.00,NO,0,193.17,11.83,0,0,0,21,0
56870,8252,2025/03,MARIJO S.A.,YPF,,30-69854828-9,Bocas de expendio (venta por menor) Duales (líquidos + GNC),AYACUCHO 3285,RIO CUARTO,CORDOBA,Kerosene,Al público,826.18,1285.67,3.55,1262.00,NO,0,255.74,29.16,0,0,0,21,0
56872,8252,2025/03,MARIJO S.A.,YPF,,30-69854828-9,Bocas de expendio (venta por menor) Duales (líquidos + GNC),AYACUCHO 3285,RIO CUARTO,CORDOBA,Gas Oil Grado 3,Al público,1117.04,1503.85,107.74,1501.00,NO,0,136.97,15.61,0,0,0,21,0
59778,10979,2025/03,PEREZ HERMANOS S.R.L.,DAPSA S.A.,,30-71621033-9,Bocas de expendio (venta por menor) Combustibles líquidos únicamente,RUTA NACIONAL 14 KM1052 0,SAN PEDRO,MISIONES,Nafta (premium) de más de 95 Ron,Al público,1101.65,1533.00,6.78,1533.00,NO,0,188.45,11.54,0,7.71,27.54,231.35,0
59779,10979,2025/03,PEREZ HERMANOS S.R.L.,DAPSA S.A.,,30-71621033-9,Bocas de expendio (venta por menor) Combustibles líquidos únicamente,RUTA NACIONAL 14 KM1052 0,SAN PEDRO,MISIONES,Gas Oil Grado 3,Al público,1157.97,1566.00,33.95,1566.00,NO,0,147.98,16.87,0,8.11,28.95,243.17,0
59780,10979,2025/03,PEREZ HERMANOS S.R.L.,DAPSA S.A.,,30-71621033-9,Bocas de expendio (venta por menor) Combustibles líquidos únicamente,RUTA NACIONAL 14 KM1052 0,SAN PEDRO,MISIONES,Gas Oil Grado 2,Al público,939.50,1300.00,204.45,1300.00,NO,0,146.50,16.70,0,6.58,23.49,197.30,0
59781,10979,2025/03,PEREZ HERMANOS S.R.L.,DAPSA S.A.,,30-71621033-9,Bocas de expendio (venta por menor) Combustibles líquidos únicamente,RUTA NACIONAL 14 KM1052 0,SAN PEDRO,MISIONES,Nafta (súper) entre 92 y 95 Ron,Al público,888.43,1275.00,119.87,1275.00,NO,0,188.45,11.54,0,6.22,22.21,186.57,0
60850,7672,2025/03,POSTA 16 S.R.L.,GULF,,30-71092757-6,Bocas de expendio (venta por menor) Combustibles líquidos únicamente,FORMOSA 949,ROLDAN,SANTA FE,Nafta (súper) entre 92 y 95 Ron,Al público,876.76,1265.51,63.89,1266.00,NO,0,193.17,11.83,0,0,0,184.12,0
60851,7672,2025/03,POSTA 16 S.R.L.,GULF,,30-71092757-6,Bocas de expendio (venta por menor) Combustibles líquidos únicamente,FORMOSA 949,ROLDAN,SANTA FE,Gas Oil Grado 2,Al público,957.59,1319.61,83.58,1320.00,NO,0,144.73,16.50,0,0,0,201.11,0
60852,7672,2025/03,POSTA 16 S.R.L.,GULF,,30-71092757-6,Bocas de expendio (venta por menor) Combustibles líquidos únicamente,FORMOSA 949,ROLDAN,SANTA FE,Gas Oil Grado 3,Al público,1161.01,1557.59,20.58,1559.00,NO,0,136.97,15.61,0,0,0,244.09,0
60853,7672,2025/03,POSTA 16 S.R.L.,GULF,,30-71092757-6,Bocas de expendio (venta por menor) Combustibles líquidos únicamente,FORMOSA 949,ROLDAN,SANTA FE,Nafta (premium) de más de 95 Ron,Al público,1089.22,1522.67,11.33,1523.00,NO,0,193.17,11.83,0,0,0,228.79,0
61073,189,2025/03,PUERTA SA,AXION,,30-59299051-9,Bocas de expendio (venta por menor) Combustibles líquidos únicamente,Avenida Quaranta 4150,POSADAS,MISIONES,Nafta (súper) entre 92 y 95 Ron,Al público,884.28,1274.41,130.84,1275.00,NO,0,192.64,11.80,0,0,0,185.70,0
61075,189,2025/03,PUERTA SA,AXION,,30-59299051-9,Bocas de expendio (venta por menor) Combustibles líquidos únicamente,Avenida Quaranta 4150,POSADAS,MISIONES,Gas Oil Grado 2,Al público,1025.77,1396.70,39.53,1397.00,NO,0,139.61,15.91,0,0,0,215.41,0
61076,189,2025/03,PUERTA SA,AXION,,30-59299051-9,Bocas de expendio (venta por menor) Combustibles líquidos únicamente,Avenida Quaranta 4150,POSADAS,MISIONES,Nafta (premium) de más de 95 Ron,Al público,1151.10,1597.21,19.05,1598.00,NO,0,192.59,11.80,0,0,0,241.73,0
61079,189,2025/03,PUERTA SA,AXION,,30-59299051-9,Bocas de expendio (venta por menor) Combustibles líquidos únicamente,Avenida Quaranta 4150,POSADAS,MISIONES,Gas Oil Grado 3,Al público,1236.24,1651.28,24.35,1635.00,NO,0,139.52,15.90,0,0,0,259.61,0
62093,4653,2025/03,"ROGER, HUGO DANIEL",SHELL C.A.P.S.A.,,20-16232054-9,Bocas de expendio (venta por menor) Combustibles líquidos únicamente,MONZON Y L.COBELLO 95,VILLA ANGELA,CHACO,Gas Oil Grado 2,Al público,962.10,1341.00,58.62,1341.00,NO,0,152.18,17.34,0,0,0,209.38,0
62095,4653,2025/03,"ROGER, HUGO DANIEL",SHELL C.A.P.S.A.,,20-16232054-9,Bocas de expendio (venta por menor) Combustibles líquidos únicamente,MONZON Y L.COBELLO 95,VILLA ANGELA,CHACO,Nafta (premium) de más de 95 Ron,Al público,1093.20,1567.00,4.25,1567.00,NO,0,219.51,13.44,0,0,0,240.85,0
62096,4653,2025/03,"ROGER, HUGO DANIEL",SHELL C.A.P.S.A.,,20-16232054-9,Bocas de expendio (venta por menor) Combustibles líquidos únicamente,MONZON Y L.COBELLO 95,VILLA ANGELA,CHACO,Gas Oil Grado 3,Al público,1173.33,1599.00,4.39,1599.00,NO,0,152.18,17.34,0,0,0,254.15,0
62098,4653,2025/03,"ROGER, HUGO DANIEL",SHELL C.A.P.S.A.,,20-16232054-9,Bocas de expendio (venta por menor) Combustibles líquidos únicamente,MONZON Y L.COBELLO 95,VILLA ANGELA,CHACO,Nafta (súper) entre 92 y 95 Ron,Al público,863.45,1289.00,38.12,1289.00,NO,0,219.51,13.44,0,0,0,192.60,0
62195,2951,2025/03,ROQUE LINO PENZO Y CIA S.R.L.,YPF,,30-66986964-5,Bocas de expendio (venta por menor) Combustibles Líquidos + PRVE,SAN MARTIN N 1000,SANTA LUCIA,CORRIENTES,Nafta (premium) de más de 95 Ron,Al público,1041.22,1523.00,23.76,1523.00,NO,0,193.17,11.83,0,0,0,276.78,0
62196,2951,2025/03,ROQUE LINO PENZO Y CIA S.R.L.,YPF,,30-66986964-5,Bocas de expendio (venta por menor) Combustibles Líquidos + PRVE,SAN MARTIN N 1000,SANTA LUCIA,CORRIENTES,Gas Oil Grado 2,Al público,902.31,1300.00,110.77,1300.00,NO,0,141.68,16.15,0,0,0,239.86,0
62197,2951,2025/03,ROQUE LINO PENZO Y CIA S.R.L.,YPF,,30-66986964-5,Bocas de expendio (venta por menor) Combustibles Líquidos + PRVE,SAN MARTIN N 1000,SANTA LUCIA,CORRIENTES,Gas Oil Grado 3,Al público,1116.07,1566.00,74.46,1566.00,NO,0,137.58,15.68,0,0,0,296.68,0
62198,2951,2025/03,ROQUE LINO PENZO Y CIA S.R.L.,YPF,,30-66986964-5,Bocas de expendio (venta por menor) Combustibles Líquidos + PRVE,SAN MARTIN N 1000,SANTA LUCIA,CORRIENTES,Nafta (súper) entre 92 y 95 Ron,Al público,827.13,1252.00,235.94,1252.00,NO,0,193.17,11.83,0,0,0,219.87,0
62782,563,2025/03,SANTA BARBARA SA,YPF,,30-64767888-9,Bocas de expendio (venta por menor) Duales (líquidos + GNC),AUTOPISTA CORDOBA PILAR KM 692,CORDOBA,CORDOBA,GNC,Al público,577.69,699.00,94855.90,699.00,NO,0,0,0,0,0,0,121.31,10.93
62784,563,2025/03,SANTA BARBARA SA,YPF,,30-64767888-9,Bocas de expendio (venta por menor) Duales (líquidos + GNC),AUTOPISTA CORDOBA PILAR KM 692,CORDOBA,CORDOBA,Nafta (súper) entre 92 y 95 Ron,Al público,885.00,1264.29,243.46,1265.00,NO,0,193.17,11.83,0,0,0,185.85,0
62785,563,2025/03,SANTA BARBARA SA,YPF,,30-64767888-9,Bocas de expendio (venta por menor) Duales (líquidos + GNC),AUTOPISTA CORDOBA PILAR KM 692,CORDOBA,CORDOBA,Gas Oil Grado 2,Al público,856.02,1285.68,247.08,1286.00,NO,0,140.77,16.04,0,0,0,179.76,0
62790,563,2025/03,SANTA BARBARA SA,YPF,,30-64767888-9,Bocas de expendio (venta por menor) Duales (líquidos + GNC),AUTOPISTA CORDOBA PILAR KM 692,CORDOBA,CORDOBA,Nafta (premium) de más de 95 Ron,Al público,1084.10,1505.05,134.98,1518.00,NO,0,193.17,11.83,0,0,0,227.66,0
62791,563,2025/03,SANTA BARBARA SA,YPF,,30-64767888-9,Bocas de expendio (venta por menor) Duales (líquidos + GNC),AUTOPISTA CORDOBA PILAR KM 692,CORDOBA,CORDOBA,Gas Oil Grado 3,Al público,1115.17,1499.00,255.57,1501.00,NO,0,136.97,15.61,0,0,0,234.19,0
64040,6644,2025/03,SUCATA S.A.,YPF,,30-70827063-2,Bocas de expendio (venta por menor) Duales (líquidos + GNC),"RUTA PROVINCIAL Nº 10 0,7",SAN LORENZO,SANTA FE,Gas Oil Grado 3,Al público,1102.43,1485.94,309.82,1487.00,NO,0,136.45,15.55,0,0,0,231.51,0
64041,6644,2025/03,SUCATA S.A.,YPF,,30-70827063-2,Bocas de expendio (venta por menor) Duales (líquidos + GNC),"RUTA PROVINCIAL Nº 10 0,7",SAN LORENZO,SANTA FE,Gas Oil Grado 2,Al público,920.13,1271.51,762.94,1274.00,NO,0,141.97,16.18,0,0,0,193.23,0
64043,6644,2025/03,SUCATA S.A.,YPF,,30-70827063-2,Bocas de expendio (venta por menor) Duales (líquidos + GNC),"RUTA PROVINCIAL Nº 10 0,7",SAN LORENZO,SANTA FE,Nafta (premium) de más de 95 Ron,Al público,1072.16,1501.69,128.54,1501.00,NO,0,192.58,11.80,0,0,0,225.15,0
64045,6644,2025/03,SUCATA S.A.,YPF,,30-70827063-2,Bocas de expendio (venta por menor) Duales (líquidos + GNC),"RUTA PROVINCIAL Nº 10 0,7",SAN LORENZO,SANTA FE,Nafta (súper) entre 92 y 95 Ron,Al público,866.14,1252.37,282.69,1252.00,NO,0,192.55,11.79,0,0,0,181.89,0
64118,1907,2025/03,SUCESORES DE OVIDIO JUAN DEGREGORIO S.H,YPF,,30-67017935-0,Bocas de expendio (venta por menor) Combustibles líquidos únicamente,AV.AVALOS 1001,RESISTENCIA,CHACO,Gas Oil Grado 2,Al público,940.28,1300.00,79.59,1300.00,NO,0,145.66,16.60,0,0,0,197.46,0
64119,1907,2025/03,SUCESORES DE OVIDIO JUAN DEGREGORIO S.H,YPF,,30-67017935-0,Bocas de expendio (venta por menor) Combustibles líquidos únicamente,AV.AVALOS 1001,RESISTENCIA,CHACO,Nafta (común) hasta 92 Ron,Al público,861.07,1252.00,208.94,1252.00,NO,0,197.98,12.13,0,0,0,180.82,0
64120,1907,2025/03,SUCESORES DE OVIDIO JUAN DEGREGORIO S.H,YPF,,30-67017935-0,Bocas de expendio (venta por menor) Combustibles líquidos únicamente,AV.AVALOS 1001,RESISTENCIA,CHACO,Gas Oil Grado 3,Al público,1159.05,1560.00,75.87,1560.00,NO,0,141.43,16.12,0,0,0,243.40,0
64121,1907,2025/03,SUCESORES DE OVIDIO JUAN DEGREGORIO S.H,YPF,,30-67017935-0,Bocas de expendio (venta por menor) Combustibles líquidos únicamente,AV.AVALOS 1001,RESISTENCIA,CHACO,Nafta (premium) de más de 95 Ron,Al público,1085.03,1523.00,49.50,1523.00,NO,0,197.98,12.13,0,0,0,227.86,0
65784,723,2025/04,AGLP SA,YPF,,30-70715847-2,Bocas de expendio (venta por menor) Duales (líquidos + GNC),BLAS PARERA 935,ITUZAINGO,BUENOS AIRES,Nafta (común) hasta 92 Ron,Al público,972.85,1251.96,187.21,1252.00,NO,0,224.97,13.78,12.63,0,0,204.30,0
65785,723,2025/04,AGLP SA,YPF,,30-70715847-2,Bocas de expendio (venta por menor) Duales (líquidos + GNC),BLAS PARERA 935,ITUZAINGO,BUENOS AIRES,GNC,Al público,387.74,509.00,84775.00,509.00,NO,0,0,0,5.04,0,0,81.42,9.89
65786,723,2025/04,AGLP SA,YPF,,30-70715847-2,Bocas de expendio (venta por menor) Duales (líquidos + GNC),BLAS PARERA 935,ITUZAINGO,BUENOS AIRES,Gas Oil Grado 3,Al público,1174.39,1174.39,35.86,1496.00,NO,0,255.74,29.16,15.25,0,0,246.62,0
65787,723,2025/04,AGLP SA,YPF,,30-70715847-2,Bocas de expendio (venta por menor) Duales (líquidos + GNC),BLAS PARERA 935,ITUZAINGO,BUENOS AIRES,Gas Oil Grado 2,Al público,970.32,1237.00,57.32,1237.00,NO,0,156.45,17.83,12.60,0,0,203.76,0
65788,723,2025/04,AGLP SA,YPF,,30-70715847-2,Bocas de expendio (venta por menor) Duales (líquidos + GNC),BLAS PARERA 935,ITUZAINGO,BUENOS AIRES,Nafta (premium) de más de 95 Ron,Al público,1197.52,1197.52,65.26,1531.00,NO,0,224.97,13.78,15.55,0,0,251.47,0
68365,9641,2025/04,"BORDAQUEVICH, HUGO JOSE",AXION,,20-18054580-9,Bocas de expendio (venta por menor) Combustibles líquidos únicamente,RUTA 2 Y AV. REP. ARGENTINA (LOTE RURAL 065 E INMOBILIARIA 4176),CONCEPCION DE LA SIERRA,MISIONES,Nafta (premium) de más de 95 Ron,Al público,1189.25,1639.00,5.06,1639.00,NO,0,224.97,13.78,0,0,0,249.69,0
68366,9641,2025/04,"BORDAQUEVICH, HUGO JOSE",AXION,,20-18054580-9,Bocas de expendio (venta por menor) Combustibles líquidos únicamente,RUTA 2 Y AV. REP. ARGENTINA (LOTE RURAL 065 E INMOBILIARIA 4176),CONCEPCION DE LA SIERRA,MISIONES,Gas Oil Grado 2,Al público,1047.00,1418.46,52.67,1419.00,NO,0,156.45,17.83,0,0,0,219.87,0
68367,9641,2025/04,"BORDAQUEVICH, HUGO JOSE",AXION,,20-18054580-9,Bocas de expendio (venta por menor) Combustibles líquidos únicamente,RUTA 2 Y AV. REP. ARGENTINA (LOTE RURAL 065 E INMOBILIARIA 4176),CONCEPCION DE LA SIERRA,MISIONES,Nafta (común) hasta 92 Ron,Al público,941.32,1339.00,31.60,1339.00,NO,0,224.97,13.78,0,0,0,197.68,0
68368,9641,2025/04,"BORDAQUEVICH, HUGO JOSE",AXION,,20-18054580-9,Bocas de expendio (venta por menor) Combustibles líquidos únicamente,RUTA 2 Y AV. REP. ARGENTINA (LOTE RURAL 065 E INMOBILIARIA 4176),CONCEPCION DE LA SIERRA,MISIONES,Gas Oil Grado 3,Al público,1245.86,1659.00,19.00,1659.00,NO,0,156.45,17.83,0,0,0,261.63,0
68620,104,2025/04,CALCAGNO RICARDO OMAR Y CALCAGNO RICARDO JAVIER SOC. HECHO,SHELL C.A.P.S.A.,,33-70812864-9,Bocas de expendio (venta por menor) Combustibles líquidos únicamente,AV. 25 DE MAYO 280,RESISTENCIA,CHACO,Nafta (premium) de más de 95 Ron,Al público,1199.36,1623.00,85.97,1623.00,NO,0,197.98,12.13,0,0,15.89,191.13,0
68621,104,2025/04,CALCAGNO RICARDO OMAR Y CALCAGNO RICARDO JAVIER SOC. HECHO,SHELL C.A.P.S.A.,,33-70812864-9,Bocas de expendio (venta por menor) Combustibles líquidos únicamente,AV. 25 DE MAYO 280,RESISTENCIA,CHACO,Gas Oil Grado 3,Al público,1280.08,1662.00,58.75,1662.00,NO,0,146.84,16.74,0,0,15.89,204.72,0
68622,104,2025/04,CALCAGNO RICARDO OMAR Y CALCAGNO RICARDO JAVIER SOC. HECHO,SHELL C.A.P.S.A.,,33-70812864-9,Bocas de expendio (venta por menor) Combustibles líquidos únicamente,AV. 25 DE MAYO 280,RESISTENCIA,CHACO,Gas Oil Grado 2,Al público,1041.25,1388.00,16.15,1388.00,NO,0,146.82,16.73,0,0,13.79,172.10,0
68623,104,2025/04,CALCAGNO RICARDO OMAR Y CALCAGNO RICARDO JAVIER SOC. HECHO,SHELL C.A.P.S.A.,,33-70812864-9,Bocas de expendio (venta por menor) Combustibles líquidos únicamente,AV. 25 DE MAYO 280,RESISTENCIA,CHACO,Nafta (súper) entre 92 y 95 Ron,Al público,948.64,1334.00,178.45,1334.00,NO,0,197.98,12.13,0,0,13.59,156.18,0
70231,683,2025/04,CONSTRUCTORA EDIFICAR SA,SHELL C.A.P.S.A.,,30-65765065-6,Bocas de expendio (venta por menor) Combustibles líquidos únicamente,ESTADOS UNIDOS 725,CORRIENTES,CORRIENTES,Gas Oil Grado 3,Al público,1239.11,1659.00,15.97,1659.00,NO,0,143.33,16.34,0,0,0,208.50,0
70232,683,2025/04,CONSTRUCTORA EDIFICAR SA,SHELL C.A.P.S.A.,,30-65765065-6,Bocas de expendio (venta por menor) Combustibles líquidos únicamente,ESTADOS UNIDOS 725,CORRIENTES,CORRIENTES,Nafta (súper) entre 92 y 95 Ron,Al público,934.55,1337.00,121.81,1337.00,NO,0,194.29,11.90,0,0,0,160.17,0
70233,683,2025/04,CONSTRUCTORA EDIFICAR SA,SHELL C.A.P.S.A.,,30-65765065-6,Bocas de expendio (venta por menor) Combustibles líquidos únicamente,ESTADOS UNIDOS 725,CORRIENTES,CORRIENTES,Gas Oil Grado 2,Al público,1024.24,1399.00,11.26,1399.00,NO,0,143.33,16.34,0,0,0,177.35,0
70234,683,2025/04,CONSTRUCTORA EDIFICAR SA,SHELL C.A.P.S.A.,,30-65765065-6,Bocas de expendio (venta por menor) Combustibles líquidos únicamente,ESTADOS UNIDOS 725,CORRIENTES,CORRIENTES,Nafta (premium) de más de 95 Ron,Al público,1170.92,1623.00,36.36,1623.00,NO,0,194.29,11.90,0,0,0,195.28,0
70745,475,2025/04,CUBA SA,YPF,,30-68389938-7,Bocas de expendio (venta por menor) Duales (líquidos + GNC),AV. PTE PERON 2282,VILLA DE MAYO,BUENOS AIRES,GNC,Al público,470.25,569.00,109117.00,569.00,NO,0,0,0,0,0,0,98.75,0
70746,475,2025/04,CUBA SA,YPF,,30-68389938-7,Bocas de expendio (venta por menor) Duales (líquidos + GNC),AV. PTE PERON 2282,VILLA DE MAYO,BUENOS AIRES,Nafta (premium) de más de 95 Ron,Al público,1128.33,1511.00,25.51,1511.00,NO,0,224.97,13.78,20,0,0,236.95,0
70747,475,2025/04,CUBA SA,YPF,,30-68389938-7,Bocas de expendio (venta por menor) Duales (líquidos + GNC),AV. PTE PERON 2282,VILLA DE MAYO,BUENOS AIRES,Gas Oil Grado 2,Al público,919.93,1219.00,28.29,1219.00,NO,0,255.74,29.16,15,0,0,193.19,0
70748,475,2025/04,CUBA SA,YPF,,30-68389938-7,Bocas de expendio (venta por menor) Duales (líquidos + GNC),AV. PTE PERON 2282,VILLA DE MAYO,BUENOS AIRES,Nafta (súper) entre 92 y 95 Ron,Al público,899.45,1234.00,177.45,1234.00,NO,0,224.97,13.78,15,0,0,188.88,0
70749,475,2025/04,CUBA SA,YPF,,30-68389938-7,Bocas de expendio (venta por menor) Duales (líquidos + GNC),AV. PTE PERON 2282,VILLA DE MAYO,BUENOS AIRES,Gas Oil Grado 3,Al público,1136.83,1478.00,39.33,1478.00,NO,0,156.45,17.83,20,0,0,238.73,0
71419,2298,2025/04,D.G.B. S.R.L.,YPF,,30-70728425-7,Bocas de expendio (venta por menor) Combustibles líquidos únicamente,ITUZAINGO Y DEAN FUNES,VILLA DOLORES,CORDOBA,Gas Oil Grado 2,Al público,948.59,1308.93,116.98,1309.00,NO,0,144.65,16.49,0,0,0,19.20,0
71420,2298,2025/04,D.G.B. S.R.L.,YPF,,30-70728425-7,Bocas de expendio (venta por menor) Combustibles líquidos únicamente,ITUZAINGO Y DEAN FUNES,VILLA DOLORES,CORDOBA,Nafta (premium) de más de 95 Ron,Al público,1108.89,1551.78,69.43,1552.00,NO,0,197.90,12.12,0,0,0,232.87,0
71421,2298,2025/04,D.G.B. S.R.L.,YPF,,30-70728425-7,Bocas de expendio (venta por menor) Combustibles líquidos únicamente,ITUZAINGO Y DEAN FUNES,VILLA DOLORES,CORDOBA,Gas Oil Grado 3,Al público,1132.36,1526.95,114.12,1527.00,NO,0,140.76,16.04,0,0,0,237.80,0
71422,2298,2025/04,D.G.B. S.R.L.,YPF,,30-70728425-7,Bocas de expendio (venta por menor) Combustibles líquidos únicamente,ITUZAINGO Y DEAN FUNES,VILLA DOLORES,CORDOBA,Kerosene,Al público,846.37,1309.00,2.34,1309.00,NO,0,255.74,29.16,0,0,0,255.74,0
71423,2298,2025/04,D.G.B. S.R.L.,YPF,,30-70728425-7,Bocas de expendio (venta por menor) Combustibles líquidos únicamente,ITUZAINGO Y DEAN FUNES,VILLA DOLORES,CORDOBA,Nafta (súper) entre 92 y 95 Ron,Al público,871.03,1292.20,294.89,1293.00,NO,0,224.51,13.75,0,0,0,182.92,0
71424,2298,2025/04,D.G.B. S.R.L.,YPF,,30-70728425-7,Bocas de expendio (venta por menor) Combustibles líquidos únicamente,ITUZAINGO Y DEAN FUNES,VILLA DOLORES,CORDOBA,GNC,Al público,701.65,849.00,133.18,849.00,NO,0,0,0,0,0,0,147.35,0
71680,3978,2025/04,DON ROBERTO SA,BLANCA,18/2022/08,30-70895265-2,Bocas de expendio (venta por menor) Combustibles líquidos únicamente,"RUTA NACIONAL N: 12, KM. 1052",SAN COSME,CORRIENTES,Gas Oil Grado 2,Al público,919.68,1322.91,29.83,1323.00,NO,0,151.76,17.30,0,0,0,193.13,0
71681,3978,2025/04,DON ROBERTO SA,BLANCA,18/2022/08,30-70895265-2,Bocas de expendio (venta por menor) Combustibles líquidos únicamente,"RUTA NACIONAL N: 12, KM. 1052",SAN COSME,CORRIENTES,Gas Oil Grado 3,Al público,1131.86,1579.65,10.65,1586.00,NO,0,151.76,17.30,0,0,0,237.69,0
71682,3978,2025/04,DON ROBERTO SA,BLANCA,18/2022/08,30-70895265-2,Bocas de expendio (venta por menor) Combustibles líquidos únicamente,"RUTA NACIONAL N: 12, KM. 1052",SAN COSME,CORRIENTES,Nafta (súper) entre 92 y 95 Ron,Al público,1128.80,1534.90,4.37,1543.00,NO,0,197.98,12.13,0,0,0,237.04,0
71683,3978,2025/04,DON ROBERTO SA,BLANCA,18/2022/08,30-70895265-2,Bocas de expendio (venta por menor) Combustibles líquidos únicamente,"RUTA NACIONAL N: 12, KM. 1052",SAN COSME,CORRIENTES,Nafta (premium) de más de 95 Ron,Al público,917.95,1279.77,39.10,1282.00,NO,0,197.98,12.13,0,0,0,192.76,0
73457,1036,2025/04,ESTACION EL SURTIDOR S.R.L.,YPF,,30-51932822-0,Bocas de expendio (venta por menor) Duales (líquidos + GNC),CORDOBA 4098,ROSARIO,SANTA FE,GNC,Al público,528.28,659.00,81303.70,659.00,NO,0,0,0,8.45,0,0,5965.81,11.33
73458,1036,2025/04,ESTACION EL SURTIDOR S.R.L.,YPF,,30-51932822-0,Bocas de expendio (venta por menor) Duales (líquidos + GNC),CORDOBA 4098,ROSARIO,SANTA FE,Gas Oil Grado 3,Al público,1124.90,1535.56,122.99,1414.00,NO,1,140.57,15.98,17.99,0,0,236.13,0
73459,1036,2025/04,ESTACION EL SURTIDOR S.R.L.,YPF,,30-51932822-0,Bocas de expendio (venta por menor) Duales (líquidos + GNC),CORDOBA 4098,ROSARIO,SANTA FE,Nafta (premium) de más de 95 Ron,Al público,1093.75,1550.86,166.68,1459.00,NO,0,197.98,12.13,17.50,0,0,229.68,0
73460,1036,2025/04,ESTACION EL SURTIDOR S.R.L.,YPF,,30-51932822-0,Bocas de expendio (venta por menor) Duales (líquidos + GNC),CORDOBA 4098,ROSARIO,SANTA FE,Gas Oil Grado 2,Al público,926.79,1299.98,49.19,1262.00,NO,0,146.85,16.71,14.83,0,0,194.65,0
73461,1036,2025/04,ESTACION EL SURTIDOR S.R.L.,YPF,,30-51932822-0,Bocas de expendio (venta por menor) Duales (líquidos + GNC),CORDOBA 4098,ROSARIO,SANTA FE,Nafta (súper) entre 92 y 95 Ron,Al público,881.12,1289.96,302.35,1265.00,NO,0,197.59,12.08,14.10,0,0,185.03,0
73462,1036,2025/04,ESTACION EL SURTIDOR S.R.L.,YPF,,30-51932822-0,Bocas de expendio (venta por menor) Duales (líquidos + GNC),CORDOBA 4098,ROSARIO,SANTA FE,Kerosene,Al público,973.53,1456.06,4.99,1500.00,NO,0,249.62,12.89,15.58,0,0,204.44,0
77601,719,2025/04,LIBEROIL SRL,YPF,,30-67791118-9,Bocas de expendio (venta por menor) Duales (líquidos + GNC),av. eva peron 3750,MERLO,BUENOS AIRES,Gas Oil Grado 2,Al público,869.41,868.75,48.61,1248.00,NO,0,156.45,17.83,21.74,86,36.53,182.58,0
77602,719,2025/04,LIBEROIL SRL,YPF,,30-67791118-9,Bocas de expendio (venta por menor) Duales (líquidos + GNC),av. eva peron 3750,MERLO,BUENOS AIRES,Gas Oil Grado 3,Al público,1083.17,1081.89,29.89,1512.00,NO,0,156.45,17.83,27.08,86,44.01,227.47,0
77603,719,2025/04,LIBEROIL SRL,YPF,,30-67791118-9,Bocas de expendio (venta por menor) Duales (líquidos + GNC),av. eva peron 3750,MERLO,BUENOS AIRES,Nafta (súper) entre 92 y 95 Ron,Al público,830.97,830.96,167.79,1265.00,NO,0,224.97,13.78,20.77,86,37.44,174.50,0
77604,719,2025/04,LIBEROIL SRL,YPF,,30-67791118-9,Bocas de expendio (venta por menor) Duales (líquidos + GNC),av. eva peron 3750,MERLO,BUENOS AIRES,Nafta (premium) de más de 95 Ron,Al público,1062.30,1061.90,43.69,1556.00,NO,0,224.97,13.78,31.87,86,45.54,223.08,0
77605,719,2025/04,LIBEROIL SRL,YPF,,30-67791118-9,Bocas de expendio (venta por menor) Duales (líquidos + GNC),av. eva peron 3750,MERLO,BUENOS AIRES,GNC,Al público,410.28,410.15,80684.00,514.90,NO,0,0,0,18.46,86,14.36,86.16,9.81
77606,719,2025/04,LIBEROIL SRL,YPF,,30-67791118-9,Bocas de expendio (venta por menor) Duales (líquidos + GNC),av. eva peron 3750,MERLO,BUENOS AIRES,Kerosene,Al público,869.41,780.25,2.13,1248.00,NO,0,156.45,17.83,21.74,86,36.53,182.58,0
78696,8252,2025/04,MARIJO S.A.,YPF,,30-69854828-9,Bocas de expendio (venta por menor) Duales (líquidos + GNC),AYACUCHO 3285,RIO CUARTO,CORDOBA,Nafta (premium) de más de 95 Ron,Al público,1109.15,1551.90,46.77,1552.00,NO,0,193.17,11.83,0,0,0,21,0
78697,8252,2025/04,MARIJO S.A.,YPF,,30-69854828-9,Bocas de expendio (venta por menor) Duales (líquidos + GNC),AYACUCHO 3285,RIO CUARTO,CORDOBA,Gas Oil Grado 2,Al público,960.56,1323.30,203.09,1309.00,NO,0,140.77,16.05,0,0,0,21,0
78698,8252,2025/04,MARIJO S.A.,YPF,,30-69854828-9,Bocas de expendio (venta por menor) Duales (líquidos + GNC),AYACUCHO 3285,RIO CUARTO,CORDOBA,Gas Oil Grado 3,Al público,1136.03,1531.32,117.83,1527.00,NO,0,136.97,15.61,0,0,0,21,0
78699,8252,2025/04,MARIJO S.A.,YPF,,30-69854828-9,Bocas de expendio (venta por menor) Duales (líquidos + GNC),AYACUCHO 3285,RIO CUARTO,CORDOBA,Kerosene,Al público,832.67,1286.12,4.50,1286.00,NO,0,255.74,29.16,0,0,0,21,0
78700,8252,2025/04,MARIJO S.A.,YPF,,30-69854828-9,Bocas de expendio (venta por menor) Duales (líquidos + GNC),AYACUCHO 3285,RIO CUARTO,CORDOBA,Nafta (súper) entre 92 y 95 Ron,Al público,893.40,1290.71,133.76,1293.00,NO,0,193.17,11.83,0,0,0,21,0
78701,8252,2025/04,MARIJO S.A.,YPF,,30-69854828-9,Bocas de expendio (venta por menor) Duales (líquidos + GNC),AYACUCHO 3285,RIO CUARTO,CORDOBA,GNC,Al público,619.83,750.00,56561.00,750.00,NO,0,0,0,0,0,0,21,0
81589,10979,2025/04,PEREZ HERMANOS S.R.L.,DAPSA S.A.,,30-71621033-9,Bocas de expendio (venta por menor) Combustibles líquidos únicamente,RUTA NACIONAL 14 KM1052 0,SAN PEDRO,MISIONES,Gas Oil Grado 3,Al público,1177.45,1599.00,27.39,1599.00,NO,0,156.45,17.83,0,8.24,29.44,247.27,0
81590,10979,2025/04,PEREZ HERMANOS S.R.L.,DAPSA S.A.,,30-71621033-9,Bocas de expendio (venta por menor) Combustibles líquidos únicamente,RUTA NACIONAL 14 KM1052 0,SAN PEDRO,MISIONES,Nafta (premium) de más de 95 Ron,Al público,1101.65,1533.00,4.69,1533.00,NO,0,188.45,11.54,0,7.71,27.54,231.35,0
81591,10979,2025/04,PEREZ HERMANOS S.R.L.,DAPSA S.A.,,30-71621033-9,Bocas de expendio (venta por menor) Combustibles líquidos únicamente,RUTA NACIONAL 14 KM1052 0,SAN PEDRO,MISIONES,Nafta (súper) entre 92 y 95 Ron,Al público,899.91,1298.97,105.07,1298.97,NO,0,197.97,12.13,0,6.30,22.50,188.98,0
81592,10979,2025/04,PEREZ HERMANOS S.R.L.,DAPSA S.A.,,30-71621033-9,Bocas de expendio (venta por menor) Combustibles líquidos únicamente,RUTA NACIONAL 14 KM1052 0,SAN PEDRO,MISIONES,Gas Oil Grado 2,Al público,953.24,1325.00,192.71,1325.00,NO,0,154.10,17.48,0,6.67,23.83,200.18,0
82636,7672,2025/04,POSTA 16 S.R.L.,GULF,,30-71092757-6,Bocas de expendio (venta por menor) Combustibles líquidos únicamente,FORMOSA 949,ROLDAN,SANTA FE,Gas Oil Grado 3,Al público,1184.51,1590.00,15.57,1590.00,NO,0,141.28,16.10,0,0,0,248.64,0
82637,7672,2025/04,POSTA 16 S.R.L.,GULF,,30-71092757-6,Bocas de expendio (venta por menor) Combustibles líquidos únicamente,FORMOSA 949,ROLDAN,SANTA FE,Nafta (premium) de más de 95 Ron,Al público,1109.81,1552.66,7.56,1553.00,NO,0,197.98,12.13,0,0,0,233.06,0
82638,7672,2025/04,POSTA 16 S.R.L.,GULF,,30-71092757-6,Bocas de expendio (venta por menor) Combustibles líquidos únicamente,FORMOSA 949,ROLDAN,SANTA FE,Gas Oil Grado 2,Al público,976.52,1345.93,86.16,1346.00,NO,0,144.72,16.50,0,0,0,205.62,0
82639,7672,2025/04,POSTA 16 S.R.L.,GULF,,30-71092757-6,Bocas de expendio (venta por menor) Combustibles líquidos únicamente,FORMOSA 949,ROLDAN,SANTA FE,Nafta (súper) entre 92 y 95 Ron,Al público,894.31,1291.78,58.04,1292.00,NO,0,197.98,12.13,0,0,0,187.77,0
82870,189,2025/04,PUERTA SA,AXION,,30-59299051-9,Bocas de expendio (venta por menor) Combustibles líquidos únicamente,Avenida Quaranta 4150,POSADAS,MISIONES,Gas Oil Grado 2,Al público,1043.78,1420.57,38.30,1421.00,NO,0,141.48,16.13,0,0,0,2980.64,0
82871,189,2025/04,PUERTA SA,AXION,,30-59299051-9,Bocas de expendio (venta por menor) Combustibles líquidos únicamente,Avenida Quaranta 4150,POSADAS,MISIONES,Gas Oil Grado 3,Al público,1241.59,1662.45,24.35,1663.00,NO,0,143.74,16.38,0,0,0,262.77,0
82872,189,2025/04,PUERTA SA,AXION,,30-59299051-9,Bocas de expendio (venta por menor) Combustibles líquidos únicamente,Avenida Quaranta 4150,POSADAS,MISIONES,Nafta (premium) de más de 95 Ron,Al público,1168.29,1623.71,17.99,1624.00,NO,0,197.95,12.13,0,0,0,282.85,0
82873,189,2025/04,PUERTA SA,AXION,,30-59299051-9,Bocas de expendio (venta por menor) Combustibles líquidos únicamente,Avenida Quaranta 4150,POSADAS,MISIONES,Nafta (súper) entre 92 y 95 Ron,Al público,899.76,1296.54,118.47,1297.00,NO,0,195.84,12.00,0,0,0,188.95,0
83879,4653,2025/04,"ROGER, HUGO DANIEL",SHELL C.A.P.S.A.,,20-16232054-9,Bocas de expendio (venta por menor) Combustibles líquidos únicamente,MONZON Y L.COBELLO 95,VILLA ANGELA,CHACO,Nafta (premium) de más de 95 Ron,Al público,1139.86,1624.00,2.14,1624.00,NO,0,224.97,13.78,0,0,0,245.39,0
83883,4653,2025/04,"ROGER, HUGO DANIEL",SHELL C.A.P.S.A.,,20-16232054-9,Bocas de expendio (venta por menor) Combustibles líquidos únicamente,MONZON Y L.COBELLO 95,VILLA ANGELA,CHACO,Gas Oil Grado 3,Al público,1116.64,1662.00,12.00,1662.00,NO,0,255.73,29.16,0,0,0,260.47,0
83884,4653,2025/04,"ROGER, HUGO DANIEL",SHELL C.A.P.S.A.,,20-16232054-9,Bocas de expendio (venta por menor) Combustibles líquidos únicamente,MONZON Y L.COBELLO 95,VILLA ANGELA,CHACO,Nafta (súper) entre 92 y 95 Ron,Al público,900.19,1334.00,84.00,1334.00,NO,0,224.97,13.78,0,0,0,195.06,0
83885,4653,2025/04,"ROGER, HUGO DANIEL",SHELL C.A.P.S.A.,,20-16232054-9,Bocas de expendio (venta por menor) Combustibles líquidos únicamente,MONZON Y L.COBELLO 95,VILLA ANGELA,CHACO,Gas Oil Grado 2,Al público,890.20,1388.00,47.90,1388.00,NO,0,255.73,29.16,0,0,0,212.91,0
83981,2951,2025/04,ROQUE LINO PENZO Y CIA S.R.L.,YPF,,30-66986964-5,Bocas de expendio (venta por menor) Combustibles Líquidos + PRVE,SAN MARTIN N 1000,SANTA LUCIA,CORRIENTES,Gas Oil Grado 2,Al público,917.81,1323.00,103.02,1323.00,NO,0,144.72,16.49,0,0,0,243.98,0
83982,2951,2025/04,ROQUE LINO PENZO Y CIA S.R.L.,YPF,,30-66986964-5,Bocas de expendio (venta por menor) Combustibles Líquidos + PRVE,SAN MARTIN N 1000,SANTA LUCIA,CORRIENTES,Nafta (súper) entre 92 y 95 Ron,Al público,840.48,1274.00,221.76,1274.00,NO,0,197.98,12.13,0,0,0,223.42,0
83983,2951,2025/04,ROQUE LINO PENZO Y CIA S.R.L.,YPF,,30-66986964-5,Bocas de expendio (venta por menor) Combustibles Líquidos + PRVE,SAN MARTIN N 1000,SANTA LUCIA,CORRIENTES,Nafta (premium) de más de 95 Ron,Al público,1058.52,1550.00,24.53,1550.00,NO,0,197.98,12.13,0,0,0,281.38,0
83984,2951,2025/04,ROQUE LINO PENZO Y CIA S.R.L.,YPF,,30-66986964-5,Bocas de expendio (venta por menor) Combustibles Líquidos + PRVE,SAN MARTIN N 1000,SANTA LUCIA,CORRIENTES,Gas Oil Grado 3,Al público,1132.76,1593.00,70.33,1593.00,NO,0,142.84,16.28,0,0,0,301.12,0
84570,563,2025/04,SANTA BARBARA SA,YPF,,30-64767888-9,Bocas de expendio (venta por menor) Duales (líquidos + GNC),AUTOPISTA CORDOBA PILAR KM 692,CORDOBA,CORDOBA,GNC,Al público,577.69,699.00,89727.20,699.00,NO,0,0,0,0,0,0,121.31,10.93
84571,563,2025/04,SANTA BARBARA SA,YPF,,30-64767888-9,Bocas de expendio (venta por menor) Duales (líquidos + GNC),AUTOPISTA CORDOBA PILAR KM 692,CORDOBA,CORDOBA,Nafta (súper) entre 92 y 95 Ron,Al público,888.51,1283.94,217.26,1287.00,NO,0,197.97,12.12,0,0,0,186.59,0
84577,563,2025/04,SANTA BARBARA SA,YPF,,30-64767888-9,Bocas de expendio (venta por menor) Duales (líquidos + GNC),AUTOPISTA CORDOBA PILAR KM 692,CORDOBA,CORDOBA,Nafta (premium) de más de 95 Ron,Al público,1086.36,1523.30,119.16,1545.00,NO,0,197.97,12.12,0,0,0,228.14,0
84578,563,2025/04,SANTA BARBARA SA,YPF,,30-64767888-9,Bocas de expendio (venta por menor) Duales (líquidos + GNC),AUTOPISTA CORDOBA PILAR KM 692,CORDOBA,CORDOBA,Gas Oil Grado 2,Al público,926.81,1308.91,274.64,1309.00,NO,0,144.72,16.49,0,0,0,194.63,0
84579,563,2025/04,SANTA BARBARA SA,YPF,,30-64767888-9,Bocas de expendio (venta por menor) Duales (líquidos + GNC),AUTOPISTA CORDOBA PILAR KM 692,CORDOBA,CORDOBA,Gas Oil Grado 3,Al público,1131.41,1525.85,225.49,1527.00,NO,0,140.81,16.05,0,0,0,237.60,0
85827,6644,2025/04,SUCATA S.A.,YPF,,30-70827063-2,Bocas de expendio (venta por menor) Duales (líquidos + GNC),"RUTA PROVINCIAL Nº 10 0,7",SAN LORENZO,SANTA FE,Gas Oil Grado 3,Al público,1121.45,1513.29,291.61,1513.00,NO,0,140.33,15.99,0,0,0,235.51,0
85828,6644,2025/04,SUCATA S.A.,YPF,,30-70827063-2,Bocas de expendio (venta por menor) Duales (líquidos + GNC),"RUTA PROVINCIAL Nº 10 0,7",SAN LORENZO,SANTA FE,Gas Oil Grado 2,Al público,936.53,1294.31,873.66,1296.00,NO,0,144.62,16.48,0,0,0,196.67,0
85832,6644,2025/04,SUCATA S.A.,YPF,,30-70827063-2,Bocas de expendio (venta por menor) Duales (líquidos + GNC),"RUTA PROVINCIAL Nº 10 0,7",SAN LORENZO,SANTA FE,Nafta (súper) entre 92 y 95 Ron,Al público,879.82,1274.15,247.93,1274.00,NO,0,197.48,12.10,0,0,0,184.76,0
85833,6644,2025/04,SUCATA S.A.,YPF,,30-70827063-2,Bocas de expendio (venta por menor) Duales (líquidos + GNC),"RUTA PROVINCIAL Nº 10 0,7",SAN LORENZO,SANTA FE,Nafta (premium) de más de 95 Ron,Al público,1088.94,1527.14,106.45,1527.00,NO,0,197.42,12.09,0,0,0,228.68,0
85906,1907,2025/04,SUCESORES DE OVIDIO JUAN DEGREGORIO S.H,YPF,,30-67017935-0,Bocas de expendio (venta por menor) Combustibles líquidos únicamente,AV.AVALOS 1001,RESISTENCIA,CHACO,Nafta (premium) de más de 95 Ron,Al público,1107.35,1550.00,46.30,1550.00,NO,0,197.98,12.13,0,0,0,232.54,0
85907,1907,2025/04,SUCESORES DE OVIDIO JUAN DEGREGORIO S.H,YPF,,30-67017935-0,Bocas de expendio (venta por menor) Combustibles líquidos únicamente,AV.AVALOS 1001,RESISTENCIA,CHACO,Nafta (súper) entre 92 y 95 Ron,Al público,879.25,1274.00,174.73,1274.00,NO,0,197.98,12.13,0,0,0,184.64,0
85908,1907,2025/04,SUCESORES DE OVIDIO JUAN DEGREGORIO S.H,YPF,,30-67017935-0,Bocas de expendio (venta por menor) Combustibles líquidos únicamente,AV.AVALOS 1001,RESISTENCIA,CHACO,Gas Oil Grado 2,Al público,960.16,1323.00,70.67,1323.00,NO,0,144.72,16.49,0,0,0,201.63,0
85909,1907,2025/04,SUCESORES DE OVIDIO JUAN DEGREGORIO S.H,YPF,,30-67017935-0,Bocas de expendio (venta por menor) Combustibles líquidos únicamente,AV.AVALOS 1001,RESISTENCIA,CHACO,Gas Oil Grado 3,Al público,1180.07,1587.00,61.66,1587.00,NO,0,142.84,16.28,0,0,0,247.81,0
87563,723,2025/05,AGLP SA,YPF,,30-70715847-2,Bocas de expendio (venta por menor) Duales (líquidos + GNC),BLAS PARERA 935,ITUZAINGO,BUENOS AIRES,GNC,Al público,387.74,509.00,79901.00,509.00,NO,0,0,0,5.04,0,0,81.42,9.89
87564,723,2025/05,AGLP SA,YPF,,30-70715847-2,Bocas de expendio (venta por menor) Duales (líquidos + GNC),BLAS PARERA 935,ITUZAINGO,BUENOS AIRES,Gas Oil Grado 3,Al público,1080.08,1381.89,39.39,1383.00,NO,0,255.74,29.16,14.03,0,0,226.81,0
87565,723,2025/05,AGLP SA,YPF,,30-70715847-2,Bocas de expendio (venta por menor) Duales (líquidos + GNC),BLAS PARERA 935,ITUZAINGO,BUENOS AIRES,Nafta (premium) de más de 95 Ron,Al público,1123.62,1441.47,79.55,1442.00,NO,0,224.97,13.78,14.60,0,0,235.96,0
87566,723,2025/05,AGLP SA,YPF,,30-70715847-2,Bocas de expendio (venta por menor) Duales (líquidos + GNC),BLAS PARERA 935,ITUZAINGO,BUENOS AIRES,Nafta (común) hasta 92 Ron,Al público,955.23,1230.64,197.28,1231.00,NO,0,224.97,13.78,12.41,0,0,200.60,0
87567,723,2025/05,AGLP SA,YPF,,30-70715847-2,Bocas de expendio (venta por menor) Duales (líquidos + GNC),BLAS PARERA 935,ITUZAINGO,BUENOS AIRES,Gas Oil Grado 2,Al público,944.46,1205.69,53.19,1207.00,NO,0,156.45,17.83,12.26,0,0,198.33,0
90171,9641,2025/05,"BORDAQUEVICH, HUGO JOSE",AXION,,20-18054580-9,Bocas de expendio (venta por menor) Combustibles líquidos únicamente,RUTA 2 Y AV. REP. ARGENTINA (LOTE RURAL 065 E INMOBILIARIA 4176),CONCEPCION DE LA SIERRA,MISIONES,Gas Oil Grado 3,Al público,1225.54,1634.41,15.96,1629.00,NO,0,156.45,17.83,0,0,0,257.36,0
90172,9641,2025/05,"BORDAQUEVICH, HUGO JOSE",AXION,,20-18054580-9,Bocas de expendio (venta por menor) Combustibles líquidos únicamente,RUTA 2 Y AV. REP. ARGENTINA (LOTE RURAL 065 E INMOBILIARIA 4176),CONCEPCION DE LA SIERRA,MISIONES,Nafta (común) hasta 92 Ron,Al público,931.33,1326.91,32.32,1319.00,NO,0,224.97,13.78,0,0,0,195.57,0
90173,9641,2025/05,"BORDAQUEVICH, HUGO JOSE",AXION,,20-18054580-9,Bocas de expendio (venta por menor) Combustibles líquidos únicamente,RUTA 2 Y AV. REP. ARGENTINA (LOTE RURAL 065 E INMOBILIARIA 4176),CONCEPCION DE LA SIERRA,MISIONES,Nafta (premium) de más de 95 Ron,Al público,1168.12,1613.43,3.72,1595.00,NO,0,224.97,13.78,0,0,0,245.30,0
90174,9641,2025/05,"BORDAQUEVICH, HUGO JOSE",AXION,,20-18054580-9,Bocas de expendio (venta por menor) Combustibles líquidos únicamente,RUTA 2 Y AV. REP. ARGENTINA (LOTE RURAL 065 E INMOBILIARIA 4176),CONCEPCION DE LA SIERRA,MISIONES,Gas Oil Grado 2,Al público,1030.59,1398.51,50.49,1389.00,NO,0,156.45,17.83,0,0,0,216.42,0
90426,104,2025/05,CALCAGNO RICARDO OMAR Y CALCAGNO RICARDO JAVIER SOC. HECHO,SHELL C.A.P.S.A.,,33-70812864-9,Bocas de expendio (venta por menor) Combustibles líquidos únicamente,AV. 25 DE MAYO 280,RESISTENCIA,CHACO,Gas Oil Grado 2,Al público,1034.30,1367.00,14.88,1367.00,NO,0,146.92,16.75,0,0,0,169.04,0
90427,104,2025/05,CALCAGNO RICARDO OMAR Y CALCAGNO RICARDO JAVIER SOC. HECHO,SHELL C.A.P.S.A.,,33-70812864-9,Bocas de expendio (venta por menor) Combustibles líquidos únicamente,AV. 25 DE MAYO 280,RESISTENCIA,CHACO,Gas Oil Grado 3,Al público,1237.96,1597.00,65.24,1597.00,NO,0,146.70,16.72,0,0,0,195.63,0
90428,104,2025/05,CALCAGNO RICARDO OMAR Y CALCAGNO RICARDO JAVIER SOC. HECHO,SHELL C.A.P.S.A.,,33-70812864-9,Bocas de expendio (venta por menor) Combustibles líquidos únicamente,AV. 25 DE MAYO 280,RESISTENCIA,CHACO,Nafta (premium) de más de 95 Ron,Al público,1172.77,1566.00,88.05,1566.00,NO,0,197.98,12.13,0,0,0,183.13,0
90429,104,2025/05,CALCAGNO RICARDO OMAR Y CALCAGNO RICARDO JAVIER SOC. HECHO,SHELL C.A.P.S.A.,,33-70812864-9,Bocas de expendio (venta por menor) Combustibles líquidos únicamente,AV. 25 DE MAYO 280,RESISTENCIA,CHACO,Nafta (súper) entre 92 y 95 Ron,Al público,958.31,1323.00,175.80,1323.00,NO,0,197.98,12.13,0,0,0,154.59,0
92034,683,2025/05,CONSTRUCTORA EDIFICAR SA,SHELL C.A.P.S.A.,,30-65765065-6,Bocas de expendio (venta por menor) Combustibles líquidos únicamente,ESTADOS UNIDOS 725,CORRIENTES,CORRIENTES,Nafta (súper) entre 92 y 95 Ron,Al público,923.99,1328.13,104.54,1326.00,NO,0,197.98,12.13,0,0,0,158.19,0
92035,683,2025/05,CONSTRUCTORA EDIFICAR SA,SHELL C.A.P.S.A.,,30-65765065-6,Bocas de expendio (venta por menor) Combustibles líquidos únicamente,ESTADOS UNIDOS 725,CORRIENTES,CORRIENTES,Gas Oil Grado 2,Al público,1008.50,1382.06,8.89,1378.00,NO,0,145.22,16.55,0,0,0,174.50,0
92036,683,2025/05,CONSTRUCTORA EDIFICAR SA,SHELL C.A.P.S.A.,,30-65765065-6,Bocas de expendio (venta por menor) Combustibles líquidos únicamente,ESTADOS UNIDOS 725,CORRIENTES,CORRIENTES,Nafta (premium) de más de 95 Ron,Al público,1129.69,1577.03,32.49,1566.00,NO,0,197.98,12.13,0,0,0,188.06,0
92037,683,2025/05,CONSTRUCTORA EDIFICAR SA,SHELL C.A.P.S.A.,,30-65765065-6,Bocas de expendio (venta por menor) Combustibles líquidos únicamente,ESTADOS UNIDOS 725,CORRIENTES,CORRIENTES,Gas Oil Grado 3,Al público,1194.06,1606.58,13.95,1594.00,NO,0,145.22,16.55,0,0,0,200.67,0
92541,475,2025/05,CUBA SA,YPF,,30-68389938-7,Bocas de expendio (venta por menor) Duales (líquidos + GNC),AV. PTE PERON 2282,VILLA DE MAYO,BUENOS AIRES,Nafta (súper) entre 92 y 95 Ron,Al público,880.22,1210.74,240.26,1210.74,NO,0,224.97,13.78,15,0,1210.74,184.85,0
92542,475,2025/05,CUBA SA,YPF,,30-68389938-7,Bocas de expendio (venta por menor) Duales (líquidos + GNC),AV. PTE PERON 2282,VILLA DE MAYO,BUENOS AIRES,Nafta (premium) de más de 95 Ron,Al público,1054.56,1421.72,78.91,1421.72,NO,0,224.97,13.78,20,0,1421.72,221.46,0
92543,475,2025/05,CUBA SA,YPF,,30-68389938-7,Bocas de expendio (venta por menor) Duales (líquidos + GNC),AV. PTE PERON 2282,VILLA DE MAYO,BUENOS AIRES,Gas Oil Grado 3,Al público,1042.18,1363.42,37.63,1363.42,NO,0,156.45,17.83,20,0,1363.42,218.18,0
92544,475,2025/05,CUBA SA,YPF,,30-68389938-7,Bocas de expendio (venta por menor) Duales (líquidos + GNC),AV. PTE PERON 2282,VILLA DE MAYO,BUENOS AIRES,Gas Oil Grado 2,Al público,891.75,1184.90,34.18,1184.90,NO,0,255.74,29.16,15,0,1184.90,187.27,0
92545,475,2025/05,CUBA SA,YPF,,30-68389938-7,Bocas de expendio (venta por menor) Duales (líquidos + GNC),AV. PTE PERON 2282,VILLA DE MAYO,BUENOS AIRES,GNC,Al público,470.25,569.00,118229.00,569.00,NO,0,0,0,0,0,0,98.75,0
93212,2298,2025/05,D.G.B. S.R.L.,YPF,,30-70728425-7,Bocas de expendio (venta por menor) Combustibles líquidos únicamente,ITUZAINGO Y DEAN FUNES,VILLA DOLORES,CORDOBA,GNC,Al público,701.65,849.00,139000.00,849.00,NO,0,0,0,0,0,0,147.35,0
93213,2298,2025/05,D.G.B. S.R.L.,YPF,,30-70728425-7,Bocas de expendio (venta por menor) Combustibles líquidos únicamente,ITUZAINGO Y DEAN FUNES,VILLA DOLORES,CORDOBA,Nafta (común) hasta 92 Ron,Al público,851.05,1267.51,291.31,1270.00,NO,0,178.72,13.78,0,0,0,178.72,0
93214,2298,2025/05,D.G.B. S.R.L.,YPF,,30-70728425-7,Bocas de expendio (venta por menor) Combustibles líquidos únicamente,ITUZAINGO Y DEAN FUNES,VILLA DOLORES,CORDOBA,Nafta (premium) de más de 95 Ron,Al público,1033.42,1460.54,83.80,1462.00,NO,0,197.98,12.13,0,0,0,217.02,0
93215,2298,2025/05,D.G.B. S.R.L.,YPF,,30-70728425-7,Bocas de expendio (venta por menor) Combustibles líquidos únicamente,ITUZAINGO Y DEAN FUNES,VILLA DOLORES,CORDOBA,Gas Oil Grado 3,Al público,1034.71,1408.85,109.26,1411.00,NO,0,140.81,16.05,0,0,0,217.29,0
93216,2298,2025/05,D.G.B. S.R.L.,YPF,,30-70728425-7,Bocas de expendio (venta por menor) Combustibles líquidos únicamente,ITUZAINGO Y DEAN FUNES,VILLA DOLORES,CORDOBA,Kerosene,Al público,846.37,1309.00,2.87,1309.00,NO,0,255.74,29.16,0,0,0,177.74,0
93217,2298,2025/05,D.G.B. S.R.L.,YPF,,30-70728425-7,Bocas de expendio (venta por menor) Combustibles líquidos únicamente,ITUZAINGO Y DEAN FUNES,VILLA DOLORES,CORDOBA,Gas Oil Grado 2,Al público,919.12,1273.34,116.69,1276.00,NO,0,144.72,16.49,0,0,0,193.01,0
93478,3978,2025/05,DON ROBERTO SA,BLANCA,18/2022/08,30-70895265-2,Bocas de expendio (venta por menor) Combustibles líquidos únicamente,"RUTA NACIONAL N: 12, KM. 1052",SAN COSME,CORRIENTES,Gas Oil Grado 2,Al público,920.61,1285.35,42.43,1283.00,NO,0,144.71,16.49,0,0,9.21,193.32,0
93479,3978,2025/05,DON ROBERTO SA,BLANCA,18/2022/08,30-70895265-2,Bocas de expendio (venta por menor) Combustibles líquidos únicamente,"RUTA NACIONAL N: 12, KM. 1052",SAN COSME,CORRIENTES,Nafta (premium) de más de 95 Ron,Al público,1053.63,1495.54,3.67,1490.00,NO,0,197.97,12.13,0,0,10.54,221.26,0
93480,3978,2025/05,DON ROBERTO SA,BLANCA,18/2022/08,30-70895265-2,Bocas de expendio (venta por menor) Combustibles líquidos únicamente,"RUTA NACIONAL N: 12, KM. 1052",SAN COSME,CORRIENTES,Nafta (súper) entre 92 y 95 Ron,Al público,852.73,1250.43,45.56,1249.00,NO,0,197.97,12.13,0,0,8.53,179.07,0
93481,3978,2025/05,DON ROBERTO SA,BLANCA,18/2022/08,30-70895265-2,Bocas de expendio (venta por menor) Combustibles líquidos únicamente,"RUTA NACIONAL N: 12, KM. 1052",SAN COSME,CORRIENTES,Gas Oil Grado 3,Al público,1090.26,1491.33,9.63,1490.00,NO,0,144.71,16.49,0,0,10.90,228.95,0
95262,1036,2025/05,ESTACION EL SURTIDOR S.R.L.,YPF,,30-51932822-0,Bocas de expendio (venta por menor) Duales (líquidos + GNC),CORDOBA 4098,ROSARIO,SANTA FE,Kerosene,Al público,1004.22,1500.00,4.54,1500.00,NO,0,255.74,13.09,16.07,0,0,210.89,0
95263,1036,2025/05,ESTACION EL SURTIDOR S.R.L.,YPF,,30-51932822-0,Bocas de expendio (venta por menor) Duales (líquidos + GNC),CORDOBA 4098,ROSARIO,SANTA FE,Nafta (premium) de más de 95 Ron,Al público,1020.65,1461.45,171.39,1481.00,NO,0,197.98,12.13,16.33,0,0,214.35,0
95264,1036,2025/05,ESTACION EL SURTIDOR S.R.L.,YPF,,30-51932822-0,Bocas de expendio (venta por menor) Duales (líquidos + GNC),CORDOBA 4098,ROSARIO,SANTA FE,Nafta (súper) entre 92 y 95 Ron,Al público,861.84,1266.75,318.09,1283.00,NO,0,197.98,12.14,13.79,0,0,181.01,0
95265,1036,2025/05,ESTACION EL SURTIDOR S.R.L.,YPF,,30-51932822-0,Bocas de expendio (venta por menor) Duales (líquidos + GNC),CORDOBA 4098,ROSARIO,SANTA FE,Gas Oil Grado 3,Al público,1028.85,1418.64,128.64,1438.00,NO,1,141.17,16.15,16.46,0,0,215.99,0
95266,1036,2025/05,ESTACION EL SURTIDOR S.R.L.,YPF,,30-51932822-0,Bocas de expendio (venta por menor) Duales (líquidos + GNC),CORDOBA 4098,ROSARIO,SANTA FE,Gas Oil Grado 2,Al público,901.48,1266.43,44.82,1284.00,NO,0,144.72,16.51,14.42,0,0,189.31,0
95267,1036,2025/05,ESTACION EL SURTIDOR S.R.L.,YPF,,30-51932822-0,Bocas de expendio (venta por menor) Duales (líquidos + GNC),CORDOBA 4098,ROSARIO,SANTA FE,GNC,Al público,528.22,659.00,85828.50,659.00,NO,0,0,0,8.45,0,0,5976.09,11.40
99409,719,2025/05,LIBEROIL SRL,YPF,,30-67791118-9,Bocas de expendio (venta por menor) Duales (líquidos + GNC),av. eva peron 3750,MERLO,BUENOS AIRES,Kerosene,Al público,844.30,1217.00,1.44,1217.00,NO,0,255.74,29.16,21.11,9.69,35.65,177.30,0
99410,719,2025/05,LIBEROIL SRL,YPF,,30-67791118-9,Bocas de expendio (venta por menor) Duales (líquidos + GNC),av. eva peron 3750,MERLO,BUENOS AIRES,GNC,Al público,410.28,514.90,87272.00,514.90,NO,0,0,0,14.46,9.69,14.36,86.16,10.82
99411,719,2025/05,LIBEROIL SRL,YPF,,30-67791118-9,Bocas de expendio (venta por menor) Duales (líquidos + GNC),av. eva peron 3750,MERLO,BUENOS AIRES,Nafta (premium) de más de 95 Ron,Al público,989.71,1466.00,45.59,1466.00,NO,0,224.97,13.78,29.69,9.69,43.00,207.84,0
99412,719,2025/05,LIBEROIL SRL,YPF,,30-67791118-9,Bocas de expendio (venta por menor) Duales (líquidos + GNC),av. eva peron 3750,MERLO,BUENOS AIRES,Nafta (súper) entre 92 y 95 Ron,Al público,813.15,1243.00,178.32,1243.00,NO,0,224.97,13.78,20.33,9.69,36.82,170.76,0
99413,719,2025/05,LIBEROIL SRL,YPF,,30-67791118-9,Bocas de expendio (venta por menor) Duales (líquidos + GNC),av. eva peron 3750,MERLO,BUENOS AIRES,Gas Oil Grado 3,Al público,990.05,1397.00,35.89,1397.00,NO,0,156.45,17.83,24.75,9.69,40.75,207.91,0
99414,719,2025/05,LIBEROIL SRL,YPF,,30-67791118-9,Bocas de expendio (venta por menor) Duales (líquidos + GNC),av. eva peron 3750,MERLO,BUENOS AIRES,Gas Oil Grado 2,Al público,844.30,1217.00,54.59,1217.00,NO,0,156.45,17.83,21.11,9.69,35.65,177.30,0
100502,8252,2025/05,MARIJO S.A.,YPF,,30-69854828-9,Bocas de expendio (venta por menor) Duales (líquidos + GNC),AYACUCHO 3285,RIO CUARTO,CORDOBA,Nafta (premium) de más de 95 Ron,Al público,1043.54,1472.78,48.58,1462.00,NO,0,197.98,12.13,0,0,0,217.27,0
100507,8252,2025/05,MARIJO S.A.,YPF,,30-69854828-9,Bocas de expendio (venta por menor) Duales (líquidos + GNC),AYACUCHO 3285,RIO CUARTO,CORDOBA,Kerosene,Al público,830.37,1289.65,4.50,1270.00,NO,0,255.74,29.16,0,0,0,170.97,0
100508,8252,2025/05,MARIJO S.A.,YPF,,30-69854828-9,Bocas de expendio (venta por menor) Duales (líquidos + GNC),AYACUCHO 3285,RIO CUARTO,CORDOBA,Gas Oil Grado 3,Al público,1043.83,1419.89,121.63,1411.00,NO,0,140.81,16.05,0,0,0,217.66,0
100509,8252,2025/05,MARIJO S.A.,YPF,,30-69854828-9,Bocas de expendio (venta por menor) Duales (líquidos + GNC),AYACUCHO 3285,RIO CUARTO,CORDOBA,Gas Oil Grado 2,Al público,934.58,1292.05,208.69,1276.00,NO,0,144.72,16.49,0,0,0,193.48,0
100510,8252,2025/05,MARIJO S.A.,YPF,,30-69854828-9,Bocas de expendio (venta por menor) Duales (líquidos + GNC),AYACUCHO 3285,RIO CUARTO,CORDOBA,GNC,Al público,619.84,750.00,60736.00,750.00,NO,0,0,0,0,0,0,130.17,0
100512,8252,2025/05,MARIJO S.A.,YPF,,30-69854828-9,Bocas de expendio (venta por menor) Duales (líquidos + GNC),AYACUCHO 3285,RIO CUARTO,CORDOBA,Nafta (súper) entre 92 y 95 Ron,Al público,878.94,1273.62,137.87,1270.00,NO,0,197.98,12.13,0,0,0,183.94,0
103406,10979,2025/05,PEREZ HERMANOS S.R.L.,DAPSA S.A.,,30-71621033-9,Bocas de expendio (venta por menor) Combustibles líquidos únicamente,RUTA NACIONAL 14 KM1052 0,SAN PEDRO,MISIONES,Gas Oil Grado 3,Al público,1078.28,1479.00,27.39,1479.00,NO,0,156.45,17.83,0,7.55,26.96,226.44,0
103407,10979,2025/05,PEREZ HERMANOS S.R.L.,DAPSA S.A.,,30-71621033-9,Bocas de expendio (venta por menor) Combustibles líquidos únicamente,RUTA NACIONAL 14 KM1052 0,SAN PEDRO,MISIONES,Nafta (premium) de más de 95 Ron,Al público,1101.65,1533.00,4.69,1533.00,NO,0,188.45,11.54,0,7.71,27.54,231.35,0
103408,10979,2025/05,PEREZ HERMANOS S.R.L.,DAPSA S.A.,,30-71621033-9,Bocas de expendio (venta por menor) Combustibles líquidos únicamente,RUTA NACIONAL 14 KM1052 0,SAN PEDRO,MISIONES,Gas Oil Grado 2,Al público,923.48,1289.00,184.87,1289.00,NO,0,154.10,17.48,0,6.46,23.09,193.93,0
103409,10979,2025/05,PEREZ HERMANOS S.R.L.,DAPSA S.A.,,30-71621033-9,Bocas de expendio (venta por menor) Combustibles líquidos únicamente,RUTA NACIONAL 14 KM1052 0,SAN PEDRO,MISIONES,Nafta (súper) entre 92 y 95 Ron,Al público,883.38,1279.00,105.07,1279.00,NO,0,197.98,12.13,0,6.18,22.08,185.51,0
104466,7672,2025/05,POSTA 16 S.R.L.,GULF,,30-71092757-6,Bocas de expendio (venta por menor) Combustibles líquidos únicamente,FORMOSA 949,ROLDAN,SANTA FE,Gas Oil Grado 3,Al público,1103.22,1492.23,20.60,1470.00,NO,0,140.96,16.07,0,0,0,231.68,0
104467,7672,2025/05,POSTA 16 S.R.L.,GULF,,30-71092757-6,Bocas de expendio (venta por menor) Combustibles líquidos únicamente,FORMOSA 949,ROLDAN,SANTA FE,Nafta (premium) de más de 95 Ron,Al público,1046.82,1476.75,8.55,1463.00,NO,0,197.98,12.13,0,0,0,219.83,0
104468,7672,2025/05,POSTA 16 S.R.L.,GULF,,30-71092757-6,Bocas de expendio (venta por menor) Combustibles líquidos únicamente,FORMOSA 949,ROLDAN,SANTA FE,Nafta (súper) entre 92 y 95 Ron,Al público,876.50,1270.68,58.16,1268.00,NO,0,197.98,12.13,0,0,0,184.06,0
104469,7672,2025/05,POSTA 16 S.R.L.,GULF,,30-71092757-6,Bocas de expendio (venta por menor) Combustibles líquidos únicamente,FORMOSA 949,ROLDAN,SANTA FE,Gas Oil Grado 2,Al público,957.82,1320.16,106.26,1313.00,NO,0,144.72,16.50,0,0,0,201.14,0
104693,189,2025/05,PUERTA SA,AXION,,30-59299051-9,Bocas de expendio (venta por menor) Combustibles líquidos únicamente,Avenida Quaranta 4150,POSADAS,MISIONES,Gas Oil Grado 2,Al público,1022.83,1397.79,39.67,1399.00,NO,0,143.78,16.39,0,0,0,62016.00,0
104697,189,2025/05,PUERTA SA,AXION,,30-59299051-9,Bocas de expendio (venta por menor) Combustibles líquidos únicamente,Avenida Quaranta 4150,POSADAS,MISIONES,Nafta (premium) de más de 95 Ron,Al público,1128.98,1576.17,18.42,1571.00,NO,0,197.98,12.13,0,0,0,9919.39,0
104698,189,2025/05,PUERTA SA,AXION,,30-59299051-9,Bocas de expendio (venta por menor) Combustibles líquidos únicamente,Avenida Quaranta 4150,POSADAS,MISIONES,Gas Oil Grado 3,Al público,1195.31,1606.49,24.55,1599.00,NO,0,143.78,16.39,0,0,0,6645.85,0
104699,189,2025/05,PUERTA SA,AXION,,30-59299051-9,Bocas de expendio (venta por menor) Combustibles líquidos únicamente,Avenida Quaranta 4150,POSADAS,MISIONES,Nafta (súper) entre 92 y 95 Ron,Al público,878.51,1273.10,119.40,1274.00,NO,0,197.98,12.13,0,0,0,26641.40,0
105705,4653,2025/05,"ROGER, HUGO DANIEL",SHELL C.A.P.S.A.,,20-16232054-9,Bocas de expendio (venta por menor) Combustibles líquidos únicamente,MONZON Y L.COBELLO 95,VILLA ANGELA,CHACO,Gas Oil Grado 2,Al público,983.45,1367.00,39.00,1367.00,NO,0,156.45,17.83,0,0,0,209.27,0
105706,4653,2025/05,"ROGER, HUGO DANIEL",SHELL C.A.P.S.A.,,20-16232054-9,Bocas de expendio (venta por menor) Combustibles líquidos únicamente,MONZON Y L.COBELLO 95,VILLA ANGELA,CHACO,Gas Oil Grado 3,Al público,1062.92,1597.00,6.00,1597.00,NO,0,255.73,29.16,0,0,0,249.19,0
105707,4653,2025/05,"ROGER, HUGO DANIEL",SHELL C.A.P.S.A.,,20-16232054-9,Bocas de expendio (venta por menor) Combustibles líquidos únicamente,MONZON Y L.COBELLO 95,VILLA ANGELA,CHACO,Nafta (premium) de más de 95 Ron,Al público,1092.75,1567.00,7.00,1567.00,NO,0,224.97,13.78,0,0,0,235.50,0
105708,4653,2025/05,"ROGER, HUGO DANIEL",SHELL C.A.P.S.A.,,20-16232054-9,Bocas de expendio (venta por menor) Combustibles líquidos únicamente,MONZON Y L.COBELLO 95,VILLA ANGELA,CHACO,Nafta (súper) entre 92 y 95 Ron,Al público,891.10,1323.00,64.90,1323.00,NO,0,224.97,13.78,0,0,0,193.15,0
105806,2951,2025/05,ROQUE LINO PENZO Y CIA S.R.L.,YPF,,30-66986964-5,Bocas de expendio (venta por menor) Combustibles Líquidos + PRVE,SAN MARTIN N 1000,SANTA LUCIA,CORRIENTES,Gas Oil Grado 3,Al público,1037.17,1472.00,76.50,1472.00,NO,0,142.84,16.28,0,0,0,0,0
105807,2951,2025/05,ROQUE LINO PENZO Y CIA S.R.L.,YPF,,30-66986964-5,Bocas de expendio (venta por menor) Combustibles Líquidos + PRVE,SAN MARTIN N 1000,SANTA LUCIA,CORRIENTES,Gas Oil Grado 2,Al público,890.95,1289.00,116.62,1289.00,NO,0,144.72,16.49,0,0,0,0,0
105808,2951,2025/05,ROQUE LINO PENZO Y CIA S.R.L.,YPF,,30-66986964-5,Bocas de expendio (venta por menor) Combustibles Líquidos + PRVE,SAN MARTIN N 1000,SANTA LUCIA,CORRIENTES,Nafta (premium) de más de 95 Ron,Al público,987.42,1460.00,26.79,1460.00,NO,0,197.98,12.13,0,0,0,0,0
105809,2951,2025/05,ROQUE LINO PENZO Y CIA S.R.L.,YPF,,30-66986964-5,Bocas de expendio (venta por menor) Combustibles Líquidos + PRVE,SAN MARTIN N 1000,SANTA LUCIA,CORRIENTES,Nafta (súper) entre 92 y 95 Ron,Al público,823.10,1252.00,228.91,1252.00,NO,0,197.98,12.13,0,0,0,0,0
106396,563,2025/05,SANTA BARBARA SA,YPF,,30-64767888-9,Bocas de expendio (venta por menor) Duales (líquidos + GNC),AUTOPISTA CORDOBA PILAR KM 692,CORDOBA,CORDOBA,GNC,Al público,577.69,698.99,94907.80,699.00,NO,0,0,0,0,0,0,121.31,10.93
106397,563,2025/05,SANTA BARBARA SA,YPF,,30-64767888-9,Bocas de expendio (venta por menor) Duales (líquidos + GNC),AUTOPISTA CORDOBA PILAR KM 692,CORDOBA,CORDOBA,Nafta (premium) de más de 95 Ron,Al público,1022.99,1447.92,126.84,1455.00,NO,0,197.97,12.12,0,0,0,214.83,0
106398,563,2025/05,SANTA BARBARA SA,YPF,,30-64767888-9,Bocas de expendio (venta por menor) Duales (líquidos + GNC),AUTOPISTA CORDOBA PILAR KM 692,CORDOBA,CORDOBA,Nafta (súper) entre 92 y 95 Ron,Al público,869.77,1262.52,221.09,1264.00,NO,0,197.97,12.12,0,0,0,182.65,0
106400,563,2025/05,SANTA BARBARA SA,YPF,,30-64767888-9,Bocas de expendio (venta por menor) Duales (líquidos + GNC),AUTOPISTA CORDOBA PILAR KM 692,CORDOBA,CORDOBA,Gas Oil Grado 2,Al público,919.24,1273.49,275.60,1276.00,NO,0,144.72,16.49,0,0,0,193.04,0
106402,563,2025/05,SANTA BARBARA SA,YPF,,30-64767888-9,Bocas de expendio (venta por menor) Duales (líquidos + GNC),AUTOPISTA CORDOBA PILAR KM 692,CORDOBA,CORDOBA,Gas Oil Grado 3,Al público,1034.17,1408.20,256.54,1411.00,NO,0,140.81,16.05,0,0,0,217.17,0
107659,6644,2025/05,SUCATA S.A.,YPF,,30-70827063-2,Bocas de expendio (venta por menor) Duales (líquidos + GNC),"RUTA PROVINCIAL Nº 10 0,7",SAN LORENZO,SANTA FE,Nafta (premium) de más de 95 Ron,Al público,1013.93,1437.03,119.86,1438.00,NO,0,198.05,12.13,0,0,0,212.93,0
107660,6644,2025/05,SUCATA S.A.,YPF,,30-70827063-2,Bocas de expendio (venta por menor) Duales (líquidos + GNC),"RUTA PROVINCIAL Nº 10 0,7",SAN LORENZO,SANTA FE,Nafta (súper) entre 92 y 95 Ron,Al público,860.04,1250.86,272.89,1252.00,NO,0,198.08,12.13,0,0,0,180.61,0
107661,6644,2025/05,SUCATA S.A.,YPF,,30-70827063-2,Bocas de expendio (venta por menor) Duales (líquidos + GNC),"RUTA PROVINCIAL Nº 10 0,7",SAN LORENZO,SANTA FE,Gas Oil Grado 3,Al público,1024.03,1395.76,314.82,1398.00,NO,0,140.66,16.03,0,0,0,215.05,0
107662,6644,2025/05,SUCATA S.A.,YPF,,30-70827063-2,Bocas de expendio (venta por menor) Duales (líquidos + GNC),"RUTA PROVINCIAL Nº 10 0,7",SAN LORENZO,SANTA FE,Gas Oil Grado 2,Al público,911.04,1259.04,971.99,1263.00,NO,0,140.65,16.03,0,0,0,191.32,0
107735,1907,2025/05,SUCESORES DE OVIDIO JUAN DEGREGORIO S.H,YPF,,30-67017935-0,Bocas de expendio (venta por menor) Combustibles líquidos únicamente,AV.AVALOS 1001,RESISTENCIA,CHACO,Nafta (súper) entre 92 y 95 Ron,Al público,850.97,1252.00,194.46,1252.00,NO,0,209.49,12.83,0,0,0,178.70,0
107736,1907,2025/05,SUCESORES DE OVIDIO JUAN DEGREGORIO S.H,YPF,,30-67017935-0,Bocas de expendio (venta por menor) Combustibles líquidos únicamente,AV.AVALOS 1001,RESISTENCIA,CHACO,Gas Oil Grado 3,Al público,1075.37,1466.00,68.13,1466.00,NO,0,149.82,14.98,0,0,0,225.83,0
107737,1907,2025/05,SUCESORES DE OVIDIO JUAN DEGREGORIO S.H,YPF,,30-67017935-0,Bocas de expendio (venta por menor) Combustibles líquidos únicamente,AV.AVALOS 1001,RESISTENCIA,CHACO,Gas Oil Grado 2,Al público,921.82,1289.00,72.03,1289.00,NO,0,155.84,17.76,0,0,0,193.58,0
107738,1907,2025/05,SUCESORES DE OVIDIO JUAN DEGREGORIO S.H,YPF,,30-67017935-0,Bocas de expendio (venta por menor) Combustibles líquidos únicamente,AV.AVALOS 1001,RESISTENCIA,CHACO,Nafta (premium) de más de 95 Ron,Al público,1022.87,1460.00,47.33,1460.00,NO,0,209.49,12.83,0,0,0,214.80,0
109409,723,2025/06,AGLP SA,YPF,,30-70715847-2,Bocas de expendio (venta por menor) Duales (líquidos + GNC),BLAS PARERA 935,ITUZAINGO,BUENOS AIRES,Nafta (común) hasta 92 Ron,Al público,967.91,1245.99,193.55,1246.00,NO,0,238.06,14.58,12.57,0,0,203.26,0
109410,723,2025/06,AGLP SA,YPF,,30-70715847-2,Bocas de expendio (venta por menor) Duales (líquidos + GNC),BLAS PARERA 935,ITUZAINGO,BUENOS AIRES,Gas Oil Grado 2,Al público,957.09,1220.98,52.79,1221.00,NO,0,167.03,19.04,12.43,0,0,200.95,0
109411,723,2025/06,AGLP SA,YPF,,30-70715847-2,Bocas de expendio (venta por menor) Duales (líquidos + GNC),BLAS PARERA 935,ITUZAINGO,BUENOS AIRES,Nafta (premium) de más de 95 Ron,Al público,1138.10,1459.00,79.88,1459.00,NO,0,238.06,14.58,14.79,0,0,239.00,0
109412,723,2025/06,AGLP SA,YPF,,30-70715847-2,Bocas de expendio (venta por menor) Duales (líquidos + GNC),BLAS PARERA 935,ITUZAINGO,BUENOS AIRES,GNC,Al público,387.74,509.00,79887.00,509.00,NO,0,0,0,5.04,0,0,81.42,9.89
109413,723,2025/06,AGLP SA,YPF,,30-70715847-2,Bocas de expendio (venta por menor) Duales (líquidos + GNC),BLAS PARERA 935,ITUZAINGO,BUENOS AIRES,Gas Oil Grado 3,Al público,1094.22,1399.00,36.77,1399.00,NO,0,277.65,31.66,14.22,0,0,229.78,0
112022,9641,2025/06,"BORDAQUEVICH, HUGO JOSE",AXION,,20-18054580-9,Bocas de expendio (venta por menor) Combustibles líquidos únicamente,RUTA 2 Y AV. REP. ARGENTINA (LOTE RURAL 065 E INMOBILIARIA 4176),CONCEPCION DE LA SIERRA,MISIONES,Gas Oil Grado 3,Al público,1230.00,1644.00,23.38,1699.00,NO,0,147.98,16.87,0,0,0,258.30,0
112023,9641,2025/06,"BORDAQUEVICH, HUGO JOSE",AXION,,20-18054580-9,Bocas de expendio (venta por menor) Combustibles líquidos únicamente,RUTA 2 Y AV. REP. ARGENTINA (LOTE RURAL 065 E INMOBILIARIA 4176),CONCEPCION DE LA SIERRA,MISIONES,Nafta (común) hasta 92 Ron,Al público,931.52,1331.00,20.52,1379.00,NO,0,214.15,13.12,0,0,0,195.61,0
112024,9641,2025/06,"BORDAQUEVICH, HUGO JOSE",AXION,,20-18054580-9,Bocas de expendio (venta por menor) Combustibles líquidos únicamente,RUTA 2 Y AV. REP. ARGENTINA (LOTE RURAL 065 E INMOBILIARIA 4176),CONCEPCION DE LA SIERRA,MISIONES,Gas Oil Grado 2,Al público,1034.00,1406.00,55.07,1479.00,NO,0,147.98,16.87,0,0,0,217.14,0
112025,9641,2025/06,"BORDAQUEVICH, HUGO JOSE",AXION,,20-18054580-9,Bocas de expendio (venta por menor) Combustibles líquidos únicamente,RUTA 2 Y AV. REP. ARGENTINA (LOTE RURAL 065 E INMOBILIARIA 4176),CONCEPCION DE LA SIERRA,MISIONES,Nafta (premium) de más de 95 Ron,Al público,1156.00,1600.00,8.15,1669.00,NO,0,214.15,13.12,0,0,0,242.70,0
112277,104,2025/06,CALCAGNO RICARDO OMAR Y CALCAGNO RICARDO JAVIER SOC. HECHO,SHELL C.A.P.S.A.,,33-70812864-9,Bocas de expendio (venta por menor) Combustibles líquidos únicamente,AV. 25 DE MAYO 280,RESISTENCIA,CHACO,Nafta (súper) entre 92 y 95 Ron,Al público,972.14,1357.91,168.31,1399.00,NO,0,209.49,12.83,0,0,0,157.50,0
112278,104,2025/06,CALCAGNO RICARDO OMAR Y CALCAGNO RICARDO JAVIER SOC. HECHO,SHELL C.A.P.S.A.,,33-70812864-9,Bocas de expendio (venta por menor) Combustibles líquidos únicamente,AV. 25 DE MAYO 280,RESISTENCIA,CHACO,Nafta (premium) de más de 95 Ron,Al público,1190.37,1606.88,85.16,1660.00,NO,0,209.49,12.83,0,0,0,204.48,0
112279,104,2025/06,CALCAGNO RICARDO OMAR Y CALCAGNO RICARDO JAVIER SOC. HECHO,SHELL C.A.P.S.A.,,33-70812864-9,Bocas de expendio (venta por menor) Combustibles líquidos únicamente,AV. 25 DE MAYO 280,RESISTENCIA,CHACO,Gas Oil Grado 3,Al público,1259.45,1639.14,64.55,1693.00,NO,0,154.50,17.61,0,0,0,200.02,0
112280,104,2025/06,CALCAGNO RICARDO OMAR Y CALCAGNO RICARDO JAVIER SOC. HECHO,SHELL C.A.P.S.A.,,33-70812864-9,Bocas de expendio (venta por menor) Combustibles líquidos únicamente,AV. 25 DE MAYO 280,RESISTENCIA,CHACO,Gas Oil Grado 2,Al público,1051.14,1402.82,14.24,1450.00,NO,0,154.50,17.61,0,0,0,172.75,0
113870,683,2025/06,CONSTRUCTORA EDIFICAR SA,SHELL C.A.P.S.A.,,30-65765065-6,Bocas de expendio (venta por menor) Combustibles líquidos únicamente,ESTADOS UNIDOS 725,CORRIENTES,CORRIENTES,Nafta (súper) entre 92 y 95 Ron,Al público,942.90,1362.83,94.73,1408.00,NO,0,209.11,12.81,0,0,0,161.29,0
113871,683,2025/06,CONSTRUCTORA EDIFICAR SA,SHELL C.A.P.S.A.,,30-65765065-6,Bocas de expendio (venta por menor) Combustibles líquidos únicamente,ESTADOS UNIDOS 725,CORRIENTES,CORRIENTES,Nafta (premium) de más de 95 Ron,Al público,1144.56,1606.83,32.56,1660.00,NO,0,209.11,12.81,0,0,0,190.25,0
113872,683,2025/06,CONSTRUCTORA EDIFICAR SA,SHELL C.A.P.S.A.,,30-65765065-6,Bocas de expendio (venta por menor) Combustibles líquidos únicamente,ESTADOS UNIDOS 725,CORRIENTES,CORRIENTES,Gas Oil Grado 2,Al público,1027.25,1414.87,9.46,1462.00,NO,0,154.30,17.59,0,0,0,177.55,0
113873,683,2025/06,CONSTRUCTORA EDIFICAR SA,SHELL C.A.P.S.A.,,30-65765065-6,Bocas de expendio (venta por menor) Combustibles líquidos únicamente,ESTADOS UNIDOS 725,CORRIENTES,CORRIENTES,Gas Oil Grado 3,Al público,1209.32,1635.17,13.75,1689.00,NO,0,154.30,17.59,0,0,0,202.98,0
114378,475,2025/06,CUBA SA,YPF,,30-68389938-7,Bocas de expendio (venta por menor) Duales (líquidos + GNC),AV. PTE PERON 2282,VILLA DE MAYO,BUENOS AIRES,GNC,Al público,470.25,569.00,112954.00,569.00,NO,0,0,0,0,0,0,98.75,0
114379,475,2025/06,CUBA SA,YPF,,30-68389938-7,Bocas de expendio (venta por menor) Duales (líquidos + GNC),AV. PTE PERON 2282,VILLA DE MAYO,BUENOS AIRES,Nafta (súper) entre 92 y 95 Ron,Al público,892.83,1226.00,218.21,1226.00,NO,0,238.06,14.58,15,0,0,187.50,0
114380,475,2025/06,CUBA SA,YPF,,30-68389938-7,Bocas de expendio (venta por menor) Duales (líquidos + GNC),AV. PTE PERON 2282,VILLA DE MAYO,BUENOS AIRES,Nafta (premium) de más de 95 Ron,Al público,1068.83,1439.00,31.12,1439.00,NO,0,238.06,14.58,20,0,0,224.00,0
114381,475,2025/06,CUBA SA,YPF,,30-68389938-7,Bocas de expendio (venta por menor) Duales (líquidos + GNC),AV. PTE PERON 2282,VILLA DE MAYO,BUENOS AIRES,Gas Oil Grado 3,Al público,1057.49,1382.00,65.82,1382.00,NO,0,167.03,19.04,20,20,0,222.07,0
114382,475,2025/06,CUBA SA,YPF,,30-68389938-7,Bocas de expendio (venta por menor) Duales (líquidos + GNC),AV. PTE PERON 2282,VILLA DE MAYO,BUENOS AIRES,Gas Oil Grado 2,Al público,905.06,1201.00,34.14,1201.00,NO,0,277.65,31.66,15,0,0,190.06,0
115046,2298,2025/06,D.G.B. S.R.L.,YPF,,30-70728425-7,Bocas de expendio (venta por menor) Combustibles líquidos únicamente,ITUZAINGO Y DEAN FUNES,VILLA DOLORES,CORDOBA,Nafta (súper) entre 92 y 95 Ron,Al público,863.77,1283.92,317.46,1284.00,NO,0,224.97,13.78,0,0,0,181.39,0
115047,2298,2025/06,D.G.B. S.R.L.,YPF,,30-70728425-7,Bocas de expendio (venta por menor) Combustibles líquidos únicamente,ITUZAINGO Y DEAN FUNES,VILLA DOLORES,CORDOBA,GNC,Al público,701.65,849.00,141050.00,849.00,NO,0,0,0,0,0,0,147.35,0
115048,2298,2025/06,D.G.B. S.R.L.,YPF,,30-70728425-7,Bocas de expendio (venta por menor) Combustibles líquidos únicamente,ITUZAINGO Y DEAN FUNES,VILLA DOLORES,CORDOBA,Kerosene,Al público,846.37,1309.00,4.58,1309.00,NO,0,255.74,29.16,0,0,0,177.74,0
115049,2298,2025/06,D.G.B. S.R.L.,YPF,,30-70728425-7,Bocas de expendio (venta por menor) Combustibles líquidos únicamente,ITUZAINGO Y DEAN FUNES,VILLA DOLORES,CORDOBA,Gas Oil Grado 2,Al público,933.70,1290.99,106.32,1291.00,NO,0,144.72,16.49,0,0,0,196.08,0
115050,2298,2025/06,D.G.B. S.R.L.,YPF,,30-70728425-7,Bocas de expendio (venta por menor) Combustibles líquidos únicamente,ITUZAINGO Y DEAN FUNES,VILLA DOLORES,CORDOBA,Gas Oil Grado 3,Al público,1049.70,1426.99,95.08,1427.00,NO,0,140.81,16.05,0,0,0,220.44,0
115051,2298,2025/06,D.G.B. S.R.L.,YPF,,30-70728425-7,Bocas de expendio (venta por menor) Combustibles líquidos únicamente,ITUZAINGO Y DEAN FUNES,VILLA DOLORES,CORDOBA,Nafta (premium) de más de 95 Ron,Al público,1048.66,1478.98,72.37,1479.00,NO,0,197.98,12.13,0,0,0,220.22,0
115311,3978,2025/06,DON ROBERTO SA,BLANCA,18/2022/08,30-70895265-2,Bocas de expendio (venta por menor) Combustibles líquidos únicamente,"RUTA NACIONAL N: 12, KM. 1052",SAN COSME,CORRIENTES,Nafta (súper) entre 92 y 95 Ron,Al público,910.08,1332.63,44.27,1366.00,NO,0,209.49,12.83,0,0,9.10,191.11,0
115312,3978,2025/06,DON ROBERTO SA,BLANCA,18/2022/08,30-70895265-2,Bocas de expendio (venta por menor) Combustibles líquidos únicamente,"RUTA NACIONAL N: 12, KM. 1052",SAN COSME,CORRIENTES,Gas Oil Grado 2,Al público,946.36,1326.67,45.41,1394.00,NO,0,154.50,17.61,0,0,9.46,198.73,0
115313,3978,2025/06,DON ROBERTO SA,BLANCA,18/2022/08,30-70895265-2,Bocas de expendio (venta por menor) Combustibles líquidos únicamente,"RUTA NACIONAL N: 12, KM. 1052",SAN COSME,CORRIENTES,Nafta (común) hasta 92 Ron,Al público,1060.38,1515.99,3.27,1575.00,NO,0,209.49,12.83,0,0,10.60,222.68,0
115314,3978,2025/06,DON ROBERTO SA,BLANCA,18/2022/08,30-70895265-2,Bocas de expendio (venta por menor) Combustibles líquidos únicamente,"RUTA NACIONAL N: 12, KM. 1052",SAN COSME,CORRIENTES,Gas Oil Grado 3,Al público,1108.01,1523.88,9.26,1592.00,NO,0,154.50,17.61,0,0,11.08,232.68,0
117088,1036,2025/06,ESTACION EL SURTIDOR S.R.L.,YPF,,30-51932822-0,Bocas de expendio (venta por menor) Duales (líquidos + GNC),CORDOBA 4098,ROSARIO,SANTA FE,Gas Oil Grado 3,Al público,1037.64,1438.01,125.71,1474.00,NO,1,149.76,17.05,16.59,0,0,217.74,0
117089,1036,2025/06,ESTACION EL SURTIDOR S.R.L.,YPF,,30-51932822-0,Bocas de expendio (venta por menor) Duales (líquidos + GNC),CORDOBA 4098,ROSARIO,SANTA FE,Nafta (súper) entre 92 y 95 Ron,Al público,866.09,1283.00,313.60,1315.00,NO,0,208.64,12.77,13.85,0,0,181.84,0
117090,1036,2025/06,ESTACION EL SURTIDOR S.R.L.,YPF,,30-51932822-0,Bocas de expendio (venta por menor) Duales (líquidos + GNC),CORDOBA 4098,ROSARIO,SANTA FE,Nafta (premium) de más de 95 Ron,Al público,1027.61,1481.00,181.83,1519.00,NO,0,208.16,12.72,16.45,0,0,215.84,0
117091,1036,2025/06,ESTACION EL SURTIDOR S.R.L.,YPF,,30-51932822-0,Bocas de expendio (venta por menor) Duales (líquidos + GNC),CORDOBA 4098,ROSARIO,SANTA FE,Kerosene,Al público,1004.65,1508.01,6.90,1550.00,NO,0,262.45,13.85,16.07,0,0,210.98,0
117092,1036,2025/06,ESTACION EL SURTIDOR S.R.L.,YPF,,30-51932822-0,Bocas de expendio (venta por menor) Duales (líquidos + GNC),CORDOBA 4098,ROSARIO,SANTA FE,GNC,Al público,527.37,659.00,84845.10,659.00,NO,0,0,0,8.44,0,0,5533.97,12.44
117093,1036,2025/06,ESTACION EL SURTIDOR S.R.L.,YPF,,30-51932822-0,Bocas de expendio (venta por menor) Duales (líquidos + GNC),CORDOBA 4098,ROSARIO,SANTA FE,Gas Oil Grado 2,Al público,907.79,1283.89,46.49,1317.00,NO,0,153.39,17.40,14.53,0,0,190.64,0
121236,719,2025/06,LIBEROIL SRL,YPF,,30-67791118-9,Bocas de expendio (venta por menor) Duales (líquidos + GNC),av. eva peron 3750,MERLO,BUENOS AIRES,Gas Oil Grado 2,Al público,851.38,1231.00,50.93,1231.00,NO,0,161.18,18.37,21.28,9.55,36.08,178.79,0
121237,719,2025/06,LIBEROIL SRL,YPF,,30-67791118-9,Bocas de expendio (venta por menor) Duales (líquidos + GNC),av. eva peron 3750,MERLO,BUENOS AIRES,Gas Oil Grado 3,Al público,1007.93,1413.00,32.18,1413.00,NO,0,150.99,17.21,25.20,9.55,41.16,211.67,0
121238,719,2025/06,LIBEROIL SRL,YPF,,30-67791118-9,Bocas de expendio (venta por menor) Duales (líquidos + GNC),av. eva peron 3750,MERLO,BUENOS AIRES,Nafta (premium) de más de 95 Ron,Al público,1016.67,1483.00,48.20,1483.00,NO,0,209.49,12.83,30.50,9.55,43.36,213.50,0
121239,719,2025/06,LIBEROIL SRL,YPF,,30-67791118-9,Bocas de expendio (venta por menor) Duales (líquidos + GNC),av. eva peron 3750,MERLO,BUENOS AIRES,Kerosene,Al público,746.31,1231.00,3.09,1231.00,NO,0,277.65,31.66,18.66,9.55,36.95,156.72,0
121240,719,2025/06,LIBEROIL SRL,YPF,,30-67791118-9,Bocas de expendio (venta por menor) Duales (líquidos + GNC),av. eva peron 3750,MERLO,BUENOS AIRES,Nafta (súper) entre 92 y 95 Ron,Al público,838.60,1258.00,176.02,1258.00,NO,0,209.49,12.83,20.97,9.55,37.13,176.11,0
121241,719,2025/06,LIBEROIL SRL,YPF,,30-67791118-9,Bocas de expendio (venta por menor) Duales (líquidos + GNC),av. eva peron 3750,MERLO,BUENOS AIRES,GNC,Al público,401.66,514.90,83210.00,514.90,NO,0,10.82,0,18.07,9.55,14.44,84.35,10.82
122321,8252,2025/06,MARIJO S.A.,YPF,,30-69854828-9,Bocas de expendio (venta por menor) Duales (líquidos + GNC),AYACUCHO 3285,RIO CUARTO,CORDOBA,Nafta (premium) de más de 95 Ron,Al público,1043.01,1476.97,50.98,1479.00,NO,0,209.49,12.83,0,0,0,218.10,0
122322,8252,2025/06,MARIJO S.A.,YPF,,30-69854828-9,Bocas de expendio (venta por menor) Duales (líquidos + GNC),AYACUCHO 3285,RIO CUARTO,CORDOBA,GNC,Al público,619.83,750.00,58182.00,750.00,NO,0,0,0,0,0,0,130.16,0
122324,8252,2025/06,MARIJO S.A.,YPF,,30-69854828-9,Bocas de expendio (venta por menor) Duales (líquidos + GNC),AYACUCHO 3285,RIO CUARTO,CORDOBA,Gas Oil Grado 3,Al público,1046.63,1427.69,125.57,1427.00,NO,0,150.32,17.13,0,0,0,218.60,0
122326,8252,2025/06,MARIJO S.A.,YPF,,30-69854828-9,Bocas de expendio (venta por menor) Duales (líquidos + GNC),AYACUCHO 3285,RIO CUARTO,CORDOBA,Gas Oil Grado 2,Al público,942.07,1306.03,234.49,1291.00,NO,0,154.50,17.61,0,0,0,194.19,0
122328,8252,2025/06,MARIJO S.A.,YPF,,30-69854828-9,Bocas de expendio (venta por menor) Duales (líquidos + GNC),AYACUCHO 3285,RIO CUARTO,CORDOBA,Nafta (súper) entre 92 y 95 Ron,Al público,864.56,1281.30,135.54,1284.00,NO,0,238.06,14.58,0,0,0,179.00,0
122329,8252,2025/06,MARIJO S.A.,YPF,,30-69854828-9,Bocas de expendio (venta por menor) Duales (líquidos + GNC),AYACUCHO 3285,RIO CUARTO,CORDOBA,Kerosene,Al público,836.64,1288.62,11.10,1291.00,NO,0,277.65,31.66,0,0,0,170.37,0
125198,10979,2025/06,PEREZ HERMANOS S.R.L.,DAPSA S.A.,,30-71621033-9,Bocas de expendio (venta por menor) Combustibles líquidos únicamente,RUTA NACIONAL 14 KM1052 0,SAN PEDRO,MISIONES,Gas Oil Grado 3,Al público,1078.28,1479.00,25.78,1479.00,NO,0,156.45,17.83,0,7.55,26.96,226.44,0
125199,10979,2025/06,PEREZ HERMANOS S.R.L.,DAPSA S.A.,,30-71621033-9,Bocas de expendio (venta por menor) Combustibles líquidos únicamente,RUTA NACIONAL 14 KM1052 0,SAN PEDRO,MISIONES,Nafta (premium) de más de 95 Ron,Al público,1101.65,1533.00,4.82,1533.00,NO,0,188.45,11.54,0,7.71,27.54,231.35,0
125200,10979,2025/06,PEREZ HERMANOS S.R.L.,DAPSA S.A.,,30-71621033-9,Bocas de expendio (venta por menor) Combustibles líquidos únicamente,RUTA NACIONAL 14 KM1052 0,SAN PEDRO,MISIONES,Gas Oil Grado 2,Al público,923.48,1289.00,155.01,1289.00,NO,0,154.10,17.48,0,6.46,23.09,193.93,0
125201,10979,2025/06,PEREZ HERMANOS S.R.L.,DAPSA S.A.,,30-71621033-9,Bocas de expendio (venta por menor) Combustibles líquidos únicamente,RUTA NACIONAL 14 KM1052 0,SAN PEDRO,MISIONES,Nafta (común) hasta 92 Ron,Al público,883.38,1279.00,98.78,1279.00,NO,0,197.97,12.13,0,6.18,22.08,185.51,0
126251,7672,2025/06,POSTA 16 S.R.L.,GULF,,30-71092757-6,Bocas de expendio (venta por menor) Combustibles líquidos únicamente,FORMOSA 949,ROLDAN,SANTA FE,Gas Oil Grado 3,Al público,1105.17,1504.20,25.87,1560.00,NO,0,150.32,17.13,0,0,0,232.09,0
126252,7672,2025/06,POSTA 16 S.R.L.,GULF,,30-71092757-6,Bocas de expendio (venta por menor) Combustibles líquidos únicamente,FORMOSA 949,ROLDAN,SANTA FE,Nafta (premium) de más de 95 Ron,Al público,1055.88,1499.47,9.35,1555.00,NO,0,209.49,12.83,0,0,0,221.74,0
126253,7672,2025/06,POSTA 16 S.R.L.,GULF,,30-71092757-6,Bocas de expendio (venta por menor) Combustibles líquidos únicamente,FORMOSA 949,ROLDAN,SANTA FE,Nafta (súper) entre 92 y 95 Ron,Al público,888.96,1297.15,61.08,1347.00,NO,0,209.49,12.83,0,0,0,186.68,0
126254,7672,2025/06,POSTA 16 S.R.L.,GULF,,30-71092757-6,Bocas de expendio (venta por menor) Combustibles líquidos únicamente,FORMOSA 949,ROLDAN,SANTA FE,Gas Oil Grado 2,Al público,972.69,1349.23,103.19,1394.00,NO,0,154.50,17.61,0,0,0,204.26,0
126477,189,2025/06,PUERTA SA,AXION,,30-59299051-9,Bocas de expendio (venta por menor) Combustibles líquidos únicamente,Avenida Quaranta 4150,POSADAS,MISIONES,Gas Oil Grado 3,Al público,1203.96,1626.58,21.17,1695.00,NO,0,152.41,17.37,0,0,0,351.26,0
126482,189,2025/06,PUERTA SA,AXION,,30-59299051-9,Bocas de expendio (venta por menor) Combustibles líquidos únicamente,Avenida Quaranta 4150,POSADAS,MISIONES,Gas Oil Grado 2,Al público,1042.67,1432.20,30.46,1487.00,NO,0,153.12,17.45,0,0,0,218.96,0
126492,189,2025/06,PUERTA SA,AXION,,30-59299051-9,Bocas de expendio (venta por menor) Combustibles líquidos únicamente,Avenida Quaranta 4150,POSADAS,MISIONES,Nafta (súper) entre 92 y 95 Ron,Al público,897.06,1307.34,106.71,1356.00,NO,0,209.09,12.81,0,0,0,188.38,0
126493,189,2025/06,PUERTA SA,AXION,,30-59299051-9,Bocas de expendio (venta por menor) Combustibles líquidos únicamente,Avenida Quaranta 4150,POSADAS,MISIONES,Nafta (premium) de más de 95 Ron,Al público,1140.59,1602.12,15.13,1654.00,NO,0,209.19,12.81,0,0,0,239.52,0
127490,4653,2025/06,"ROGER, HUGO DANIEL",SHELL C.A.P.S.A.,,20-16232054-9,Bocas de expendio (venta por menor) Combustibles líquidos únicamente,MONZON Y L.COBELLO 95,VILLA ANGELA,CHACO,Nafta (súper) entre 92 y 95 Ron,Al público,891.73,1338.00,65.30,1338.00,NO,0,238.06,14.58,0,0,0,193.63,0
127491,4653,2025/06,"ROGER, HUGO DANIEL",SHELL C.A.P.S.A.,,20-16232054-9,Bocas de expendio (venta por menor) Combustibles líquidos únicamente,MONZON Y L.COBELLO 95,VILLA ANGELA,CHACO,Nafta (premium) de más de 95 Ron,Al público,1093.38,1582.00,6.00,1582.00,NO,0,238.06,14.58,0,0,0,235.98,0
127492,4653,2025/06,"ROGER, HUGO DANIEL",SHELL C.A.P.S.A.,,20-16232054-9,Bocas de expendio (venta por menor) Combustibles líquidos únicamente,MONZON Y L.COBELLO 95,VILLA ANGELA,CHACO,Gas Oil Grado 2,Al público,985.14,1381.00,41.00,1381.00,NO,0,167.02,19.03,0,0,0,209.81,0
127493,4653,2025/06,"ROGER, HUGO DANIEL",SHELL C.A.P.S.A.,,20-16232054-9,Bocas de expendio (venta por menor) Combustibles líquidos únicamente,MONZON Y L.COBELLO 95,VILLA ANGELA,CHACO,Gas Oil Grado 3,Al público,1052.79,1612.00,7.00,1612.00,NO,0,277.65,31.66,0,0,0,249.90,0
127593,2951,2025/06,ROQUE LINO PENZO Y CIA S.R.L.,YPF,,30-66986964-5,Bocas de expendio (venta por menor) Combustibles Líquidos + PRVE,SAN MARTIN N 1000,SANTA LUCIA,CORRIENTES,Gas Oil Grado 2,Al público,902.80,1304.00,119.49,1304.00,NO,0,155.84,17.76,0,0,0,239.99,0
127594,2951,2025/06,ROQUE LINO PENZO Y CIA S.R.L.,YPF,,30-66986964-5,Bocas de expendio (venta por menor) Combustibles Líquidos + PRVE,SAN MARTIN N 1000,SANTA LUCIA,CORRIENTES,Gas Oil Grado 3,Al público,1050.60,1489.00,77.24,1489.00,NO,0,149.82,17.08,0,0,0,279.28,0
127595,2951,2025/06,ROQUE LINO PENZO Y CIA S.R.L.,YPF,,30-66986964-5,Bocas de expendio (venta por menor) Combustibles Líquidos + PRVE,SAN MARTIN N 1000,SANTA LUCIA,CORRIENTES,Nafta (súper) entre 92 y 95 Ron,Al público,824.50,1266.00,218.70,1266.00,NO,0,209.49,12.83,0,0,0,219.17,0
127596,2951,2025/06,ROQUE LINO PENZO Y CIA S.R.L.,YPF,,30-66986964-5,Bocas de expendio (venta por menor) Combustibles Líquidos + PRVE,SAN MARTIN N 1000,SANTA LUCIA,CORRIENTES,Nafta (premium) de más de 95 Ron,Al público,991.19,1477.00,28.33,1477.00,NO,0,209.49,12.83,0,0,0,263.48,0
128180,563,2025/06,SANTA BARBARA SA,YPF,,30-64767888-9,Bocas de expendio (venta por menor) Duales (líquidos + GNC),AUTOPISTA CORDOBA PILAR KM 692,CORDOBA,CORDOBA,Nafta (premium) de más de 95 Ron,Al público,1030.61,1467.32,127.44,1472.00,NO,0,209.49,12.83,0,0,0,216.43,0
128181,563,2025/06,SANTA BARBARA SA,YPF,,30-64767888-9,Bocas de expendio (venta por menor) Duales (líquidos + GNC),AUTOPISTA CORDOBA PILAR KM 692,CORDOBA,CORDOBA,GNC,Al público,577.69,699.00,91237.80,699.00,NO,0,0,0,0,0,0,121.32,8.89
128183,563,2025/06,SANTA BARBARA SA,YPF,,30-64767888-9,Bocas de expendio (venta por menor) Duales (líquidos + GNC),AUTOPISTA CORDOBA PILAR KM 692,CORDOBA,CORDOBA,Gas Oil Grado 2,Al público,926.54,1291.00,267.94,1291.00,NO,0,154.72,17.61,0,0,0,194.57,0
128184,563,2025/06,SANTA BARBARA SA,YPF,,30-64767888-9,Bocas de expendio (venta por menor) Duales (líquidos + GNC),AUTOPISTA CORDOBA PILAR KM 692,CORDOBA,CORDOBA,Nafta (súper) entre 92 y 95 Ron,Al público,873.96,1277.81,216.81,1278.00,NO,0,209.49,12.83,0,0,0,183.53,0
128186,563,2025/06,SANTA BARBARA SA,YPF,,30-64767888-9,Bocas de expendio (venta por menor) Duales (líquidos + GNC),AUTOPISTA CORDOBA PILAR KM 692,CORDOBA,CORDOBA,Gas Oil Grado 3,Al público,1042.24,1426.54,237.85,1427.00,NO,0,150.32,17.14,0,0,0,218.87,0
129428,6644,2025/06,SUCATA S.A.,YPF,,30-70827063-2,Bocas de expendio (venta por menor) Duales (líquidos + GNC),"RUTA PROVINCIAL Nº 10 0,7",SAN LORENZO,SANTA FE,Nafta (premium) de más de 95 Ron,Al público,1018.35,1454.16,131.99,1454.00,NO,0,209.14,12.81,0,0,0,217.23,0
129430,6644,2025/06,SUCATA S.A.,YPF,,30-70827063-2,Bocas de expendio (venta por menor) Duales (líquidos + GNC),"RUTA PROVINCIAL Nº 10 0,7",SAN LORENZO,SANTA FE,Nafta (súper) entre 92 y 95 Ron,Al público,862.97,1266.13,258.24,1266.00,NO,0,209.12,12.81,0,0,0,314.04,0
129431,6644,2025/06,SUCATA S.A.,YPF,,30-70827063-2,Bocas de expendio (venta por menor) Duales (líquidos + GNC),"RUTA PROVINCIAL Nº 10 0,7",SAN LORENZO,SANTA FE,GNC,Al público,545.80,672.01,141785.00,672.00,NO,0,0,0,0,0,0,114.62,11.60
129432,6644,2025/06,SUCATA S.A.,YPF,,30-70827063-2,Bocas de expendio (venta por menor) Duales (líquidos + GNC),"RUTA PROVINCIAL Nº 10 0,7",SAN LORENZO,SANTA FE,Gas Oil Grado 2,Al público,915.45,1274.87,961.22,1277.00,NO,0,150.07,17.10,0,0,0,192.30,0
129433,6644,2025/06,SUCATA S.A.,YPF,,30-70827063-2,Bocas de expendio (venta por menor) Duales (líquidos + GNC),"RUTA PROVINCIAL Nº 10 0,7",SAN LORENZO,SANTA FE,Gas Oil Grado 3,Al público,1030.44,1414.02,324.09,1414.00,NO,0,150.08,17.11,0,0,0,234.92,0
129504,1907,2025/06,SUCESORES DE OVIDIO JUAN DEGREGORIO S.H,YPF,,30-67017935-0,Bocas de expendio (venta por menor) Combustibles líquidos únicamente,AV.AVALOS 1001,RESISTENCIA,CHACO,Nafta (súper) entre 92 y 95 Ron,Al público,857.43,1266.00,186.96,1266.00,NO,0,215.32,13.19,0,0,0,180.06,0
129505,1907,2025/06,SUCESORES DE OVIDIO JUAN DEGREGORIO S.H,YPF,,30-67017935-0,Bocas de expendio (venta por menor) Combustibles líquidos únicamente,AV.AVALOS 1001,RESISTENCIA,CHACO,Gas Oil Grado 2,Al público,928.20,1304.00,71.26,1304.00,NO,0,162.37,18.51,0,0,0,194.92,0
129506,1907,2025/06,SUCESORES DE OVIDIO JUAN DEGREGORIO S.H,YPF,,30-67017935-0,Bocas de expendio (venta por menor) Combustibles líquidos únicamente,AV.AVALOS 1001,RESISTENCIA,CHACO,Gas Oil Grado 3,Al público,1083.11,1483.00,67.55,1483.00,NO,0,154.79,17.64,0,0,0,227.45,0
129507,1907,2025/06,SUCESORES DE OVIDIO JUAN DEGREGORIO S.H,YPF,,30-67017935-0,Bocas de expendio (venta por menor) Combustibles líquidos únicamente,AV.AVALOS 1001,RESISTENCIA,CHACO,Nafta (premium) de más de 95 Ron,Al público,1031.81,1477.00,51.17,1477.00,NO,0,215.32,13.19,0,0,0,216.68,0
131162,723,2025/07,AGLP SA,YPF,,30-70715847-2,Bocas de expendio (venta por menor) Duales (líquidos + GNC),BLAS PARERA 935,ITUZAINGO,BUENOS AIRES,Gas Oil Grado 2,Al público,1022.29,1299.88,54.94,1334.00,NO,0,172.37,19.65,13.28,0,0,214.68,0
131163,723,2025/07,AGLP SA,YPF,,30-70715847-2,Bocas de expendio (venta por menor) Duales (líquidos + GNC),BLAS PARERA 935,ITUZAINGO,BUENOS AIRES,Gas Oil Grado 3,Al público,1166.43,1486.37,38.05,1512.00,NO,0,277.65,31.66,15.15,0,0,244.95,0
131164,723,2025/07,AGLP SA,YPF,,30-70715847-2,Bocas de expendio (venta por menor) Duales (líquidos + GNC),BLAS PARERA 935,ITUZAINGO,BUENOS AIRES,Nafta (premium) de más de 95 Ron,Al público,1219.88,1557.95,78.93,1577.00,NO,0,244.68,14.99,15.84,0,0,256.17,0
131165,723,2025/07,AGLP SA,YPF,,30-70715847-2,Bocas de expendio (venta por menor) Duales (líquidos + GNC),BLAS PARERA 935,ITUZAINGO,BUENOS AIRES,GNC,Al público,387.74,509.00,86961.00,509.00,NO,0,0,0,5.04,0,0,81.42,9.89
131166,723,2025/07,AGLP SA,YPF,,30-70715847-2,Bocas de expendio (venta por menor) Duales (líquidos + GNC),BLAS PARERA 935,ITUZAINGO,BUENOS AIRES,Nafta (común) hasta 92 Ron,Al público,1047.66,1342.48,194.63,1362.00,NO,0,244.68,14.99,13.57,0,0,220.01,0
133774,9641,2025/07,"BORDAQUEVICH, HUGO JOSE",AXION,,20-18054580-9,Bocas de expendio (venta por menor) Combustibles líquidos únicamente,RUTA 2 Y AV. REP. ARGENTINA (LOTE RURAL 065 E INMOBILIARIA 4176),CONCEPCION DE LA SIERRA,MISIONES,Gas Oil Grado 2,Al público,1080.00,1479.00,45.98,1479.00,NO,0,167.03,19.04,0,0,0,514.20,0
133775,9641,2025/07,"BORDAQUEVICH, HUGO JOSE",AXION,,20-18054580-9,Bocas de expendio (venta por menor) Combustibles líquidos únicamente,RUTA 2 Y AV. REP. ARGENTINA (LOTE RURAL 065 E INMOBILIARIA 4176),CONCEPCION DE LA SIERRA,MISIONES,Nafta (premium) de más de 95 Ron,Al público,1195.00,1669.00,5.22,1669.00,NO,0,238.06,14.58,0,0,0,250.90,0
133776,9641,2025/07,"BORDAQUEVICH, HUGO JOSE",AXION,,20-18054580-9,Bocas de expendio (venta por menor) Combustibles líquidos únicamente,RUTA 2 Y AV. REP. ARGENTINA (LOTE RURAL 065 E INMOBILIARIA 4176),CONCEPCION DE LA SIERRA,MISIONES,Gas Oil Grado 3,Al público,1262.00,1699.00,21.66,1699.00,NO,0,167.03,19.04,0,0,0,600.90,0
133777,9641,2025/07,"BORDAQUEVICH, HUGO JOSE",AXION,,20-18054580-9,Bocas de expendio (venta por menor) Combustibles líquidos únicamente,RUTA 2 Y AV. REP. ARGENTINA (LOTE RURAL 065 E INMOBILIARIA 4176),CONCEPCION DE LA SIERRA,MISIONES,Nafta (común) hasta 92 Ron,Al público,955.90,1379.00,16.81,1379.00,NO,0,238.06,14.58,0,0,0,455.10,0
134021,104,2025/07,CALCAGNO RICARDO OMAR Y CALCAGNO RICARDO JAVIER SOC. HECHO,SHELL C.A.P.S.A.,,33-70812864-9,Bocas de expendio (venta por menor) Combustibles líquidos únicamente,AV. 25 DE MAYO 280,RESISTENCIA,CHACO,Nafta (premium) de más de 95 Ron,Al público,1236.25,1676.44,91.59,1699.00,NO,0,215.32,13.19,0,0,16.26,195.43,0
134022,104,2025/07,CALCAGNO RICARDO OMAR Y CALCAGNO RICARDO JAVIER SOC. HECHO,SHELL C.A.P.S.A.,,33-70812864-9,Bocas de expendio (venta por menor) Combustibles líquidos únicamente,AV. 25 DE MAYO 280,RESISTENCIA,CHACO,Gas Oil Grado 3,Al público,1306.93,1709.56,71.72,1733.00,NO,0,159.44,18.17,0,0,16.07,208.94,0
134023,104,2025/07,CALCAGNO RICARDO OMAR Y CALCAGNO RICARDO JAVIER SOC. HECHO,SHELL C.A.P.S.A.,,33-70812864-9,Bocas de expendio (venta por menor) Combustibles líquidos únicamente,AV. 25 DE MAYO 280,RESISTENCIA,CHACO,Gas Oil Grado 2,Al público,1100.92,1475.06,14.98,1495.00,NO,0,159.44,18.17,0,0,14.29,182.23,0
134024,104,2025/07,CALCAGNO RICARDO OMAR Y CALCAGNO RICARDO JAVIER SOC. HECHO,SHELL C.A.P.S.A.,,33-70812864-9,Bocas de expendio (venta por menor) Combustibles líquidos únicamente,AV. 25 DE MAYO 280,RESISTENCIA,CHACO,Nafta (súper) entre 92 y 95 Ron,Al público,1006.95,1414.18,168.86,1424.00,NO,0,215.32,13.19,0,0,14.16,164.56,0
135603,683,2025/07,CONSTRUCTORA EDIFICAR SA,SHELL C.A.P.S.A.,,30-65765065-6,Bocas de expendio (venta por menor) Combustibles líquidos únicamente,ESTADOS UNIDOS 725,CORRIENTES,CORRIENTES,Gas Oil Grado 2,Al público,1057.61,1457.32,9.96,1476.00,NO,0,159.44,18.17,0,0,0,182.78,0
135604,683,2025/07,CONSTRUCTORA EDIFICAR SA,SHELL C.A.P.S.A.,,30-65765065-6,Bocas de expendio (venta por menor) Combustibles líquidos únicamente,ESTADOS UNIDOS 725,CORRIENTES,CORRIENTES,Gas Oil Grado 3,Al público,1243.13,1681.81,14.56,1699.00,NO,0,159.44,18.17,0,0,0,208.63,0
135605,683,2025/07,CONSTRUCTORA EDIFICAR SA,SHELL C.A.P.S.A.,,30-65765065-6,Bocas de expendio (venta por menor) Combustibles líquidos únicamente,ESTADOS UNIDOS 725,CORRIENTES,CORRIENTES,Nafta (súper) entre 92 y 95 Ron,Al público,969.56,1401.68,100.63,1415.00,NO,0,215.32,13.19,0,0,0,165.77,0
135606,683,2025/07,CONSTRUCTORA EDIFICAR SA,SHELL C.A.P.S.A.,,30-65765065-6,Bocas de expendio (venta por menor) Combustibles líquidos únicamente,ESTADOS UNIDOS 725,CORRIENTES,CORRIENTES,Nafta (premium) de más de 95 Ron,Al público,1178.70,1654.74,36.01,1676.00,NO,0,215.32,13.19,0,0,0,195.92,0
136107,475,2025/07,CUBA SA,YPF,,30-68389938-7,Bocas de expendio (venta por menor) Duales (líquidos + GNC),AV. PTE PERON 2282,VILLA DE MAYO,BUENOS AIRES,Nafta (súper) entre 92 y 95 Ron,Al público,917.93,1256.00,219.83,1256.00,NO,0,244.65,149.99,15,0,0,192.70,0
136108,475,2025/07,CUBA SA,YPF,,30-68389938-7,Bocas de expendio (venta por menor) Duales (líquidos + GNC),AV. PTE PERON 2282,VILLA DE MAYO,BUENOS AIRES,Gas Oil Grado 3,Al público,1158.31,1504.00,36.19,1504.00,NO,0,172.37,19.65,20,0,0,243.25,0
136109,475,2025/07,CUBA SA,YPF,,30-68389938-7,Bocas de expendio (venta por menor) Duales (líquidos + GNC),AV. PTE PERON 2282,VILLA DE MAYO,BUENOS AIRES,GNC,Al público,470.25,569.00,113310.00,569.00,NO,0,0,0,0,0,0,98.75,0
136110,475,2025/07,CUBA SA,YPF,,30-68389938-7,Bocas de expendio (venta por menor) Duales (líquidos + GNC),AV. PTE PERON 2282,VILLA DE MAYO,BUENOS AIRES,Gas Oil Grado 2,Al público,972.00,1282.00,50.16,1282.00,NO,0,172.37,19.65,15,0,0,204.12,0
136111,475,2025/07,CUBA SA,YPF,,30-68389938-7,Bocas de expendio (venta por menor) Duales (líquidos + GNC),AV. PTE PERON 2282,VILLA DE MAYO,BUENOS AIRES,Nafta (premium) de más de 95 Ron,Al público,1073.78,1445.00,67.38,1445.00,NO,0,244.65,14.99,20,0,0,225.49,0
136781,2298,2025/07,D.G.B. S.R.L.,YPF,,30-70728425-7,Bocas de expendio (venta por menor) Combustibles líquidos únicamente,ITUZAINGO Y DEAN FUNES,VILLA DOLORES,CORDOBA,Gas Oil Grado 2,Al público,962.73,1341.98,150.83,1371.00,NO,0,158.97,18.12,0,0,0,202.17,0
136782,2298,2025/07,D.G.B. S.R.L.,YPF,,30-70728425-7,Bocas de expendio (venta por menor) Combustibles líquidos únicamente,ITUZAINGO Y DEAN FUNES,VILLA DOLORES,CORDOBA,Nafta (súper) entre 92 y 95 Ron,Al público,886.32,1332.04,331.36,1364.00,NO,0,244.60,14.98,0,0,0,186.13,0
136783,2298,2025/07,D.G.B. S.R.L.,YPF,,30-70728425-7,Bocas de expendio (venta por menor) Combustibles líquidos únicamente,ITUZAINGO Y DEAN FUNES,VILLA DOLORES,CORDOBA,Gas Oil Grado 3,Al público,1082.27,1482.23,124.26,1517.00,NO,0,155.02,17.67,0,0,0,227.28,0
136784,2298,2025/07,D.G.B. S.R.L.,YPF,,30-70728425-7,Bocas de expendio (venta por menor) Combustibles líquidos únicamente,ITUZAINGO Y DEAN FUNES,VILLA DOLORES,CORDOBA,Nafta (premium) de más de 95 Ron,Al público,1079.77,1534.97,79.40,1571.00,NO,0,215.26,13.19,0,0,0,226.75,0
136785,2298,2025/07,D.G.B. S.R.L.,YPF,,30-70728425-7,Bocas de expendio (venta por menor) Combustibles líquidos únicamente,ITUZAINGO Y DEAN FUNES,VILLA DOLORES,CORDOBA,Kerosene,Al público,855.31,1319.83,3.61,1371.00,NO,0,255.74,29.16,0,0,0,179.62,0
136786,2298,2025/07,D.G.B. S.R.L.,YPF,,30-70728425-7,Bocas de expendio (venta por menor) Combustibles líquidos únicamente,ITUZAINGO Y DEAN FUNES,VILLA DOLORES,CORDOBA,GNC,Al público,725.06,877.33,137850.00,879.00,NO,0,0,0,0,0,0,152.26,0
137051,3978,2025/07,DON ROBERTO SA,BLANCA,18/2022/08,30-70895265-2,Bocas de expendio (venta por menor) Combustibles líquidos únicamente,"RUTA NACIONAL N: 12, KM. 1052",SAN COSME,CORRIENTES,Gas Oil Grado 3,Al público,1155.55,1587.38,26.53,1597.00,NO,0,159.44,18.17,0,0,11.56,242.66,0
137052,3978,2025/07,DON ROBERTO SA,BLANCA,18/2022/08,30-70895265-2,Bocas de expendio (venta por menor) Combustibles líquidos únicamente,"RUTA NACIONAL N: 12, KM. 1052",SAN COSME,CORRIENTES,Nafta (súper) entre 92 y 95 Ron,Al público,936.21,1370.68,49.41,1383.00,NO,0,215.53,13.18,0,0,9.63,196.60,0
137053,3978,2025/07,DON ROBERTO SA,BLANCA,18/2022/08,30-70895265-2,Bocas de expendio (venta por menor) Combustibles líquidos únicamente,"RUTA NACIONAL N: 12, KM. 1052",SAN COSME,CORRIENTES,Nafta (premium) de más de 95 Ron,Al público,1102.55,1573.62,4.90,1595.00,NO,0,215.53,13.18,0,0,11.03,231.53,0
137054,3978,2025/07,DON ROBERTO SA,BLANCA,18/2022/08,30-70895265-2,Bocas de expendio (venta por menor) Combustibles líquidos únicamente,"RUTA NACIONAL N: 12, KM. 1052",SAN COSME,CORRIENTES,Gas Oil Grado 2,Al público,978.65,1371.57,45.18,1373.00,NO,0,159.44,18.17,0,0,9.79,205.51,0
138830,1036,2025/07,ESTACION EL SURTIDOR S.R.L.,YPF,,30-51932822-0,Bocas de expendio (venta por menor) Duales (líquidos + GNC),CORDOBA 4098,ROSARIO,SANTA FE,Nafta (premium) de más de 95 Ron,Al público,1058.62,1526.21,184.48,1550.00,NO,0,215.32,13.19,16.84,0,0,221.05,0
138831,1036,2025/07,ESTACION EL SURTIDOR S.R.L.,YPF,,30-51932822-0,Bocas de expendio (venta por menor) Duales (líquidos + GNC),CORDOBA 4098,ROSARIO,SANTA FE,Kerosene,Al público,1025.36,1550.00,5.49,1550.00,NO,0,277.65,15.26,16.41,0,0,215.33,0
138832,1036,2025/07,ESTACION EL SURTIDOR S.R.L.,YPF,,30-51932822-0,Bocas de expendio (venta por menor) Duales (líquidos + GNC),CORDOBA 4098,ROSARIO,SANTA FE,Nafta (súper) entre 92 y 95 Ron,Al público,900.03,1331.69,332.94,1345.00,NO,0,215.03,13.07,14.35,0,0,188.39,0
138833,1036,2025/07,ESTACION EL SURTIDOR S.R.L.,YPF,,30-51932822-0,Bocas de expendio (venta por menor) Duales (líquidos + GNC),CORDOBA 4098,ROSARIO,SANTA FE,GNC,Al público,528.46,659.00,88782.20,659.00,NO,0,0,0,8.46,0,0,5664.92,11.11
138834,1036,2025/07,ESTACION EL SURTIDOR S.R.L.,YPF,,30-51932822-0,Bocas de expendio (venta por menor) Duales (líquidos + GNC),CORDOBA 4098,ROSARIO,SANTA FE,Gas Oil Grado 2,Al público,945.63,1336.02,47.39,1347.00,NO,0,158.73,17.99,15.04,0,0,197.43,0
138835,1036,2025/07,ESTACION EL SURTIDOR S.R.L.,YPF,,30-51932822-0,Bocas de expendio (venta por menor) Duales (líquidos + GNC),CORDOBA 4098,ROSARIO,SANTA FE,Gas Oil Grado 3,Al público,1072.97,1488.09,135.65,1504.00,NO,1,154.90,17.53,17.18,0,0,225.46,0
142973,719,2025/07,LIBEROIL SRL,YPF,,30-67791118-9,Bocas de expendio (venta por menor) Duales (líquidos + GNC),av. eva peron 3750,MERLO,BUENOS AIRES,GNC,Al público,415.12,514.90,87214.00,514.90,NO,0,0,0,18.68,10.08,14.81,87.17,8.02
142974,719,2025/07,LIBEROIL SRL,YPF,,30-67791118-9,Bocas de expendio (venta por menor) Duales (líquidos + GNC),av. eva peron 3750,MERLO,BUENOS AIRES,Gas Oil Grado 3,Al público,1093.01,1481.00,34.92,1481.00,NO,0,154.62,17.62,27.33,10.08,44.28,229.53,0
142975,719,2025/07,LIBEROIL SRL,YPF,,30-67791118-9,Bocas de expendio (venta por menor) Duales (líquidos + GNC),av. eva peron 3750,MERLO,BUENOS AIRES,Gas Oil Grado 2,Al público,928.19,1302.00,54.04,1302.00,NO,0,157.89,18.00,23.20,10.08,38.64,194.92,0
142976,719,2025/07,LIBEROIL SRL,YPF,,30-67791118-9,Bocas de expendio (venta por menor) Duales (líquidos + GNC),av. eva peron 3750,MERLO,BUENOS AIRES,Nafta (premium) de más de 95 Ron,Al público,1092.46,1555.00,55.96,1555.00,NO,0,215.32,13.19,32.77,10.08,46.23,229.42,0
142977,719,2025/07,LIBEROIL SRL,YPF,,30-67791118-9,Bocas de expendio (venta por menor) Duales (líquidos + GNC),av. eva peron 3750,MERLO,BUENOS AIRES,Nafta (súper) entre 92 y 95 Ron,Al público,912.25,1329.00,183.36,1329.00,NO,0,215.32,13.19,22.81,10.08,39.93,191.57,0
142978,719,2025/07,LIBEROIL SRL,YPF,,30-67791118-9,Bocas de expendio (venta por menor) Duales (líquidos + GNC),av. eva peron 3750,MERLO,BUENOS AIRES,Kerosene,Al público,819.99,1302.00,2.65,1302.00,NO,0,277.65,31.66,20.50,10.08,39.53,172.20,0
144064,8252,2025/07,MARIJO S.A.,YPF,,30-69854828-9,Bocas de expendio (venta por menor) Duales (líquidos + GNC),AYACUCHO 3285,RIO CUARTO,CORDOBA,Nafta (común) hasta 92 Ron,Al público,910.28,1360.41,147.99,1395.00,NO,0,244.68,14.99,0,0,0,197.04,0
144065,8252,2025/07,MARIJO S.A.,YPF,,30-69854828-9,Bocas de expendio (venta por menor) Duales (líquidos + GNC),AYACUCHO 3285,RIO CUARTO,CORDOBA,Nafta (premium) de más de 95 Ron,Al público,1131.88,1608.90,54.77,1610.00,NO,0,215.32,13.19,0,0,0,239.76,0
144066,8252,2025/07,MARIJO S.A.,YPF,,30-69854828-9,Bocas de expendio (venta por menor) Duales (líquidos + GNC),AYACUCHO 3285,RIO CUARTO,CORDOBA,Gas Oil Grado 2,Al público,881.55,1328.66,244.85,1403.00,NO,0,158.58,18.07,0,0,0,212.84,0
144067,8252,2025/07,MARIJO S.A.,YPF,,30-69854828-9,Bocas de expendio (venta por menor) Duales (líquidos + GNC),AYACUCHO 3285,RIO CUARTO,CORDOBA,Gas Oil Grado 3,Al público,1072.81,1498.10,132.23,1555.00,NO,0,155.14,17.68,0,0,0,239.88,0
144069,8252,2025/07,MARIJO S.A.,YPF,,30-69854828-9,Bocas de expendio (venta por menor) Duales (líquidos + GNC),AYACUCHO 3285,RIO CUARTO,CORDOBA,Kerosene,Al público,918.48,1433.71,9.90,1393.00,NO,0,277.65,31.66,0,0,0,188.08,0
144070,8252,2025/07,MARIJO S.A.,YPF,,30-69854828-9,Bocas de expendio (venta por menor) Duales (líquidos + GNC),AYACUCHO 3285,RIO CUARTO,CORDOBA,GNC,Al público,612.17,750.00,58445.90,750.00,NO,0,0,0,0,0,0,128.56,9.28
146954,10979,2025/07,PEREZ HERMANOS S.R.L.,DAPSA S.A.,,30-71621033-9,Bocas de expendio (venta por menor) Combustibles líquidos únicamente,RUTA NACIONAL 14 KM1052 0,SAN PEDRO,MISIONES,Gas Oil Grado 2,Al público,973.07,1349.01,197.00,1349.01,NO,0,154.10,17.48,0,6.81,24.62,204.35,0
146955,10979,2025/07,PEREZ HERMANOS S.R.L.,DAPSA S.A.,,30-71621033-9,Bocas de expendio (venta por menor) Combustibles líquidos únicamente,RUTA NACIONAL 14 KM1052 0,SAN PEDRO,MISIONES,Gas Oil Grado 3,Al público,1151.01,1566.98,31.10,1566.98,NO,0,156.45,17.83,0,8.06,28.78,241.71,0
146956,10979,2025/07,PEREZ HERMANOS S.R.L.,DAPSA S.A.,,30-71621033-9,Bocas de expendio (venta por menor) Combustibles líquidos únicamente,RUTA NACIONAL 14 KM1052 0,SAN PEDRO,MISIONES,Nafta (súper) entre 92 y 95 Ron,Al público,947.02,1356.02,110.18,1356.05,NO,0,197.98,12.13,0,6.63,23.68,198.87,0
146957,10979,2025/07,PEREZ HERMANOS S.R.L.,DAPSA S.A.,,30-71621033-9,Bocas de expendio (venta por menor) Combustibles líquidos únicamente,RUTA NACIONAL 14 KM1052 0,SAN PEDRO,MISIONES,Nafta (premium) de más de 95 Ron,Al público,1101.65,1533.00,6.29,1533.00,NO,0,188.45,11.54,0,7.71,27.54,231.35,0
148006,7672,2025/07,POSTA 16 S.R.L.,GULF,,30-71092757-6,Bocas de expendio (venta por menor) Combustibles líquidos únicamente,FORMOSA 949,ROLDAN,SANTA FE,Gas Oil Grado 2,Al público,989.59,1374.55,77.33,1430.00,NO,0,158.41,18.06,0,0,0,217.56,0
148007,7672,2025/07,POSTA 16 S.R.L.,GULF,,30-71092757-6,Bocas de expendio (venta por menor) Combustibles líquidos únicamente,FORMOSA 949,ROLDAN,SANTA FE,Nafta (premium) de más de 95 Ron,Al público,1091.89,1549.57,10.42,1615.00,NO,0,215.32,13.19,0,0,0,240.63,0
148008,7672,2025/07,POSTA 16 S.R.L.,GULF,,30-71092757-6,Bocas de expendio (venta por menor) Combustibles líquidos únicamente,FORMOSA 949,ROLDAN,SANTA FE,Gas Oil Grado 3,Al público,1134.29,1545.18,29.47,1602.00,NO,0,155.31,17.70,0,0,0,248.01,0
148009,7672,2025/07,POSTA 16 S.R.L.,GULF,,30-71092757-6,Bocas de expendio (venta por menor) Combustibles líquidos únicamente,FORMOSA 949,ROLDAN,SANTA FE,Nafta (súper) entre 92 y 95 Ron,Al público,922.66,1344.79,57.48,1387.00,NO,0,215.32,13.19,0,0,0,201.06,0
148221,189,2025/07,PUERTA SA,AXION,,30-59299051-9,Bocas de expendio (venta por menor) Combustibles líquidos únicamente,Avenida Quaranta 4150,POSADAS,MISIONES,Nafta (súper) entre 92 y 95 Ron,Al público,941.52,1367.67,116.39,1390.00,NO,0,215.25,13.18,0,0,0,685.81,0
148224,189,2025/07,PUERTA SA,AXION,,30-59299051-9,Bocas de expendio (venta por menor) Combustibles líquidos únicamente,Avenida Quaranta 4150,POSADAS,MISIONES,Gas Oil Grado 2,Al público,1066.81,1467.03,32.04,1490.00,NO,0,158.17,18.03,0,0,0,227.22,0
148225,189,2025/07,PUERTA SA,AXION,,30-59299051-9,Bocas de expendio (venta por menor) Combustibles líquidos únicamente,Avenida Quaranta 4150,POSADAS,MISIONES,Nafta (premium) de más de 95 Ron,Al público,1184.27,1661.36,16.86,1719.00,NO,0,215.22,13.18,0,0,0,814.69,0
148227,189,2025/07,PUERTA SA,AXION,,30-59299051-9,Bocas de expendio (venta por menor) Combustibles líquidos únicamente,Avenida Quaranta 4150,POSADAS,MISIONES,Gas Oil Grado 3,Al público,1242.37,1679.35,16.36,1729.00,NO,0,158.07,18.02,0,0,0,260.90,0
149233,4653,2025/07,"ROGER, HUGO DANIEL",SHELL C.A.P.S.A.,,20-16232054-9,Bocas de expendio (venta por menor) Combustibles líquidos únicamente,MONZON Y L.COBELLO 95,VILLA ANGELA,CHACO,Nafta (premium) de más de 95 Ron,Al público,1184.13,1699.00,4.00,1699.00,NO,0,244.68,14.98,0,0,0,255.21,0
149234,4653,2025/07,"ROGER, HUGO DANIEL",SHELL C.A.P.S.A.,,20-16232054-9,Bocas de expendio (venta por menor) Combustibles líquidos únicamente,MONZON Y L.COBELLO 95,VILLA ANGELA,CHACO,Gas Oil Grado 2,Al público,1071.05,1491.00,36.00,1491.00,NO,0,172.27,19.64,0,0,0,227.94,0
149235,4653,2025/07,"ROGER, HUGO DANIEL",SHELL C.A.P.S.A.,,20-16232054-9,Bocas de expendio (venta por menor) Combustibles líquidos únicamente,MONZON Y L.COBELLO 95,VILLA ANGELA,CHACO,Gas Oil Grado 3,Al público,1153.75,1733.00,6.00,1733.00,NO,0,277.65,31.66,0,0,0,269.94,0
149238,4653,2025/07,"ROGER, HUGO DANIEL",SHELL C.A.P.S.A.,,20-16232054-9,Bocas de expendio (venta por menor) Combustibles líquidos únicamente,MONZON Y L.COBELLO 95,VILLA ANGELA,CHACO,Nafta (súper) entre 92 y 95 Ron,Al público,968.43,1438.00,63.00,1438.00,NO,0,244.68,14.98,0,0,0,209.91,0
149335,2951,2025/07,ROQUE LINO PENZO Y CIA S.R.L.,YPF,,30-66986964-5,Bocas de expendio (venta por menor) Combustibles Líquidos + PRVE,SAN MARTIN N 1000,SANTA LUCIA,CORRIENTES,Nafta (súper) entre 92 y 95 Ron,Al público,878.08,1340.00,226.93,1340.00,NO,0,215.32,13.19,0,0,0,233.41,0
149336,2951,2025/07,ROQUE LINO PENZO Y CIA S.R.L.,YPF,,30-66986964-5,Bocas de expendio (venta por menor) Combustibles Líquidos + PRVE,SAN MARTIN N 1000,SANTA LUCIA,CORRIENTES,Nafta (premium) de más de 95 Ron,Al público,1058.99,1569.00,28.54,1569.00,NO,0,215.32,13.19,0,0,0,281.50,0
149337,2951,2025/07,ROQUE LINO PENZO Y CIA S.R.L.,YPF,,30-66986964-5,Bocas de expendio (venta por menor) Combustibles Líquidos + PRVE,SAN MARTIN N 1000,SANTA LUCIA,CORRIENTES,Gas Oil Grado 2,Al público,949.85,1379.00,128.88,1379.00,NO,0,158.58,18.07,0,0,0,252.49,0
149338,2951,2025/07,ROQUE LINO PENZO Y CIA S.R.L.,YPF,,30-66986964-5,Bocas de expendio (venta por menor) Combustibles Líquidos + PRVE,SAN MARTIN N 1000,SANTA LUCIA,CORRIENTES,Gas Oil Grado 3,Al público,1112.77,1581.00,82.71,1581.00,NO,0,154.79,17.64,0,0,0,295.80,0
149917,563,2025/07,SANTA BARBARA SA,YPF,,30-64767888-9,Bocas de expendio (venta por menor) Duales (líquidos + GNC),AUTOPISTA CORDOBA PILAR KM 692,CORDOBA,CORDOBA,Gas Oil Grado 3,Al público,1082.54,1481.43,307.79,1503.00,NO,0,155.13,17.69,0,0,0,227.33,0
149920,563,2025/07,SANTA BARBARA SA,YPF,,30-64767888-9,Bocas de expendio (venta por menor) Duales (líquidos + GNC),AUTOPISTA CORDOBA PILAR KM 692,CORDOBA,CORDOBA,GNC,Al público,577.69,699.00,97841.90,699.00,NO,0,0,0,0,0,0,121.32,9.99
149923,563,2025/07,SANTA BARBARA SA,YPF,,30-64767888-9,Bocas de expendio (venta por menor) Duales (líquidos + GNC),AUTOPISTA CORDOBA PILAR KM 692,CORDOBA,CORDOBA,Nafta (premium) de más de 95 Ron,Al público,1071.24,1523.24,153.33,1550.00,NO,0,215.32,13.19,0,0,0,224.96,0
149924,563,2025/07,SANTA BARBARA SA,YPF,,30-64767888-9,Bocas de expendio (venta por menor) Duales (líquidos + GNC),AUTOPISTA CORDOBA PILAR KM 692,CORDOBA,CORDOBA,Nafta (común) hasta 92 Ron,Al público,909.36,1327.33,265.28,1346.00,NO,0,215.32,13.19,0,0,0,190.97,0
149926,563,2025/07,SANTA BARBARA SA,YPF,,30-64767888-9,Bocas de expendio (venta por menor) Duales (líquidos + GNC),AUTOPISTA CORDOBA PILAR KM 692,CORDOBA,CORDOBA,Gas Oil Grado 2,Al público,961.91,1339.41,296.62,1503.00,NO,0,158.60,18.05,0,0,0,202.00,0
151188,6644,2025/07,SUCATA S.A.,YPF,,30-70827063-2,Bocas de expendio (venta por menor) Duales (líquidos + GNC),"RUTA PROVINCIAL Nº 10 0,7",SAN LORENZO,SANTA FE,Nafta (súper) entre 92 y 95 Ron,Al público,922.38,1344.39,279.55,1365.00,NO,0,215.13,13.18,0,0,0,737.90,0
151189,6644,2025/07,SUCATA S.A.,YPF,,30-70827063-2,Bocas de expendio (venta por menor) Duales (líquidos + GNC),"RUTA PROVINCIAL Nº 10 0,7",SAN LORENZO,SANTA FE,Nafta (premium) de más de 95 Ron,Al público,1090.16,1547.33,123.74,1564.00,NO,0,215.06,13.17,0,0,0,337.14,0
151190,6644,2025/07,SUCATA S.A.,YPF,,30-70827063-2,Bocas de expendio (venta por menor) Duales (líquidos + GNC),"RUTA PROVINCIAL Nº 10 0,7",SAN LORENZO,SANTA FE,GNC,Al público,546.05,672.01,149836.00,672.00,NO,0,0,0,0,0,0,2407.44,11.29
151191,6644,2025/07,SUCATA S.A.,YPF,,30-70827063-2,Bocas de expendio (venta por menor) Duales (líquidos + GNC),"RUTA PROVINCIAL Nº 10 0,7",SAN LORENZO,SANTA FE,Gas Oil Grado 2,Al público,977.69,1355.84,919.49,1377.00,NO,0,155.12,17.71,0,0,0,205.39,0
151192,6644,2025/07,SUCATA S.A.,YPF,,30-70827063-2,Bocas de expendio (venta por menor) Duales (líquidos + GNC),"RUTA PROVINCIAL Nº 10 0,7",SAN LORENZO,SANTA FE,Gas Oil Grado 3,Al público,1099.62,1502.91,344.08,1521.00,NO,0,154.75,17.62,0,0,0,231.07,0
151262,1907,2025/07,SUCESORES DE OVIDIO JUAN DEGREGORIO S.H,YPF,,30-67017935-0,Bocas de expendio (venta por menor) Combustibles líquidos únicamente,AV.AVALOS 1001,RESISTENCIA,CHACO,Gas Oil Grado 3,Al público,1147.89,1567.00,66.27,1567.00,NO,0,159.83,18.22,0,0,0,241.06,0
151263,1907,2025/07,SUCESORES DE OVIDIO JUAN DEGREGORIO S.H,YPF,,30-67017935-0,Bocas de expendio (venta por menor) Combustibles líquidos únicamente,AV.AVALOS 1001,RESISTENCIA,CHACO,Gas Oil Grado 2,Al público,977.53,1367.00,81.16,1367.00,NO,0,165.35,18.85,0,0,0,205.28,0
151264,1907,2025/07,SUCESORES DE OVIDIO JUAN DEGREGORIO S.H,YPF,,30-67017935-0,Bocas de expendio (venta por menor) Combustibles líquidos únicamente,AV.AVALOS 1001,RESISTENCIA,CHACO,Nafta (súper) entre 92 y 95 Ron,Al público,902.48,1327.00,197.89,1327.00,NO,0,221.44,0,0,0,0,189.52,0
151265,1907,2025/07,SUCESORES DE OVIDIO JUAN DEGREGORIO S.H,YPF,,30-67017935-0,Bocas de expendio (venta por menor) Combustibles líquidos únicamente,AV.AVALOS 1001,RESISTENCIA,CHACO,Nafta (premium) de más de 95 Ron,Al público,1095.04,1560.00,49.80,1560.00,NO,0,221.44,13.56,0,0,0,229.96,0
152909,723,2025/08,AGLP SA,YPF,,30-70715847-2,Bocas de expendio (venta por menor) Duales (líquidos + GNC),BLAS PARERA 935,ITUZAINGO,BUENOS AIRES,Nafta (común) hasta 92 Ron,Al público,1114.59,1423.46,196.35,1441.00,NO,0,251.64,15.41,14.48,0,0,234.06,0
152910,723,2025/08,AGLP SA,YPF,,30-70715847-2,Bocas de expendio (venta por menor) Duales (líquidos + GNC),BLAS PARERA 935,ITUZAINGO,BUENOS AIRES,Gas Oil Grado 3,Al público,1584.06,1584.06,37.00,1612.00,NO,0,277.65,31.66,16.20,0,0,261.90,0
152911,723,2025/08,AGLP SA,YPF,,30-70715847-2,Bocas de expendio (venta por menor) Duales (líquidos + GNC),BLAS PARERA 935,ITUZAINGO,BUENOS AIRES,Nafta (premium) de más de 95 Ron,Al público,1302.84,1658.33,77.63,1689.00,NO,0,251.64,15.41,16.93,0,0,273.56,0
152912,723,2025/08,AGLP SA,YPF,,30-70715847-2,Bocas de expendio (venta por menor) Duales (líquidos + GNC),BLAS PARERA 935,ITUZAINGO,BUENOS AIRES,GNC,Al público,387.74,509.00,80956.90,509.00,NO,0,0,0,5.04,0,0,81.42,9.89
152913,723,2025/08,AGLP SA,YPF,,30-70715847-2,Bocas de expendio (venta por menor) Duales (líquidos + GNC),BLAS PARERA 935,ITUZAINGO,BUENOS AIRES,Gas Oil Grado 2,Al público,1091.28,1383.35,53.34,1404.00,NO,0,177.98,20.29,14.18,0,0,229.16,0
155522,9641,2025/08,"BORDAQUEVICH, HUGO JOSE",AXION,,20-18054580-9,Bocas de expendio (venta por menor) Combustibles líquidos únicamente,RUTA 2 Y AV. REP. ARGENTINA (LOTE RURAL 065 E INMOBILIARIA 4176),CONCEPCION DE LA SIERRA,MISIONES,Gas Oil Grado 2,Al público,1123.00,1530.00,45.97,1549.00,NO,0,186.56,21.26,0,0,0,235.80,0
155523,9641,2025/08,"BORDAQUEVICH, HUGO JOSE",AXION,,20-18054580-9,Bocas de expendio (venta por menor) Combustibles líquidos únicamente,RUTA 2 Y AV. REP. ARGENTINA (LOTE RURAL 065 E INMOBILIARIA 4176),CONCEPCION DE LA SIERRA,MISIONES,Nafta (común) hasta 92 Ron,Al público,1014.00,1449.00,18.63,1485.00,NO,0,262.16,16.06,0,0,0,212.90,0
155524,9641,2025/08,"BORDAQUEVICH, HUGO JOSE",AXION,,20-18054580-9,Bocas de expendio (venta por menor) Combustibles líquidos únicamente,RUTA 2 Y AV. REP. ARGENTINA (LOTE RURAL 065 E INMOBILIARIA 4176),CONCEPCION DE LA SIERRA,MISIONES,Gas Oil Grado 3,Al público,1310.40,1757.00,23.30,1789.00,NO,0,186.56,21.26,0,0,0,275.10,0
155525,9641,2025/08,"BORDAQUEVICH, HUGO JOSE",AXION,,20-18054580-9,Bocas de expendio (venta por menor) Combustibles líquidos únicamente,RUTA 2 Y AV. REP. ARGENTINA (LOTE RURAL 065 E INMOBILIARIA 4176),CONCEPCION DE LA SIERRA,MISIONES,Nafta (premium) de más de 95 Ron,Al público,1254.00,1739.00,5.95,1770.00,NO,0,262.16,16.06,0,0,0,263.30,0
155772,104,2025/08,CALCAGNO RICARDO OMAR Y CALCAGNO RICARDO JAVIER SOC. HECHO,SHELL C.A.P.S.A.,,33-70812864-9,Bocas de expendio (venta por menor) Combustibles líquidos únicamente,AV. 25 DE MAYO 280,RESISTENCIA,CHACO,Nafta (súper) entre 92 y 95 Ron,Al público,1072.64,1480.67,177.92,1499.00,NO,0,221.44,13.56,0,0,0,173.03,0
155773,104,2025/08,CALCAGNO RICARDO OMAR Y CALCAGNO RICARDO JAVIER SOC. HECHO,SHELL C.A.P.S.A.,,33-70812864-9,Bocas de expendio (venta por menor) Combustibles líquidos únicamente,AV. 25 DE MAYO 280,RESISTENCIA,CHACO,Nafta (premium) de más de 95 Ron,Al público,1322.38,1763.95,93.28,1799.00,NO,0,221.44,13.56,0,0,0,206.57,0
155774,104,2025/08,CALCAGNO RICARDO OMAR Y CALCAGNO RICARDO JAVIER SOC. HECHO,SHELL C.A.P.S.A.,,33-70812864-9,Bocas de expendio (venta por menor) Combustibles líquidos únicamente,AV. 25 DE MAYO 280,RESISTENCIA,CHACO,Gas Oil Grado 2,Al público,1205.63,1586.33,13.35,1592.00,NO,0,164.64,18.76,0,0,0,197.30,0
155775,104,2025/08,CALCAGNO RICARDO OMAR Y CALCAGNO RICARDO JAVIER SOC. HECHO,SHELL C.A.P.S.A.,,33-70812864-9,Bocas de expendio (venta por menor) Combustibles líquidos únicamente,AV. 25 DE MAYO 280,RESISTENCIA,CHACO,Gas Oil Grado 3,Al público,1391.69,1795.01,68.91,1823.00,NO,0,164.64,18.76,0,0,0,219.92,0
157347,683,2025/08,CONSTRUCTORA EDIFICAR SA,SHELL C.A.P.S.A.,,30-65765065-6,Bocas de expendio (venta por menor) Combustibles líquidos únicamente,ESTADOS UNIDOS 725,CORRIENTES,CORRIENTES,Nafta (común) hasta 92 Ron,Al público,1234.31,1728.52,34.03,1791.00,NO,0,221.44,13.56,0,0,0,205.30,0
157348,683,2025/08,CONSTRUCTORA EDIFICAR SA,SHELL C.A.P.S.A.,,30-65765065-6,Bocas de expendio (venta por menor) Combustibles líquidos únicamente,ESTADOS UNIDOS 725,CORRIENTES,CORRIENTES,Gas Oil Grado 2,Al público,1106.41,1525.61,9.65,1574.00,NO,0,167.72,19.12,0,0,0,191.18,0
157349,683,2025/08,CONSTRUCTORA EDIFICAR SA,SHELL C.A.P.S.A.,,30-65765065-6,Bocas de expendio (venta por menor) Combustibles líquidos únicamente,ESTADOS UNIDOS 725,CORRIENTES,CORRIENTES,Gas Oil Grado 3,Al público,1291.40,1749.45,14.72,1799.00,NO,0,167.72,19.12,0,0,0,216.66,0
157350,683,2025/08,CONSTRUCTORA EDIFICAR SA,SHELL C.A.P.S.A.,,30-65765065-6,Bocas de expendio (venta por menor) Combustibles líquidos únicamente,ESTADOS UNIDOS 725,CORRIENTES,CORRIENTES,Nafta (súper) entre 92 y 95 Ron,Al público,1013.89,1461.81,103.04,1517.00,NO,0,221.44,13.56,0,0,0,173.46,0
157856,475,2025/08,CUBA SA,YPF,,30-68389938-7,Bocas de expendio (venta por menor) Duales (líquidos + GNC),AV. PTE PERON 2282,VILLA DE MAYO,BUENOS AIRES,Nafta (común) hasta 92 Ron,Al público,946.13,1333.50,229.39,1333.50,NO,0,251.64,15.41,15,0,0,198.69,0
157857,475,2025/08,CUBA SA,YPF,,30-68389938-7,Bocas de expendio (venta por menor) Duales (líquidos + GNC),AV. PTE PERON 2282,VILLA DE MAYO,BUENOS AIRES,GNC,Al público,470.25,569.00,115101.00,569.00,NO,0,0,0,0,0,0,98.75,0
157858,475,2025/08,CUBA SA,YPF,,30-68389938-7,Bocas de expendio (venta por menor) Duales (líquidos + GNC),AV. PTE PERON 2282,VILLA DE MAYO,BUENOS AIRES,Gas Oil Grado 2,Al público,960.08,1309.83,56.82,1309.83,NO,0,277.65,31.66,15,0,0,201.62,0
157859,475,2025/08,CUBA SA,YPF,,30-68389938-7,Bocas de expendio (venta por menor) Duales (líquidos + GNC),AV. PTE PERON 2282,VILLA DE MAYO,BUENOS AIRES,Gas Oil Grado 3,Al público,1123.95,1511.17,32.55,1511.17,NO,0,177.99,20.29,20,0,0,236.03,0
157860,475,2025/08,CUBA SA,YPF,,30-68389938-7,Bocas de expendio (venta por menor) Duales (líquidos + GNC),AV. PTE PERON 2282,VILLA DE MAYO,BUENOS AIRES,Nafta (premium) de más de 95 Ron,Al público,1131.34,1565.13,67.09,1565.33,NO,0,251.64,15.41,20,0,0,237.58,0
158528,2298,2025/08,D.G.B. S.R.L.,YPF,,30-70728425-7,Bocas de expendio (venta por menor) Combustibles líquidos únicamente,ITUZAINGO Y DEAN FUNES,VILLA DOLORES,CORDOBA,Gas Oil Grado 2,Al público,1017.34,1408.60,125.50,1458.00,NO,0,159.44,18.17,0,0,0,213.64,0
158529,2298,2025/08,D.G.B. S.R.L.,YPF,,30-70728425-7,Bocas de expendio (venta por menor) Combustibles líquidos únicamente,ITUZAINGO Y DEAN FUNES,VILLA DOLORES,CORDOBA,Nafta (súper) entre 92 y 95 Ron,Al público,943.37,1401.14,335.97,1436.00,NO,0,244.68,14.99,0,0,0,198.11,0
158530,2298,2025/08,D.G.B. S.R.L.,YPF,,30-70728425-7,Bocas de expendio (venta por menor) Combustibles líquidos únicamente,ITUZAINGO Y DEAN FUNES,VILLA DOLORES,CORDOBA,Gas Oil Grado 3,Al público,1151.14,1565.70,118.62,1610.00,NO,0,155.14,17.68,0,0,0,241.74,0
158531,2298,2025/08,D.G.B. S.R.L.,YPF,,30-70728425-7,Bocas de expendio (venta por menor) Combustibles líquidos únicamente,ITUZAINGO Y DEAN FUNES,VILLA DOLORES,CORDOBA,Kerosene,Al público,913.68,1390.46,2.50,1397.00,NO,0,255.74,29.16,0,0,0,191.87,0
158532,2298,2025/08,D.G.B. S.R.L.,YPF,,30-70728425-7,Bocas de expendio (venta por menor) Combustibles líquidos únicamente,ITUZAINGO Y DEAN FUNES,VILLA DOLORES,CORDOBA,Nafta (premium) de más de 95 Ron,Al público,1150.72,1620.88,74.84,1670.00,NO,0,215.32,13.19,0,0,0,241.65,0
158533,2298,2025/08,D.G.B. S.R.L.,YPF,,30-70728425-7,Bocas de expendio (venta por menor) Combustibles líquidos únicamente,ITUZAINGO Y DEAN FUNES,VILLA DOLORES,CORDOBA,GNC,Al público,726.45,879.00,124340.00,879.00,NO,0,0,0,0,0,0,152.55,0
158803,3978,2025/08,DON ROBERTO SA,BLANCA,18/2022/08,30-70895265-2,Bocas de expendio (venta por menor) Combustibles líquidos únicamente,"RUTA NACIONAL N: 12, KM. 1052",SAN COSME,CORRIENTES,Gas Oil Grado 3,Al público,1204.76,1656.95,30.57,1696.00,NO,0,197.98,19.15,0,0,12.05,253.00,0
158804,3978,2025/08,DON ROBERTO SA,BLANCA,18/2022/08,30-70895265-2,Bocas de expendio (venta por menor) Combustibles líquidos únicamente,"RUTA NACIONAL N: 12, KM. 1052",SAN COSME,CORRIENTES,Nafta (común) hasta 92 Ron,Al público,1144.03,1630.72,7.74,1659.00,NO,0,221.44,13.56,0,0,11.44,240.24,0
158805,3978,2025/08,DON ROBERTO SA,BLANCA,18/2022/08,30-70895265-2,Bocas de expendio (venta por menor) Combustibles líquidos únicamente,"RUTA NACIONAL N: 12, KM. 1052",SAN COSME,CORRIENTES,Gas Oil Grado 2,Al público,1038.70,1454.36,48.36,1498.00,NO,0,168.00,19.15,0,0,10.39,218.12,0
158806,3978,2025/08,DON ROBERTO SA,BLANCA,18/2022/08,30-70895265-2,Bocas de expendio (venta por menor) Combustibles líquidos únicamente,"RUTA NACIONAL N: 12, KM. 1052",SAN COSME,CORRIENTES,Nafta (súper) entre 92 y 95 Ron,Al público,958.72,1404.65,55.46,1424.00,NO,0,221.44,13.56,0,0,9.59,201.33,0
160579,1036,2025/08,ESTACION EL SURTIDOR S.R.L.,YPF,,30-51932822-0,Bocas de expendio (venta por menor) Duales (líquidos + GNC),CORDOBA 4098,ROSARIO,SANTA FE,Gas Oil Grado 3,Al público,1120.18,1560.40,142.95,1615.00,NO,1,166.15,18.92,17.98,0,0,236.00,0
160580,1036,2025/08,ESTACION EL SURTIDOR S.R.L.,YPF,,30-51932822-0,Bocas de expendio (venta por menor) Duales (líquidos + GNC),CORDOBA 4098,ROSARIO,SANTA FE,Gas Oil Grado 2,Al público,989.47,1396.97,52.58,1446.00,NO,0,164.98,18.80,15.89,0,0,208.49,0
160581,1036,2025/08,ESTACION EL SURTIDOR S.R.L.,YPF,,30-51932822-0,Bocas de expendio (venta por menor) Duales (líquidos + GNC),CORDOBA 4098,ROSARIO,SANTA FE,Nafta (premium) de más de 95 Ron,Al público,1102.90,1587.12,180.93,1665.00,NO,0,221.44,13.56,17.37,0,0,227.98,0
160582,1036,2025/08,ESTACION EL SURTIDOR S.R.L.,YPF,,30-51932822-0,Bocas de expendio (venta por menor) Duales (líquidos + GNC),CORDOBA 4098,ROSARIO,SANTA FE,Kerosene,Al público,1057.82,1589.28,4.05,1600.00,NO,0,277.65,14.74,16.93,0,0,222.14,0
160583,1036,2025/08,ESTACION EL SURTIDOR S.R.L.,YPF,,30-51932822-0,Bocas de expendio (venta por menor) Duales (líquidos + GNC),CORDOBA 4098,ROSARIO,SANTA FE,GNC,Al público,535.53,667.95,86938.10,669.00,NO,0,0,0,8.57,0,0,5592.65,11.39
160584,1036,2025/08,ESTACION EL SURTIDOR S.R.L.,YPF,,30-51932822-0,Bocas de expendio (venta por menor) Duales (líquidos + GNC),CORDOBA 4098,ROSARIO,SANTA FE,Nafta (súper) entre 92 y 95 Ron,Al público,945.86,1394.58,325.21,1443.00,NO,0,221.35,13.56,15.09,0,0,198.12,0
164705,719,2025/08,LIBEROIL SRL,YPF,,30-67791118-9,Bocas de expendio (venta por menor) Duales (líquidos + GNC),av. eva peron 3750,MERLO,BUENOS AIRES,Gas Oil Grado 3,Al público,1102.46,1539.98,33.93,1589.00,NO,0,160.19,18.26,27.56,10.55,44.83,231.52,0
164706,719,2025/08,LIBEROIL SRL,YPF,,30-67791118-9,Bocas de expendio (venta por menor) Duales (líquidos + GNC),av. eva peron 3750,MERLO,BUENOS AIRES,Nafta (súper) entre 92 y 95 Ron,Al público,921.90,1373.55,188.40,1419.00,NO,0,221.44,13.56,23.05,10.55,40.49,193.60,0
164707,719,2025/08,LIBEROIL SRL,YPF,,30-67791118-9,Bocas de expendio (venta por menor) Duales (líquidos + GNC),av. eva peron 3750,MERLO,BUENOS AIRES,GNC,Al público,412.76,526.29,83081.00,529.00,NO,0,0,0,18.57,10.55,14.74,86.68,8.28
164708,719,2025/08,LIBEROIL SRL,YPF,,30-67791118-9,Bocas de expendio (venta por menor) Duales (líquidos + GNC),av. eva peron 3750,MERLO,BUENOS AIRES,Gas Oil Grado 2,Al público,939.77,1346.00,56.33,1385.00,NO,0,166.42,18.97,23.49,10.55,39.38,197.35,0
164709,719,2025/08,LIBEROIL SRL,YPF,,30-67791118-9,Bocas de expendio (venta por menor) Duales (líquidos + GNC),av. eva peron 3750,MERLO,BUENOS AIRES,Nafta (premium) de más de 95 Ron,Al público,1112.95,1615.06,49.42,1668.00,NO,0,221.44,13.56,33.39,10.55,47.18,233.72,0
164710,719,2025/08,LIBEROIL SRL,YPF,,30-67791118-9,Bocas de expendio (venta por menor) Duales (líquidos + GNC),av. eva peron 3750,MERLO,BUENOS AIRES,Kerosene,Al público,842.46,1349.75,1.82,1388.00,NO,0,277.65,31.66,21.06,10.55,40.31,176.92,0
165787,8252,2025/08,MARIJO S.A.,YPF,,30-69854828-9,Bocas de expendio (venta por menor) Duales (líquidos + GNC),AYACUCHO 3285,RIO CUARTO,CORDOBA,Nafta (premium) de más de 95 Ron,Al público,1174.33,1658.41,54.21,1710.00,NO,0,221.44,13.56,0,0,0,255.99,0
165788,8252,2025/08,MARIJO S.A.,YPF,,30-69854828-9,Bocas de expendio (venta por menor) Duales (líquidos + GNC),AYACUCHO 3285,RIO CUARTO,CORDOBA,GNC,Al público,635.46,778.19,60544.00,799.00,NO,0,0,0,0,0,0,137.05,9.28
165791,8252,2025/08,MARIJO S.A.,YPF,,30-69854828-9,Bocas de expendio (venta por menor) Duales (líquidos + GNC),AYACUCHO 3285,RIO CUARTO,CORDOBA,Gas Oil Grado 2,Al público,1062.12,1468.19,214.79,1480.00,NO,0,164.64,18.76,0,0,0,225.02,0
165794,8252,2025/08,MARIJO S.A.,YPF,,30-69854828-9,Bocas de expendio (venta por menor) Duales (líquidos + GNC),AYACUCHO 3285,RIO CUARTO,CORDOBA,Nafta (súper) entre 92 y 95 Ron,Al público,962.28,1430.57,139.02,1483.00,NO,0,251.64,15.41,0,0,0,211.03,0
165795,8252,2025/08,MARIJO S.A.,YPF,,30-69854828-9,Bocas de expendio (venta por menor) Duales (líquidos + GNC),AYACUCHO 3285,RIO CUARTO,CORDOBA,Kerosene,Al público,930.51,1435.23,6.89,1477.00,NO,0,277.65,31.66,0,0,0,202.65,0
165796,8252,2025/08,MARIJO S.A.,YPF,,30-69854828-9,Bocas de expendio (venta por menor) Duales (líquidos + GNC),AYACUCHO 3285,RIO CUARTO,CORDOBA,Gas Oil Grado 3,Al público,1057.67,1505.49,124.97,1649.00,NO,0,160.19,18.26,0,0,0,255.22,0
168565,10979,2025/08,PEREZ HERMANOS S.R.L.,DAPSA S.A.,,30-71621033-9,Bocas de expendio (venta por menor) Combustibles líquidos únicamente,RUTA NACIONAL 14 KM1052 0,SAN PEDRO,MISIONES,Gas Oil Grado 3,Al público,1147.70,1563.00,29.47,1563.00,NO,0,156.45,17.83,0,8.03,28.69,241.02,0
168566,10979,2025/08,PEREZ HERMANOS S.R.L.,DAPSA S.A.,,30-71621033-9,Bocas de expendio (venta por menor) Combustibles líquidos únicamente,RUTA NACIONAL 14 KM1052 0,SAN PEDRO,MISIONES,Nafta (súper) entre 92 y 95 Ron,Al público,1001.57,1422.07,106.50,1422.07,NO,0,197.98,12.13,0,7.01,25.04,210.34,0
168567,10979,2025/08,PEREZ HERMANOS S.R.L.,DAPSA S.A.,,30-71621033-9,Bocas de expendio (venta por menor) Combustibles líquidos únicamente,RUTA NACIONAL 14 KM1052 0,SAN PEDRO,MISIONES,Gas Oil Grado 2,Al público,1078.03,1476.00,183.78,1476.00,NO,0,154.10,17.48,0,7.55,27.27,226.39,185.00
168568,10979,2025/08,PEREZ HERMANOS S.R.L.,DAPSA S.A.,,30-71621033-9,Bocas de expendio (venta por menor) Combustibles líquidos únicamente,RUTA NACIONAL 14 KM1052 0,SAN PEDRO,MISIONES,Nafta (premium) de más de 95 Ron,Al público,1210.65,1674.99,6.30,1674.99,NO,0,175.38,10.75,0,7.71,27.54,225.22,0
169611,7672,2025/08,POSTA 16 S.R.L.,GULF,,30-71092757-6,Bocas de expendio (venta por menor) Combustibles líquidos únicamente,FORMOSA 949,ROLDAN,SANTA FE,Gas Oil Grado 3,Al público,1192.79,1629.86,25.22,1662.00,NO,0,160.54,18.30,0,0,0,257.41,0
169612,7672,2025/08,POSTA 16 S.R.L.,GULF,,30-71092757-6,Bocas de expendio (venta por menor) Combustibles líquidos únicamente,FORMOSA 949,ROLDAN,SANTA FE,Nafta (súper) entre 92 y 95 Ron,Al público,983.96,1425.28,55.10,1467.00,NO,0,221.44,13.56,0,0,0,213.82,0
169613,7672,2025/08,POSTA 16 S.R.L.,GULF,,30-71092757-6,Bocas de expendio (venta por menor) Combustibles líquidos únicamente,FORMOSA 949,ROLDAN,SANTA FE,Nafta (premium) de más de 95 Ron,Al público,1168.43,1648.58,13.63,1696.00,NO,0,221.44,13.56,0,0,0,253.56,0
169614,7672,2025/08,POSTA 16 S.R.L.,GULF,,30-71092757-6,Bocas de expendio (venta por menor) Combustibles líquidos únicamente,FORMOSA 949,ROLDAN,SANTA FE,Gas Oil Grado 2,Al público,1062.62,1468.69,83.09,1511.00,NO,0,164.82,18.79,0,0,0,230.38,0
169845,189,2025/08,PUERTA SA,AXION,,30-59299051-9,Bocas de expendio (venta por menor) Combustibles líquidos únicamente,Avenida Quaranta 4150,POSADAS,MISIONES,Gas Oil Grado 2,Al público,1103.92,1517.68,35.63,1587.00,NO,0,163.32,18.61,0,0,0,273.81,0
169850,189,2025/08,PUERTA SA,AXION,,30-59299051-9,Bocas de expendio (venta por menor) Combustibles líquidos únicamente,Avenida Quaranta 4150,POSADAS,MISIONES,Nafta (premium) de más de 95 Ron,Al público,1228.25,1721.17,18.84,1771.00,NO,0,221.42,13.56,0,0,0,257.93,0
169855,189,2025/08,PUERTA SA,AXION,,30-59299051-9,Bocas de expendio (venta por menor) Combustibles líquidos únicamente,Avenida Quaranta 4150,POSADAS,MISIONES,Nafta (súper) entre 92 y 95 Ron,Al público,991.25,1434.37,113.76,1503.00,NO,0,221.39,13.56,0,0,0,302.69,0
169857,189,2025/08,PUERTA SA,AXION,,30-59299051-9,Bocas de expendio (venta por menor) Combustibles líquidos únicamente,Avenida Quaranta 4150,POSADAS,MISIONES,Gas Oil Grado 3,Al público,1277.03,1727.15,22.38,1781.00,NO,0,163.33,18.62,0,0,0,308.66,0
170851,4653,2025/08,"ROGER, HUGO DANIEL",SHELL C.A.P.S.A.,,20-16232054-9,Bocas de expendio (venta por menor) Combustibles líquidos únicamente,MONZON Y L.COBELLO 95,VILLA ANGELA,CHACO,Gas Oil Grado 2,Al público,1156.35,1593.00,38.00,1593.00,NO,0,172.37,19.64,0,0,0,244.64,0
170852,4653,2025/08,"ROGER, HUGO DANIEL",SHELL C.A.P.S.A.,,20-16232054-9,Bocas de expendio (venta por menor) Combustibles líquidos únicamente,MONZON Y L.COBELLO 95,VILLA ANGELA,CHACO,Nafta (súper) entre 92 y 95 Ron,Al público,1101.02,1606.00,56.00,1606.00,NO,0,251.63,15.41,0,0,0,237.94,0
170855,4653,2025/08,"ROGER, HUGO DANIEL",SHELL C.A.P.S.A.,,20-16232054-9,Bocas de expendio (venta por menor) Combustibles líquidos únicamente,MONZON Y L.COBELLO 95,VILLA ANGELA,CHACO,Nafta (premium) de más de 95 Ron,Al público,1290.27,1835.00,2.50,1835.00,NO,0,251.63,15.41,0,0,0,277.69,0
170856,4653,2025/08,"ROGER, HUGO DANIEL",SHELL C.A.P.S.A.,,20-16232054-9,Bocas de expendio (venta por menor) Combustibles líquidos únicamente,MONZON Y L.COBELLO 95,VILLA ANGELA,CHACO,Gas Oil Grado 3,Al público,1263.02,1864.00,4.00,1864.00,NO,0,277.65,31.66,0,0,0,291.67,0
170954,2951,2025/08,ROQUE LINO PENZO Y CIA S.R.L.,YPF,,30-66986964-5,Bocas de expendio (venta por menor) Combustibles Líquidos + PRVE,SAN MARTIN N 1000,SANTA LUCIA,CORRIENTES,Gas Oil Grado 3,Al público,1178.01,1669.00,135.31,1669.00,NO,0,159.65,18.20,0,0,0,313.14,0
170955,2951,2025/08,ROQUE LINO PENZO Y CIA S.R.L.,YPF,,30-66986964-5,Bocas de expendio (venta por menor) Combustibles Líquidos + PRVE,SAN MARTIN N 1000,SANTA LUCIA,CORRIENTES,Nafta (premium) de más de 95 Ron,Al público,1119.43,1652.00,33.99,1652.00,NO,0,221.44,13.56,0,0,0,297.57,0
170956,2951,2025/08,ROQUE LINO PENZO Y CIA S.R.L.,YPF,,30-66986964-5,Bocas de expendio (venta por menor) Combustibles Líquidos + PRVE,SAN MARTIN N 1000,SANTA LUCIA,CORRIENTES,Nafta (súper) entre 92 y 95 Ron,Al público,935.36,1419.00,254.41,1419.00,NO,0,221.44,13.56,0,0,0,248.64,0
170957,2951,2025/08,ROQUE LINO PENZO Y CIA S.R.L.,YPF,,30-66986964-5,Bocas de expendio (venta por menor) Combustibles Líquidos + PRVE,SAN MARTIN N 1000,SANTA LUCIA,CORRIENTES,Gas Oil Grado 2,Al público,1013.40,1465.00,84.94,1465.00,NO,0,163.57,18.64,0,0,0,269.39,0
171556,563,2025/08,SANTA BARBARA SA,YPF,,30-64767888-9,Bocas de expendio (venta por menor) Duales (líquidos + GNC),AUTOPISTA CORDOBA PILAR KM 692,CORDOBA,CORDOBA,Gas Oil Grado 3,Al público,1139.85,1552.04,269.94,1610.00,NO,0,150.71,16.75,0,0,0,239.37,0
171557,563,2025/08,SANTA BARBARA SA,YPF,,30-64767888-9,Bocas de expendio (venta por menor) Duales (líquidos + GNC),AUTOPISTA CORDOBA PILAR KM 692,CORDOBA,CORDOBA,Nafta (premium) de más de 95 Ron,Al público,1124.45,1589.09,145.23,1651.00,NO,0,208.99,13.34,0,0,0,236.13,0
171560,563,2025/08,SANTA BARBARA SA,YPF,,30-64767888-9,Bocas de expendio (venta por menor) Duales (líquidos + GNC),AUTOPISTA CORDOBA PILAR KM 692,CORDOBA,CORDOBA,Gas Oil Grado 2,Al público,1015.78,1405.74,236.49,1460.00,NO,0,154.90,17.21,0,0,0,213.31,0
171561,563,2025/08,SANTA BARBARA SA,YPF,,30-64767888-9,Bocas de expendio (venta por menor) Duales (líquidos + GNC),AUTOPISTA CORDOBA PILAR KM 692,CORDOBA,CORDOBA,GNC,Al público,577.69,699.00,99811.40,699.00,NO,0,0,0,0,0,0,121.31,10.31
171564,563,2025/08,SANTA BARBARA SA,YPF,,30-64767888-9,Bocas de expendio (venta por menor) Duales (líquidos + GNC),AUTOPISTA CORDOBA PILAR KM 692,CORDOBA,CORDOBA,Nafta (súper) entre 92 y 95 Ron,Al público,954.70,1383.69,248.32,1444.00,NO,0,208.98,13.34,0,0,0,200.00,0
172815,6644,2025/08,SUCATA S.A.,YPF,,30-70827063-2,Bocas de expendio (venta por menor) Duales (líquidos + GNC),"RUTA PROVINCIAL Nº 10 0,7",SAN LORENZO,SANTA FE,Nafta (súper) entre 92 y 95 Ron,Al público,978.63,1419.07,275.90,1454.00,NO,0,221.37,13.56,0,0,0,208.16,0
172818,6644,2025/08,SUCATA S.A.,YPF,,30-70827063-2,Bocas de expendio (venta por menor) Duales (líquidos + GNC),"RUTA PROVINCIAL Nº 10 0,7",SAN LORENZO,SANTA FE,Gas Oil Grado 3,Al público,1152.94,1581.15,324.12,1641.00,NO,0,167.81,18.28,0,0,0,242.12,0
172819,6644,2025/08,SUCATA S.A.,YPF,,30-70827063-2,Bocas de expendio (venta por menor) Duales (líquidos + GNC),"RUTA PROVINCIAL Nº 10 0,7",SAN LORENZO,SANTA FE,Nafta (premium) de más de 95 Ron,Al público,1158.32,1636.44,122.11,1682.00,NO,0,221.31,13.56,0,0,0,243.75,0
172820,6644,2025/08,SUCATA S.A.,YPF,,30-70827063-2,Bocas de expendio (venta por menor) Duales (líquidos + GNC),"RUTA PROVINCIAL Nº 10 0,7",SAN LORENZO,SANTA FE,Gas Oil Grado 2,Al público,1027.28,1426.53,821.82,1476.00,NO,0,164.57,18.96,0,0,0,215.74,0
172822,6644,2025/08,SUCATA S.A.,YPF,,30-70827063-2,Bocas de expendio (venta por menor) Duales (líquidos + GNC),"RUTA PROVINCIAL Nº 10 0,7",SAN LORENZO,SANTA FE,GNC,Al público,545.97,672.01,150356.00,672.00,NO,0,0,0,0,0,0,114.65,11.38
172892,1907,2025/08,SUCESORES DE OVIDIO JUAN DEGREGORIO S.H,YPF,,30-67017935-0,Bocas de expendio (venta por menor) Combustibles líquidos únicamente,AV.AVALOS 1001,RESISTENCIA,CHACO,Gas Oil Grado 3,Al público,1216.21,1658.00,73.93,1658.00,NO,0,167.32,19.07,0,0,0,255.40,0
172893,1907,2025/08,SUCESORES DE OVIDIO JUAN DEGREGORIO S.H,YPF,,30-67017935-0,Bocas de expendio (venta por menor) Combustibles líquidos únicamente,AV.AVALOS 1001,RESISTENCIA,CHACO,Nafta (súper) entre 92 y 95 Ron,Al público,978.65,1429.00,205.01,1429.00,NO,0,230.70,14.13,0,0,0,205.52,0
172894,1907,2025/08,SUCESORES DE OVIDIO JUAN DEGREGORIO S.H,YPF,,30-67017935-0,Bocas de expendio (venta por menor) Combustibles líquidos únicamente,AV.AVALOS 1001,RESISTENCIA,CHACO,Nafta (premium) de más de 95 Ron,Al público,1171.21,1662.00,50.71,1662.00,NO,0,230.70,14.13,0,0,0,245.96,0
172895,1907,2025/08,SUCESORES DE OVIDIO JUAN DEGREGORIO S.H,YPF,,30-67017935-0,Bocas de expendio (venta por menor) Combustibles líquidos únicamente,AV.AVALOS 1001,RESISTENCIA,CHACO,Gas Oil Grado 2,Al público,1057.86,1471.00,88.58,1471.00,NO,0,171.45,19.54,0,0,0,222.15,0
174551,723,2025/09,AGLP SA,YPF,,30-70715847-2,Bocas de expendio (venta por menor) Duales (líquidos + GNC),BLAS PARERA 935,ITUZAINGO,BUENOS AIRES,Gas Oil Grado 2,Al público,1238.17,1446.00,54.91,1446.00,NO,0,262.16,16.06,0,18.23,0,211.06,0
174552,723,2025/09,AGLP SA,YPF,,30-70715847-2,Bocas de expendio (venta por menor) Duales (líquidos + GNC),BLAS PARERA 935,ITUZAINGO,BUENOS AIRES,Nafta (premium) de más de 95 Ron,Al público,1453.78,1732.00,73.95,1732.00,NO,0,262.16,16.06,0,23.14,0,247.44,0
174553,723,2025/09,AGLP SA,YPF,,30-70715847-2,Bocas de expendio (venta por menor) Duales (líquidos + GNC),BLAS PARERA 935,ITUZAINGO,BUENOS AIRES,Gas Oil Grado 3,Al público,1339.09,1667.00,38.11,1667.00,NO,0,294.34,33.56,0,19.08,0,228.39,0
174554,723,2025/09,AGLP SA,YPF,,30-70715847-2,Bocas de expendio (venta por menor) Duales (líquidos + GNC),BLAS PARERA 935,ITUZAINGO,BUENOS AIRES,GNC,Al público,446.34,549.00,85977.00,549.00,NO,0,0,0,0,0,0,93.73,8.53
174555,723,2025/09,AGLP SA,YPF,,30-70715847-2,Bocas de expendio (venta por menor) Duales (líquidos + GNC),BLAS PARERA 935,ITUZAINGO,BUENOS AIRES,Nafta (súper) entre 92 y 95 Ron,Al público,1211.78,1490.00,187.63,1490.00,NO,0,262.16,16.06,19.19,0,0,206.27,0
177160,9641,2025/09,"BORDAQUEVICH, HUGO JOSE",AXION,,20-18054580-9,Bocas de expendio (venta por menor) Combustibles líquidos únicamente,RUTA 2 Y AV. REP. ARGENTINA (LOTE RURAL 065 E INMOBILIARIA 4176),CONCEPCION DE LA SIERRA,MISIONES,Gas Oil Grado 2,Al público,1171.00,1620.00,41.51,1635.00,NO,0,212.74,24.25,0,0,0,245.91,0
177161,9641,2025/09,"BORDAQUEVICH, HUGO JOSE",AXION,,20-18054580-9,Bocas de expendio (venta por menor) Combustibles líquidos únicamente,RUTA 2 Y AV. REP. ARGENTINA (LOTE RURAL 065 E INMOBILIARIA 4176),CONCEPCION DE LA SIERRA,MISIONES,Nafta (súper) entre 92 y 95 Ron,Al público,1047.00,1541.00,21.95,1569.00,NO,0,294.09,18015.00,0,0,0,219.87,0
177162,9641,2025/09,"BORDAQUEVICH, HUGO JOSE",AXION,,20-18054580-9,Bocas de expendio (venta por menor) Combustibles líquidos únicamente,RUTA 2 Y AV. REP. ARGENTINA (LOTE RURAL 065 E INMOBILIARIA 4176),CONCEPCION DE LA SIERRA,MISIONES,Gas Oil Grado 3,Al público,1363.88,1855.00,15.63,1889.00,NO,0,212.74,24.25,0,0,0,286.23,0
177163,9641,2025/09,"BORDAQUEVICH, HUGO JOSE",AXION,,20-18054580-9,Bocas de expendio (venta por menor) Combustibles líquidos únicamente,RUTA 2 Y AV. REP. ARGENTINA (LOTE RURAL 065 E INMOBILIARIA 4176),CONCEPCION DE LA SIERRA,MISIONES,Nafta (premium) de más de 95 Ron,Al público,1294.00,1840.00,4.83,1861.00,NO,0,294.09,18015.00,0,0,0,271.74,0
177408,104,2025/09,CALCAGNO RICARDO OMAR Y CALCAGNO RICARDO JAVIER SOC. HECHO,SHELL C.A.P.S.A.,,33-70812864-9,Bocas de expendio (venta por menor) Combustibles líquidos únicamente,AV. 25 DE MAYO 280,RESISTENCIA,CHACO,Nafta (súper) entre 92 y 95 Ron,Al público,1087.52,1533.20,168.32,1546.00,NO,0,230.70,14.13,0,0,21.93,178.91,0
177409,104,2025/09,CALCAGNO RICARDO OMAR Y CALCAGNO RICARDO JAVIER SOC. HECHO,SHELL C.A.P.S.A.,,33-70812864-9,Bocas de expendio (venta por menor) Combustibles líquidos únicamente,AV. 25 DE MAYO 280,RESISTENCIA,CHACO,Gas Oil Grado 3,Al público,1392.80,1839.66,70.41,1842.00,NO,0,177.70,20.25,0,0,25.26,223.66,0
177410,104,2025/09,CALCAGNO RICARDO OMAR Y CALCAGNO RICARDO JAVIER SOC. HECHO,SHELL C.A.P.S.A.,,33-70812864-9,Bocas de expendio (venta por menor) Combustibles líquidos únicamente,AV. 25 DE MAYO 280,RESISTENCIA,CHACO,Gas Oil Grado 2,Al público,1186.02,1608.17,13.11,1610.00,NO,0,181.45,20.68,0,0,22.83,197.20,0
177411,104,2025/09,CALCAGNO RICARDO OMAR Y CALCAGNO RICARDO JAVIER SOC. HECHO,SHELL C.A.P.S.A.,,33-70812864-9,Bocas de expendio (venta por menor) Combustibles líquidos únicamente,AV. 25 DE MAYO 280,RESISTENCIA,CHACO,Nafta (premium) de más de 95 Ron,Al público,1334.64,1816.86,90.66,1819.00,NO,0,230.70,14.13,0,0,25.11,212.28,0
179017,683,2025/09,CONSTRUCTORA EDIFICAR SA,SHELL C.A.P.S.A.,,30-65765065-6,Bocas de expendio (venta por menor) Combustibles líquidos únicamente,ESTADOS UNIDOS 725,CORRIENTES,CORRIENTES,Nafta (súper) entre 92 y 95 Ron,Al público,1068.99,1537.00,98.86,1549.00,NO,0,229.47,14.05,0,0,0,182.77,0
179018,683,2025/09,CONSTRUCTORA EDIFICAR SA,SHELL C.A.P.S.A.,,30-65765065-6,Bocas de expendio (venta por menor) Combustibles líquidos únicamente,ESTADOS UNIDOS 725,CORRIENTES,CORRIENTES,Gas Oil Grado 2,Al público,1153.76,1596.47,8.75,1616.00,NO,0,179.91,20.51,0,0,0,199.01,0
179019,683,2025/09,CONSTRUCTORA EDIFICAR SA,SHELL C.A.P.S.A.,,30-65765065-6,Bocas de expendio (venta por menor) Combustibles líquidos únicamente,ESTADOS UNIDOS 725,CORRIENTES,CORRIENTES,Nafta (premium) de más de 95 Ron,Al público,1300.01,1816.37,34.79,1838.00,NO,0,229.47,14.05,0,0,0,216.10,0
179020,683,2025/09,CONSTRUCTORA EDIFICAR SA,SHELL C.A.P.S.A.,,30-65765065-6,Bocas de expendio (venta por menor) Combustibles líquidos únicamente,ESTADOS UNIDOS 725,CORRIENTES,CORRIENTES,Gas Oil Grado 3,Al público,1349.23,1831.73,13.00,1856.00,NO,0,178.79,20.37,0,0,0,226.09,0
179534,475,2025/09,CUBA SA,YPF,,30-68389938-7,Bocas de expendio (venta por menor) Duales (líquidos + GNC),AV. PTE PERON 2282,VILLA DE MAYO,BUENOS AIRES,Gas Oil Grado 2,Al público,1037.10,1360.77,55.61,1360.77,NO,0,294.34,33.56,15,0,0,217.79,0
179535,475,2025/09,CUBA SA,YPF,,30-68389938-7,Bocas de expendio (venta por menor) Duales (líquidos + GNC),AV. PTE PERON 2282,VILLA DE MAYO,BUENOS AIRES,GNC,Al público,486.78,589.00,115691.00,589.00,NO,0,0,0,0,0,0,102.22,0
179536,475,2025/09,CUBA SA,YPF,,30-68389938-7,Bocas de expendio (venta por menor) Duales (líquidos + GNC),AV. PTE PERON 2282,VILLA DE MAYO,BUENOS AIRES,Nafta (súper) entre 92 y 95 Ron,Al público,1029.28,1391.10,226.44,1391.10,NO,0,262.16,16.06,15,0,0,216.15,0
179537,475,2025/09,CUBA SA,YPF,,30-68389938-7,Bocas de expendio (venta por menor) Duales (líquidos + GNC),AV. PTE PERON 2282,VILLA DE MAYO,BUENOS AIRES,Gas Oil Grado 3,Al público,1208.73,1565.00,65.58,1565.00,NO,0,186.56,21.36,20,0,0,253.83,0
179538,475,2025/09,CUBA SA,YPF,,30-68389938-7,Bocas de expendio (venta por menor) Duales (líquidos + GNC),AV. PTE PERON 2282,VILLA DE MAYO,BUENOS AIRES,Nafta (premium) de más de 95 Ron,Al público,1226.24,1629.47,34.84,1629.47,NO,0,262.16,16.06,20,0,0,257.51,0
180193,2298,2025/09,D.G.B. S.R.L.,YPF,,30-70728425-7,Bocas de expendio (venta por menor) Combustibles líquidos únicamente,ITUZAINGO Y DEAN FUNES,VILLA DOLORES,CORDOBA,Gas Oil Grado 2,Al público,1064.33,1479.72,125.57,1500.00,NO,0,172.24,19.63,0,0,0,223.51,0
180194,2298,2025/09,D.G.B. S.R.L.,YPF,,30-70728425-7,Bocas de expendio (venta por menor) Combustibles líquidos únicamente,ITUZAINGO Y DEAN FUNES,VILLA DOLORES,CORDOBA,Nafta (premium) de más de 95 Ron,Al público,1204.83,1702.16,71.00,1736.00,NO,0,230.22,14.10,0,0,0,253.01,0
180195,2298,2025/09,D.G.B. S.R.L.,YPF,,30-70728425-7,Bocas de expendio (venta por menor) Combustibles líquidos únicamente,ITUZAINGO Y DEAN FUNES,VILLA DOLORES,CORDOBA,Nafta (súper) entre 92 y 95 Ron,Al público,979.80,1463.46,326.43,1481.00,NO,0,261.87,16.04,0,0,0,205.76,0
180196,2298,2025/09,D.G.B. S.R.L.,YPF,,30-70728425-7,Bocas de expendio (venta por menor) Combustibles líquidos únicamente,ITUZAINGO Y DEAN FUNES,VILLA DOLORES,CORDOBA,Gas Oil Grado 3,Al público,1200.73,1639.57,117.04,1681.00,NO,0,167.59,19.10,0,0,0,252.15,0
180197,2298,2025/09,D.G.B. S.R.L.,YPF,,30-70728425-7,Bocas de expendio (venta por menor) Combustibles líquidos únicamente,ITUZAINGO Y DEAN FUNES,VILLA DOLORES,CORDOBA,GNC,Al público,726.45,879.00,133680.00,879.00,NO,0,0,0,0,0,0,152.55,0
180198,2298,2025/09,D.G.B. S.R.L.,YPF,,30-70728425-7,Bocas de expendio (venta por menor) Combustibles líquidos únicamente,ITUZAINGO Y DEAN FUNES,VILLA DOLORES,CORDOBA,Kerosene,Al público,952.15,1437.00,2.26,1473.00,NO,0,255.74,29.16,0,0,0,199.95,0
180463,3978,2025/09,DON ROBERTO SA,BLANCA,18/2022/08,30-70895265-2,Bocas de expendio (venta por menor) Combustibles líquidos únicamente,"RUTA NACIONAL N: 12, KM. 1052",SAN COSME,CORRIENTES,Nafta (súper) entre 92 y 95 Ron,Al público,993.32,1456.68,52.45,1495.00,NO,0,230.70,14.13,0,0,9.93,244.83,0
180464,3978,2025/09,DON ROBERTO SA,BLANCA,18/2022/08,30-70895265-2,Bocas de expendio (venta por menor) Combustibles líquidos únicamente,"RUTA NACIONAL N: 12, KM. 1052",SAN COSME,CORRIENTES,Gas Oil Grado 2,Al público,1084.72,1519.52,45.01,1533.00,NO,0,178.44,20.01,0,0,10.85,227.79,0
180465,3978,2025/09,DON ROBERTO SA,BLANCA,18/2022/08,30-70895265-2,Bocas de expendio (venta por menor) Combustibles líquidos únicamente,"RUTA NACIONAL N: 12, KM. 1052",SAN COSME,CORRIENTES,Nafta (premium) de más de 95 Ron,Al público,1176.88,1680.62,6.32,1701.00,NO,0,230.70,14.13,0,0,11.77,208.59,0
180466,3978,2025/09,DON ROBERTO SA,BLANCA,18/2022/08,30-70895265-2,Bocas de expendio (venta por menor) Combustibles líquidos únicamente,"RUTA NACIONAL N: 12, KM. 1052",SAN COSME,CORRIENTES,Gas Oil Grado 3,Al público,1244.96,1717.36,20.14,1732.00,NO,0,176.09,20.01,0,0,12.45,261.44,0
182234,1036,2025/09,ESTACION EL SURTIDOR S.R.L.,YPF,,30-51932822-0,Bocas de expendio (venta por menor) Duales (líquidos + GNC),CORDOBA 4098,ROSARIO,SANTA FE,Gas Oil Grado 3,Al público,1186.00,1644.39,148.59,1671.00,NO,1,171.05,19.49,18.98,0,0,249.11,0
182235,1036,2025/09,ESTACION EL SURTIDOR S.R.L.,YPF,,30-51932822-0,Bocas de expendio (venta por menor) Duales (líquidos + GNC),CORDOBA 4098,ROSARIO,SANTA FE,Kerosene,Al público,1051.36,1581.75,5.18,1600.00,NO,0,277.92,14.87,16.82,0,0,220.79,0
182236,1036,2025/09,ESTACION EL SURTIDOR S.R.L.,YPF,,30-51932822-0,Bocas de expendio (venta por menor) Duales (líquidos + GNC),CORDOBA 4098,ROSARIO,SANTA FE,Nafta (súper) entre 92 y 95 Ron,Al público,997.37,1466.61,321.64,1500.00,NO,0,230.24,14.11,15.95,0,0,209.32,0
182237,1036,2025/09,ESTACION EL SURTIDOR S.R.L.,YPF,,30-51932822-0,Bocas de expendio (venta por menor) Duales (líquidos + GNC),CORDOBA 4098,ROSARIO,SANTA FE,Nafta (premium) de más de 95 Ron,Al público,1178.52,1689.43,177.19,1736.00,NO,0,230.70,14.14,18.82,0,0,247.03,0
182238,1036,2025/09,ESTACION EL SURTIDOR S.R.L.,YPF,,30-51932822-0,Bocas de expendio (venta por menor) Duales (líquidos + GNC),CORDOBA 4098,ROSARIO,SANTA FE,GNC,Al público,536.10,669.00,87834.60,669.00,NO,0,0,0,8.58,0,0,5438.99,11.74
182239,1036,2025/09,ESTACION EL SURTIDOR S.R.L.,YPF,,30-51932822-0,Bocas de expendio (venta por menor) Duales (líquidos + GNC),CORDOBA 4098,ROSARIO,SANTA FE,Gas Oil Grado 2,Al público,1032.43,1461.89,57.77,1491.00,NO,0,177.48,20.23,16.54,0,0,217.11,0
186371,719,2025/09,LIBEROIL SRL,YPF,,30-67791118-9,Bocas de expendio (venta por menor) Duales (líquidos + GNC),av. eva peron 3750,MERLO,BUENOS AIRES,GNC,Al público,445.94,554.80,84867.00,569.00,NO,0,0,0,20.07,11.09,15.94,93.65,9.35
186372,719,2025/09,LIBEROIL SRL,YPF,,30-67791118-9,Bocas de expendio (venta por menor) Duales (líquidos + GNC),av. eva peron 3750,MERLO,BUENOS AIRES,Nafta (súper) entre 92 y 95 Ron,Al público,980.70,1423.48,186.93,1456.00,NO,0,230.70,14.13,24.52,11.09,42.89,205.95,0
186373,719,2025/09,LIBEROIL SRL,YPF,,30-67791118-9,Bocas de expendio (venta por menor) Duales (líquidos + GNC),av. eva peron 3750,MERLO,BUENOS AIRES,Nafta (premium) de más de 95 Ron,Al público,1178.36,1675.19,48.84,1706.00,NO,0,230.70,14.13,35.35,11.09,49.81,247.46,0
186374,719,2025/09,LIBEROIL SRL,YPF,,30-67791118-9,Bocas de expendio (venta por menor) Duales (líquidos + GNC),av. eva peron 3750,MERLO,BUENOS AIRES,Gas Oil Grado 3,Al público,1166.74,1603.62,34.59,1634.00,NO,0,173.32,19.75,29.17,11.09,47.59,245.02,0
186375,719,2025/09,LIBEROIL SRL,YPF,,30-67791118-9,Bocas de expendio (venta por menor) Duales (líquidos + GNC),av. eva peron 3750,MERLO,BUENOS AIRES,Kerosene,Al público,877.81,1401.15,1.61,1412.00,NO,0,294.34,33.56,21.95,11.09,42.20,184.34,0
186376,719,2025/09,LIBEROIL SRL,YPF,,30-67791118-9,Bocas de expendio (venta por menor) Duales (líquidos + GNC),av. eva peron 3750,MERLO,BUENOS AIRES,Gas Oil Grado 2,Al público,981.21,1397.71,56.18,1419.00,NO,0,186.00,21.20,24.53,11.09,41.59,206.05,0
187455,8252,2025/09,MARIJO S.A.,YPF,,30-69854828-9,Bocas de expendio (venta por menor) Duales (líquidos + GNC),AYACUCHO 3285,RIO CUARTO,CORDOBA,Nafta (premium) de más de 95 Ron,Al público,1227.11,1737.46,48.78,1775.00,NO,0,230.70,13.56,0,0,0,265.66,0
187456,8252,2025/09,MARIJO S.A.,YPF,,30-69854828-9,Bocas de expendio (venta por menor) Duales (líquidos + GNC),AYACUCHO 3285,RIO CUARTO,CORDOBA,Gas Oil Grado 2,Al público,1112.89,1538.80,196.87,1550.00,NO,0,172.57,19.67,0,0,0,235.64,0
187458,8252,2025/09,MARIJO S.A.,YPF,,30-69854828-9,Bocas de expendio (venta por menor) Duales (líquidos + GNC),AYACUCHO 3285,RIO CUARTO,CORDOBA,Gas Oil Grado 3,Al público,1175.00,1603.12,125.42,1682.00,NO,0,167.91,19.14,0,0,0,259.45,0
187459,8252,2025/09,MARIJO S.A.,YPF,,30-69854828-9,Bocas de expendio (venta por menor) Duales (líquidos + GNC),AYACUCHO 3285,RIO CUARTO,CORDOBA,Kerosene,Al público,985.83,1501.34,3.73,1524.00,NO,0,294.34,14.13,0,0,0,210.96,0
187460,8252,2025/09,MARIJO S.A.,YPF,,30-69854828-9,Bocas de expendio (venta por menor) Duales (líquidos + GNC),AYACUCHO 3285,RIO CUARTO,CORDOBA,GNC,Al público,652.66,799.00,55984.00,799.00,NO,0,0,0,0,0,0,137.05,9.28
187461,8252,2025/09,MARIJO S.A.,YPF,,30-69854828-9,Bocas de expendio (venta por menor) Duales (líquidos + GNC),AYACUCHO 3285,RIO CUARTO,CORDOBA,Nafta (súper) entre 92 y 95 Ron,Al público,1012.06,1502.75,144.98,1556.00,NO,0,262.16,16.06,0,0,0,221.76,0
190337,10979,2025/09,PEREZ HERMANOS S.R.L.,DAPSA S.A.,,30-71621033-9,Bocas de expendio (venta por menor) Combustibles líquidos únicamente,RUTA NACIONAL 14 KM1052 0,SAN PEDRO,MISIONES,Gas Oil Grado 3,Al público,1288.20,1733.00,29.08,1733.00,NO,0,1733.00,156.45,0,9.02,32.21,270.52,0
190338,10979,2025/09,PEREZ HERMANOS S.R.L.,DAPSA S.A.,,30-71621033-9,Bocas de expendio (venta por menor) Combustibles líquidos únicamente,RUTA NACIONAL 14 KM1052 0,SAN PEDRO,MISIONES,Nafta (premium) de más de 95 Ron,Al público,1282.55,1762.00,4.85,1762.00,NO,0,197.98,13.12,0,7.71,27.54,269.34,0
190339,10979,2025/09,PEREZ HERMANOS S.R.L.,DAPSA S.A.,,30-71621033-9,Bocas de expendio (venta por menor) Combustibles líquidos únicamente,RUTA NACIONAL 14 KM1052 0,SAN PEDRO,MISIONES,Nafta (súper) entre 92 y 95 Ron,Al público,1065.20,1499.03,101.61,1499.03,NO,0,197.98,12.13,0,7.46,26.63,223.70,0
190340,10979,2025/09,PEREZ HERMANOS S.R.L.,DAPSA S.A.,,30-71621033-9,Bocas de expendio (venta por menor) Combustibles líquidos únicamente,RUTA NACIONAL 14 KM1052 0,SAN PEDRO,MISIONES,Gas Oil Grado 2,Al público,1109.43,1514.00,157.05,1514.00,NO,0,154.10,17.48,0,7.77,28.07,232.98,0
191394,7672,2025/09,POSTA 16 S.R.L.,GULF,,30-71092757-6,Bocas de expendio (venta por menor) Combustibles líquidos únicamente,FORMOSA 949,ROLDAN,SANTA FE,Nafta (premium) de más de 95 Ron,Al público,1251.64,1759.15,13.34,1795.00,NO,0,230.70,14.13,0,0,0,269.04,0
191395,7672,2025/09,POSTA 16 S.R.L.,GULF,,30-71092757-6,Bocas de expendio (venta por menor) Combustibles líquidos únicamente,FORMOSA 949,ROLDAN,SANTA FE,GNC,Al público,633.47,780.00,33746.90,780.00,NO,0,0,0,0,0,0,133.03,13.50
191396,7672,2025/09,POSTA 16 S.R.L.,GULF,,30-71092757-6,Bocas de expendio (venta por menor) Combustibles líquidos únicamente,FORMOSA 949,ROLDAN,SANTA FE,Gas Oil Grado 3,Al público,1250.13,1704.15,22.88,1745.00,NO,0,182.27,20.78,0,0,0,267.61,0
191397,7672,2025/09,POSTA 16 S.R.L.,GULF,,30-71092757-6,Bocas de expendio (venta por menor) Combustibles líquidos únicamente,FORMOSA 949,ROLDAN,SANTA FE,Nafta (súper) entre 92 y 95 Ron,Al público,1034.40,1496.34,63.29,1511.00,NO,0,230.70,14.13,0,0,0,219.75,0
191398,7672,2025/09,POSTA 16 S.R.L.,GULF,,30-71092757-6,Bocas de expendio (venta por menor) Combustibles líquidos únicamente,FORMOSA 949,ROLDAN,SANTA FE,Gas Oil Grado 2,Al público,1107.32,1539.55,101.15,1566.00,NO,0,185.45,21.14,0,0,0,267.61,0
191628,189,2025/09,PUERTA SA,AXION,,30-59299051-9,Bocas de expendio (venta por menor) Combustibles líquidos únicamente,Avenida Quaranta 4150,POSADAS,MISIONES,Nafta (súper) entre 92 y 95 Ron,Al público,1051.04,1516.51,111.36,1539.00,NO,0,230.62,14.13,0,0,0,220.72,0
191631,189,2025/09,PUERTA SA,AXION,,30-59299051-9,Bocas de expendio (venta por menor) Combustibles líquidos únicamente,Avenida Quaranta 4150,POSADAS,MISIONES,Gas Oil Grado 3,Al público,1320.05,1787.61,21.85,1799.00,NO,0,170.87,19.48,0,0,0,752.80,0
191634,189,2025/09,PUERTA SA,AXION,,30-59299051-9,Bocas de expendio (venta por menor) Combustibles líquidos únicamente,Avenida Quaranta 4150,POSADAS,MISIONES,Gas Oil Grado 2,Al público,1158.70,1592.59,37.69,1605.00,NO,0,171.06,19.50,0,0,0,421.27,0
191641,189,2025/09,PUERTA SA,AXION,,30-59299051-9,Bocas de expendio (venta por menor) Combustibles líquidos únicamente,Avenida Quaranta 4150,POSADAS,MISIONES,Nafta (premium) de más de 95 Ron,Al público,1268.92,1780.20,17.61,1799.00,NO,0,230.68,14.13,0,0,0,266.47,0
192641,4653,2025/09,"ROGER, HUGO DANIEL",SHELL C.A.P.S.A.,,20-16232054-9,Bocas de expendio (venta por menor) Combustibles líquidos únicamente,MONZON Y L.COBELLO 95,VILLA ANGELA,CHACO,Gas Oil Grado 3,Al público,1355.70,1842.00,6.00,1842.00,NO,0,180.96,20.62,0,0,0,284.71,0
192642,4653,2025/09,"ROGER, HUGO DANIEL",SHELL C.A.P.S.A.,,20-16232054-9,Bocas de expendio (venta por menor) Combustibles líquidos únicamente,MONZON Y L.COBELLO 95,VILLA ANGELA,CHACO,Gas Oil Grado 2,Al público,1163.96,1610.00,36.00,1610.00,NO,0,180.96,20.62,0,0,0,244.45,0
192643,4653,2025/09,"ROGER, HUGO DANIEL",SHELL C.A.P.S.A.,,20-16232054-9,Bocas de expendio (venta por menor) Combustibles líquidos únicamente,MONZON Y L.COBELLO 95,VILLA ANGELA,CHACO,Nafta (premium) de más de 95 Ron,Al público,1307.58,1827.00,3.70,1827.00,NO,0,230.69,14.13,0,0,0,274.59,0
192645,4653,2025/09,"ROGER, HUGO DANIEL",SHELL C.A.P.S.A.,,20-16232054-9,Bocas de expendio (venta por menor) Combustibles líquidos únicamente,MONZON Y L.COBELLO 95,VILLA ANGELA,CHACO,Nafta (súper) entre 92 y 95 Ron,Al público,1066.26,1535.00,102.90,1535.00,NO,0,230.69,14.13,0,0,0,223.91,0
192780,2951,2025/09,ROQUE LINO PENZO Y CIA S.R.L.,YPF,,30-66986964-5,Bocas de expendio (venta por menor) Combustibles Líquidos + PRVE,SAN MARTIN N 1000,SANTA LUCIA,CORRIENTES,Gas Oil Grado 2,Al público,1031.18,1510.00,78.36,1510.00,NO,0,183.77,20.95,0,0,0,274.11,0
192781,2951,2025/09,ROQUE LINO PENZO Y CIA S.R.L.,YPF,,30-66986964-5,Bocas de expendio (venta por menor) Combustibles Líquidos + PRVE,SAN MARTIN N 1000,SANTA LUCIA,CORRIENTES,Nafta (común) hasta 92 Ron,Al público,1155.90,1708.00,27.81,1708.00,NO,0,230.70,14.13,0,0,0,307.27,0
192782,2951,2025/09,ROQUE LINO PENZO Y CIA S.R.L.,YPF,,30-66986964-5,Bocas de expendio (venta por menor) Combustibles Líquidos + PRVE,SAN MARTIN N 1000,SANTA LUCIA,CORRIENTES,Gas Oil Grado 3,Al público,1200.40,1724.00,129.91,1724.00,NO,0,183.58,20.92,0,0,0,319.09,0
192783,2951,2025/09,ROQUE LINO PENZO Y CIA S.R.L.,YPF,,30-66986964-5,Bocas de expendio (venta por menor) Combustibles Líquidos + PRVE,SAN MARTIN N 1000,SANTA LUCIA,CORRIENTES,Nafta (súper) entre 92 y 95 Ron,Al público,984.47,1491.00,228.35,1491.00,NO,0,230.70,14.13,0,0,0,261.70,0
193338,563,2025/09,SANTA BARBARA SA,YPF,,30-64767888-9,Bocas de expendio (venta por menor) Duales (líquidos + GNC),AUTOPISTA CORDOBA PILAR KM 692,CORDOBA,CORDOBA,GNC,Al público,577.69,699.00,94634.70,699.00,NO,0,0,0,0,0,0,121.32,10.81
193342,563,2025/09,SANTA BARBARA SA,YPF,,30-64767888-9,Bocas de expendio (venta por menor) Duales (líquidos + GNC),AUTOPISTA CORDOBA PILAR KM 692,CORDOBA,CORDOBA,Nafta (súper) entre 92 y 95 Ron,Al público,1010.14,1461.57,230.37,1489.00,NO,0,230.14,14.69,0,0,0,212.13,0
193345,563,2025/09,SANTA BARBARA SA,YPF,,30-64767888-9,Bocas de expendio (venta por menor) Duales (líquidos + GNC),AUTOPISTA CORDOBA PILAR KM 692,CORDOBA,CORDOBA,Gas Oil Grado 3,Al público,1191.41,1623.41,284.35,1664.00,NO,0,167.90,19.14,0,0,0,250.20,0
193346,563,2025/09,SANTA BARBARA SA,YPF,,30-64767888-9,Bocas de expendio (venta por menor) Duales (líquidos + GNC),AUTOPISTA CORDOBA PILAR KM 692,CORDOBA,CORDOBA,Gas Oil Grado 2,Al público,1062.06,1475.09,280.02,1504.00,NO,0,173.02,19.22,0,0,0,223.03,0
193347,563,2025/09,SANTA BARBARA SA,YPF,,30-64767888-9,Bocas de expendio (venta por menor) Duales (líquidos + GNC),AUTOPISTA CORDOBA PILAR KM 692,CORDOBA,CORDOBA,Nafta (premium) de más de 95 Ron,Al público,1189.92,1679.00,130.36,1727.00,NO,0,230.14,14.69,0,0,0,249.88,0
194620,6644,2025/09,SUCATA S.A.,YPF,,30-70827063-2,Bocas de expendio (venta por menor) Duales (líquidos + GNC),"RUTA PROVINCIAL Nº 10 0,7",SAN LORENZO,SANTA FE,Nafta (premium) de más de 95 Ron,Al público,1204.84,1702.02,120.11,1734.00,NO,0,230.60,13.56,0,0,0,253.02,0
194621,6644,2025/09,SUCATA S.A.,YPF,,30-70827063-2,Bocas de expendio (venta por menor) Duales (líquidos + GNC),"RUTA PROVINCIAL Nº 10 0,7",SAN LORENZO,SANTA FE,Gas Oil Grado 2,Al público,1074.06,1496.92,648.97,1520.00,NO,0,178.26,19.04,0,0,0,225.55,0
194623,6644,2025/09,SUCATA S.A.,YPF,,30-70827063-2,Bocas de expendio (venta por menor) Duales (líquidos + GNC),"RUTA PROVINCIAL Nº 10 0,7",SAN LORENZO,SANTA FE,GNC,Al público,545.62,672.02,150744.00,672.00,NO,0,0,0,0,0,0,114.58,11.82
194625,6644,2025/09,SUCATA S.A.,YPF,,30-70827063-2,Bocas de expendio (venta por menor) Duales (líquidos + GNC),"RUTA PROVINCIAL Nº 10 0,7",SAN LORENZO,SANTA FE,Nafta (súper) entre 92 y 95 Ron,Al público,1030.57,1491.18,278.79,1524.00,NO,0,230.62,13.56,0,0,0,228.88,0
194626,6644,2025/09,SUCATA S.A.,YPF,,30-70827063-2,Bocas de expendio (venta por menor) Duales (líquidos + GNC),"RUTA PROVINCIAL Nº 10 0,7",SAN LORENZO,SANTA FE,Gas Oil Grado 3,Al público,1214.91,1659.27,292.37,1697.00,NO,0,170.93,18.30,0,0,0,255.15,0
194696,1907,2025/09,SUCESORES DE OVIDIO JUAN DEGREGORIO S.H,YPF,,30-67017935-0,Bocas de expendio (venta por menor) Combustibles líquidos únicamente,AV.AVALOS 1001,RESISTENCIA,CHACO,Gas Oil Grado 2,Al público,1085.36,1518.00,77.04,1518.00,NO,0,183.77,20.95,0,0,0,227.93,0
194697,1907,2025/09,SUCESORES DE OVIDIO JUAN DEGREGORIO S.H,YPF,,30-67017935-0,Bocas de expendio (venta por menor) Combustibles líquidos únicamente,AV.AVALOS 1001,RESISTENCIA,CHACO,Nafta (premium) de más de 95 Ron,Al público,1209.23,1708.00,47.12,1708.00,NO,0,230.70,14.13,0,0,0,253.94,0
194698,1907,2025/09,SUCESORES DE OVIDIO JUAN DEGREGORIO S.H,YPF,,30-67017935-0,Bocas de expendio (venta por menor) Combustibles líquidos únicamente,AV.AVALOS 1001,RESISTENCIA,CHACO,Gas Oil Grado 3,Al público,1259.92,1729.00,70.14,1729.00,NO,0,183.58,20.92,0,0,0,264.58,0
194699,1907,2025/09,SUCESORES DE OVIDIO JUAN DEGREGORIO S.H,YPF,,30-67017935-0,Bocas de expendio (venta por menor) Combustibles líquidos únicamente,AV.AVALOS 1001,RESISTENCIA,CHACO,Nafta (súper) entre 92 y 95 Ron,Al público,1021.63,1481.00,194.84,1481.00,NO,0,230.70,14.13,0,0,0,214.54,0
196360,723,2025/10,AGLP SA,YPF,,30-70715847-2,Bocas de expendio (venta por menor) Duales (líquidos + GNC),BLAS PARERA 935,ITUZAINGO,BUENOS AIRES,Nafta (súper) entre 92 y 95 Ron,Al público,1246.78,1525.00,198.73,1528.00,NO,0,262.16,16.06,23.14,0,0,212.35,0
196361,723,2025/10,AGLP SA,YPF,,30-70715847-2,Bocas de expendio (venta por menor) Duales (líquidos + GNC),BLAS PARERA 935,ITUZAINGO,BUENOS AIRES,Nafta (premium) de más de 95 Ron,Al público,1495.78,1774.00,70.05,1774.00,NO,0,262.16,16.06,23.14,0,0,254.73,0
196362,723,2025/10,AGLP SA,YPF,,30-70715847-2,Bocas de expendio (venta por menor) Duales (líquidos + GNC),BLAS PARERA 935,ITUZAINGO,BUENOS AIRES,Gas Oil Grado 3,Al público,1374.09,1702.00,38.81,1702.00,NO,0,294.34,33.56,19.08,0,0,234.47,0
196363,723,2025/10,AGLP SA,YPF,,30-70715847-2,Bocas de expendio (venta por menor) Duales (líquidos + GNC),BLAS PARERA 935,ITUZAINGO,BUENOS AIRES,Gas Oil Grado 2,Al público,1281.18,1489.00,56.99,1489.00,NO,0,186.56,21.26,18.23,0,0,218.52,0
196364,723,2025/10,AGLP SA,YPF,,30-70715847-2,Bocas de expendio (venta por menor) Duales (líquidos + GNC),BLAS PARERA 935,ITUZAINGO,BUENOS AIRES,GNC,Al público,446.34,549.00,89001.00,549.00,NO,0,0,0,0,0,0,93.73,8.53
198964,9641,2025/10,"BORDAQUEVICH, HUGO JOSE",AXION,,20-18054580-9,Bocas de expendio (venta por menor) Combustibles líquidos únicamente,RUTA 2 Y AV. REP. ARGENTINA (LOTE RURAL 065 E INMOBILIARIA 4176),CONCEPCION DE LA SIERRA,MISIONES,Nafta (súper) entre 92 y 95 Ron,Al público,1078.00,1583.00,24.53,1583.00,NO,0,294.09,18.02,0,0,0,226.38,0
198965,9641,2025/10,"BORDAQUEVICH, HUGO JOSE",AXION,,20-18054580-9,Bocas de expendio (venta por menor) Combustibles líquidos únicamente,RUTA 2 Y AV. REP. ARGENTINA (LOTE RURAL 065 E INMOBILIARIA 4176),CONCEPCION DE LA SIERRA,MISIONES,Gas Oil Grado 2,Al público,1199.00,1659.00,36.41,1679.00,NO,0,212.75,24.25,0,0,0,251.78,0
198966,9641,2025/10,"BORDAQUEVICH, HUGO JOSE",AXION,,20-18054580-9,Bocas de expendio (venta por menor) Combustibles líquidos únicamente,RUTA 2 Y AV. REP. ARGENTINA (LOTE RURAL 065 E INMOBILIARIA 4176),CONCEPCION DE LA SIERRA,MISIONES,Nafta (premium) de más de 95 Ron,Al público,1335.00,1894.00,5.88,1919.00,NO,0,294.09,18.02,0,0,0,280.35,0
198967,9641,2025/10,"BORDAQUEVICH, HUGO JOSE",AXION,,20-18054580-9,Bocas de expendio (venta por menor) Combustibles líquidos únicamente,RUTA 2 Y AV. REP. ARGENTINA (LOTE RURAL 065 E INMOBILIARIA 4176),CONCEPCION DE LA SIERRA,MISIONES,Gas Oil Grado 3,Al público,1425.00,1932.00,15.65,1969.00,NO,0,212.75,24.25,0,0,0,299.25,0
199212,104,2025/10,CALCAGNO RICARDO OMAR Y CALCAGNO RICARDO JAVIER SOC. HECHO,SHELL C.A.P.S.A.,,33-70812864-9,Bocas de expendio (venta por menor) Combustibles líquidos únicamente,AV. 25 DE MAYO 280,RESISTENCIA,CHACO,Gas Oil Grado 2,Al público,1208.48,1640.46,13.51,1649.00,NO,0,186.56,21.26,0,0,23.29,200.87,0
199213,104,2025/10,CALCAGNO RICARDO OMAR Y CALCAGNO RICARDO JAVIER SOC. HECHO,SHELL C.A.P.S.A.,,33-70812864-9,Bocas de expendio (venta por menor) Combustibles líquidos únicamente,AV. 25 DE MAYO 280,RESISTENCIA,CHACO,Nafta (súper) entre 92 y 95 Ron,Al público,1114.16,1564.85,173.69,1569.00,NO,0,230.70,14.13,0,0,22.37,183.49,0
199214,104,2025/10,CALCAGNO RICARDO OMAR Y CALCAGNO RICARDO JAVIER SOC. HECHO,SHELL C.A.P.S.A.,,33-70812864-9,Bocas de expendio (venta por menor) Combustibles líquidos únicamente,AV. 25 DE MAYO 280,RESISTENCIA,CHACO,Nafta (premium) de más de 95 Ron,Al público,1369.21,1857.72,96.45,1869.00,NO,0,230.70,14.13,0,0,25.66,218.02,0
199215,104,2025/10,CALCAGNO RICARDO OMAR Y CALCAGNO RICARDO JAVIER SOC. HECHO,SHELL C.A.P.S.A.,,33-70812864-9,Bocas de expendio (venta por menor) Combustibles líquidos únicamente,AV. 25 DE MAYO 280,RESISTENCIA,CHACO,Gas Oil Grado 3,Al público,1420.34,1875.78,63.25,1889.00,NO,0,180.97,20.63,0,0,25.75,228.09,0
200819,683,2025/10,CONSTRUCTORA EDIFICAR SA,SHELL C.A.P.S.A.,,30-65765065-6,Bocas de expendio (venta por menor) Combustibles líquidos únicamente,ESTADOS UNIDOS 725,CORRIENTES,CORRIENTES,Nafta (premium) de más de 95 Ron,Al público,1335.54,1860.84,35.38,1868.00,NO,0,230.70,14.13,0,0,0,222.44,0
200820,683,2025/10,CONSTRUCTORA EDIFICAR SA,SHELL C.A.P.S.A.,,30-65765065-6,Bocas de expendio (venta por menor) Combustibles líquidos únicamente,ESTADOS UNIDOS 725,CORRIENTES,CORRIENTES,Gas Oil Grado 3,Al público,1387.44,1880.32,14.86,1887.00,NO,0,187.97,20.63,0,0,0,232.73,0
200821,683,2025/10,CONSTRUCTORA EDIFICAR SA,SHELL C.A.P.S.A.,,30-65765065-6,Bocas de expendio (venta por menor) Combustibles líquidos únicamente,ESTADOS UNIDOS 725,CORRIENTES,CORRIENTES,Nafta (súper) entre 92 y 95 Ron,Al público,1100.97,1577.58,107.87,1583.00,NO,0,230.70,14.13,0,0,0,188.72,0
200822,683,2025/10,CONSTRUCTORA EDIFICAR SA,SHELL C.A.P.S.A.,,30-65765065-6,Bocas de expendio (venta por menor) Combustibles líquidos únicamente,ESTADOS UNIDOS 725,CORRIENTES,CORRIENTES,Gas Oil Grado 2,Al público,1174.92,1629.48,8.49,1635.00,NO,0,186.56,21.26,0,0,0,202.77,0
201333,475,2025/10,CUBA SA,YPF,,30-68389938-7,Bocas de expendio (venta por menor) Duales (líquidos + GNC),AV. PTE PERON 2282,VILLA DE MAYO,BUENOS AIRES,GNC,Al público,478.86,589.00,115961.00,589.00,NO,0,0,0,0,0,0,0,9.24
201334,475,2025/10,CUBA SA,YPF,,30-68389938-7,Bocas de expendio (venta por menor) Duales (líquidos + GNC),AV. PTE PERON 2282,VILLA DE MAYO,BUENOS AIRES,Gas Oil Grado 3,Al público,1110.10,1604.00,35.38,1627.00,NO,0,294.34,21.26,0,20.34,0,190.66,0
201335,475,2025/10,CUBA SA,YPF,,30-68389938-7,Bocas de expendio (venta por menor) Duales (líquidos + GNC),AV. PTE PERON 2282,VILLA DE MAYO,BUENOS AIRES,Nafta (premium) de más de 95 Ron,Al público,1161.38,1676.00,67.46,1707.00,NO,0,262.16,16.06,0,20.34,0,238.65,0
201336,475,2025/10,CUBA SA,YPF,,30-68389938-7,Bocas de expendio (venta por menor) Duales (líquidos + GNC),AV. PTE PERON 2282,VILLA DE MAYO,BUENOS AIRES,Nafta (súper) entre 92 y 95 Ron,Al público,961.66,1430.00,251.32,1462.00,NO,0,262.16,16.06,0,16.76,0,196.65,0
201337,475,2025/10,CUBA SA,YPF,,30-68389938-7,Bocas de expendio (venta por menor) Duales (líquidos + GNC),AV. PTE PERON 2282,VILLA DE MAYO,BUENOS AIRES,Gas Oil Grado 2,Al público,1017.35,1396.00,50.41,1421.00,NO,0,186.56,21.26,0,14.70,0,167.94,0
202006,2298,2025/10,D.G.B. S.R.L.,YPF,,30-70728425-7,Bocas de expendio (venta por menor) Combustibles líquidos únicamente,ITUZAINGO Y DEAN FUNES,VILLA DOLORES,CORDOBA,Nafta (premium) de más de 95 Ron,Al público,1256.86,1765.63,73.31,1766.00,NO,0,230.70,14.13,0,0,0,263.94,0
202007,2298,2025/10,D.G.B. S.R.L.,YPF,,30-70728425-7,Bocas de expendio (venta por menor) Combustibles líquidos únicamente,ITUZAINGO Y DEAN FUNES,VILLA DOLORES,CORDOBA,Gas Oil Grado 2,Al público,1103.48,1532.55,127.92,1553.00,NO,0,177.15,20.19,0,0,0,231.73,0
202008,2298,2025/10,D.G.B. S.R.L.,YPF,,30-70728425-7,Bocas de expendio (venta por menor) Combustibles líquidos únicamente,ITUZAINGO Y DEAN FUNES,VILLA DOLORES,CORDOBA,GNC,Al público,726.45,879.00,136950.00,879.00,NO,0,0,0,0,0,0,152.55,0
202009,2298,2025/10,D.G.B. S.R.L.,YPF,,30-70728425-7,Bocas de expendio (venta por menor) Combustibles líquidos únicamente,ITUZAINGO Y DEAN FUNES,VILLA DOLORES,CORDOBA,Nafta (súper) entre 92 y 95 Ron,Al público,1040.92,1504.56,352.38,1523.00,NO,0,230.89,14.16,0,0,0,218.59,0
202010,2298,2025/10,D.G.B. S.R.L.,YPF,,30-70728425-7,Bocas de expendio (venta por menor) Combustibles líquidos únicamente,ITUZAINGO Y DEAN FUNES,VILLA DOLORES,CORDOBA,Gas Oil Grado 3,Al público,1247.47,1696.13,143.06,1713.00,NO,0,167.59,19.10,0,0,0,261.97,0
202011,2298,2025/10,D.G.B. S.R.L.,YPF,,30-70728425-7,Bocas de expendio (venta por menor) Combustibles líquidos únicamente,ITUZAINGO Y DEAN FUNES,VILLA DOLORES,CORDOBA,Kerosene,Al público,981.90,1473.00,1.60,1473.00,NO,0,255.74,29.16,0,0,0,206.20,0
202274,3978,2025/10,DON ROBERTO SA,BLANCA,18/2022/08,30-70895265-2,Bocas de expendio (venta por menor) Combustibles líquidos únicamente,"RUTA NACIONAL N: 12, KM. 1052",SAN COSME,CORRIENTES,Gas Oil Grado 3,Al público,1268.29,1748.90,19.84,1760.00,NO,0,180.97,20.63,0,0,12.68,266.34,0
202275,3978,2025/10,DON ROBERTO SA,BLANCA,18/2022/08,30-70895265-2,Bocas de expendio (venta por menor) Combustibles líquidos únicamente,"RUTA NACIONAL N: 12, KM. 1052",SAN COSME,CORRIENTES,Gas Oil Grado 2,Al público,1101.36,1551.48,45.79,1565.00,NO,0,186.56,21.26,0,0,11.01,231.28,0
202276,3978,2025/10,DON ROBERTO SA,BLANCA,18/2022/08,30-70895265-2,Bocas de expendio (venta por menor) Combustibles líquidos únicamente,"RUTA NACIONAL N: 12, KM. 1052",SAN COSME,CORRIENTES,Nafta (súper) entre 92 y 95 Ron,Al público,1046.79,1521.92,57.75,1547.00,NO,0,230.70,14.13,0,0,10.47,244.83,0
202277,3978,2025/10,DON ROBERTO SA,BLANCA,18/2022/08,30-70895265-2,Bocas de expendio (venta por menor) Combustibles líquidos únicamente,"RUTA NACIONAL N: 12, KM. 1052",SAN COSME,CORRIENTES,Nafta (premium) de más de 95 Ron,Al público,1212.43,1724.00,6.12,1740.00,NO,0,230.70,14.13,0,0,12.12,254.61,0
204031,1036,2025/10,ESTACION EL SURTIDOR S.R.L.,YPF,,30-51932822-0,Bocas de expendio (venta por menor) Duales (líquidos + GNC),CORDOBA 4098,ROSARIO,SANTA FE,Nafta (súper) entre 92 y 95 Ron,Al público,1037.93,1517.35,344.94,1544.00,NO,0,230.70,14.14,16.62,0,0,218.15,0
204032,1036,2025/10,ESTACION EL SURTIDOR S.R.L.,YPF,,30-51932822-0,Bocas de expendio (venta por menor) Duales (líquidos + GNC),CORDOBA 4098,ROSARIO,SANTA FE,Nafta (premium) de más de 95 Ron,Al público,1225.41,1747.19,189.70,1768.00,NO,0,230.70,14.14,19.46,0,0,255.42,0
204033,1036,2025/10,ESTACION EL SURTIDOR S.R.L.,YPF,,30-51932822-0,Bocas de expendio (venta por menor) Duales (líquidos + GNC),CORDOBA 4098,ROSARIO,SANTA FE,GNC,Al público,535.04,669.00,96310.40,669.00,NO,0,0,0,8.56,0,0,5705.18,13.04
204034,1036,2025/10,ESTACION EL SURTIDOR S.R.L.,YPF,,30-51932822-0,Bocas de expendio (venta por menor) Duales (líquidos + GNC),CORDOBA 4098,ROSARIO,SANTA FE,Gas Oil Grado 3,Al público,1225.35,1698.43,157.86,1711.00,NO,1,175.25,19.97,19.65,0,0,257.91,0
204035,1036,2025/10,ESTACION EL SURTIDOR S.R.L.,YPF,,30-51932822-0,Bocas de expendio (venta por menor) Duales (líquidos + GNC),CORDOBA 4098,ROSARIO,SANTA FE,Gas Oil Grado 2,Al público,1069.72,1516.56,49.01,1546.00,NO,0,183.42,20.91,17.13,0,0,224.80,0
204036,1036,2025/10,ESTACION EL SURTIDOR S.R.L.,YPF,,30-51932822-0,Bocas de expendio (venta por menor) Duales (líquidos + GNC),CORDOBA 4098,ROSARIO,SANTA FE,Kerosene,Al público,1051.31,1600.00,3.88,1600.00,NO,0,294.34,16.74,16.82,0,0,220.78,0
208163,719,2025/10,LIBEROIL SRL,YPF,,30-67791118-9,Bocas de expendio (venta por menor) Duales (líquidos + GNC),av. eva peron 3750,MERLO,BUENOS AIRES,Nafta (súper) entre 92 y 95 Ron,Al público,1009.04,1473.80,202.56,1491.00,NO,0,230.70,14.13,25.23,11.09,43.89,211.90,0
208164,719,2025/10,LIBEROIL SRL,YPF,,30-67791118-9,Bocas de expendio (venta por menor) Duales (líquidos + GNC),av. eva peron 3750,MERLO,BUENOS AIRES,Nafta (premium) de más de 95 Ron,Al público,1212.23,1728.73,47.90,1748.00,NO,0,230.70,14.13,36.37,11.09,51.00,254.57,0
208165,719,2025/10,LIBEROIL SRL,YPF,,30-67791118-9,Bocas de expendio (venta por menor) Duales (líquidos + GNC),av. eva peron 3750,MERLO,BUENOS AIRES,GNC,Al público,445.94,569.00,86820.00,569.00,NO,0,0,0,20.07,11.09,15.94,93.65,9.35
208166,719,2025/10,LIBEROIL SRL,YPF,,30-67791118-9,Bocas de expendio (venta por menor) Duales (líquidos + GNC),av. eva peron 3750,MERLO,BUENOS AIRES,Kerosene,Al público,905.34,1439.35,1.21,1446.00,NO,0,294.34,33.56,22.63,11.09,43.16,190.12,0
208167,719,2025/10,LIBEROIL SRL,YPF,,30-67791118-9,Bocas de expendio (venta por menor) Duales (líquidos + GNC),av. eva peron 3750,MERLO,BUENOS AIRES,Gas Oil Grado 2,Al público,1014.88,1444.67,52.83,1461.00,NO,0,186.38,21.24,25.37,11.09,42.79,213.13,0
208168,719,2025/10,LIBEROIL SRL,YPF,,30-67791118-9,Bocas de expendio (venta por menor) Duales (líquidos + GNC),av. eva peron 3750,MERLO,BUENOS AIRES,Gas Oil Grado 3,Al público,1189.39,1663.75,34.73,1668.00,NO,0,178.73,20.37,29.73,11.09,48.60,249.77,0
209245,8252,2025/10,MARIJO S.A.,YPF,,30-69854828-9,Bocas de expendio (venta por menor) Duales (líquidos + GNC),AYACUCHO 3285,RIO CUARTO,CORDOBA,Gas Oil Grado 2,Al público,1148.03,1594.81,208.91,1597.00,NO,0,186.56,21.26,0,0,0,241.09,0
209247,8252,2025/10,MARIJO S.A.,YPF,,30-69854828-9,Bocas de expendio (venta por menor) Duales (líquidos + GNC),AYACUCHO 3285,RIO CUARTO,CORDOBA,Nafta (premium) de más de 95 Ron,Al público,1282.16,1796.26,51.24,1816.00,NO,0,230.70,13.56,0,0,0,272.78,0
209249,8252,2025/10,MARIJO S.A.,YPF,,30-69854828-9,Bocas de expendio (venta por menor) Duales (líquidos + GNC),AYACUCHO 3285,RIO CUARTO,CORDOBA,Gas Oil Grado 3,Al público,1119.61,1707.68,135.42,1726.00,NO,0,186.56,21.26,0,0,0,263.48,0
209250,8252,2025/10,MARIJO S.A.,YPF,,30-69854828-9,Bocas de expendio (venta por menor) Duales (líquidos + GNC),AYACUCHO 3285,RIO CUARTO,CORDOBA,GNC,Al público,652.66,799.00,59503.00,799.00,NO,0,0,0,0,0,0,137.05,9.28
209252,8252,2025/10,MARIJO S.A.,YPF,,30-69854828-9,Bocas de expendio (venta por menor) Duales (líquidos + GNC),AYACUCHO 3285,RIO CUARTO,CORDOBA,Nafta (súper) entre 92 y 95 Ron,Al público,1085.09,1564.06,158.11,1576.00,NO,0,230.70,16.06,0,0,0,230.69,0
209253,8252,2025/10,MARIJO S.A.,YPF,,30-69854828-9,Bocas de expendio (venta por menor) Duales (líquidos + GNC),AYACUCHO 3285,RIO CUARTO,CORDOBA,Kerosene,Al público,1048.68,1577.38,2.83,1597.00,NO,0,294.34,14.13,0,0,0,223.62,0
212095,10979,2025/10,PEREZ HERMANOS S.R.L.,DAPSA S.A.,,30-71621033-9,Bocas de expendio (venta por menor) Combustibles líquidos únicamente,RUTA NACIONAL 14 KM1052 0,SAN PEDRO,MISIONES,Nafta (súper) entre 92 y 95 Ron,Al público,1086.69,1525.00,98.19,1525.00,NO,0,197.98,12.13,0,7.61,27.17,228.20,0
212096,10979,2025/10,PEREZ HERMANOS S.R.L.,DAPSA S.A.,,30-71621033-9,Bocas de expendio (venta por menor) Combustibles líquidos únicamente,RUTA NACIONAL 14 KM1052 0,SAN PEDRO,MISIONES,Nafta (premium) de más de 95 Ron,Al público,1299.08,1782.00,5.16,1782.00,NO,0,197.98,12.13,0,7.71,32.48,272.80,0
212097,10979,2025/10,PEREZ HERMANOS S.R.L.,DAPSA S.A.,,30-71621033-9,Bocas de expendio (venta por menor) Combustibles líquidos únicamente,RUTA NACIONAL 14 KM1052 0,SAN PEDRO,MISIONES,Gas Oil Grado 2,Al público,1145.80,1558.00,146.97,1558.00,NO,0,154.10,17.48,0,8.02,28.65,240.62,0
212098,10979,2025/10,PEREZ HERMANOS S.R.L.,DAPSA S.A.,,30-71621033-9,Bocas de expendio (venta por menor) Combustibles líquidos únicamente,RUTA NACIONAL 14 KM1052 0,SAN PEDRO,MISIONES,Gas Oil Grado 3,Al público,1324.56,1777.00,29.15,1777.00,NO,0,156.45,17.83,0,9.27,33.11,278.16,0
213135,7672,2025/10,POSTA 16 S.R.L.,GULF,,30-71092757-6,Bocas de expendio (venta por menor) Combustibles líquidos únicamente,FORMOSA 949,ROLDAN,SANTA FE,Gas Oil Grado 3,Al público,1300.39,1768.70,23.89,1793.00,NO,0,172.76,19.69,0,0,0,277.78,0
213136,7672,2025/10,POSTA 16 S.R.L.,GULF,,30-71092757-6,Bocas de expendio (venta por menor) Combustibles líquidos únicamente,FORMOSA 949,ROLDAN,SANTA FE,GNC,Al público,633.47,780.00,46914.80,780.00,NO,0,0,0,0,0,0,133.03,13.50
213137,7672,2025/10,POSTA 16 S.R.L.,GULF,,30-71092757-6,Bocas de expendio (venta por menor) Combustibles líquidos únicamente,FORMOSA 949,ROLDAN,SANTA FE,Gas Oil Grado 2,Al público,1150.49,1595.17,98.60,1620.00,NO,0,177.05,20.18,0,0,0,246.93,0
213138,7672,2025/10,POSTA 16 S.R.L.,GULF,,30-71092757-6,Bocas de expendio (venta por menor) Combustibles líquidos únicamente,FORMOSA 949,ROLDAN,SANTA FE,Nafta (premium) de más de 95 Ron,Al público,1310.93,1831.06,12.99,1846.00,NO,0,230.70,14.13,0,0,0,277.89,0
213139,7672,2025/10,POSTA 16 S.R.L.,GULF,,30-71092757-6,Bocas de expendio (venta por menor) Combustibles líquidos únicamente,FORMOSA 949,ROLDAN,SANTA FE,Nafta (súper) entre 92 y 95 Ron,Al público,1081.43,1553.36,70.90,1564.00,NO,0,230.70,14.13,0,0,0,228.95,0
213365,189,2025/10,PUERTA SA,AXION,,30-59299051-9,Bocas de expendio (venta por menor) Combustibles líquidos únicamente,Avenida Quaranta 4150,POSADAS,MISIONES,Gas Oil Grado 2,Al público,1251.75,1705.40,36.97,1731.00,NO,0,171.27,19.52,0,0,0,345.16,0
213369,189,2025/10,PUERTA SA,AXION,,30-59299051-9,Bocas de expendio (venta por menor) Combustibles líquidos únicamente,Avenida Quaranta 4150,POSADAS,MISIONES,Nafta (súper) entre 92 y 95 Ron,Al público,1105.51,1582.50,113.33,1599.00,NO,0,230.70,14.13,0,0,0,2338.14,0
213371,189,2025/10,PUERTA SA,AXION,,30-59299051-9,Bocas de expendio (venta por menor) Combustibles líquidos únicamente,Avenida Quaranta 4150,POSADAS,MISIONES,Nafta (premium) de más de 95 Ron,Al público,1348.69,1876.74,16.45,1899.00,NO,0,230.70,14.13,0,0,0,779.20,0
213372,189,2025/10,PUERTA SA,AXION,,30-59299051-9,Bocas de expendio (venta por menor) Combustibles líquidos únicamente,Avenida Quaranta 4150,POSADAS,MISIONES,Gas Oil Grado 3,Al público,1438.17,1930.97,22.98,1959.00,NO,0,171.27,19.52,0,0,0,506.00,0
214377,4653,2025/10,"ROGER, HUGO DANIEL",SHELL C.A.P.S.A.,,20-16232054-9,Bocas de expendio (venta por menor) Combustibles líquidos únicamente,MONZON Y L.COBELLO 95,VILLA ANGELA,CHACO,Nafta (premium) de más de 95 Ron,Al público,1353.03,1882.00,6.00,1882.00,NO,0,23.69,14.13,0,0,0,284.14,0
214378,4653,2025/10,"ROGER, HUGO DANIEL",SHELL C.A.P.S.A.,,20-16232054-9,Bocas de expendio (venta por menor) Combustibles líquidos únicamente,MONZON Y L.COBELLO 95,VILLA ANGELA,CHACO,Gas Oil Grado 2,Al público,1190.22,1648.00,24.00,1648.00,NO,0,186.56,21.26,0,0,0,249.95,0
214379,4653,2025/10,"ROGER, HUGO DANIEL",SHELL C.A.P.S.A.,,20-16232054-9,Bocas de expendio (venta por menor) Combustibles líquidos únicamente,MONZON Y L.COBELLO 95,VILLA ANGELA,CHACO,Nafta (súper) entre 92 y 95 Ron,Al público,1096.01,1571.00,107.90,1571.00,NO,0,230.69,14.13,0,0,0,230.16,0
214380,4653,2025/10,"ROGER, HUGO DANIEL",SHELL C.A.P.S.A.,,20-16232054-9,Bocas de expendio (venta por menor) Combustibles líquidos únicamente,MONZON Y L.COBELLO 95,VILLA ANGELA,CHACO,Gas Oil Grado 3,Al público,1393.73,1888.00,6.00,1888.00,NO,0,180.96,20.62,0,0,0,292.68,0
214483,2951,2025/10,ROQUE LINO PENZO Y CIA S.R.L.,YPF,,30-66986964-5,Bocas de expendio (venta por menor) Combustibles Líquidos + PRVE,SAN MARTIN N 1000,SANTA LUCIA,CORRIENTES,Gas Oil Grado 3,Al público,1246.02,1780.00,86.65,1780.00,NO,0,182.09,20.75,0,0,0,331.22,0
214484,2951,2025/10,ROQUE LINO PENZO Y CIA S.R.L.,YPF,,30-66986964-5,Bocas de expendio (venta por menor) Combustibles Líquidos + PRVE,SAN MARTIN N 1000,SANTA LUCIA,CORRIENTES,Nafta (premium) de más de 95 Ron,Al público,1182.76,1742.00,29.16,1742.00,NO,0,230.70,14.13,0,0,0,314.41,0
214485,2951,2025/10,ROQUE LINO PENZO Y CIA S.R.L.,YPF,,30-66986964-5,Bocas de expendio (venta por menor) Combustibles Líquidos + PRVE,SAN MARTIN N 1000,SANTA LUCIA,CORRIENTES,Nafta (súper) entre 92 y 95 Ron,Al público,1010.54,1524.00,253.11,1524.00,NO,0,230.70,14.13,0,0,0,268.63,0
214486,2951,2025/10,ROQUE LINO PENZO Y CIA S.R.L.,YPF,,30-66986964-5,Bocas de expendio (venta por menor) Combustibles Líquidos + PRVE,SAN MARTIN N 1000,SANTA LUCIA,CORRIENTES,Gas Oil Grado 2,Al público,1061.63,1550.00,165.45,1550.00,NO,0,185.07,21.09,0,0,0,282.21,0
215081,563,2025/10,SANTA BARBARA SA,YPF,,30-64767888-9,Bocas de expendio (venta por menor) Duales (líquidos + GNC),AUTOPISTA CORDOBA PILAR KM 692,CORDOBA,CORDOBA,GNC,Al público,577.69,699.00,99904.50,699.00,NO,0,0,0,0,0,0,121.31,10.81
215084,563,2025/10,SANTA BARBARA SA,YPF,,30-64767888-9,Bocas de expendio (venta por menor) Duales (líquidos + GNC),AUTOPISTA CORDOBA PILAR KM 692,CORDOBA,CORDOBA,Nafta (premium) de más de 95 Ron,Al público,1208.36,1706.95,145.86,1770.00,NO,0,230.70,14.13,0,0,0,253.76,0
215086,563,2025/10,SANTA BARBARA SA,YPF,,30-64767888-9,Bocas de expendio (venta por menor) Duales (líquidos + GNC),AUTOPISTA CORDOBA PILAR KM 692,CORDOBA,CORDOBA,Nafta (súper) entre 92 y 95 Ron,Al público,1010.35,1467.35,259.40,1539.00,NO,0,230.70,14.13,0,0,0,230.70,0
215087,563,2025/10,SANTA BARBARA SA,YPF,,30-64767888-9,Bocas de expendio (venta por menor) Duales (líquidos + GNC),AUTOPISTA CORDOBA PILAR KM 692,CORDOBA,CORDOBA,Gas Oil Grado 2,Al público,1047.69,1465.14,295.88,1573.00,NO,0,182.83,20.84,0,0,0,220.02,0
215090,563,2025/10,SANTA BARBARA SA,YPF,,30-64767888-9,Bocas de expendio (venta por menor) Duales (líquidos + GNC),AUTOPISTA CORDOBA PILAR KM 692,CORDOBA,CORDOBA,Gas Oil Grado 3,Al público,1219.25,1662.34,302.13,1705.00,NO,0,167.90,19.13,0,0,0,256.04,0
216344,6644,2025/10,SUCATA S.A.,YPF,,30-70827063-2,Bocas de expendio (venta por menor) Duales (líquidos + GNC),"RUTA PROVINCIAL Nº 10 0,7",SAN LORENZO,SANTA FE,Nafta (premium) de más de 95 Ron,Al público,1260.30,1769.40,125.11,1790.00,NO,0,230.72,13.72,0,0,0,264.66,0
216345,6644,2025/10,SUCATA S.A.,YPF,,30-70827063-2,Bocas de expendio (venta por menor) Duales (líquidos + GNC),"RUTA PROVINCIAL Nº 10 0,7",SAN LORENZO,SANTA FE,Gas Oil Grado 3,Al público,1254.03,1712.56,296.06,1711.00,NO,0,176.44,18.74,0,0,0,264.08,0
216346,6644,2025/10,SUCATA S.A.,YPF,,30-70827063-2,Bocas de expendio (venta por menor) Duales (líquidos + GNC),"RUTA PROVINCIAL Nº 10 0,7",SAN LORENZO,SANTA FE,Nafta (súper) entre 92 y 95 Ron,Al público,1079.10,1550.19,292.51,1577.00,NO,0,230.74,13.73,0,0,0,226.61,0
216349,6644,2025/10,SUCATA S.A.,YPF,,30-70827063-2,Bocas de expendio (venta por menor) Duales (líquidos + GNC),"RUTA PROVINCIAL Nº 10 0,7",SAN LORENZO,SANTA FE,Gas Oil Grado 2,Al público,1099.39,1533.02,708.93,1567.00,NO,0,183.35,19.41,0,0,0,230.87,0
216351,6644,2025/10,SUCATA S.A.,YPF,,30-70827063-2,Bocas de expendio (venta por menor) Duales (líquidos + GNC),"RUTA PROVINCIAL Nº 10 0,7",SAN LORENZO,SANTA FE,GNC,Al público,544.58,672.00,146809.00,672.00,NO,0,0,0,0,0,0,114.36,13.06
216421,1907,2025/10,SUCESORES DE OVIDIO JUAN DEGREGORIO S.H,YPF,,30-67017935-0,Bocas de expendio (venta por menor) Combustibles líquidos únicamente,AV.AVALOS 1001,RESISTENCIA,CHACO,Nafta (premium) de más de 95 Ron,Al público,1250.55,1758.00,50.63,1758.00,NO,0,230.70,14.13,0,0,0,262.62,0
216422,1907,2025/10,SUCESORES DE OVIDIO JUAN DEGREGORIO S.H,YPF,,30-67017935-0,Bocas de expendio (venta por menor) Combustibles líquidos únicamente,AV.AVALOS 1001,RESISTENCIA,CHACO,Gas Oil Grado 3,Al público,1296.83,1772.00,71.98,1772.00,NO,0,182.09,20.75,0,0,0,272.33,0
216423,1907,2025/10,SUCESORES DE OVIDIO JUAN DEGREGORIO S.H,YPF,,30-67017935-0,Bocas de expendio (venta por menor) Combustibles líquidos únicamente,AV.AVALOS 1001,RESISTENCIA,CHACO,Gas Oil Grado 2,Al público,1127.96,1571.00,80.21,1571.00,NO,0,185.07,21.09,0,0,0,236.87,0
216424,1907,2025/10,SUCESORES DE OVIDIO JUAN DEGREGORIO S.H,YPF,,30-67017935-0,Bocas de expendio (venta por menor) Combustibles líquidos únicamente,AV.AVALOS 1001,RESISTENCIA,CHACO,Nafta (súper) entre 92 y 95 Ron,Al público,1062.12,1530.00,208.93,1530.00,NO,0,230.70,14.13,0,0,0,223.05,0
218090,723,2025/11,AGLP SA,YPF,,30-70715847-2,Bocas de expendio (venta por menor) Duales (líquidos + GNC),BLAS PARERA 935,ITUZAINGO,BUENOS AIRES,Gas Oil Grado 2,Al público,1453.09,1675.00,50.10,1675.00,NO,0,199.20,22.71,18.23,0,0,248.36,0
218091,723,2025/11,AGLP SA,YPF,,30-70715847-2,Bocas de expendio (venta por menor) Duales (líquidos + GNC),BLAS PARERA 935,ITUZAINGO,BUENOS AIRES,Gas Oil Grado 3,Al público,1524.96,1842.00,38.65,1842.00,NO,0,294.34,33.56,19.08,0,0,260.65,0
218092,723,2025/11,AGLP SA,YPF,,30-70715847-2,Bocas de expendio (venta por menor) Duales (líquidos + GNC),BLAS PARERA 935,ITUZAINGO,BUENOS AIRES,Nafta (súper) entre 92 y 95 Ron,Al público,1381.28,1676.00,176.85,1676.00,NO,0,277.72,17.01,19.19,0,0,235.69,0
218093,723,2025/11,AGLP SA,YPF,,30-70715847-2,Bocas de expendio (venta por menor) Duales (líquidos + GNC),BLAS PARERA 935,ITUZAINGO,BUENOS AIRES,Nafta (premium) de más de 95 Ron,Al público,1634.28,1929.00,79.39,1929.00,NO,0,277.72,17.01,23.14,0,0,278.77,0
218094,723,2025/11,AGLP SA,YPF,,30-70715847-2,Bocas de expendio (venta por menor) Duales (líquidos + GNC),BLAS PARERA 935,ITUZAINGO,BUENOS AIRES,GNC,Al público,446.34,549.00,82619.00,549.00,NO,0,0,0,0,0,0,93.73,9.18
220706,9641,2025/11,"BORDAQUEVICH, HUGO JOSE",AXION,,20-18054580-9,Bocas de expendio (venta por menor) Combustibles líquidos únicamente,RUTA 2 Y AV. REP. ARGENTINA (LOTE RURAL 065 E INMOBILIARIA 4176),CONCEPCION DE LA SIERRA,MISIONES,Nafta (premium) de más de 95 Ron,Al público,1378.00,1946.00,5.59,2039.00,NO,0,294.09,18.02,0,0,0,289.38,0
220707,9641,2025/11,"BORDAQUEVICH, HUGO JOSE",AXION,,20-18054580-9,Bocas de expendio (venta por menor) Combustibles líquidos únicamente,RUTA 2 Y AV. REP. ARGENTINA (LOTE RURAL 065 E INMOBILIARIA 4176),CONCEPCION DE LA SIERRA,MISIONES,Nafta (súper) entre 92 y 95 Ron,Al público,1146.00,1665.00,20.20,1729.00,NO,0,294.09,18.02,0,0,0,240.66,0
220708,9641,2025/11,"BORDAQUEVICH, HUGO JOSE",AXION,,20-18054580-9,Bocas de expendio (venta por menor) Combustibles líquidos únicamente,RUTA 2 Y AV. REP. ARGENTINA (LOTE RURAL 065 E INMOBILIARIA 4176),CONCEPCION DE LA SIERRA,MISIONES,Gas Oil Grado 2,Al público,1268.00,1742.00,35.46,1825.00,NO,0,212.75,24.25,0,0,0,266.28,0
220709,9641,2025/11,"BORDAQUEVICH, HUGO JOSE",AXION,,20-18054580-9,Bocas de expendio (venta por menor) Combustibles líquidos únicamente,RUTA 2 Y AV. REP. ARGENTINA (LOTE RURAL 065 E INMOBILIARIA 4176),CONCEPCION DE LA SIERRA,MISIONES,Gas Oil Grado 3,Al público,1493.00,2014.00,18.95,2080.00,NO,0,212.75,24.25,0,0,0,313.53,0
220942,104,2025/11,CALCAGNO RICARDO OMAR Y CALCAGNO RICARDO JAVIER SOC. HECHO,SHELL C.A.P.S.A.,,33-70812864-9,Bocas de expendio (venta por menor) Combustibles líquidos únicamente,AV. 25 DE MAYO 280,RESISTENCIA,CHACO,Nafta (premium) de más de 95 Ron,Al público,1445.95,1960.43,84.97,1999.00,NO,0,244.39,14.97,0,0,27.08,226.04,0
220943,104,2025/11,CALCAGNO RICARDO OMAR Y CALCAGNO RICARDO JAVIER SOC. HECHO,SHELL C.A.P.S.A.,,33-70812864-9,Bocas de expendio (venta por menor) Combustibles líquidos únicamente,AV. 25 DE MAYO 280,RESISTENCIA,CHACO,Nafta (súper) entre 92 y 95 Ron,Al público,1181.42,1659.08,164.16,1697.00,NO,0,244.39,14.97,0,0,23.72,194.58,0
220944,104,2025/11,CALCAGNO RICARDO OMAR Y CALCAGNO RICARDO JAVIER SOC. HECHO,SHELL C.A.P.S.A.,,33-70812864-9,Bocas de expendio (venta por menor) Combustibles líquidos únicamente,AV. 25 DE MAYO 280,RESISTENCIA,CHACO,Gas Oil Grado 3,Al público,1487.86,1963.34,62.63,1999.00,NO,0,188.10,21.44,0,0,26.95,239.00,0
220945,104,2025/11,CALCAGNO RICARDO OMAR Y CALCAGNO RICARDO JAVIER SOC. HECHO,SHELL C.A.P.S.A.,,33-70812864-9,Bocas de expendio (venta por menor) Combustibles líquidos únicamente,AV. 25 DE MAYO 280,RESISTENCIA,CHACO,Gas Oil Grado 2,Al público,1262.95,1701.79,11.99,1730.00,NO,0,191.40,21.82,0,0,23.52,202.11,0
222534,683,2025/11,CONSTRUCTORA EDIFICAR SA,SHELL C.A.P.S.A.,,30-65765065-6,Bocas de expendio (venta por menor) Combustibles líquidos únicamente,ESTADOS UNIDOS 725,CORRIENTES,CORRIENTES,Nafta (súper) entre 92 y 95 Ron,Al público,1160.89,1664.03,114.29,1743.00,NO,0,230.70,14.13,0,0,0,188.72,0
222535,683,2025/11,CONSTRUCTORA EDIFICAR SA,SHELL C.A.P.S.A.,,30-65765065-6,Bocas de expendio (venta por menor) Combustibles líquidos únicamente,ESTADOS UNIDOS 725,CORRIENTES,CORRIENTES,Nafta (premium) de más de 95 Ron,Al público,1376.40,1924.80,33.12,1991.00,NO,0,230.70,14.13,0,0,0,222.44,0
222536,683,2025/11,CONSTRUCTORA EDIFICAR SA,SHELL C.A.P.S.A.,,30-65765065-6,Bocas de expendio (venta por menor) Combustibles líquidos únicamente,ESTADOS UNIDOS 725,CORRIENTES,CORRIENTES,Gas Oil Grado 2,Al público,1236.18,1707.33,8.19,1772.00,NO,0,186.56,21.26,0,0,0,202.77,0
222537,683,2025/11,CONSTRUCTORA EDIFICAR SA,SHELL C.A.P.S.A.,,30-65765065-6,Bocas de expendio (venta por menor) Combustibles líquidos únicamente,ESTADOS UNIDOS 725,CORRIENTES,CORRIENTES,Gas Oil Grado 3,Al público,1440.41,1952.23,14.77,1999.00,NO,0,187.97,20.63,0,0,0,232.73,0
223049,475,2025/11,CUBA SA,YPF,,30-68389938-7,Bocas de expendio (venta por menor) Duales (líquidos + GNC),AV. PTE PERON 2282,VILLA DE MAYO,BUENOS AIRES,GNC,Al público,486.99,599.00,120194.00,599.00,NO,0,0,0,0,0,0,102.27,9.52
223050,475,2025/11,CUBA SA,YPF,,30-68389938-7,Bocas de expendio (venta por menor) Duales (líquidos + GNC),AV. PTE PERON 2282,VILLA DE MAYO,BUENOS AIRES,Nafta (premium) de más de 95 Ron,Al público,1140.71,1703.00,66.89,1826.00,NO,0,277.72,17.01,23.14,0,0,239.55,0
223051,475,2025/11,CUBA SA,YPF,,30-68389938-7,Bocas de expendio (venta por menor) Duales (líquidos + GNC),AV. PTE PERON 2282,VILLA DE MAYO,BUENOS AIRES,Gas Oil Grado 3,Al público,958.83,1637.00,37.10,1733.00,NO,0,294.34,33.56,19.08,0,0,201.35,0
223052,475,2025/11,CUBA SA,YPF,,30-68389938-7,Bocas de expendio (venta por menor) Duales (líquidos + GNC),AV. PTE PERON 2282,VILLA DE MAYO,BUENOS AIRES,Gas Oil Grado 2,Al público,901.55,1505.00,50.62,1505.00,NO,0,199.20,22.71,18.23,0,0,189.32,1420.00
223053,475,2025/11,CUBA SA,YPF,,30-68389938-7,Bocas de expendio (venta por menor) Duales (líquidos + GNC),AV. PTE PERON 2282,VILLA DE MAYO,BUENOS AIRES,Nafta (súper) entre 92 y 95 Ron,Al público,1080.00,1613.00,219.05,1613.00,NO,0,277.72,17.01,19.19,0,0,198.55,0
223718,2298,2025/11,D.G.B. S.R.L.,YPF,,30-70728425-7,Bocas de expendio (venta por menor) Combustibles líquidos únicamente,ITUZAINGO Y DEAN FUNES,VILLA DOLORES,CORDOBA,Gas Oil Grado 2,Al público,1166.31,1626.94,141.04,1697.00,NO,0,193.64,22.07,0,0,0,244.93,0
223719,2298,2025/11,D.G.B. S.R.L.,YPF,,30-70728425-7,Bocas de expendio (venta por menor) Combustibles líquidos únicamente,ITUZAINGO Y DEAN FUNES,VILLA DOLORES,CORDOBA,Nafta (súper) entre 92 y 95 Ron,Al público,1094.20,1582.38,327.02,1633.00,NO,0,243.48,14.92,0,0,0,229.78,0
223720,2298,2025/11,D.G.B. S.R.L.,YPF,,30-70728425-7,Bocas de expendio (venta por menor) Combustibles líquidos únicamente,ITUZAINGO Y DEAN FUNES,VILLA DOLORES,CORDOBA,Gas Oil Grado 3,Al público,1303.03,1774.84,129.06,1860.00,NO,0,177.90,20.28,0,0,0,273.64,0
223721,2298,2025/11,D.G.B. S.R.L.,YPF,,30-70728425-7,Bocas de expendio (venta por menor) Combustibles líquidos únicamente,ITUZAINGO Y DEAN FUNES,VILLA DOLORES,CORDOBA,Kerosene,Al público,981.90,1473.00,1.71,1473.00,NO,0,255.74,29.16,0,0,0,206.20,0
223722,2298,2025/11,D.G.B. S.R.L.,YPF,,30-70728425-7,Bocas de expendio (venta por menor) Combustibles líquidos únicamente,ITUZAINGO Y DEAN FUNES,VILLA DOLORES,CORDOBA,Nafta (premium) de más de 95 Ron,Al público,1293.24,1823.18,76.07,1874.00,NO,0,243.45,14.91,0,0,0,271.58,0
223723,2298,2025/11,D.G.B. S.R.L.,YPF,,30-70728425-7,Bocas de expendio (venta por menor) Combustibles líquidos únicamente,ITUZAINGO Y DEAN FUNES,VILLA DOLORES,CORDOBA,GNC,Al público,726.45,879.00,126960.00,879.00,NO,0,0,0,0,0,0,152.55,0
223989,3978,2025/11,DON ROBERTO SA,BLANCA,18/2022/08,30-70895265-2,Bocas de expendio (venta por menor) Combustibles líquidos únicamente,"RUTA NACIONAL N: 12, KM. 1052",SAN COSME,CORRIENTES,Nafta (súper) entre 92 y 95 Ron,Al público,1106.13,1608.84,56.31,1665.00,NO,0,244.39,14.97,0,0,11.06,232.28,0
223990,3978,2025/11,DON ROBERTO SA,BLANCA,18/2022/08,30-70895265-2,Bocas de expendio (venta por menor) Combustibles líquidos únicamente,"RUTA NACIONAL N: 12, KM. 1052",SAN COSME,CORRIENTES,Gas Oil Grado 2,Al público,1168.03,1636.55,48.49,1679.00,NO,0,189.91,22.71,0,0,11.68,245.28,0
223991,3978,2025/11,DON ROBERTO SA,BLANCA,18/2022/08,30-70895265-2,Bocas de expendio (venta por menor) Combustibles líquidos únicamente,"RUTA NACIONAL N: 12, KM. 1052",SAN COSME,CORRIENTES,Nafta (premium) de más de 95 Ron,Al público,1282.58,1824.11,5.74,1887.00,NO,0,244.39,14.97,0,0,12.83,269.34,0
223992,3978,2025/11,DON ROBERTO SA,BLANCA,18/2022/08,30-70895265-2,Bocas de expendio (venta por menor) Combustibles líquidos únicamente,"RUTA NACIONAL N: 12, KM. 1052",SAN COSME,CORRIENTES,Gas Oil Grado 3,Al público,1333.03,1835.63,20.89,1894.00,NO,0,187.91,22.02,0,0,13.33,279.93,0
225767,1036,2025/11,ESTACION EL SURTIDOR S.R.L.,YPF,,30-51932822-0,Bocas de expendio (venta por menor) Duales (líquidos + GNC),CORDOBA 4098,ROSARIO,SANTA FE,Gas Oil Grado 3,Al público,1283.62,1777.62,162.13,1846.00,NO,1,183.37,20.89,20.62,0,0,270.65,0
225768,1036,2025/11,ESTACION EL SURTIDOR S.R.L.,YPF,,30-51932822-0,Bocas de expendio (venta por menor) Duales (líquidos + GNC),CORDOBA 4098,ROSARIO,SANTA FE,Gas Oil Grado 2,Al público,1124.65,1585.06,19.84,1676.00,NO,0,184.48,21.03,17.80,0,0,233.65,0
225769,1036,2025/11,ESTACION EL SURTIDOR S.R.L.,YPF,,30-51932822-0,Bocas de expendio (venta por menor) Duales (líquidos + GNC),CORDOBA 4098,ROSARIO,SANTA FE,Nafta (premium) de más de 95 Ron,Al público,1282.91,1831.14,183.07,1911.00,NO,0,243.34,14.92,20.53,0,0,269.41,0
225770,1036,2025/11,ESTACION EL SURTIDOR S.R.L.,YPF,,30-51932822-0,Bocas de expendio (venta por menor) Duales (líquidos + GNC),CORDOBA 4098,ROSARIO,SANTA FE,Nafta (súper) entre 92 y 95 Ron,Al público,1105.47,1613.67,325.00,1685.00,NO,0,243.35,14.92,17.65,0,0,231.71,0
225771,1036,2025/11,ESTACION EL SURTIDOR S.R.L.,YPF,,30-51932822-0,Bocas de expendio (venta por menor) Duales (líquidos + GNC),CORDOBA 4098,ROSARIO,SANTA FE,GNC,Al público,539.37,674.29,91813.90,696.00,NO,0,0,0,8.63,0,0,6142.44,13.02
225772,1036,2025/11,ESTACION EL SURTIDOR S.R.L.,YPF,,30-51932822-0,Bocas de expendio (venta por menor) Duales (líquidos + GNC),CORDOBA 4098,ROSARIO,SANTA FE,Kerosene,Al público,1066.10,1617.89,3.79,1800.00,NO,0,294.34,16.51,17.06,0,0,223.88,0
229896,719,2025/11,LIBEROIL SRL,YPF,,30-67791118-9,Bocas de expendio (venta por menor) Duales (líquidos + GNC),av. eva peron 3750,MERLO,BUENOS AIRES,Nafta (súper) entre 92 y 95 Ron,Al público,1090.41,1606.01,181.27,1640.00,NO,0,244.39,14.97,27.26,12.29,47.24,228.99,0
229897,719,2025/11,LIBEROIL SRL,YPF,,30-67791118-9,Bocas de expendio (venta por menor) Duales (líquidos + GNC),av. eva peron 3750,MERLO,BUENOS AIRES,Gas Oil Grado 2,Al público,1098.07,1578.02,52.11,1643.00,NO,0,199.20,22.71,27.45,12.29,46.20,230.59,0
229898,719,2025/11,LIBEROIL SRL,YPF,,30-67791118-9,Bocas de expendio (venta por menor) Duales (líquidos + GNC),av. eva peron 3750,MERLO,BUENOS AIRES,Gas Oil Grado 3,Al público,1273.02,1770.78,34.31,1804.00,NO,0,178.29,20.32,31.83,12.29,51.51,267.33,0
229899,719,2025/11,LIBEROIL SRL,YPF,,30-67791118-9,Bocas de expendio (venta por menor) Duales (líquidos + GNC),av. eva peron 3750,MERLO,BUENOS AIRES,GNC,Al público,445.94,569.00,83027.00,569.00,NO,0,0,0,20.07,12.29,15.94,93.65,9.62
229900,719,2025/11,LIBEROIL SRL,YPF,,30-67791118-9,Bocas de expendio (venta por menor) Duales (líquidos + GNC),av. eva peron 3750,MERLO,BUENOS AIRES,Nafta (premium) de más de 95 Ron,Al público,1286.90,1855.11,46.60,1892.00,NO,0,244.39,14.97,38.61,12.29,54.12,270.25,0
229901,719,2025/11,LIBEROIL SRL,YPF,,30-67791118-9,Bocas de expendio (venta por menor) Duales (líquidos + GNC),av. eva peron 3750,MERLO,BUENOS AIRES,Kerosene,Al público,1001.62,1564.91,1.29,1628.00,NO,0,294.34,33.56,25.04,12.29,46.53,210.34,0
230977,8252,2025/11,MARIJO S.A.,YPF,,30-69854828-9,Bocas de expendio (venta por menor) Duales (líquidos + GNC),AYACUCHO 3285,RIO CUARTO,CORDOBA,Gas Oil Grado 3,Al público,1156.97,1678.61,116.06,1861.00,NO,0,179.28,20.43,0,0,0,288.32,0
230978,8252,2025/11,MARIJO S.A.,YPF,,30-69854828-9,Bocas de expendio (venta por menor) Duales (líquidos + GNC),AYACUCHO 3285,RIO CUARTO,CORDOBA,Kerosene,Al público,1094.00,1634.90,2.56,1687.00,NO,0,294.34,33.56,0,0,0,235.87,0
230981,8252,2025/11,MARIJO S.A.,YPF,,30-69854828-9,Bocas de expendio (venta por menor) Duales (líquidos + GNC),AYACUCHO 3285,RIO CUARTO,CORDOBA,Nafta (premium) de más de 95 Ron,Al público,1326.47,1863.84,48.52,1924.00,NO,0,244.39,14.97,0,0,0,288.90,0
230984,8252,2025/11,MARIJO S.A.,YPF,,30-69854828-9,Bocas de expendio (venta por menor) Duales (líquidos + GNC),AYACUCHO 3285,RIO CUARTO,CORDOBA,Gas Oil Grado 2,Al público,1206.97,1680.02,221.74,1717.00,NO,0,195.22,22.25,0,0,0,260.24,0
230985,8252,2025/11,MARIJO S.A.,YPF,,30-69854828-9,Bocas de expendio (venta por menor) Duales (líquidos + GNC),AYACUCHO 3285,RIO CUARTO,CORDOBA,Nafta (súper) entre 92 y 95 Ron,Al público,1147.09,1646.60,143.40,1739.00,NO,0,244.39,14.97,0,0,0,256.79,0
230986,8252,2025/11,MARIJO S.A.,YPF,,30-69854828-9,Bocas de expendio (venta por menor) Duales (líquidos + GNC),AYACUCHO 3285,RIO CUARTO,CORDOBA,GNC,Al público,652.66,799.00,52950.00,799.00,NO,0,0,0,0,0,0,137.05,9.28
233803,10979,2025/11,PEREZ HERMANOS S.R.L.,DAPSA S.A.,,30-71621033-9,Bocas de expendio (venta por menor) Combustibles líquidos únicamente,RUTA NACIONAL 14 KM1052 0,SAN PEDRO,MISIONES,Gas Oil Grado 3,Al público,1464.23,1945.98,24.72,1945.98,NO,0,156.45,17.83,0,10.25,36.61,307.49,0
233804,10979,2025/11,PEREZ HERMANOS S.R.L.,DAPSA S.A.,,30-71621033-9,Bocas de expendio (venta por menor) Combustibles líquidos únicamente,RUTA NACIONAL 14 KM1052 0,SAN PEDRO,MISIONES,Nafta (súper) entre 92 y 95 Ron,Al público,1210.66,1675.00,98.15,1675.00,NO,0,197.98,12.13,0,8.47,30.27,254.24,0
233805,10979,2025/11,PEREZ HERMANOS S.R.L.,DAPSA S.A.,,30-71621033-9,Bocas de expendio (venta por menor) Combustibles líquidos únicamente,RUTA NACIONAL 14 KM1052 0,SAN PEDRO,MISIONES,Nafta (premium) de más de 95 Ron,Al público,1375.94,1875.04,4.28,1875.04,NO,0,197.98,12.13,0,7.71,34.40,288.95,0
233806,10979,2025/11,PEREZ HERMANOS S.R.L.,DAPSA S.A.,,30-71621033-9,Bocas de expendio (venta por menor) Combustibles líquidos únicamente,RUTA NACIONAL 14 KM1052 0,SAN PEDRO,MISIONES,Gas Oil Grado 2,Al público,1237.53,1669.00,141.56,1669.00,NO,0,154.10,17.48,0,8.66,30.94,259.88,0
234848,7672,2025/11,POSTA 16 S.R.L.,GULF,,30-71092757-6,Bocas de expendio (venta por menor) Combustibles líquidos únicamente,FORMOSA 949,ROLDAN,SANTA FE,Nafta (común) hasta 92 Ron,Al público,1145.53,1644.62,69.18,1680.00,NO,0,244.39,14.97,0,0,0,246.56,0
234849,7672,2025/11,POSTA 16 S.R.L.,GULF,,30-71092757-6,Bocas de expendio (venta por menor) Combustibles líquidos únicamente,FORMOSA 949,ROLDAN,SANTA FE,GNC,Al público,636.39,783.52,46144.00,790.00,NO,0,0,0,0,0,0,134.77,13.50
234850,7672,2025/11,POSTA 16 S.R.L.,GULF,,30-71092757-6,Bocas de expendio (venta por menor) Combustibles líquidos únicamente,FORMOSA 949,ROLDAN,SANTA FE,Nafta (premium) de más de 95 Ron,Al público,1374.55,1921.37,12.40,1960.00,NO,0,244.39,14.97,0,0,0,295.15,0
234851,7672,2025/11,POSTA 16 S.R.L.,GULF,,30-71092757-6,Bocas de expendio (venta por menor) Combustibles líquidos únicamente,FORMOSA 949,ROLDAN,SANTA FE,Gas Oil Grado 3,Al público,1370.93,1862.32,21.35,1910.00,NO,0,183.86,20.96,0,0,0,295.94,0
234852,7672,2025/11,POSTA 16 S.R.L.,GULF,,30-71092757-6,Bocas de expendio (venta por menor) Combustibles líquidos únicamente,FORMOSA 949,ROLDAN,SANTA FE,Gas Oil Grado 2,Al público,1216.73,1677.23,88.31,1710.00,NO,0,184.06,20.98,0,0,0,261.19,0
235087,189,2025/11,PUERTA SA,AXION,,30-59299051-9,Bocas de expendio (venta por menor) Combustibles líquidos únicamente,Avenida Quaranta 4150,POSADAS,MISIONES,Nafta (premium) de más de 95 Ron,Al público,1388.90,1939.02,15.36,1999.00,NO,0,243.53,14.92,0,0,0,415.36,0
235092,189,2025/11,PUERTA SA,AXION,,30-59299051-9,Bocas de expendio (venta por menor) Combustibles líquidos únicamente,Avenida Quaranta 4150,POSADAS,MISIONES,Gas Oil Grado 2,Al público,1315.30,1798.31,28.01,1889.00,NO,0,185.64,21.16,0,0,0,555.13,0
235095,189,2025/11,PUERTA SA,AXION,,30-59299051-9,Bocas de expendio (venta por menor) Combustibles líquidos únicamente,Avenida Quaranta 4150,POSADAS,MISIONES,Gas Oil Grado 3,Al público,1474.51,1990.47,21.39,2039.00,NO,0,185.21,21.11,0,0,0,808.18,0
235100,189,2025/11,PUERTA SA,AXION,,30-59299051-9,Bocas de expendio (venta por menor) Combustibles líquidos únicamente,Avenida Quaranta 4150,POSADAS,MISIONES,Nafta (súper) entre 92 y 95 Ron,Al público,1148.47,1648.07,109.92,1689.00,NO,0,243.51,14.92,0,0,0,255.50,0
236100,4653,2025/11,"ROGER, HUGO DANIEL",SHELL C.A.P.S.A.,,20-16232054-9,Bocas de expendio (venta por menor) Combustibles líquidos únicamente,MONZON Y L.COBELLO 95,VILLA ANGELA,CHACO,Nafta (súper) entre 92 y 95 Ron,Al público,1202.18,1714.00,107.90,1714.00,NO,0,244.39,14.97,0,0,0,252.46,0
236101,4653,2025/11,"ROGER, HUGO DANIEL",SHELL C.A.P.S.A.,,20-16232054-9,Bocas de expendio (venta por menor) Combustibles líquidos únicamente,MONZON Y L.COBELLO 95,VILLA ANGELA,CHACO,Gas Oil Grado 2,Al público,1290.60,1768.00,30.00,1768.00,NO,0,185.26,21.12,0,0,0,271.03,0
236103,4653,2025/11,"ROGER, HUGO DANIEL",SHELL C.A.P.S.A.,,20-16232054-9,Bocas de expendio (venta por menor) Combustibles líquidos únicamente,MONZON Y L.COBELLO 95,VILLA ANGELA,CHACO,Nafta (premium) de más de 95 Ron,Al público,1434.41,1995.00,4.20,1995.00,NO,0,244.39,14.97,0,0,0,301.23,0
236105,4653,2025/11,"ROGER, HUGO DANIEL",SHELL C.A.P.S.A.,,20-16232054-9,Bocas de expendio (venta por menor) Combustibles líquidos únicamente,MONZON Y L.COBELLO 95,VILLA ANGELA,CHACO,Gas Oil Grado 3,Al público,1481.51,1999.00,6.00,1999.00,NO,0,185.26,21.12,0,0,0,311.12,0
236202,2951,2025/11,ROQUE LINO PENZO Y CIA S.R.L.,YPF,,30-66986964-5,Bocas de expendio (venta por menor) Combustibles Líquidos + PRVE,SAN MARTIN N 1000,SANTA LUCIA,CORRIENTES,Nafta (premium) de más de 95 Ron,Al público,1290.58,1893.00,29.73,1893.00,NO,0,244.39,14.97,0,0,0,343.06,0
236203,2951,2025/11,ROQUE LINO PENZO Y CIA S.R.L.,YPF,,30-66986964-5,Bocas de expendio (venta por menor) Combustibles Líquidos + PRVE,SAN MARTIN N 1000,SANTA LUCIA,CORRIENTES,Gas Oil Grado 3,Al público,1331.74,1903.00,81.05,1903.00,NO,0,195.02,22.23,0,0,0,354.01,0
236204,2951,2025/11,ROQUE LINO PENZO Y CIA S.R.L.,YPF,,30-66986964-5,Bocas de expendio (venta por menor) Combustibles Líquidos + PRVE,SAN MARTIN N 1000,SANTA LUCIA,CORRIENTES,Nafta (súper) entre 92 y 95 Ron,Al público,1144.43,1708.00,242.91,1708.00,NO,0,244.39,14.97,0,0,0,304.21,0
236205,2951,2025/11,ROQUE LINO PENZO Y CIA S.R.L.,YPF,,30-66986964-5,Bocas de expendio (venta por menor) Combustibles Líquidos + PRVE,SAN MARTIN N 1000,SANTA LUCIA,CORRIENTES,Gas Oil Grado 2,Al público,1197.28,1735.00,143.86,1735.00,NO,0,197.01,22.46,0,0,0,318.26,0
236805,563,2025/11,SANTA BARBARA SA,YPF,,30-64767888-9,Bocas de expendio (venta por menor) Duales (líquidos + GNC),AUTOPISTA CORDOBA PILAR KM 692,CORDOBA,CORDOBA,Gas Oil Grado 3,Al público,1219.25,1662.34,256.81,1705.00,NO,0,179.28,179.28,0,0,0,256.04,0
236807,563,2025/11,SANTA BARBARA SA,YPF,,30-64767888-9,Bocas de expendio (venta por menor) Duales (líquidos + GNC),AUTOPISTA CORDOBA PILAR KM 692,CORDOBA,CORDOBA,Nafta (premium) de más de 95 Ron,Al público,1208.36,1770.00,123.97,1770.00,NO,0,244.39,14.97,0,0,0,253.76,0
236808,563,2025/11,SANTA BARBARA SA,YPF,,30-64767888-9,Bocas de expendio (venta por menor) Duales (líquidos + GNC),AUTOPISTA CORDOBA PILAR KM 692,CORDOBA,CORDOBA,Gas Oil Grado 2,Al público,1047.69,1465.14,251.50,1573.00,NO,0,195.21,22.25,0,0,0,220.01,0
236812,563,2025/11,SANTA BARBARA SA,YPF,,30-64767888-9,Bocas de expendio (venta por menor) Duales (líquidos + GNC),AUTOPISTA CORDOBA PILAR KM 692,CORDOBA,CORDOBA,Nafta (súper) entre 92 y 95 Ron,Al público,1010.35,1467.35,220.49,1539.00,NO,0,244.39,14.97,0,0,0,212.17,0
236813,563,2025/11,SANTA BARBARA SA,YPF,,30-64767888-9,Bocas de expendio (venta por menor) Duales (líquidos + GNC),AUTOPISTA CORDOBA PILAR KM 692,CORDOBA,CORDOBA,GNC,Al público,577.69,699.00,84918.80,699.00,NO,0,0,0,0,0,0,121.31,12.09
238070,6644,2025/11,SUCATA S.A.,YPF,,30-70827063-2,Bocas de expendio (venta por menor) Duales (líquidos + GNC),"RUTA PROVINCIAL Nº 10 0,7",SAN LORENZO,SANTA FE,Gas Oil Grado 2,Al público,1192.76,1648.87,681.63,1761.00,NO,0,184.47,21.16,0,0,0,250.49,0
238071,6644,2025/11,SUCATA S.A.,YPF,,30-70827063-2,Bocas de expendio (venta por menor) Duales (líquidos + GNC),"RUTA PROVINCIAL Nº 10 0,7",SAN LORENZO,SANTA FE,Nafta (súper) entre 92 y 95 Ron,Al público,1140.51,1639.28,290.75,1708.00,NO,0,244.29,14.96,0,0,0,458.14,0
238072,6644,2025/11,SUCATA S.A.,YPF,,30-70827063-2,Bocas de expendio (venta por menor) Duales (líquidos + GNC),"RUTA PROVINCIAL Nº 10 0,7",SAN LORENZO,SANTA FE,Gas Oil Grado 3,Al público,1308.98,1789.31,277.41,1855.00,NO,0,184.43,21.02,0,0,0,275.04,0
238073,6644,2025/11,SUCATA S.A.,YPF,,30-70827063-2,Bocas de expendio (venta por menor) Duales (líquidos + GNC),"RUTA PROVINCIAL Nº 10 0,7",SAN LORENZO,SANTA FE,GNC,Al público,545.34,672.94,150234.00,680.00,NO,0,0,0,0,0,0,207.28,13.07
238075,6644,2025/11,SUCATA S.A.,YPF,,30-70827063-2,Bocas de expendio (venta por menor) Duales (líquidos + GNC),"RUTA PROVINCIAL Nº 10 0,7",SAN LORENZO,SANTA FE,Nafta (premium) de más de 95 Ron,Al público,1313.82,1848.94,122.36,1934.00,NO,0,244.26,14.96,0,0,0,334.54,0
238146,1907,2025/11,SUCESORES DE OVIDIO JUAN DEGREGORIO S.H,YPF,,30-67017935-0,Bocas de expendio (venta por menor) Combustibles líquidos únicamente,AV.AVALOS 1001,RESISTENCIA,CHACO,Nafta (súper) entre 92 y 95 Ron,Al público,1164.17,1668.00,192.19,1668.00,NO,0,244.39,14.97,0,0,0,244.48,0
238147,1907,2025/11,SUCESORES DE OVIDIO JUAN DEGREGORIO S.H,YPF,,30-67017935-0,Bocas de expendio (venta por menor) Combustibles líquidos únicamente,AV.AVALOS 1001,RESISTENCIA,CHACO,Nafta (premium) de más de 95 Ron,Al público,1340.20,1881.00,47.36,1881.00,NO,0,244.39,14.97,0,0,0,281.44,0
238148,1907,2025/11,SUCESORES DE OVIDIO JUAN DEGREGORIO S.H,YPF,,30-67017935-0,Bocas de expendio (venta por menor) Combustibles líquidos únicamente,AV.AVALOS 1001,RESISTENCIA,CHACO,Gas Oil Grado 3,Al público,1379.13,1886.00,65.93,1886.00,NO,0,195.02,22.23,0,0,0,289.62,0
238149,1907,2025/11,SUCESORES DE OVIDIO JUAN DEGREGORIO S.H,YPF,,30-67017935-0,Bocas de expendio (venta por menor) Combustibles líquidos únicamente,AV.AVALOS 1001,RESISTENCIA,CHACO,Gas Oil Grado 2,Al público,1212.84,1687.00,76.33,1687.00,NO,0,197.01,22.46,0,0,0,254.70,0
239801,723,2025/12,AGLP SA,YPF,,30-70715847-2,Bocas de expendio (venta por menor) Duales (líquidos + GNC),BLAS PARERA 935,ITUZAINGO,BUENOS AIRES,Gas Oil Grado 2,Al público,1165.97,1689.74,45.14,1689.74,NO,0,212.75,24.25,0,24.11,0,244.85,0
239802,723,2025/12,AGLP SA,YPF,,30-70715847-2,Bocas de expendio (venta por menor) Duales (líquidos + GNC),BLAS PARERA 935,ITUZAINGO,BUENOS AIRES,Gas Oil Grado 3,Al público,1538.14,1891.52,37.93,1891.52,NO,0,311.91,35.57,0,25.09,0,323.01,0
239803,723,2025/12,AGLP SA,YPF,,30-70715847-2,Bocas de expendio (venta por menor) Duales (líquidos + GNC),BLAS PARERA 935,ITUZAINGO,BUENOS AIRES,GNC,Al público,486.99,599.00,85487.00,599.00,NO,0,0,0,0,9.73,0,102.27,11.56
239804,723,2025/12,AGLP SA,YPF,,30-70715847-2,Bocas de expendio (venta por menor) Duales (líquidos + GNC),BLAS PARERA 935,ITUZAINGO,BUENOS AIRES,Nafta (premium) de más de 95 Ron,Al público,1546.71,1903.00,82.81,1903.00,NO,0,294.09,18.02,25.85,0,0,324.81,0
239805,723,2025/12,AGLP SA,YPF,,30-70715847-2,Bocas de expendio (venta por menor) Duales (líquidos + GNC),BLAS PARERA 935,ITUZAINGO,BUENOS AIRES,Nafta (súper) entre 92 y 95 Ron,Al público,1374.10,1690.00,181.34,1690.00,NO,0,294.09,18.02,22.38,0,0,288.56,0
242413,9641,2025/12,"BORDAQUEVICH, HUGO JOSE",AXION,,20-18054580-9,Bocas de expendio (venta por menor) Combustibles líquidos únicamente,RUTA 2 Y AV. REP. ARGENTINA (LOTE RURAL 065 E INMOBILIARIA 4176),CONCEPCION DE LA SIERRA,MISIONES,Gas Oil Grado 3,Al público,1618.00,2167.00,14.96,2180.00,NO,0,212.74,24.25,0,0,0,313.53,0
242414,9641,2025/12,"BORDAQUEVICH, HUGO JOSE",AXION,,20-18054580-9,Bocas de expendio (venta por menor) Combustibles líquidos únicamente,RUTA 2 Y AV. REP. ARGENTINA (LOTE RURAL 065 E INMOBILIARIA 4176),CONCEPCION DE LA SIERRA,MISIONES,Gas Oil Grado 2,Al público,1403.00,1905.00,27.46,1935.00,NO,0,212.74,24.25,0,0,0,299.25,0
242415,9641,2025/12,"BORDAQUEVICH, HUGO JOSE",AXION,,20-18054580-9,Bocas de expendio (venta por menor) Combustibles líquidos únicamente,RUTA 2 Y AV. REP. ARGENTINA (LOTE RURAL 065 E INMOBILIARIA 4176),CONCEPCION DE LA SIERRA,MISIONES,Nafta (premium) de más de 95 Ron,Al público,1495.00,2087.00,5.94,2098.00,NO,0,294.09,18.02,0,0,0,240.66,0
242416,9641,2025/12,"BORDAQUEVICH, HUGO JOSE",AXION,,20-18054580-9,Bocas de expendio (venta por menor) Combustibles líquidos únicamente,RUTA 2 Y AV. REP. ARGENTINA (LOTE RURAL 065 E INMOBILIARIA 4176),CONCEPCION DE LA SIERRA,MISIONES,Nafta (súper) entre 92 y 95 Ron,Al público,1249.00,1790.00,15.76,1799.00,NO,0,294.09,18.02,0,0,0,240.66,0
242649,104,2025/12,CALCAGNO RICARDO OMAR Y CALCAGNO RICARDO JAVIER SOC. HECHO,SHELL C.A.P.S.A.,,33-70812864-9,Bocas de expendio (venta por menor) Combustibles líquidos únicamente,AV. 25 DE MAYO 280,RESISTENCIA,CHACO,Gas Oil Grado 2,Al público,1318.97,1784.13,10.72,1807.00,NO,0,22.55,197.86,0,0,25.31,219.44,0
242650,104,2025/12,CALCAGNO RICARDO OMAR Y CALCAGNO RICARDO JAVIER SOC. HECHO,SHELL C.A.P.S.A.,,33-70812864-9,Bocas de expendio (venta por menor) Combustibles líquidos únicamente,AV. 25 DE MAYO 280,RESISTENCIA,CHACO,Nafta (premium) de más de 95 Ron,Al público,1503.93,2046.12,88.43,2064.00,NO,0,258.80,15.85,0,0,28.28,239.26,0
242651,104,2025/12,CALCAGNO RICARDO OMAR Y CALCAGNO RICARDO JAVIER SOC. HECHO,SHELL C.A.P.S.A.,,33-70812864-9,Bocas de expendio (venta por menor) Combustibles líquidos únicamente,AV. 25 DE MAYO 280,RESISTENCIA,CHACO,Gas Oil Grado 3,Al público,1539.58,2035.11,58.95,2044.00,NO,0,197.86,22.55,0,0,27.95,247.17,0
242652,104,2025/12,CALCAGNO RICARDO OMAR Y CALCAGNO RICARDO JAVIER SOC. HECHO,SHELL C.A.P.S.A.,,33-70812864-9,Bocas de expendio (venta por menor) Combustibles líquidos únicamente,AV. 25 DE MAYO 280,RESISTENCIA,CHACO,Nafta (súper) entre 92 y 95 Ron,Al público,1259.19,1766.53,154.93,1786.00,NO,0,258.80,15.85,0,0,25.25,207.44,0
244241,683,2025/12,CONSTRUCTORA EDIFICAR SA,SHELL C.A.P.S.A.,,30-65765065-6,Bocas de expendio (venta por menor) Combustibles líquidos únicamente,ESTADOS UNIDOS 725,CORRIENTES,CORRIENTES,Nafta (súper) entre 92 y 95 Ron,Al público,1273.87,1816.03,106.66,1827.00,NO,0,258.80,15.85,0,0,0,218.50,0
244242,683,2025/12,CONSTRUCTORA EDIFICAR SA,SHELL C.A.P.S.A.,,30-65765065-6,Bocas de expendio (venta por menor) Combustibles líquidos únicamente,ESTADOS UNIDOS 725,CORRIENTES,CORRIENTES,Gas Oil Grado 2,Al público,1344.45,1847.19,7.21,1862.00,NO,0,197.86,22.55,0,0,0,232.50,0
244243,683,2025/12,CONSTRUCTORA EDIFICAR SA,SHELL C.A.P.S.A.,,30-65765065-6,Bocas de expendio (venta por menor) Combustibles líquidos únicamente,ESTADOS UNIDOS 725,CORRIENTES,CORRIENTES,Gas Oil Grado 3,Al público,1519.95,2059.55,15.87,2067.00,NO,0,197.86,22.55,0,0,0,254.98,0
244244,683,2025/12,CONSTRUCTORA EDIFICAR SA,SHELL C.A.P.S.A.,,30-65765065-6,Bocas de expendio (venta por menor) Combustibles líquidos únicamente,ESTADOS UNIDOS 725,CORRIENTES,CORRIENTES,Nafta (premium) de más de 95 Ron,Al público,1467.79,2050.68,35.16,2056.00,NO,0,258.80,15.85,0,0,0,244.29,0
244750,475,2025/12,CUBA SA,YPF,,30-68389938-7,Bocas de expendio (venta por menor) Duales (líquidos + GNC),AV. PTE PERON 2282,VILLA DE MAYO,BUENOS AIRES,Gas Oil Grado 2,Al público,1064.08,1612.00,35.25,1612.00,NO,0,1313.17,24.25,21.19,0,0,223.46,0
244751,475,2025/12,CUBA SA,YPF,,30-68389938-7,Bocas de expendio (venta por menor) Duales (líquidos + GNC),AV. PTE PERON 2282,VILLA DE MAYO,BUENOS AIRES,Nafta (premium) de más de 95 Ron,Al público,1183.65,1823.00,79.32,1823.00,NO,0,1462.62,18.02,25.13,0,0,248.57,0
244752,475,2025/12,CUBA SA,YPF,,30-68389938-7,Bocas de expendio (venta por menor) Duales (líquidos + GNC),AV. PTE PERON 2282,VILLA DE MAYO,BUENOS AIRES,Nafta (súper) entre 92 y 95 Ron,Al público,1035.10,1637.00,222.54,1637.00,NO,0,1279.16,18.02,22.06,0,0,217.37,0
244753,475,2025/12,CUBA SA,YPF,,30-68389938-7,Bocas de expendio (venta por menor) Duales (líquidos + GNC),AV. PTE PERON 2282,VILLA DE MAYO,BUENOS AIRES,GNC,Al público,486.99,599.00,128.84,599.00,NO,0,0,0,9.74,0,0,102.27,9.85
244754,475,2025/12,CUBA SA,YPF,,30-68389938-7,Bocas de expendio (venta por menor) Duales (líquidos + GNC),AV. PTE PERON 2282,VILLA DE MAYO,BUENOS AIRES,Gas Oil Grado 3,Al público,1152.53,1837.00,35.25,1837.00,NO,0,1421.19,35.57,22.01,0,0,242.03,0
245427,2298,2025/12,D.G.B. S.R.L.,YPF,,30-70728425-7,Bocas de expendio (venta por menor) Combustibles líquidos únicamente,ITUZAINGO Y DEAN FUNES,VILLA DOLORES,CORDOBA,Gas Oil Grado 3,Al público,1375.76,1877.02,159.39,1887.00,NO,0,190.63,21.73,0,0,0,288.91,0
245428,2298,2025/12,D.G.B. S.R.L.,YPF,,30-70728425-7,Bocas de expendio (venta por menor) Combustibles líquidos únicamente,ITUZAINGO Y DEAN FUNES,VILLA DOLORES,CORDOBA,Gas Oil Grado 2,Al público,1227.65,1717.44,125.92,1719.00,NO,0,208.25,23.74,0,0,0,257.81,0
245429,2298,2025/12,D.G.B. S.R.L.,YPF,,30-70728425-7,Bocas de expendio (venta por menor) Combustibles líquidos únicamente,ITUZAINGO Y DEAN FUNES,VILLA DOLORES,CORDOBA,Kerosene,Al público,981.90,1473.00,1.22,1473.00,NO,0,255.74,29.16,0,0,0,206.20,0
245430,2298,2025/12,D.G.B. S.R.L.,YPF,,30-70728425-7,Bocas de expendio (venta por menor) Combustibles líquidos únicamente,ITUZAINGO Y DEAN FUNES,VILLA DOLORES,CORDOBA,Nafta (premium) de más de 95 Ron,Al público,1313.65,1863.91,84.54,1846.00,NO,0,258.57,15.84,0,0,0,275.87,0
245431,2298,2025/12,D.G.B. S.R.L.,YPF,,30-70728425-7,Bocas de expendio (venta por menor) Combustibles líquidos únicamente,ITUZAINGO Y DEAN FUNES,VILLA DOLORES,CORDOBA,GNC,Al público,726.45,879.00,128590.00,879.00,NO,0,0,0,0,0,0,152.55,0
245432,2298,2025/12,D.G.B. S.R.L.,YPF,,30-70728425-7,Bocas de expendio (venta por menor) Combustibles líquidos únicamente,ITUZAINGO Y DEAN FUNES,VILLA DOLORES,CORDOBA,Nafta (súper) entre 92 y 95 Ron,Al público,1142.94,1657.12,372.70,1641.00,NO,0,258.34,15.84,0,0,0,240.02,0
245707,3978,2025/12,DON ROBERTO SA,BLANCA,18/2022/08,30-70895265-2,Bocas de expendio (venta por menor) Combustibles líquidos únicamente,"RUTA NACIONAL N: 12, KM. 1052",SAN COSME,CORRIENTES,Nafta (premium) de más de 95 Ron,Al público,1343.56,1913.80,5.52,1920.00,NO,0,258.80,15.85,0,0,13.44,282.14,0
245708,3978,2025/12,DON ROBERTO SA,BLANCA,18/2022/08,30-70895265-2,Bocas de expendio (venta por menor) Combustibles líquidos únicamente,"RUTA NACIONAL N: 12, KM. 1052",SAN COSME,CORRIENTES,Nafta (súper) entre 92 y 95 Ron,Al público,1236.63,1783.47,51.51,1750.00,NO,0,258.80,15.85,0,0,12.37,259.71,0
245709,3978,2025/12,DON ROBERTO SA,BLANCA,18/2022/08,30-70895265-2,Bocas de expendio (venta por menor) Combustibles líquidos únicamente,"RUTA NACIONAL N: 12, KM. 1052",SAN COSME,CORRIENTES,Gas Oil Grado 2,Al público,1261.68,1759.66,42.05,1780.00,NO,0,197.86,22.55,0,0,12.62,264.95,0
245710,3978,2025/12,DON ROBERTO SA,BLANCA,18/2022/08,30-70895265-2,Bocas de expendio (venta por menor) Combustibles líquidos únicamente,"RUTA NACIONAL N: 12, KM. 1052",SAN COSME,CORRIENTES,Gas Oil Grado 3,Al público,1395.00,1922.31,21.44,1930.00,NO,0,197.86,22.55,0,0,13.95,292.94,0
247486,1036,2025/12,ESTACION EL SURTIDOR S.R.L.,YPF,,30-51932822-0,Bocas de expendio (venta por menor) Duales (líquidos + GNC),CORDOBA 4098,ROSARIO,SANTA FE,Gas Oil Grado 3,Al público,1346.85,1866.84,151.09,1876.00,NO,1,193.14,22.01,21.57,0,0,283.07,0
247487,1036,2025/12,ESTACION EL SURTIDOR S.R.L.,YPF,,30-51932822-0,Bocas de expendio (venta por menor) Duales (líquidos + GNC),CORDOBA 4098,ROSARIO,SANTA FE,Gas Oil Grado 2,Al público,1214.81,1708.09,56.56,1713.00,NO,0,196.74,22.42,19.42,0,0,254.86,0
247488,1036,2025/12,ESTACION EL SURTIDOR S.R.L.,YPF,,30-51932822-0,Bocas de expendio (venta por menor) Duales (líquidos + GNC),CORDOBA 4098,ROSARIO,SANTA FE,GNC,Al público,571.87,714.40,94697.60,727.00,NO,0,0,0,9.15,0,0,6437.02,13.28
247489,1036,2025/12,ESTACION EL SURTIDOR S.R.L.,YPF,,30-51932822-0,Bocas de expendio (venta por menor) Duales (líquidos + GNC),CORDOBA 4098,ROSARIO,SANTA FE,Nafta (premium) de más de 95 Ron,Al público,1317.33,1889.61,206.40,1880.00,NO,0,258.80,15.85,20.94,0,0,274.81,0
247490,1036,2025/12,ESTACION EL SURTIDOR S.R.L.,YPF,,30-51932822-0,Bocas de expendio (venta por menor) Duales (líquidos + GNC),CORDOBA 4098,ROSARIO,SANTA FE,Nafta (súper) entre 92 y 95 Ron,Al público,1150.76,1684.84,361.62,1670.00,NO,0,258.62,15.84,18.43,0,0,241.95,0
247491,1036,2025/12,ESTACION EL SURTIDOR S.R.L.,YPF,,30-51932822-0,Bocas de expendio (venta por menor) Duales (líquidos + GNC),CORDOBA 4098,ROSARIO,SANTA FE,Kerosene,Al público,1216.60,1800.00,3.10,1800.00,NO,0,294.34,14.10,19.47,0,0,255.49,0
251645,719,2025/12,LIBEROIL SRL,YPF,,30-67791118-9,Bocas de expendio (venta por menor) Duales (líquidos + GNC),av. eva peron 3750,MERLO,BUENOS AIRES,Gas Oil Grado 2,Al público,759.39,1173.42,53.69,1692.00,NO,0,211.47,24.10,18.98,12.72,34.82,159.47,0
251646,719,2025/12,LIBEROIL SRL,YPF,,30-67791118-9,Bocas de expendio (venta por menor) Duales (líquidos + GNC),av. eva peron 3750,MERLO,BUENOS AIRES,GNC,Al público,484.38,477.96,85174.00,619.00,NO,0,0,0,21.80,12.72,17.34,101.72,11.10
251647,719,2025/12,LIBEROIL SRL,YPF,,30-67791118-9,Bocas de expendio (venta por menor) Duales (líquidos + GNC),av. eva peron 3750,MERLO,BUENOS AIRES,Gas Oil Grado 3,Al público,890.91,1328.00,37.89,1854.00,NO,0,204.43,23.30,22.27,12.72,39.15,187.09,0
251648,719,2025/12,LIBEROIL SRL,YPF,,30-67791118-9,Bocas de expendio (venta por menor) Duales (líquidos + GNC),av. eva peron 3750,MERLO,BUENOS AIRES,Nafta (premium) de más de 95 Ron,Al público,827.15,1316.47,54.46,1886.00,NO,0,274.02,16.79,24.81,12.72,39.13,173.70,0
251649,719,2025/12,LIBEROIL SRL,YPF,,30-67791118-9,Bocas de expendio (venta por menor) Duales (líquidos + GNC),av. eva peron 3750,MERLO,BUENOS AIRES,Kerosene,Al público,586.65,1070.00,86,1700.00,NO,0,311.91,33.57,14.67,12.72,32.62,123.20,0
251650,719,2025/12,LIBEROIL SRL,YPF,,30-67791118-9,Bocas de expendio (venta por menor) Duales (líquidos + GNC),av. eva peron 3750,MERLO,BUENOS AIRES,Nafta (súper) entre 92 y 95 Ron,Al público,668.67,1116.61,208.14,1646.00,NO,0,274.02,16.79,16.72,12.72,33.58,140.42,0
252724,8252,2025/12,MARIJO S.A.,YPF,,30-69854828-9,Bocas de expendio (venta por menor) Duales (líquidos + GNC),AYACUCHO 3285,RIO CUARTO,CORDOBA,Gas Oil Grado 3,Al público,1333.32,1832.00,130.72,1901.00,NO,0,191.47,21.82,0,0,0,292.90,0
252725,8252,2025/12,MARIJO S.A.,YPF,,30-69854828-9,Bocas de expendio (venta por menor) Duales (líquidos + GNC),AYACUCHO 3285,RIO CUARTO,CORDOBA,GNC,Al público,652.66,799.00,56325.00,799.00,NO,0,0,0,0,0,0,137.05,9.28
252727,8252,2025/12,MARIJO S.A.,YPF,,30-69854828-9,Bocas de expendio (venta por menor) Duales (líquidos + GNC),AYACUCHO 3285,RIO CUARTO,CORDOBA,Kerosene,Al público,1087.83,1661.95,2.71,1756.00,NO,0,311.91,35.56,0,0,0,244.45,0
252728,8252,2025/12,MARIJO S.A.,YPF,,30-69854828-9,Bocas de expendio (venta por menor) Duales (líquidos + GNC),AYACUCHO 3285,RIO CUARTO,CORDOBA,Nafta (súper) entre 92 y 95 Ron,Al público,1145.21,1659.53,166.35,1718.00,NO,0,258.80,15.85,0,0,0,250.49,0
252732,8252,2025/12,MARIJO S.A.,YPF,,30-69854828-9,Bocas de expendio (venta por menor) Duales (líquidos + GNC),AYACUCHO 3285,RIO CUARTO,CORDOBA,Gas Oil Grado 2,Al público,1277.85,1777.68,246.77,1760.00,NO,0,208.49,23.76,0,0,0,265.14,0
252733,8252,2025/12,MARIJO S.A.,YPF,,30-69854828-9,Bocas de expendio (venta por menor) Duales (líquidos + GNC),AYACUCHO 3285,RIO CUARTO,CORDOBA,Nafta (premium) de más de 95 Ron,Al público,1327.81,1880.54,58.25,1886.00,NO,0,258.80,15.85,0,0,0,279.65,0
255497,10979,2025/12,PEREZ HERMANOS S.R.L.,DAPSA S.A.,,30-71621033-9,Bocas de expendio (venta por menor) Combustibles líquidos únicamente,RUTA NACIONAL 14 KM1052 0,SAN PEDRO,MISIONES,Gas Oil Grado 3,Al público,1467.54,1950.00,25.52,1950.00,NO,0,156.45,17.83,0,10.27,36.69,308.18,0
255498,10979,2025/12,PEREZ HERMANOS S.R.L.,DAPSA S.A.,,30-71621033-9,Bocas de expendio (venta por menor) Combustibles líquidos únicamente,RUTA NACIONAL 14 KM1052 0,SAN PEDRO,MISIONES,Nafta (súper) entre 92 y 95 Ron,Al público,1228.84,1697.00,111.03,1697.00,NO,0,197.98,12.13,0,8.60,30.72,258.06,0
255499,10979,2025/12,PEREZ HERMANOS S.R.L.,DAPSA S.A.,,30-71621033-9,Bocas de expendio (venta por menor) Combustibles líquidos únicamente,RUTA NACIONAL 14 KM1052 0,SAN PEDRO,MISIONES,Gas Oil Grado 2,Al público,1298.69,1743.00,124.07,1743.00,NO,0,155.10,17.48,0,9.09,32.47,272.73,0
255500,10979,2025/12,PEREZ HERMANOS S.R.L.,DAPSA S.A.,,30-71621033-9,Bocas de expendio (venta por menor) Combustibles líquidos únicamente,RUTA NACIONAL 14 KM1052 0,SAN PEDRO,MISIONES,Nafta (premium) de más de 95 Ron,Al público,1442.88,1956.00,5.27,1956.00,NO,0,197.99,12.13,0,10.10,36.07,303.00,0
256551,7672,2025/12,POSTA 16 S.R.L.,GULF,,30-71092757-6,Bocas de expendio (venta por menor) Combustibles líquidos únicamente,FORMOSA 949,ROLDAN,SANTA FE,GNC,Al público,663.23,816.00,44849.80,830.00,NO,0,0,0,0,0,0,141.71,13.50
256552,7672,2025/12,POSTA 16 S.R.L.,GULF,,30-71092757-6,Bocas de expendio (venta por menor) Combustibles líquidos únicamente,FORMOSA 949,ROLDAN,SANTA FE,Gas Oil Grado 3,Al público,1436.07,1953.19,23.25,1945.00,NO,0,193.18,22.02,0,0,0,300.21,0
256553,7672,2025/12,POSTA 16 S.R.L.,GULF,,30-71092757-6,Bocas de expendio (venta por menor) Combustibles líquidos únicamente,FORMOSA 949,ROLDAN,SANTA FE,Nafta (súper) entre 92 y 95 Ron,Al público,1199.19,1725.54,82.28,1728.00,NO,0,258.80,15.85,0,0,0,252.23,0
256554,7672,2025/12,POSTA 16 S.R.L.,GULF,,30-71092757-6,Bocas de expendio (venta por menor) Combustibles líquidos únicamente,FORMOSA 949,ROLDAN,SANTA FE,Nafta (premium) de más de 95 Ron,Al público,1406.79,1976.48,14.85,1960.00,NO,0,258.80,15.85,0,0,0,292.50,0
256555,7672,2025/12,POSTA 16 S.R.L.,GULF,,30-71092757-6,Bocas de expendio (venta por menor) Combustibles líquidos únicamente,FORMOSA 949,ROLDAN,SANTA FE,Gas Oil Grado 2,Al público,1274.35,1761.31,84.32,1759.00,NO,0,197.01,22.46,0,0,0,267.19,0
256780,189,2025/12,PUERTA SA,AXION,,30-59299051-9,Bocas de expendio (venta por menor) Combustibles líquidos únicamente,Avenida Quaranta 4150,POSADAS,MISIONES,Nafta (premium) de más de 95 Ron,Al público,1470.50,2053.74,11.91,2049.00,NO,0,258.60,15.84,0,0,0,308.81,0
256783,189,2025/12,PUERTA SA,AXION,,30-59299051-9,Bocas de expendio (venta por menor) Combustibles líquidos únicamente,Avenida Quaranta 4150,POSADAS,MISIONES,Nafta (súper) entre 92 y 95 Ron,Al público,1212.31,1741.33,130.52,1751.00,NO,0,258.59,15.84,0,0,0,254.59,0
256786,189,2025/12,PUERTA SA,AXION,,30-59299051-9,Bocas de expendio (venta por menor) Combustibles líquidos únicamente,Avenida Quaranta 4150,POSADAS,MISIONES,Gas Oil Grado 3,Al público,1543.54,2086.53,17.17,2089.00,NO,0,196.46,22.39,0,0,0,339.53,0
256787,189,2025/12,PUERTA SA,AXION,,30-59299051-9,Bocas de expendio (venta por menor) Combustibles líquidos únicamente,Avenida Quaranta 4150,POSADAS,MISIONES,Gas Oil Grado 2,Al público,1380.72,1888.99,28.65,1889.00,NO,0,195.98,22.34,0,0,0,289.95,0
257803,4653,2025/12,"ROGER, HUGO DANIEL",SHELL C.A.P.S.A.,,20-16232054-9,Bocas de expendio (venta por menor) Combustibles líquidos únicamente,MONZON Y L.COBELLO 95,VILLA ANGELA,CHACO,Nafta (común) hasta 92 Ron,Al público,1245.62,1798.00,139.70,1798.00,NO,0,274.02,16.79,0,0,0,261.58,0
257805,4653,2025/12,"ROGER, HUGO DANIEL",SHELL C.A.P.S.A.,,20-16232054-9,Bocas de expendio (venta por menor) Combustibles líquidos únicamente,MONZON Y L.COBELLO 95,VILLA ANGELA,CHACO,Gas Oil Grado 3,Al público,1510.48,2063.00,6.00,2063.00,NO,0,211.24,24.08,0,0,0,317.20,0
257807,4653,2025/12,"ROGER, HUGO DANIEL",SHELL C.A.P.S.A.,,20-16232054-9,Bocas de expendio (venta por menor) Combustibles líquidos únicamente,MONZON Y L.COBELLO 95,VILLA ANGELA,CHACO,Nafta (premium) de más de 95 Ron,Al público,1452.23,2048.00,3.80,2048.00,NO,0,274.02,16.79,0,0,0,304.97,0
257808,4653,2025/12,"ROGER, HUGO DANIEL",SHELL C.A.P.S.A.,,20-16232054-9,Bocas de expendio (venta por menor) Combustibles líquidos únicamente,MONZON Y L.COBELLO 95,VILLA ANGELA,CHACO,Gas Oil Grado 2,Al público,1336.10,1852.00,37.00,1852.00,NO,0,211.24,24.08,0,0,0,280.58,0
257906,2951,2025/12,ROQUE LINO PENZO Y CIA S.R.L.,YPF,,30-66986964-5,Bocas de expendio (venta por menor) Combustibles Líquidos + PRVE,SAN MARTIN N 1000,SANTA LUCIA,CORRIENTES,Gas Oil Grado 3,Al público,1360.56,1936.00,807.86,1936.00,NO,0,191.90,21.87,0,0,0,361.67,0
257907,2951,2025/12,ROQUE LINO PENZO Y CIA S.R.L.,YPF,,30-66986964-5,Bocas de expendio (venta por menor) Combustibles Líquidos + PRVE,SAN MARTIN N 1000,SANTA LUCIA,CORRIENTES,Gas Oil Grado 2,Al público,1225.73,1776.00,107.88,1776.00,NO,0,201.47,22.96,0,0,0,325.83,0
257908,2951,2025/12,ROQUE LINO PENZO Y CIA S.R.L.,YPF,,30-66986964-5,Bocas de expendio (venta por menor) Combustibles Líquidos + PRVE,SAN MARTIN N 1000,SANTA LUCIA,CORRIENTES,Nafta (premium) de más de 95 Ron,Al público,1277.70,1892.00,32.23,1892.00,NO,0,258.80,15.85,0,0,0,339.64,0
257909,2951,2025/12,ROQUE LINO PENZO Y CIA S.R.L.,YPF,,30-66986964-5,Bocas de expendio (venta por menor) Combustibles Líquidos + PRVE,SAN MARTIN N 1000,SANTA LUCIA,CORRIENTES,Nafta (súper) entre 92 y 95 Ron,Al público,1143.40,1722.00,252.17,1722.00,NO,0,258.80,15.85,0,0,0,303.94,0
258484,563,2025/12,SANTA BARBARA SA,YPF,,30-64767888-9,Bocas de expendio (venta por menor) Duales (líquidos + GNC),AUTOPISTA CORDOBA PILAR KM 692,CORDOBA,CORDOBA,Gas Oil Grado 2,Al público,1264.52,1747.54,252.89,1753.00,NO,0,195.22,22.25,0,0,0,265.55,0
258485,563,2025/12,SANTA BARBARA SA,YPF,,30-64767888-9,Bocas de expendio (venta por menor) Duales (líquidos + GNC),AUTOPISTA CORDOBA PILAR KM 692,CORDOBA,CORDOBA,Nafta (súper) entre 92 y 95 Ron,Al público,1145.07,1644.89,274.01,1635.00,NO,0,244.39,14.97,0,0,0,240.46,0
258486,563,2025/12,SANTA BARBARA SA,YPF,,30-64767888-9,Bocas de expendio (venta por menor) Duales (líquidos + GNC),AUTOPISTA CORDOBA PILAR KM 692,CORDOBA,CORDOBA,Gas Oil Grado 3,Al público,1370.21,1857.67,262.89,1860.00,NO,0,179.28,20.44,0,0,0,287.74,0
258488,563,2025/12,SANTA BARBARA SA,YPF,,30-64767888-9,Bocas de expendio (venta por menor) Duales (líquidos + GNC),AUTOPISTA CORDOBA PILAR KM 692,CORDOBA,CORDOBA,Nafta (premium) de más de 95 Ron,Al público,1319.41,1855.85,160.38,1834.00,NO,0,244.39,14.97,0,0,0,277.08,0
258489,563,2025/12,SANTA BARBARA SA,YPF,,30-64767888-9,Bocas de expendio (venta por menor) Duales (líquidos + GNC),AUTOPISTA CORDOBA PILAR KM 692,CORDOBA,CORDOBA,GNC,Al público,577.69,699.00,94940.60,699.00,NO,0,0,0,0,0,0,121.31,0
259745,6644,2025/12,SUCATA S.A.,YPF,,30-70827063-2,Bocas de expendio (venta por menor) Duales (líquidos + GNC),"RUTA PROVINCIAL Nº 10 0,7",SAN LORENZO,SANTA FE,Gas Oil Grado 3,Al público,1371.98,1875.21,268.33,1879.00,NO,0,193.11,22.00,0,0,0,288.11,0
259747,6644,2025/12,SUCATA S.A.,YPF,,30-70827063-2,Bocas de expendio (venta por menor) Duales (líquidos + GNC),"RUTA PROVINCIAL Nº 10 0,7",SAN LORENZO,SANTA FE,Nafta (súper) entre 92 y 95 Ron,Al público,1193.02,1717.49,307.49,1698.00,NO,0,258.12,15.81,0,0,0,250.53,0
259749,6644,2025/12,SUCATA S.A.,YPF,,30-70827063-2,Bocas de expendio (venta por menor) Duales (líquidos + GNC),"RUTA PROVINCIAL Nº 10 0,7",SAN LORENZO,SANTA FE,Gas Oil Grado 2,Al público,1276.61,1763.15,645.72,1800.00,NO,0,196.10,22.35,0,0,0,268.09,0
259751,6644,2025/12,SUCATA S.A.,YPF,,30-70827063-2,Bocas de expendio (venta por menor) Duales (líquidos + GNC),"RUTA PROVINCIAL Nº 10 0,7",SAN LORENZO,SANTA FE,GNC,Al público,551.43,680.72,157238.00,685.00,NO,0,0,0,0,0,0,115.80,13.50
259752,6644,2025/12,SUCATA S.A.,YPF,,30-70827063-2,Bocas de expendio (venta por menor) Duales (líquidos + GNC),"RUTA PROVINCIAL Nº 10 0,7",SAN LORENZO,SANTA FE,Nafta (premium) de más de 95 Ron,Al público,1367.48,1928.48,132.26,1908.00,NO,0,258.02,15.81,0,0,0,287.17,0
259821,1907,2025/12,SUCESORES DE OVIDIO JUAN DEGREGORIO S.H,YPF,,30-67017935-0,Bocas de expendio (venta por menor) Combustibles líquidos únicamente,AV.AVALOS 1001,RESISTENCIA,CHACO,Gas Oil Grado 2,Al público,1257.49,1746.00,74.83,1746.00,NO,0,201.47,22.96,0,0,0,264.07,0
259822,1907,2025/12,SUCESORES DE OVIDIO JUAN DEGREGORIO S.H,YPF,,30-67017935-0,Bocas de expendio (venta por menor) Combustibles líquidos únicamente,AV.AVALOS 1001,RESISTENCIA,CHACO,Nafta (súper) entre 92 y 95 Ron,Al público,1163.92,1683.00,207.17,1683.00,NO,0,258.80,15.85,0,0,0,244.42,0
259823,1907,2025/12,SUCESORES DE OVIDIO JUAN DEGREGORIO S.H,YPF,,30-67017935-0,Bocas de expendio (venta por menor) Combustibles líquidos únicamente,AV.AVALOS 1001,RESISTENCIA,CHACO,Gas Oil Grado 3,Al público,1405.97,1915.00,72.48,1915.00,NO,0,191.90,21.87,0,0,0,295.25,0
259824,1907,2025/12,SUCESORES DE OVIDIO JUAN DEGREGORIO S.H,YPF,,30-67017935-0,Bocas de expendio (venta por menor) Combustibles líquidos únicamente,AV.AVALOS 1001,RESISTENCIA,CHACO,Nafta (premium) de más de 95 Ron,Al público,1335.00,1890.00,54.97,1890.00,NO,0,258.80,15.85,0,0,0,280.35,0
