id_pedido,fecha,id_cliente,id_operador,estado,origen
V000001,2025-01-08,C0014,O001,Concretado,sintetico
V000002,2025-01-08,C0019,O001,Concretado,sintetico
V000003,2025-01-09,C0011,O001,Concretado,sintetico
V000004,2025-01-09,C0019,O001,Concretado,sintetico
V000005,2025-01-10,C0002,O001,Concretado,sintetico
V000006,2025-01-10,C0023,O001,Concretado,sintetico
V000007,2025-01-13,C0004,O001,Concretado,sintetico
V000008,2025-01-13,C0020,O001,Concretado,sintetico
V000009,2025-01-16,C0004,O001,Concretado,sintetico
V000010,2025-01-16,C0021,O001,Concretado,sintetico
V000011,2025-01-17,C0004,O001,Concretado,sintetico
V000012,2025-01-17,C0012,O001,Concretado,sintetico
V000013,2025-01-20,C0001,O001,Concretado,sintetico
V000014,2025-01-20,C0002,O001,Concretado,sintetico
V000015,2025-01-21,C0004,O001,Concretado,sintetico
V000016,2025-01-21,C0017,O001,Concretado,sintetico
V000017,2025-01-24,C0004,O001,Concretado,sintetico
V000018,2025-01-24,C0023,O001,Concretado,sintetico
V000019,2025-01-25,C0001,O001,Concretado,sintetico
V000020,2025-01-25,C0003,O001,Concretado,sintetico
V000021,2025-01-26,C0001,O001,Concretado,sintetico
V000022,2025-01-26,C0021,O001,Concretado,sintetico
V000023,2025-01-27,C0001,O001,Concretado,sintetico
V000024,2025-01-27,C0020,O001,Concretado,sintetico
V000025,2025-02-04,C0008,O001,Concretado,sintetico
V000026,2025-02-04,C0013,O001,Concretado,sintetico
V000027,2025-02-07,C0002,O001,Concretado,sintetico
V000028,2025-02-07,C0003,O001,Concretado,sintetico
V000029,2025-02-11,C0001,O001,Concretado,sintetico
V000030,2025-02-11,C0003,O001,Concretado,sintetico
V000031,2025-02-12,C0002,O001,Concretado,sintetico
V000032,2025-02-12,C0003,O001,Concretado,sintetico
V000033,2025-02-13,C0002,O001,Concretado,sintetico
V000034,2025-02-13,C0003,O001,Concretado,sintetico
V000035,2025-02-14,C0003,O001,Concretado,sintetico
V000036,2025-02-14,C0016,O001,Concretado,sintetico
V000037,2025-02-17,C0015,O001,Concretado,sintetico
V000038,2025-02-17,C0020,O001,Concretado,sintetico
V000039,2025-02-18,C0003,O001,Concretado,sintetico
V000040,2025-02-18,C0008,O001,Concretado,sintetico
V000041,2025-02-19,C0001,O001,Concretado,sintetico
V000042,2025-02-19,C0012,O001,Concretado,sintetico
V000043,2025-02-25,C0001,O001,Concretado,sintetico
V000044,2025-02-25,C0019,O001,Concretado,sintetico
V000045,2025-02-26,C0003,O001,Concretado,sintetico
V000046,2025-02-26,C0012,O001,Concretado,sintetico
V000047,2025-02-27,C0001,O001,Concretado,sintetico
V000048,2025-02-27,C0010,O001,Concretado,sintetico
V000049,2025-03-03,C0003,O001,Concretado,sintetico
V000050,2025-03-03,C0004,O001,Concretado,sintetico
V000051,2025-03-04,C0001,O001,Concretado,sintetico
V000052,2025-03-05,C0002,O001,Concretado,sintetico
V000053,2025-03-05,C0004,O001,Concretado,sintetico
V000054,2025-03-06,C0007,O001,Concretado,sintetico
V000055,2025-03-06,C0009,O001,Concretado,sintetico
V000056,2025-03-07,C0003,O001,Concretado,sintetico
V000057,2025-03-07,C0004,O001,Concretado,sintetico
V000058,2025-03-09,C0001,O001,Concretado,sintetico
V000059,2025-03-09,C0004,O001,Concretado,sintetico
V000060,2025-03-10,C0001,O001,Concretado,sintetico
V000061,2025-03-10,C0003,O001,Concretado,sintetico
V000062,2025-03-14,C0002,O001,Concretado,sintetico
V000063,2025-03-14,C0005,O001,Concretado,sintetico
V000064,2025-03-16,C0001,O001,Concretado,sintetico
V000065,2025-03-16,C0003,O001,Concretado,sintetico
V000066,2025-03-20,C0002,O001,Concretado,sintetico
V000067,2025-03-20,C0004,O001,Concretado,sintetico
V000068,2025-03-26,C0022,O001,Concretado,sintetico
V000069,2025-03-30,C0002,O001,Concretado,sintetico
V000070,2025-04-03,C0007,O001,Concretado,sintetico
V000071,2025-04-03,C0009,O001,Concretado,sintetico
V000072,2025-04-05,C0001,O001,Concretado,sintetico
V000073,2025-04-05,C0015,O001,Concretado,sintetico
V000074,2025-04-12,C0001,O001,Concretado,sintetico
V000075,2025-04-12,C0004,O001,Concretado,sintetico
V000076,2025-04-14,C0007,O001,Concretado,sintetico
V000077,2025-04-14,C0013,O001,Concretado,sintetico
V000078,2025-04-15,C0002,O001,Concretado,sintetico
V000079,2025-04-15,C0003,O001,Concretado,sintetico
V000080,2025-04-16,C0004,O001,Concretado,sintetico
V000081,2025-04-16,C0006,O001,Concretado,sintetico
V000082,2025-04-17,C0002,O001,Concretado,sintetico
V000083,2025-04-17,C0003,O001,Concretado,sintetico
V000084,2025-04-20,C0003,O001,Concretado,sintetico
V000085,2025-04-20,C0018,O001,Concretado,sintetico
V000086,2025-04-23,C0001,O001,Concretado,sintetico
V000087,2025-04-23,C0010,O001,Concretado,sintetico
V000088,2025-04-25,C0002,O001,Concretado,sintetico
V000089,2025-04-25,C0004,O001,Concretado,sintetico
V000090,2025-04-29,C0002,O001,Concretado,sintetico
V000091,2025-04-29,C0021,O001,Concretado,sintetico
V000092,2025-04-30,C0004,O001,Concretado,sintetico
V000093,2025-04-30,C0015,O001,Concretado,sintetico
V000094,2025-05-01,C0001,O001,Concretado,sintetico
V000095,2025-05-01,C0003,O001,Concretado,sintetico
V000096,2025-05-02,C0002,O001,Concretado,sintetico
V000097,2025-05-02,C0006,O001,Concretado,sintetico
V000098,2025-05-03,C0003,O001,Concretado,sintetico
V000099,2025-05-04,C0015,O001,Concretado,sintetico
V000100,2025-05-04,C0019,O001,Concretado,sintetico
V000101,2025-05-05,C0003,O001,Concretado,sintetico
V000102,2025-05-05,C0019,O001,Concretado,sintetico
V000103,2025-05-09,C0002,O001,Concretado,sintetico
V000104,2025-05-09,C0006,O001,Concretado,sintetico
V000105,2025-05-11,C0003,O001,Concretado,sintetico
V000106,2025-05-11,C0007,O001,Concretado,sintetico
V000107,2025-05-13,C0003,O001,Concretado,sintetico
V000108,2025-05-13,C0004,O001,Concretado,sintetico
V000109,2025-05-23,C0001,O001,Concretado,sintetico
V000110,2025-05-23,C0002,O001,Concretado,sintetico
V000111,2025-05-24,C0002,O001,Concretado,sintetico
V000112,2025-05-29,C0003,O001,Concretado,sintetico
V000113,2025-05-29,C0023,O001,Concretado,sintetico
V000114,2025-05-31,C0004,O001,Concretado,sintetico
V000115,2025-05-31,C0006,O001,Concretado,sintetico
V000116,2025-06-07,C0001,O001,Concretado,sintetico
V000117,2025-06-08,C0001,O001,Concretado,sintetico
V000118,2025-06-08,C0011,O001,Concretado,sintetico
V000119,2025-06-10,C0001,O001,Concretado,sintetico
V000120,2025-06-10,C0002,O001,Concretado,sintetico
V000121,2025-06-11,C0001,O001,Concretado,sintetico
V000122,2025-06-12,C0002,O001,Concretado,sintetico
V000123,2025-06-12,C0008,O001,Concretado,sintetico
V000124,2025-06-13,C0013,O001,Concretado,sintetico
V000125,2025-06-13,C0021,O001,Concretado,sintetico
V000126,2025-06-17,C0001,O001,Concretado,sintetico
V000127,2025-06-17,C0003,O001,Concretado,sintetico
V000128,2025-06-20,C0003,O001,Concretado,sintetico
V000129,2025-06-20,C0009,O001,Concretado,sintetico
V000130,2025-06-23,C0001,O001,Concretado,sintetico
V000131,2025-06-23,C0024,O001,Concretado,sintetico
V000132,2025-06-24,C0005,O001,Concretado,sintetico
V000133,2025-06-24,C0011,O001,Concretado,sintetico
V000134,2025-06-26,C0008,O001,Concretado,sintetico
V000135,2025-06-26,C0014,O001,Concretado,sintetico
V000136,2025-06-28,C0002,O001,Concretado,sintetico
V000137,2025-07-01,C0002,O001,Concretado,sintetico
V000138,2025-07-01,C0003,O001,Concretado,sintetico
V000139,2025-07-02,C0001,O001,Concretado,sintetico
V000140,2025-07-02,C0012,O001,Concretado,sintetico
V000141,2025-07-04,C0004,O001,Concretado,sintetico
V000142,2025-07-04,C0010,O001,Concretado,sintetico
V000143,2025-07-09,C0002,O001,Concretado,sintetico
V000144,2025-07-12,C0001,O001,Concretado,sintetico
V000145,2025-07-12,C0015,O001,Concretado,sintetico
V000146,2025-07-15,C0004,O001,Concretado,sintetico
V000147,2025-07-15,C0012,O001,Concretado,sintetico
V000148,2025-07-17,C0002,O001,Concretado,sintetico
V000149,2025-07-17,C0004,O001,Concretado,sintetico
V000150,2025-07-19,C0004,O001,Concretado,sintetico
V000151,2025-07-19,C0022,O001,Concretado,sintetico
V000152,2025-07-24,C0003,O001,Concretado,sintetico
V000153,2025-07-24,C0009,O001,Concretado,sintetico
V000154,2025-07-26,C0002,O001,Concretado,sintetico
V000155,2025-07-26,C0024,O001,Concretado,sintetico
V000156,2025-07-29,C0001,O001,Concretado,sintetico
V000157,2025-07-29,C0020,O001,Concretado,sintetico
V000158,2025-07-30,C0002,O001,Concretado,sintetico
V000159,2025-07-30,C0011,O001,Concretado,sintetico
V000160,2025-08-03,C0001,O001,Concretado,sintetico
V000161,2025-08-03,C0004,O001,Concretado,sintetico
V000162,2025-08-04,C0001,O001,Concretado,sintetico
V000163,2025-08-04,C0021,O001,Concretado,sintetico
V000164,2025-08-09,C0002,O001,Concretado,sintetico
V000165,2025-08-09,C0004,O001,Concretado,sintetico
V000166,2025-08-11,C0003,O001,Concretado,sintetico
V000167,2025-08-11,C0021,O001,Concretado,sintetico
V000168,2025-08-12,C0002,O001,Concretado,sintetico
V000169,2025-08-12,C0003,O001,Concretado,sintetico
V000170,2025-08-13,C0004,O001,Concretado,sintetico
V000171,2025-08-13,C0011,O001,Concretado,sintetico
V000172,2025-08-15,C0015,O001,Concretado,sintetico
V000173,2025-08-15,C0024,O001,Concretado,sintetico
V000174,2025-08-17,C0003,O001,Concretado,sintetico
V000175,2025-08-17,C0006,O001,Concretado,sintetico
V000176,2025-08-20,C0001,O001,Concretado,sintetico
V000177,2025-08-20,C0003,O001,Concretado,sintetico
V000178,2025-08-24,C0002,O001,Concretado,sintetico
V000179,2025-08-24,C0003,O001,Concretado,sintetico
V000180,2025-08-26,C0003,O001,Concretado,sintetico
V000181,2025-08-26,C0004,O001,Concretado,sintetico
V000182,2025-08-29,C0001,O001,Concretado,sintetico
V000183,2025-08-29,C0014,O001,Concretado,sintetico
V000184,2025-09-01,C0003,O001,Concretado,sintetico
V000185,2025-09-01,C0006,O001,Concretado,sintetico
V000186,2025-09-05,C0001,O001,Concretado,sintetico
V000187,2025-09-05,C0020,O001,Concretado,sintetico
V000188,2025-09-07,C0010,O001,Concretado,sintetico
V000189,2025-09-07,C0017,O001,Concretado,sintetico
V000190,2025-09-08,C0010,O001,Concretado,sintetico
V000191,2025-09-08,C0015,O001,Concretado,sintetico
V000192,2025-09-11,C0002,O001,Concretado,sintetico
V000193,2025-09-11,C0004,O001,Concretado,sintetico
V000194,2025-09-13,C0009,O001,Concretado,sintetico
V000195,2025-09-13,C0012,O001,Concretado,sintetico
V000196,2025-09-16,C0009,O001,Concretado,sintetico
V000197,2025-09-16,C0016,O001,Concretado,sintetico
V000198,2025-09-18,C0008,O001,Concretado,sintetico
V000199,2025-09-18,C0014,O001,Concretado,sintetico
V000200,2025-09-22,C0003,O001,Concretado,sintetico
V000201,2025-09-22,C0004,O001,Concretado,sintetico
V000202,2025-09-23,C0001,O001,Concretado,sintetico
V000203,2025-09-26,C0011,O001,Concretado,sintetico
V000204,2025-09-26,C0013,O001,Concretado,sintetico
V000205,2025-09-30,C0003,O001,Concretado,sintetico
V000206,2025-09-30,C0004,O001,Concretado,sintetico
V000207,2025-10-03,C0001,O001,Concretado,sintetico
V000208,2025-10-03,C0004,O001,Concretado,sintetico
V000209,2025-10-04,C0018,O001,Concretado,sintetico
V000210,2025-10-04,C0020,O001,Concretado,sintetico
V000211,2025-10-13,C0017,O001,Concretado,sintetico
V000212,2025-10-13,C0024,O001,Concretado,sintetico
V000213,2025-10-14,C0002,O001,Concretado,sintetico
V000214,2025-10-14,C0003,O001,Concretado,sintetico
V000215,2025-10-16,C0002,O001,Concretado,sintetico
V000216,2025-10-16,C0004,O001,Concretado,sintetico
V000217,2025-10-17,C0001,O001,Concretado,sintetico
V000218,2025-10-17,C0017,O001,Concretado,sintetico
V000219,2025-10-19,C0003,O001,Concretado,sintetico
V000220,2025-10-19,C0011,O001,Concretado,sintetico
V000221,2025-10-21,C0005,O001,Concretado,sintetico
V000222,2025-10-21,C0023,O001,Concretado,sintetico
V000223,2025-10-24,C0003,O001,Concretado,sintetico
V000224,2025-10-24,C0019,O001,Concretado,sintetico
V000225,2025-10-27,C0004,O001,Concretado,sintetico
V000226,2025-10-27,C0016,O001,Concretado,sintetico
V000227,2025-10-30,C0001,O001,Concretado,sintetico
V000228,2025-10-30,C0003,O001,Concretado,sintetico
V000229,2025-10-31,C0001,O001,Concretado,sintetico
V000230,2025-10-31,C0007,O001,Concretado,sintetico
V000231,2025-11-04,C0001,O001,Concretado,sintetico
V000232,2025-11-04,C0010,O001,Concretado,sintetico
V000233,2025-11-10,C0002,O001,Concretado,sintetico
V000234,2025-11-10,C0004,O001,Concretado,sintetico
V000235,2025-11-13,C0003,O001,Concretado,sintetico
V000236,2025-11-13,C0024,O001,Concretado,sintetico
V000237,2025-11-15,C0001,O001,Concretado,sintetico
V000238,2025-11-15,C0021,O001,Concretado,sintetico
V000239,2025-11-20,C0001,O001,Concretado,sintetico
V000240,2025-11-20,C0024,O001,Concretado,sintetico
V000241,2025-11-21,C0004,O001,Concretado,sintetico
V000242,2025-11-21,C0015,O001,Concretado,sintetico
V000243,2025-11-23,C0002,O001,Concretado,sintetico
V000244,2025-11-23,C0008,O001,Concretado,sintetico
V000245,2025-11-25,C0007,O001,Concretado,sintetico
V000246,2025-11-25,C0018,O001,Concretado,sintetico
V000247,2025-11-26,C0004,O001,Concretado,sintetico
V000248,2025-11-26,C0019,O001,Concretado,sintetico
V000249,2025-11-27,C0004,O001,Concretado,sintetico
V000250,2025-11-27,C0018,O001,Concretado,sintetico
V000251,2025-11-28,C0003,O001,Concretado,sintetico
V000252,2025-11-28,C0018,O001,Concretado,sintetico
V000253,2025-11-29,C0002,O001,Concretado,sintetico
V000254,2025-11-29,C0007,O001,Concretado,sintetico
V000255,2025-12-03,C0017,O001,Concretado,sintetico
V000256,2025-12-03,C0022,O001,Concretado,sintetico
V000257,2025-12-04,C0003,O001,Concretado,sintetico
V000258,2025-12-04,C0014,O001,Concretado,sintetico
V000259,2025-12-05,C0002,O001,Concretado,sintetico
V000260,2025-12-05,C0003,O001,Concretado,sintetico
V000261,2025-12-08,C0001,O001,Concretado,sintetico
V000262,2025-12-08,C0022,O001,Concretado,sintetico
V000263,2025-12-10,C0004,O001,Concretado,sintetico
V000264,2025-12-10,C0024,O001,Concretado,sintetico
V000265,2025-12-14,C0001,O001,Concretado,sintetico
V000266,2025-12-14,C0006,O001,Concretado,sintetico
V000267,2025-12-17,C0001,O001,Concretado,sintetico
V000268,2025-12-18,C0001,O001,Concretado,sintetico
V000269,2025-12-18,C0002,O001,Concretado,sintetico
V000270,2025-12-19,C0002,O001,Concretado,sintetico
V000271,2025-12-22,C0002,O001,Concretado,sintetico
V000272,2025-12-22,C0019,O001,Concretado,sintetico
V000273,2025-12-30,C0002,O001,Concretado,sintetico
V000274,2025-12-30,C0019,O001,Concretado,sintetico
V000275,2025-12-31,C0002,O001,Concretado,sintetico
V000276,2025-12-31,C0024,O001,Concretado,sintetico
V000277,2025-01-01,C0027,O002,Concretado,sintetico
V000278,2025-01-01,C0032,O002,Concretado,sintetico
V000279,2025-01-03,C0040,O002,Concretado,sintetico
V000280,2025-01-03,C0042,O002,Concretado,sintetico
V000281,2025-01-05,C0026,O002,Concretado,sintetico
V000282,2025-01-05,C0027,O002,Concretado,sintetico
V000283,2025-01-06,C0025,O002,Concretado,sintetico
V000284,2025-01-06,C0048,O002,Concretado,sintetico
V000285,2025-01-09,C0025,O002,Concretado,sintetico
V000286,2025-01-09,C0028,O002,Concretado,sintetico
V000287,2025-01-10,C0028,O002,Concretado,sintetico
V000288,2025-01-10,C0037,O002,Concretado,sintetico
V000289,2025-01-17,C0025,O002,Concretado,sintetico
V000290,2025-01-17,C0028,O002,Concretado,sintetico
V000291,2025-01-19,C0027,O002,Concretado,sintetico
V000292,2025-01-19,C0048,O002,Concretado,sintetico
V000293,2025-01-23,C0027,O002,Concretado,sintetico
V000294,2025-01-23,C0034,O002,Concretado,sintetico
V000295,2025-01-24,C0027,O002,Concretado,sintetico
V000296,2025-01-25,C0027,O002,Concretado,sintetico
V000297,2025-01-25,C0047,O002,Concretado,sintetico
V000298,2025-01-29,C0026,O002,Concretado,sintetico
V000299,2025-01-29,C0028,O002,Concretado,sintetico
V000300,2025-02-02,C0026,O002,Concretado,sintetico
V000301,2025-02-04,C0027,O002,Concretado,sintetico
V000302,2025-02-04,C0029,O002,Concretado,sintetico
V000303,2025-02-06,C0028,O002,Concretado,sintetico
V000304,2025-02-06,C0047,O002,Concretado,sintetico
V000305,2025-02-08,C0028,O002,Concretado,sintetico
V000306,2025-02-08,C0029,O002,Concretado,sintetico
V000307,2025-02-09,C0026,O002,Concretado,sintetico
V000308,2025-02-09,C0048,O002,Concretado,sintetico
V000309,2025-02-10,C0025,O002,Concretado,sintetico
V000310,2025-02-10,C0027,O002,Concretado,sintetico
V000311,2025-02-11,C0025,O002,Concretado,sintetico
V000312,2025-02-11,C0028,O002,Concretado,sintetico
V000313,2025-02-16,C0028,O002,Concretado,sintetico
V000314,2025-02-16,C0035,O002,Concretado,sintetico
V000315,2025-02-18,C0027,O002,Concretado,sintetico
V000316,2025-02-18,C0028,O002,Concretado,sintetico
V000317,2025-02-23,C0026,O002,Concretado,sintetico
V000318,2025-02-23,C0047,O002,Concretado,sintetico
V000319,2025-02-24,C0027,O002,Concretado,sintetico
V000320,2025-02-24,C0032,O002,Concretado,sintetico
V000321,2025-02-25,C0025,O002,Concretado,sintetico
V000322,2025-02-25,C0026,O002,Concretado,sintetico
V000323,2025-03-01,C0025,O002,Concretado,sintetico
V000324,2025-03-01,C0047,O002,Concretado,sintetico
V000325,2025-03-02,C0028,O002,Concretado,sintetico
V000326,2025-03-03,C0026,O002,Concretado,sintetico
V000327,2025-03-03,C0044,O002,Concretado,sintetico
V000328,2025-03-10,C0026,O002,Concretado,sintetico
V000329,2025-03-10,C0045,O002,Concretado,sintetico
V000330,2025-03-11,C0026,O002,Concretado,sintetico
V000331,2025-03-14,C0025,O002,Concretado,sintetico
V000332,2025-03-15,C0027,O002,Concretado,sintetico
V000333,2025-03-15,C0039,O002,Concretado,sintetico
V000334,2025-03-18,C0028,O002,Concretado,sintetico
V000335,2025-03-18,C0045,O002,Concretado,sintetico
V000336,2025-03-19,C0035,O002,Concretado,sintetico
V000337,2025-03-19,C0048,O002,Concretado,sintetico
V000338,2025-03-20,C0027,O002,Concretado,sintetico
V000339,2025-03-20,C0028,O002,Concretado,sintetico
V000340,2025-03-25,C0025,O002,Concretado,sintetico
V000341,2025-03-25,C0026,O002,Concretado,sintetico
V000342,2025-03-28,C0025,O002,Concretado,sintetico
V000343,2025-03-28,C0029,O002,Concretado,sintetico
V000344,2025-04-02,C0029,O002,Concretado,sintetico
V000345,2025-04-02,C0036,O002,Concretado,sintetico
V000346,2025-04-04,C0028,O002,Concretado,sintetico
V000347,2025-04-04,C0029,O002,Concretado,sintetico
V000348,2025-04-08,C0028,O002,Concretado,sintetico
V000349,2025-04-08,C0039,O002,Concretado,sintetico
V000350,2025-04-10,C0026,O002,Concretado,sintetico
V000351,2025-04-10,C0045,O002,Concretado,sintetico
V000352,2025-04-15,C0025,O002,Concretado,sintetico
V000353,2025-04-15,C0047,O002,Concretado,sintetico
V000354,2025-04-16,C0029,O002,Concretado,sintetico
V000355,2025-04-17,C0034,O002,Concretado,sintetico
V000356,2025-04-17,C0045,O002,Concretado,sintetico
V000357,2025-04-18,C0025,O002,Concretado,sintetico
V000358,2025-04-18,C0026,O002,Concretado,sintetico
V000359,2025-04-19,C0025,O002,Concretado,sintetico
V000360,2025-04-19,C0031,O002,Concretado,sintetico
V000361,2025-04-21,C0025,O002,Concretado,sintetico
V000362,2025-04-21,C0028,O002,Concretado,sintetico
V000363,2025-04-23,C0027,O002,Concretado,sintetico
V000364,2025-04-23,C0044,O002,Concretado,sintetico
V000365,2025-04-30,C0026,O002,Concretado,sintetico
V000366,2025-04-30,C0028,O002,Concretado,sintetico
V000367,2025-05-02,C0032,O002,Concretado,sintetico
V000368,2025-05-02,C0037,O002,Concretado,sintetico
V000369,2025-05-05,C0027,O002,Concretado,sintetico
V000370,2025-05-05,C0028,O002,Concretado,sintetico
V000371,2025-05-06,C0025,O002,Concretado,sintetico
V000372,2025-05-06,C0033,O002,Concretado,sintetico
V000373,2025-05-08,C0027,O002,Concretado,sintetico
V000374,2025-05-08,C0028,O002,Concretado,sintetico
V000375,2025-05-09,C0027,O002,Concretado,sintetico
V000376,2025-05-09,C0028,O002,Concretado,sintetico
V000377,2025-05-13,C0027,O002,Concretado,sintetico
V000378,2025-05-18,C0028,O002,Concretado,sintetico
V000379,2025-05-18,C0037,O002,Concretado,sintetico
V000380,2025-05-20,C0025,O002,Concretado,sintetico
V000381,2025-05-20,C0026,O002,Concretado,sintetico
V000382,2025-05-22,C0027,O002,Concretado,sintetico
V000383,2025-05-22,C0044,O002,Concretado,sintetico
V000384,2025-05-24,C0029,O002,Concretado,sintetico
V000385,2025-05-24,C0044,O002,Concretado,sintetico
V000386,2025-05-29,C0026,O002,Concretado,sintetico
V000387,2025-05-29,C0037,O002,Concretado,sintetico
V000388,2025-05-30,C0028,O002,Concretado,sintetico
V000389,2025-05-30,C0032,O002,Concretado,sintetico
V000390,2025-06-02,C0028,O002,Concretado,sintetico
V000391,2025-06-02,C0044,O002,Concretado,sintetico
V000392,2025-06-03,C0026,O002,Concretado,sintetico
V000393,2025-06-03,C0028,O002,Concretado,sintetico
V000394,2025-06-05,C0032,O002,Concretado,sintetico
V000395,2025-06-05,C0036,O002,Concretado,sintetico
V000396,2025-06-11,C0026,O002,Concretado,sintetico
V000397,2025-06-11,C0041,O002,Concretado,sintetico
V000398,2025-06-13,C0026,O002,Concretado,sintetico
V000399,2025-06-13,C0046,O002,Concretado,sintetico
V000400,2025-06-17,C0025,O002,Concretado,sintetico
V000401,2025-06-17,C0028,O002,Concretado,sintetico
V000402,2025-06-18,C0027,O002,Concretado,sintetico
V000403,2025-06-18,C0030,O002,Concretado,sintetico
V000404,2025-06-19,C0025,O002,Concretado,sintetico
V000405,2025-06-19,C0047,O002,Concretado,sintetico
V000406,2025-06-22,C0028,O002,Concretado,sintetico
V000407,2025-06-23,C0031,O002,Concretado,sintetico
V000408,2025-06-23,C0044,O002,Concretado,sintetico
V000409,2025-06-27,C0026,O002,Concretado,sintetico
V000410,2025-06-28,C0027,O002,Concretado,sintetico
V000411,2025-06-28,C0035,O002,Concretado,sintetico
V000412,2025-07-01,C0025,O002,Concretado,sintetico
V000413,2025-07-01,C0028,O002,Concretado,sintetico
V000414,2025-07-02,C0027,O002,Concretado,sintetico
V000415,2025-07-02,C0028,O002,Concretado,sintetico
V000416,2025-07-03,C0028,O002,Concretado,sintetico
V000417,2025-07-05,C0025,O002,Concretado,sintetico
V000418,2025-07-05,C0036,O002,Concretado,sintetico
V000419,2025-07-07,C0025,O002,Concretado,sintetico
V000420,2025-07-07,C0027,O002,Concretado,sintetico
V000421,2025-07-15,C0025,O002,Concretado,sintetico
V000422,2025-07-15,C0027,O002,Concretado,sintetico
V000423,2025-07-18,C0034,O002,Concretado,sintetico
V000424,2025-07-18,C0040,O002,Concretado,sintetico
V000425,2025-07-19,C0025,O002,Concretado,sintetico
V000426,2025-07-19,C0040,O002,Concretado,sintetico
V000427,2025-07-22,C0027,O002,Concretado,sintetico
V000428,2025-07-22,C0045,O002,Concretado,sintetico
V000429,2025-07-23,C0028,O002,Concretado,sintetico
V000430,2025-07-23,C0042,O002,Concretado,sintetico
V000431,2025-07-24,C0025,O002,Concretado,sintetico
V000432,2025-07-24,C0026,O002,Concretado,sintetico
V000433,2025-07-26,C0025,O002,Concretado,sintetico
V000434,2025-07-26,C0026,O002,Concretado,sintetico
V000435,2025-08-02,C0028,O002,Concretado,sintetico
V000436,2025-08-02,C0029,O002,Concretado,sintetico
V000437,2025-08-03,C0028,O002,Concretado,sintetico
V000438,2025-08-04,C0026,O002,Concretado,sintetico
V000439,2025-08-04,C0032,O002,Concretado,sintetico
V000440,2025-08-05,C0025,O002,Concretado,sintetico
V000441,2025-08-05,C0048,O002,Concretado,sintetico
V000442,2025-08-10,C0028,O002,Concretado,sintetico
V000443,2025-08-10,C0034,O002,Concretado,sintetico
V000444,2025-08-11,C0025,O002,Concretado,sintetico
V000445,2025-08-11,C0028,O002,Concretado,sintetico
V000446,2025-08-12,C0026,O002,Concretado,sintetico
V000447,2025-08-12,C0027,O002,Concretado,sintetico
V000448,2025-08-17,C0025,O002,Concretado,sintetico
V000449,2025-08-19,C0026,O002,Concretado,sintetico
V000450,2025-08-19,C0028,O002,Concretado,sintetico
V000451,2025-08-20,C0027,O002,Concretado,sintetico
V000452,2025-08-27,C0027,O002,Concretado,sintetico
V000453,2025-08-27,C0047,O002,Concretado,sintetico
V000454,2025-08-28,C0025,O002,Concretado,sintetico
V000455,2025-08-28,C0041,O002,Concretado,sintetico
V000456,2025-09-01,C0025,O002,Concretado,sintetico
V000457,2025-09-01,C0035,O002,Concretado,sintetico
V000458,2025-09-03,C0039,O002,Concretado,sintetico
V000459,2025-09-03,C0041,O002,Concretado,sintetico
V000460,2025-09-05,C0025,O002,Concretado,sintetico
V000461,2025-09-05,C0039,O002,Concretado,sintetico
V000462,2025-09-07,C0025,O002,Concretado,sintetico
V000463,2025-09-07,C0028,O002,Concretado,sintetico
V000464,2025-09-08,C0026,O002,Concretado,sintetico
V000465,2025-09-08,C0027,O002,Concretado,sintetico
V000466,2025-09-11,C0027,O002,Concretado,sintetico
V000467,2025-09-13,C0034,O002,Concretado,sintetico
V000468,2025-09-13,C0044,O002,Concretado,sintetico
V000469,2025-09-17,C0025,O002,Concretado,sintetico
V000470,2025-09-17,C0044,O002,Concretado,sintetico
V000471,2025-09-24,C0027,O002,Concretado,sintetico
V000472,2025-09-24,C0036,O002,Concretado,sintetico
V000473,2025-09-26,C0026,O002,Concretado,sintetico
V000474,2025-09-29,C0026,O002,Concretado,sintetico
V000475,2025-09-29,C0033,O002,Concretado,sintetico
V000476,2025-09-30,C0025,O002,Concretado,sintetico
V000477,2025-09-30,C0047,O002,Concretado,sintetico
V000478,2025-10-02,C0025,O002,Concretado,sintetico
V000479,2025-10-02,C0026,O002,Concretado,sintetico
V000480,2025-10-03,C0026,O002,Concretado,sintetico
V000481,2025-10-03,C0029,O002,Concretado,sintetico
V000482,2025-10-04,C0027,O002,Concretado,sintetico
V000483,2025-10-11,C0039,O002,Concretado,sintetico
V000484,2025-10-11,C0041,O002,Concretado,sintetico
V000485,2025-10-12,C0030,O002,Concretado,sintetico
V000486,2025-10-12,C0031,O002,Concretado,sintetico
V000487,2025-10-14,C0025,O002,Concretado,sintetico
V000488,2025-10-14,C0032,O002,Concretado,sintetico
V000489,2025-10-15,C0025,O002,Concretado,sintetico
V000490,2025-10-15,C0028,O002,Concretado,sintetico
V000491,2025-10-16,C0031,O002,Concretado,sintetico
V000492,2025-10-16,C0041,O002,Concretado,sintetico
V000493,2025-10-19,C0028,O002,Concretado,sintetico
V000494,2025-10-19,C0032,O002,Concretado,sintetico
V000495,2025-10-21,C0025,O002,Concretado,sintetico
V000496,2025-10-21,C0027,O002,Concretado,sintetico
V000497,2025-10-26,C0026,O002,Concretado,sintetico
V000498,2025-10-26,C0033,O002,Concretado,sintetico
V000499,2025-10-29,C0026,O002,Concretado,sintetico
V000500,2025-10-29,C0027,O002,Concretado,sintetico
V000501,2025-11-02,C0026,O002,Concretado,sintetico
V000502,2025-11-02,C0040,O002,Concretado,sintetico
V000503,2025-11-04,C0025,O002,Concretado,sintetico
V000504,2025-11-04,C0036,O002,Concretado,sintetico
V000505,2025-11-05,C0025,O002,Concretado,sintetico
V000506,2025-11-05,C0034,O002,Concretado,sintetico
V000507,2025-11-07,C0040,O002,Concretado,sintetico
V000508,2025-11-07,C0045,O002,Concretado,sintetico
V000509,2025-11-11,C0027,O002,Concretado,sintetico
V000510,2025-11-11,C0035,O002,Concretado,sintetico
V000511,2025-11-14,C0025,O002,Concretado,sintetico
V000512,2025-11-14,C0035,O002,Concretado,sintetico
V000513,2025-11-15,C0025,O002,Concretado,sintetico
V000514,2025-11-15,C0027,O002,Concretado,sintetico
V000515,2025-11-16,C0026,O002,Concretado,sintetico
V000516,2025-11-16,C0040,O002,Concretado,sintetico
V000517,2025-11-22,C0025,O002,Concretado,sintetico
V000518,2025-11-22,C0028,O002,Concretado,sintetico
V000519,2025-11-24,C0032,O002,Concretado,sintetico
V000520,2025-11-24,C0045,O002,Concretado,sintetico
V000521,2025-11-28,C0025,O002,Concretado,sintetico
V000522,2025-11-29,C0025,O002,Concretado,sintetico
V000523,2025-11-29,C0043,O002,Concretado,sintetico
V000524,2025-12-02,C0028,O002,Concretado,sintetico
V000525,2025-12-02,C0038,O002,Concretado,sintetico
V000526,2025-12-03,C0035,O002,Concretado,sintetico
V000527,2025-12-03,C0047,O002,Concretado,sintetico
V000528,2025-12-05,C0027,O002,Concretado,sintetico
V000529,2025-12-05,C0040,O002,Concretado,sintetico
V000530,2025-12-11,C0025,O002,Concretado,sintetico
V000531,2025-12-11,C0042,O002,Concretado,sintetico
V000532,2025-12-12,C0027,O002,Concretado,sintetico
V000533,2025-12-12,C0043,O002,Concretado,sintetico
V000534,2025-12-14,C0025,O002,Concretado,sintetico
V000535,2025-12-14,C0042,O002,Concretado,sintetico
V000536,2025-12-20,C0026,O002,Concretado,sintetico
V000537,2025-12-20,C0028,O002,Concretado,sintetico
V000538,2025-12-21,C0028,O002,Concretado,sintetico
V000539,2025-12-21,C0044,O002,Concretado,sintetico
V000540,2025-12-22,C0025,O002,Concretado,sintetico
V000541,2025-12-22,C0032,O002,Concretado,sintetico
V000542,2025-12-23,C0025,O002,Concretado,sintetico
V000543,2025-12-23,C0027,O002,Concretado,sintetico
V000544,2025-12-29,C0027,O002,Concretado,sintetico
V000545,2025-12-29,C0035,O002,Concretado,sintetico
V000546,2025-12-30,C0028,O002,Concretado,sintetico
V000547,2025-12-30,C0042,O002,Concretado,sintetico
V000548,2025-01-01,C0049,O003,Concretado,sintetico
V000549,2025-01-01,C0065,O003,Concretado,sintetico
V000550,2025-01-04,C0049,O003,Concretado,sintetico
V000551,2025-01-04,C0071,O003,Concretado,sintetico
V000552,2025-01-05,C0049,O003,Concretado,sintetico
V000553,2025-01-05,C0050,O003,Concretado,sintetico
V000554,2025-01-07,C0052,O003,Concretado,sintetico
V000555,2025-01-07,C0057,O003,Concretado,sintetico
V000556,2025-01-10,C0049,O003,Concretado,sintetico
V000557,2025-01-10,C0058,O003,Concretado,sintetico
V000558,2025-01-15,C0054,O003,Concretado,sintetico
V000559,2025-01-15,C0060,O003,Concretado,sintetico
V000560,2025-01-16,C0050,O003,Concretado,sintetico
V000561,2025-01-20,C0050,O003,Concretado,sintetico
V000562,2025-01-20,C0068,O003,Concretado,sintetico
V000563,2025-01-22,C0051,O003,Concretado,sintetico
V000564,2025-01-28,C0051,O003,Concretado,sintetico
V000565,2025-01-28,C0052,O003,Concretado,sintetico
V000566,2025-01-29,C0049,O003,Concretado,sintetico
V000567,2025-01-29,C0051,O003,Concretado,sintetico
V000568,2025-01-31,C0051,O003,Concretado,sintetico
V000569,2025-01-31,C0063,O003,Concretado,sintetico
V000570,2025-02-01,C0049,O003,Concretado,sintetico
V000571,2025-02-01,C0051,O003,Concretado,sintetico
V000572,2025-02-04,C0049,O003,Concretado,sintetico
V000573,2025-02-04,C0050,O003,Concretado,sintetico
V000574,2025-02-07,C0051,O003,Concretado,sintetico
V000575,2025-02-07,C0055,O003,Concretado,sintetico
V000576,2025-02-08,C0058,O003,Concretado,sintetico
V000577,2025-02-08,C0059,O003,Concretado,sintetico
V000578,2025-02-10,C0051,O003,Concretado,sintetico
V000579,2025-02-10,C0066,O003,Concretado,sintetico
V000580,2025-02-12,C0050,O003,Concretado,sintetico
V000581,2025-02-12,C0057,O003,Concretado,sintetico
V000582,2025-02-13,C0049,O003,Concretado,sintetico
V000583,2025-02-13,C0050,O003,Concretado,sintetico
V000584,2025-02-14,C0049,O003,Concretado,sintetico
V000585,2025-02-14,C0065,O003,Concretado,sintetico
V000586,2025-02-18,C0052,O003,Concretado,sintetico
V000587,2025-02-18,C0064,O003,Concretado,sintetico
V000588,2025-02-21,C0050,O003,Concretado,sintetico
V000589,2025-02-21,C0052,O003,Concretado,sintetico
V000590,2025-02-22,C0049,O003,Concretado,sintetico
V000591,2025-02-22,C0055,O003,Concretado,sintetico
V000592,2025-02-25,C0050,O003,Concretado,sintetico
V000593,2025-02-25,C0065,O003,Concretado,sintetico
V000594,2025-03-04,C0052,O003,Concretado,sintetico
V000595,2025-03-04,C0061,O003,Concretado,sintetico
V000596,2025-03-09,C0049,O003,Concretado,sintetico
V000597,2025-03-11,C0050,O003,Concretado,sintetico
V000598,2025-03-11,C0051,O003,Concretado,sintetico
V000599,2025-03-13,C0057,O003,Concretado,sintetico
V000600,2025-03-13,C0071,O003,Concretado,sintetico
V000601,2025-03-15,C0051,O003,Concretado,sintetico
V000602,2025-03-15,C0052,O003,Concretado,sintetico
V000603,2025-03-17,C0050,O003,Concretado,sintetico
V000604,2025-03-17,C0052,O003,Concretado,sintetico
V000605,2025-03-18,C0049,O003,Concretado,sintetico
V000606,2025-03-18,C0050,O003,Concretado,sintetico
V000607,2025-03-20,C0050,O003,Concretado,sintetico
V000608,2025-03-20,C0055,O003,Concretado,sintetico
V000609,2025-03-22,C0051,O003,Concretado,sintetico
V000610,2025-03-22,C0060,O003,Concretado,sintetico
V000611,2025-03-28,C0052,O003,Concretado,sintetico
V000612,2025-03-28,C0064,O003,Concretado,sintetico
V000613,2025-03-29,C0051,O003,Concretado,sintetico
V000614,2025-03-29,C0060,O003,Concretado,sintetico
V000615,2025-03-31,C0050,O003,Concretado,sintetico
V000616,2025-03-31,C0056,O003,Concretado,sintetico
V000617,2025-04-02,C0049,O003,Concretado,sintetico
V000618,2025-04-03,C0049,O003,Concretado,sintetico
V000619,2025-04-03,C0061,O003,Concretado,sintetico
V000620,2025-04-06,C0049,O003,Concretado,sintetico
V000621,2025-04-06,C0050,O003,Concretado,sintetico
V000622,2025-04-07,C0051,O003,Concretado,sintetico
V000623,2025-04-07,C0052,O003,Concretado,sintetico
V000624,2025-04-11,C0050,O003,Concretado,sintetico
V000625,2025-04-11,C0051,O003,Concretado,sintetico
V000626,2025-04-12,C0051,O003,Concretado,sintetico
V000627,2025-04-15,C0049,O003,Concretado,sintetico
V000628,2025-04-18,C0060,O003,Concretado,sintetico
V000629,2025-04-18,C0067,O003,Concretado,sintetico
V000630,2025-04-19,C0050,O003,Concretado,sintetico
V000631,2025-04-19,C0052,O003,Concretado,sintetico
V000632,2025-04-21,C0051,O003,Concretado,sintetico
V000633,2025-04-21,C0069,O003,Concretado,sintetico
V000634,2025-04-25,C0052,O003,Concretado,sintetico
V000635,2025-04-25,C0057,O003,Concretado,sintetico
V000636,2025-04-29,C0050,O003,Concretado,sintetico
V000637,2025-04-29,C0052,O003,Concretado,sintetico
V000638,2025-05-01,C0049,O003,Concretado,sintetico
V000639,2025-05-08,C0049,O003,Concretado,sintetico
V000640,2025-05-08,C0051,O003,Concretado,sintetico
V000641,2025-05-10,C0050,O003,Concretado,sintetico
V000642,2025-05-10,C0051,O003,Concretado,sintetico
V000643,2025-05-12,C0051,O003,Concretado,sintetico
V000644,2025-05-12,C0055,O003,Concretado,sintetico
V000645,2025-05-13,C0049,O003,Concretado,sintetico
V000646,2025-05-13,C0054,O003,Concretado,sintetico
V000647,2025-05-14,C0049,O003,Concretado,sintetico
V000648,2025-05-14,C0072,O003,Concretado,sintetico
V000649,2025-05-15,C0052,O003,Concretado,sintetico
V000650,2025-05-15,C0071,O003,Concretado,sintetico
V000651,2025-05-17,C0049,O003,Concretado,sintetico
V000652,2025-05-17,C0053,O003,Concretado,sintetico
V000653,2025-05-23,C0049,O003,Concretado,sintetico
V000654,2025-05-23,C0052,O003,Concretado,sintetico
V000655,2025-05-27,C0049,O003,Concretado,sintetico
V000656,2025-05-27,C0051,O003,Concretado,sintetico
V000657,2025-05-30,C0049,O003,Concretado,sintetico
V000658,2025-05-30,C0051,O003,Concretado,sintetico
V000659,2025-05-31,C0051,O003,Concretado,sintetico
V000660,2025-05-31,C0055,O003,Concretado,sintetico
V000661,2025-06-02,C0049,O003,Concretado,sintetico
V000662,2025-06-02,C0069,O003,Concretado,sintetico
V000663,2025-06-06,C0052,O003,Concretado,sintetico
V000664,2025-06-06,C0057,O003,Concretado,sintetico
V000665,2025-06-10,C0051,O003,Concretado,sintetico
V000666,2025-06-10,C0070,O003,Concretado,sintetico
V000667,2025-06-13,C0050,O003,Concretado,sintetico
V000668,2025-06-13,C0051,O003,Concretado,sintetico
V000669,2025-06-18,C0052,O003,Concretado,sintetico
V000670,2025-06-18,C0069,O003,Concretado,sintetico
V000671,2025-06-19,C0049,O003,Concretado,sintetico
V000672,2025-06-19,C0060,O003,Concretado,sintetico
V000673,2025-06-20,C0051,O003,Concretado,sintetico
V000674,2025-06-20,C0053,O003,Concretado,sintetico
V000675,2025-06-22,C0050,O003,Concretado,sintetico
V000676,2025-06-22,C0051,O003,Concretado,sintetico
V000677,2025-06-23,C0058,O003,Concretado,sintetico
V000678,2025-06-23,C0071,O003,Concretado,sintetico
V000679,2025-06-25,C0066,O003,Concretado,sintetico
V000680,2025-06-25,C0067,O003,Concretado,sintetico
V000681,2025-06-27,C0051,O003,Concretado,sintetico
V000682,2025-06-27,C0068,O003,Concretado,sintetico
V000683,2025-06-29,C0058,O003,Concretado,sintetico
V000684,2025-06-29,C0069,O003,Concretado,sintetico
V000685,2025-07-02,C0049,O003,Concretado,sintetico
V000686,2025-07-02,C0051,O003,Concretado,sintetico
V000687,2025-07-10,C0064,O003,Concretado,sintetico
V000688,2025-07-10,C0065,O003,Concretado,sintetico
V000689,2025-07-11,C0067,O003,Concretado,sintetico
V000690,2025-07-11,C0068,O003,Concretado,sintetico
V000691,2025-07-12,C0049,O003,Concretado,sintetico
V000692,2025-07-12,C0060,O003,Concretado,sintetico
V000693,2025-07-15,C0051,O003,Concretado,sintetico
V000694,2025-07-15,C0052,O003,Concretado,sintetico
V000695,2025-07-18,C0051,O003,Concretado,sintetico
V000696,2025-07-18,C0060,O003,Concretado,sintetico
V000697,2025-07-19,C0049,O003,Concretado,sintetico
V000698,2025-07-19,C0056,O003,Concretado,sintetico
V000699,2025-07-22,C0049,O003,Concretado,sintetico
V000700,2025-07-22,C0052,O003,Concretado,sintetico
V000701,2025-07-25,C0056,O003,Concretado,sintetico
V000702,2025-07-25,C0062,O003,Concretado,sintetico
V000703,2025-07-28,C0049,O003,Concretado,sintetico
V000704,2025-07-28,C0065,O003,Concretado,sintetico
V000705,2025-07-30,C0050,O003,Concretado,sintetico
V000706,2025-07-31,C0052,O003,Concretado,sintetico
V000707,2025-07-31,C0062,O003,Concretado,sintetico
V000708,2025-08-01,C0051,O003,Concretado,sintetico
V000709,2025-08-01,C0067,O003,Concretado,sintetico
V000710,2025-08-02,C0052,O003,Concretado,sintetico
V000711,2025-08-02,C0068,O003,Concretado,sintetico
V000712,2025-08-03,C0052,O003,Concretado,sintetico
V000713,2025-08-03,C0064,O003,Concretado,sintetico
V000714,2025-08-04,C0050,O003,Concretado,sintetico
V000715,2025-08-07,C0068,O003,Concretado,sintetico
V000716,2025-08-07,C0072,O003,Concretado,sintetico
V000717,2025-08-11,C0049,O003,Concretado,sintetico
V000718,2025-08-11,C0051,O003,Concretado,sintetico
V000719,2025-08-20,C0058,O003,Concretado,sintetico
V000720,2025-08-20,C0071,O003,Concretado,sintetico
V000721,2025-08-22,C0062,O003,Concretado,sintetico
V000722,2025-08-22,C0063,O003,Concretado,sintetico
V000723,2025-08-25,C0049,O003,Concretado,sintetico
V000724,2025-08-25,C0051,O003,Concretado,sintetico
V000725,2025-08-26,C0051,O003,Concretado,sintetico
V000726,2025-08-27,C0050,O003,Concretado,sintetico
V000727,2025-08-27,C0051,O003,Concretado,sintetico
V000728,2025-08-31,C0060,O003,Concretado,sintetico
V000729,2025-08-31,C0063,O003,Concretado,sintetico
V000730,2025-09-04,C0049,O003,Concretado,sintetico
V000731,2025-09-04,C0050,O003,Concretado,sintetico
V000732,2025-09-05,C0054,O003,Concretado,sintetico
V000733,2025-09-05,C0067,O003,Concretado,sintetico
V000734,2025-09-07,C0052,O003,Concretado,sintetico
V000735,2025-09-07,C0057,O003,Concretado,sintetico
V000736,2025-09-08,C0050,O003,Concretado,sintetico
V000737,2025-09-08,C0054,O003,Concretado,sintetico
V000738,2025-09-10,C0049,O003,Concretado,sintetico
V000739,2025-09-10,C0051,O003,Concretado,sintetico
V000740,2025-09-11,C0052,O003,Concretado,sintetico
V000741,2025-09-19,C0059,O003,Concretado,sintetico
V000742,2025-09-19,C0068,O003,Concretado,sintetico
V000743,2025-09-20,C0050,O003,Concretado,sintetico
V000744,2025-09-20,C0064,O003,Concretado,sintetico
V000745,2025-09-24,C0055,O003,Concretado,sintetico
V000746,2025-09-24,C0059,O003,Concretado,sintetico
V000747,2025-09-27,C0051,O003,Concretado,sintetico
V000748,2025-09-27,C0052,O003,Concretado,sintetico
V000749,2025-09-29,C0049,O003,Concretado,sintetico
V000750,2025-09-29,C0055,O003,Concretado,sintetico
V000751,2025-09-30,C0052,O003,Concretado,sintetico
V000752,2025-09-30,C0059,O003,Concretado,sintetico
V000753,2025-10-10,C0050,O003,Concretado,sintetico
V000754,2025-10-10,C0071,O003,Concretado,sintetico
V000755,2025-10-11,C0050,O003,Concretado,sintetico
V000756,2025-10-11,C0069,O003,Concretado,sintetico
V000757,2025-10-13,C0068,O003,Concretado,sintetico
V000758,2025-10-13,C0069,O003,Concretado,sintetico
V000759,2025-10-15,C0049,O003,Concretado,sintetico
V000760,2025-10-15,C0058,O003,Concretado,sintetico
V000761,2025-10-17,C0050,O003,Concretado,sintetico
V000762,2025-10-17,C0072,O003,Concretado,sintetico
V000763,2025-10-18,C0062,O003,Concretado,sintetico
V000764,2025-10-19,C0049,O003,Concretado,sintetico
V000765,2025-10-19,C0050,O003,Concretado,sintetico
V000766,2025-10-20,C0049,O003,Concretado,sintetico
V000767,2025-10-20,C0071,O003,Concretado,sintetico
V000768,2025-10-21,C0051,O003,Concretado,sintetico
V000769,2025-10-24,C0052,O003,Concretado,sintetico
V000770,2025-10-24,C0069,O003,Concretado,sintetico
V000771,2025-10-25,C0052,O003,Concretado,sintetico
V000772,2025-10-25,C0059,O003,Concretado,sintetico
V000773,2025-10-29,C0050,O003,Concretado,sintetico
V000774,2025-10-29,C0052,O003,Concretado,sintetico
V000775,2025-11-02,C0050,O003,Concretado,sintetico
V000776,2025-11-02,C0052,O003,Concretado,sintetico
V000777,2025-11-03,C0056,O003,Concretado,sintetico
V000778,2025-11-03,C0059,O003,Concretado,sintetico
V000779,2025-11-04,C0060,O003,Concretado,sintetico
V000780,2025-11-04,C0069,O003,Concretado,sintetico
V000781,2025-11-05,C0049,O003,Concretado,sintetico
V000782,2025-11-05,C0062,O003,Concretado,sintetico
V000783,2025-11-07,C0050,O003,Concretado,sintetico
V000784,2025-11-07,C0063,O003,Concretado,sintetico
V000785,2025-11-08,C0050,O003,Concretado,sintetico
V000786,2025-11-08,C0062,O003,Concretado,sintetico
V000787,2025-11-12,C0049,O003,Concretado,sintetico
V000788,2025-11-12,C0056,O003,Concretado,sintetico
V000789,2025-11-13,C0050,O003,Concretado,sintetico
V000790,2025-11-13,C0051,O003,Concretado,sintetico
V000791,2025-11-17,C0050,O003,Concretado,sintetico
V000792,2025-11-22,C0058,O003,Concretado,sintetico
V000793,2025-11-22,C0069,O003,Concretado,sintetico
V000794,2025-11-26,C0055,O003,Concretado,sintetico
V000795,2025-11-26,C0070,O003,Concretado,sintetico
V000796,2025-11-30,C0051,O003,Concretado,sintetico
V000797,2025-11-30,C0052,O003,Concretado,sintetico
V000798,2025-12-01,C0055,O003,Concretado,sintetico
V000799,2025-12-01,C0056,O003,Concretado,sintetico
V000800,2025-12-04,C0052,O003,Concretado,sintetico
V000801,2025-12-04,C0057,O003,Concretado,sintetico
V000802,2025-12-06,C0051,O003,Concretado,sintetico
V000803,2025-12-06,C0069,O003,Concretado,sintetico
V000804,2025-12-09,C0050,O003,Concretado,sintetico
V000805,2025-12-09,C0057,O003,Concretado,sintetico
V000806,2025-12-15,C0049,O003,Concretado,sintetico
V000807,2025-12-15,C0067,O003,Concretado,sintetico
V000808,2025-12-16,C0049,O003,Concretado,sintetico
V000809,2025-12-16,C0062,O003,Concretado,sintetico
V000810,2025-12-17,C0051,O003,Concretado,sintetico
V000811,2025-12-17,C0052,O003,Concretado,sintetico
V000812,2025-12-18,C0058,O003,Concretado,sintetico
V000813,2025-12-18,C0062,O003,Concretado,sintetico
V000814,2025-12-24,C0058,O003,Concretado,sintetico
V000815,2025-12-24,C0060,O003,Concretado,sintetico
V000816,2025-12-26,C0049,O003,Concretado,sintetico
V000817,2025-12-26,C0054,O003,Concretado,sintetico
V000818,2025-12-29,C0059,O003,Concretado,sintetico
V000819,2025-12-29,C0065,O003,Concretado,sintetico
V000820,2025-12-31,C0050,O003,Concretado,sintetico
V000821,2025-12-31,C0052,O003,Concretado,sintetico
V000822,2025-01-05,C0073,O004,Concretado,sintetico
V000823,2025-01-06,C0074,O004,Concretado,sintetico
V000824,2025-01-06,C0087,O004,Concretado,sintetico
V000825,2025-01-08,C0076,O004,Concretado,sintetico
V000826,2025-01-08,C0086,O004,Concretado,sintetico
V000827,2025-01-14,C0073,O004,Concretado,sintetico
V000828,2025-01-14,C0080,O004,Concretado,sintetico
V000829,2025-01-17,C0074,O004,Concretado,sintetico
V000830,2025-01-17,C0075,O004,Concretado,sintetico
V000831,2025-01-18,C0075,O004,Concretado,sintetico
V000832,2025-01-18,C0076,O004,Concretado,sintetico
V000833,2025-01-19,C0075,O004,Concretado,sintetico
V000834,2025-01-19,C0076,O004,Concretado,sintetico
V000835,2025-01-20,C0075,O004,Concretado,sintetico
V000836,2025-01-20,C0076,O004,Concretado,sintetico
V000837,2025-01-22,C0073,O004,Concretado,sintetico
V000838,2025-01-28,C0076,O004,Concretado,sintetico
V000839,2025-01-28,C0079,O004,Concretado,sintetico
V000840,2025-01-29,C0076,O004,Concretado,sintetico
V000841,2025-01-29,C0083,O004,Concretado,sintetico
V000842,2025-01-31,C0075,O004,Concretado,sintetico
V000843,2025-01-31,C0076,O004,Concretado,sintetico
V000844,2025-02-01,C0073,O004,Concretado,sintetico
V000845,2025-02-01,C0083,O004,Concretado,sintetico
V000846,2025-02-02,C0074,O004,Concretado,sintetico
V000847,2025-02-02,C0081,O004,Concretado,sintetico
V000848,2025-02-03,C0073,O004,Concretado,sintetico
V000849,2025-02-03,C0075,O004,Concretado,sintetico
V000850,2025-02-07,C0076,O004,Concretado,sintetico
V000851,2025-02-07,C0078,O004,Concretado,sintetico
V000852,2025-02-09,C0076,O004,Concretado,sintetico
V000853,2025-02-09,C0090,O004,Concretado,sintetico
V000854,2025-02-17,C0073,O004,Concretado,sintetico
V000855,2025-02-20,C0074,O004,Concretado,sintetico
V000856,2025-02-20,C0087,O004,Concretado,sintetico
V000857,2025-02-23,C0076,O004,Concretado,sintetico
V000858,2025-02-23,C0078,O004,Concretado,sintetico
V000859,2025-02-25,C0075,O004,Concretado,sintetico
V000860,2025-02-25,C0095,O004,Concretado,sintetico
V000861,2025-02-26,C0074,O004,Concretado,sintetico
V000862,2025-02-26,C0076,O004,Concretado,sintetico
V000863,2025-02-27,C0075,O004,Concretado,sintetico
V000864,2025-02-27,C0089,O004,Concretado,sintetico
V000865,2025-02-28,C0086,O004,Concretado,sintetico
V000866,2025-02-28,C0091,O004,Concretado,sintetico
V000867,2025-03-03,C0074,O004,Concretado,sintetico
V000868,2025-03-04,C0076,O004,Concretado,sintetico
V000869,2025-03-04,C0083,O004,Concretado,sintetico
V000870,2025-03-09,C0074,O004,Concretado,sintetico
V000871,2025-03-09,C0084,O004,Concretado,sintetico
V000872,2025-03-11,C0074,O004,Concretado,sintetico
V000873,2025-03-11,C0080,O004,Concretado,sintetico
V000874,2025-03-13,C0075,O004,Concretado,sintetico
V000875,2025-03-13,C0082,O004,Concretado,sintetico
V000876,2025-03-16,C0075,O004,Concretado,sintetico
V000877,2025-03-16,C0076,O004,Concretado,sintetico
V000878,2025-03-19,C0079,O004,Concretado,sintetico
V000879,2025-03-19,C0085,O004,Concretado,sintetico
V000880,2025-03-21,C0089,O004,Concretado,sintetico
V000881,2025-03-21,C0091,O004,Concretado,sintetico
V000882,2025-03-22,C0073,O004,Concretado,sintetico
V000883,2025-03-25,C0077,O004,Concretado,sintetico
V000884,2025-03-25,C0086,O004,Concretado,sintetico
V000885,2025-03-27,C0074,O004,Concretado,sintetico
V000886,2025-03-30,C0076,O004,Concretado,sintetico
V000887,2025-03-30,C0081,O004,Concretado,sintetico
V000888,2025-04-06,C0076,O004,Concretado,sintetico
V000889,2025-04-06,C0094,O004,Concretado,sintetico
V000890,2025-04-08,C0073,O004,Concretado,sintetico
V000891,2025-04-08,C0074,O004,Concretado,sintetico
V000892,2025-04-11,C0073,O004,Concretado,sintetico
V000893,2025-04-11,C0075,O004,Concretado,sintetico
V000894,2025-04-14,C0075,O004,Concretado,sintetico
V000895,2025-04-15,C0074,O004,Concretado,sintetico
V000896,2025-04-15,C0085,O004,Concretado,sintetico
V000897,2025-04-17,C0074,O004,Concretado,sintetico
V000898,2025-04-17,C0075,O004,Concretado,sintetico
V000899,2025-04-18,C0074,O004,Concretado,sintetico
V000900,2025-04-18,C0076,O004,Concretado,sintetico
V000901,2025-04-20,C0073,O004,Concretado,sintetico
V000902,2025-04-20,C0088,O004,Concretado,sintetico
V000903,2025-04-23,C0076,O004,Concretado,sintetico
V000904,2025-04-23,C0089,O004,Concretado,sintetico
V000905,2025-04-25,C0073,O004,Concretado,sintetico
V000906,2025-04-25,C0076,O004,Concretado,sintetico
V000907,2025-04-27,C0074,O004,Concretado,sintetico
V000908,2025-04-27,C0093,O004,Concretado,sintetico
V000909,2025-04-28,C0075,O004,Concretado,sintetico
V000910,2025-04-28,C0094,O004,Concretado,sintetico
V000911,2025-05-01,C0075,O004,Concretado,sintetico
V000912,2025-05-01,C0095,O004,Concretado,sintetico
V000913,2025-05-02,C0074,O004,Concretado,sintetico
V000914,2025-05-02,C0076,O004,Concretado,sintetico
V000915,2025-05-07,C0073,O004,Concretado,sintetico
V000916,2025-05-07,C0076,O004,Concretado,sintetico
V000917,2025-05-09,C0075,O004,Concretado,sintetico
V000918,2025-05-14,C0073,O004,Concretado,sintetico
V000919,2025-05-17,C0075,O004,Concretado,sintetico
V000920,2025-05-17,C0094,O004,Concretado,sintetico
V000921,2025-05-18,C0076,O004,Concretado,sintetico
V000922,2025-05-18,C0080,O004,Concretado,sintetico
V000923,2025-05-20,C0094,O004,Concretado,sintetico
V000924,2025-05-20,C0095,O004,Concretado,sintetico
V000925,2025-05-27,C0074,O004,Concretado,sintetico
V000926,2025-05-27,C0090,O004,Concretado,sintetico
V000927,2025-05-29,C0073,O004,Concretado,sintetico
V000928,2025-05-29,C0092,O004,Concretado,sintetico
V000929,2025-05-30,C0073,O004,Concretado,sintetico
V000930,2025-05-30,C0090,O004,Concretado,sintetico
V000931,2025-05-31,C0076,O004,Concretado,sintetico
V000932,2025-05-31,C0094,O004,Concretado,sintetico
V000933,2025-06-05,C0074,O004,Concretado,sintetico
V000934,2025-06-05,C0084,O004,Concretado,sintetico
V000935,2025-06-06,C0076,O004,Concretado,sintetico
V000936,2025-06-08,C0076,O004,Concretado,sintetico
V000937,2025-06-08,C0093,O004,Concretado,sintetico
V000938,2025-06-11,C0076,O004,Concretado,sintetico
V000939,2025-06-11,C0082,O004,Concretado,sintetico
V000940,2025-06-14,C0073,O004,Concretado,sintetico
V000941,2025-06-20,C0074,O004,Concretado,sintetico
V000942,2025-06-20,C0079,O004,Concretado,sintetico
V000943,2025-06-22,C0074,O004,Concretado,sintetico
V000944,2025-06-22,C0075,O004,Concretado,sintetico
V000945,2025-06-23,C0075,O004,Concretado,sintetico
V000946,2025-06-23,C0076,O004,Concretado,sintetico
V000947,2025-06-24,C0076,O004,Concretado,sintetico
V000948,2025-06-24,C0086,O004,Concretado,sintetico
V000949,2025-06-28,C0088,O004,Concretado,sintetico
V000950,2025-06-29,C0075,O004,Concretado,sintetico
V000951,2025-06-29,C0076,O004,Concretado,sintetico
V000952,2025-06-30,C0075,O004,Concretado,sintetico
V000953,2025-07-01,C0075,O004,Concretado,sintetico
V000954,2025-07-01,C0087,O004,Concretado,sintetico
V000955,2025-07-06,C0073,O004,Concretado,sintetico
V000956,2025-07-07,C0074,O004,Concretado,sintetico
V000957,2025-07-11,C0085,O004,Concretado,sintetico
V000958,2025-07-11,C0088,O004,Concretado,sintetico
V000959,2025-07-14,C0073,O004,Concretado,sintetico
V000960,2025-07-14,C0079,O004,Concretado,sintetico
V000961,2025-07-19,C0073,O004,Concretado,sintetico
V000962,2025-07-19,C0075,O004,Concretado,sintetico
V000963,2025-07-24,C0073,O004,Concretado,sintetico
V000964,2025-07-24,C0075,O004,Concretado,sintetico
V000965,2025-07-25,C0080,O004,Concretado,sintetico
V000966,2025-07-25,C0096,O004,Concretado,sintetico
V000967,2025-07-26,C0074,O004,Concretado,sintetico
V000968,2025-07-26,C0080,O004,Concretado,sintetico
V000969,2025-07-27,C0076,O004,Concretado,sintetico
V000970,2025-07-27,C0095,O004,Concretado,sintetico
V000971,2025-07-29,C0075,O004,Concretado,sintetico
V000972,2025-07-29,C0076,O004,Concretado,sintetico
V000973,2025-07-31,C0076,O004,Concretado,sintetico
V000974,2025-07-31,C0086,O004,Concretado,sintetico
V000975,2025-08-03,C0075,O004,Concretado,sintetico
V000976,2025-08-03,C0084,O004,Concretado,sintetico
V000977,2025-08-06,C0074,O004,Concretado,sintetico
V000978,2025-08-06,C0075,O004,Concretado,sintetico
V000979,2025-08-08,C0083,O004,Concretado,sintetico
V000980,2025-08-08,C0088,O004,Concretado,sintetico
V000981,2025-08-09,C0076,O004,Concretado,sintetico
V000982,2025-08-13,C0074,O004,Concretado,sintetico
V000983,2025-08-13,C0075,O004,Concretado,sintetico
V000984,2025-08-18,C0073,O004,Concretado,sintetico
V000985,2025-08-18,C0090,O004,Concretado,sintetico
V000986,2025-08-21,C0074,O004,Concretado,sintetico
V000987,2025-08-21,C0096,O004,Concretado,sintetico
V000988,2025-08-26,C0075,O004,Concretado,sintetico
V000989,2025-08-26,C0094,O004,Concretado,sintetico
V000990,2025-08-28,C0074,O004,Concretado,sintetico
V000991,2025-08-28,C0084,O004,Concretado,sintetico
V000992,2025-08-29,C0075,O004,Concretado,sintetico
V000993,2025-08-29,C0090,O004,Concretado,sintetico
V000994,2025-08-30,C0084,O004,Concretado,sintetico
V000995,2025-08-30,C0093,O004,Concretado,sintetico
V000996,2025-08-31,C0076,O004,Concretado,sintetico
V000997,2025-08-31,C0089,O004,Concretado,sintetico
V000998,2025-09-02,C0073,O004,Concretado,sintetico
V000999,2025-09-02,C0075,O004,Concretado,sintetico
V001000,2025-09-04,C0073,O004,Concretado,sintetico
V001001,2025-09-04,C0093,O004,Concretado,sintetico
V001002,2025-09-05,C0074,O004,Concretado,sintetico
V001003,2025-09-06,C0074,O004,Concretado,sintetico
V001004,2025-09-06,C0082,O004,Concretado,sintetico
V001005,2025-09-08,C0076,O004,Concretado,sintetico
V001006,2025-09-08,C0079,O004,Concretado,sintetico
V001007,2025-09-11,C0074,O004,Concretado,sintetico
V001008,2025-09-11,C0076,O004,Concretado,sintetico
V001009,2025-09-15,C0073,O004,Concretado,sintetico
V001010,2025-09-17,C0074,O004,Concretado,sintetico
V001011,2025-09-17,C0083,O004,Concretado,sintetico
V001012,2025-09-19,C0075,O004,Concretado,sintetico
V001013,2025-09-19,C0089,O004,Concretado,sintetico
V001014,2025-09-20,C0075,O004,Concretado,sintetico
V001015,2025-09-20,C0084,O004,Concretado,sintetico
V001016,2025-09-23,C0074,O004,Concretado,sintetico
V001017,2025-09-23,C0088,O004,Concretado,sintetico
V001018,2025-09-29,C0075,O004,Concretado,sintetico
V001019,2025-09-29,C0091,O004,Concretado,sintetico
V001020,2025-10-01,C0076,O004,Concretado,sintetico
V001021,2025-10-01,C0082,O004,Concretado,sintetico
V001022,2025-10-03,C0076,O004,Concretado,sintetico
V001023,2025-10-08,C0074,O004,Concretado,sintetico
V001024,2025-10-08,C0076,O004,Concretado,sintetico
V001025,2025-10-16,C0096,O004,Concretado,sintetico
V001026,2025-10-18,C0076,O004,Concretado,sintetico
V001027,2025-10-18,C0087,O004,Concretado,sintetico
V001028,2025-10-19,C0074,O004,Concretado,sintetico
V001029,2025-10-19,C0075,O004,Concretado,sintetico
V001030,2025-10-22,C0076,O004,Concretado,sintetico
V001031,2025-10-22,C0082,O004,Concretado,sintetico
V001032,2025-10-25,C0073,O004,Concretado,sintetico
V001033,2025-10-25,C0077,O004,Concretado,sintetico
V001034,2025-10-26,C0074,O004,Concretado,sintetico
V001035,2025-10-26,C0075,O004,Concretado,sintetico
V001036,2025-10-27,C0073,O004,Concretado,sintetico
V001037,2025-10-27,C0087,O004,Concretado,sintetico
V001038,2025-10-30,C0074,O004,Concretado,sintetico
V001039,2025-10-31,C0075,O004,Concretado,sintetico
V001040,2025-10-31,C0076,O004,Concretado,sintetico
V001041,2025-11-01,C0075,O004,Concretado,sintetico
V001042,2025-11-01,C0089,O004,Concretado,sintetico
V001043,2025-11-04,C0077,O004,Concretado,sintetico
V001044,2025-11-04,C0095,O004,Concretado,sintetico
V001045,2025-11-05,C0073,O004,Concretado,sintetico
V001046,2025-11-05,C0074,O004,Concretado,sintetico
V001047,2025-11-11,C0081,O004,Concretado,sintetico
V001048,2025-11-11,C0090,O004,Concretado,sintetico
V001049,2025-11-12,C0075,O004,Concretado,sintetico
V001050,2025-11-12,C0091,O004,Concretado,sintetico
V001051,2025-11-13,C0073,O004,Concretado,sintetico
V001052,2025-11-13,C0082,O004,Concretado,sintetico
V001053,2025-11-15,C0075,O004,Concretado,sintetico
V001054,2025-11-15,C0095,O004,Concretado,sintetico
V001055,2025-11-16,C0075,O004,Concretado,sintetico
V001056,2025-11-16,C0076,O004,Concretado,sintetico
V001057,2025-11-20,C0074,O004,Concretado,sintetico
V001058,2025-11-20,C0083,O004,Concretado,sintetico
V001059,2025-11-21,C0076,O004,Concretado,sintetico
V001060,2025-11-21,C0079,O004,Concretado,sintetico
V001061,2025-11-27,C0073,O004,Concretado,sintetico
V001062,2025-11-27,C0081,O004,Concretado,sintetico
V001063,2025-11-30,C0073,O004,Concretado,sintetico
V001064,2025-11-30,C0075,O004,Concretado,sintetico
V001065,2025-12-03,C0073,O004,Concretado,sintetico
V001066,2025-12-03,C0080,O004,Concretado,sintetico
V001067,2025-12-05,C0073,O004,Concretado,sintetico
V001068,2025-12-05,C0079,O004,Concretado,sintetico
V001069,2025-12-06,C0076,O004,Concretado,sintetico
V001070,2025-12-06,C0080,O004,Concretado,sintetico
V001071,2025-12-08,C0073,O004,Concretado,sintetico
V001072,2025-12-08,C0089,O004,Concretado,sintetico
V001073,2025-12-11,C0074,O004,Concretado,sintetico
V001074,2025-12-13,C0074,O004,Concretado,sintetico
V001075,2025-12-13,C0087,O004,Concretado,sintetico
V001076,2025-12-14,C0074,O004,Concretado,sintetico
V001077,2025-12-14,C0076,O004,Concretado,sintetico
V001078,2025-12-16,C0087,O004,Concretado,sintetico
V001079,2025-12-16,C0095,O004,Concretado,sintetico
V001080,2025-12-21,C0074,O004,Concretado,sintetico
V001081,2025-12-21,C0085,O004,Concretado,sintetico
V001082,2025-12-24,C0076,O004,Concretado,sintetico
V001083,2025-12-24,C0081,O004,Concretado,sintetico
V001084,2025-12-25,C0073,O004,Concretado,sintetico
V001085,2025-12-25,C0076,O004,Concretado,sintetico
V001086,2025-12-31,C0073,O004,Concretado,sintetico
V001087,2025-01-02,C0098,O005,Concretado,sintetico
V001088,2025-01-02,C0099,O005,Concretado,sintetico
V001089,2025-01-03,C0097,O005,Concretado,sintetico
V001090,2025-01-06,C0099,O005,Concretado,sintetico
V001091,2025-01-08,C0097,O005,Concretado,sintetico
V001092,2025-01-08,C0098,O005,Concretado,sintetico
V001093,2025-01-09,C0098,O005,Concretado,sintetico
V001094,2025-01-09,C0106,O005,Concretado,sintetico
V001095,2025-01-10,C0099,O005,Concretado,sintetico
V001096,2025-01-10,C0112,O005,Concretado,sintetico
V001097,2025-01-13,C0100,O005,Concretado,sintetico
V001098,2025-01-13,C0114,O005,Concretado,sintetico
V001099,2025-01-16,C0098,O005,Concretado,sintetico
V001100,2025-01-16,C0103,O005,Concretado,sintetico
V001101,2025-01-17,C0101,O005,Concretado,sintetico
V001102,2025-01-17,C0109,O005,Concretado,sintetico
V001103,2025-01-21,C0100,O005,Concretado,sintetico
V001104,2025-01-21,C0110,O005,Concretado,sintetico
V001105,2025-01-23,C0098,O005,Concretado,sintetico
V001106,2025-01-23,C0099,O005,Concretado,sintetico
V001107,2025-01-28,C0098,O005,Concretado,sintetico
V001108,2025-01-28,C0110,O005,Concretado,sintetico
V001109,2025-02-01,C0100,O005,Concretado,sintetico
V001110,2025-02-01,C0112,O005,Concretado,sintetico
V001111,2025-02-02,C0099,O005,Concretado,sintetico
V001112,2025-02-02,C0100,O005,Concretado,sintetico
V001113,2025-02-03,C0100,O005,Concretado,sintetico
V001114,2025-02-07,C0100,O005,Concretado,sintetico
V001115,2025-02-11,C0097,O005,Concretado,sintetico
V001116,2025-02-11,C0100,O005,Concretado,sintetico
V001117,2025-02-13,C0098,O005,Concretado,sintetico
V001118,2025-02-13,C0115,O005,Concretado,sintetico
V001119,2025-02-16,C0100,O005,Concretado,sintetico
V001120,2025-02-19,C0103,O005,Concretado,sintetico
V001121,2025-02-19,C0120,O005,Concretado,sintetico
V001122,2025-02-22,C0099,O005,Concretado,sintetico
V001123,2025-02-22,C0100,O005,Concretado,sintetico
V001124,2025-02-23,C0099,O005,Concretado,sintetico
V001125,2025-02-23,C0100,O005,Concretado,sintetico
V001126,2025-02-24,C0098,O005,Concretado,sintetico
V001127,2025-02-24,C0105,O005,Concretado,sintetico
V001128,2025-02-28,C0099,O005,Concretado,sintetico
V001129,2025-02-28,C0117,O005,Concretado,sintetico
V001130,2025-03-03,C0099,O005,Concretado,sintetico
V001131,2025-03-03,C0100,O005,Concretado,sintetico
V001132,2025-03-07,C0099,O005,Concretado,sintetico
V001133,2025-03-07,C0100,O005,Concretado,sintetico
V001134,2025-03-12,C0098,O005,Concretado,sintetico
V001135,2025-03-12,C0112,O005,Concretado,sintetico
V001136,2025-03-18,C0098,O005,Concretado,sintetico
V001137,2025-03-18,C0114,O005,Concretado,sintetico
V001138,2025-03-19,C0105,O005,Concretado,sintetico
V001139,2025-03-19,C0110,O005,Concretado,sintetico
V001140,2025-03-22,C0097,O005,Concretado,sintetico
V001141,2025-03-22,C0110,O005,Concretado,sintetico
V001142,2025-03-23,C0100,O005,Concretado,sintetico
V001143,2025-03-23,C0107,O005,Concretado,sintetico
V001144,2025-03-24,C0109,O005,Concretado,sintetico
V001145,2025-03-24,C0111,O005,Concretado,sintetico
V001146,2025-03-25,C0098,O005,Concretado,sintetico
V001147,2025-03-25,C0099,O005,Concretado,sintetico
V001148,2025-03-26,C0097,O005,Concretado,sintetico
V001149,2025-03-26,C0114,O005,Concretado,sintetico
V001150,2025-03-27,C0100,O005,Concretado,sintetico
V001151,2025-03-27,C0120,O005,Concretado,sintetico
V001152,2025-03-29,C0099,O005,Concretado,sintetico
V001153,2025-03-29,C0100,O005,Concretado,sintetico
V001154,2025-04-03,C0100,O005,Concretado,sintetico
V001155,2025-04-03,C0110,O005,Concretado,sintetico
V001156,2025-04-04,C0099,O005,Concretado,sintetico
V001157,2025-04-04,C0101,O005,Concretado,sintetico
V001158,2025-04-06,C0097,O005,Concretado,sintetico
V001159,2025-04-06,C0100,O005,Concretado,sintetico
V001160,2025-04-15,C0097,O005,Concretado,sintetico
V001161,2025-04-15,C0099,O005,Concretado,sintetico
V001162,2025-04-16,C0097,O005,Concretado,sintetico
V001163,2025-04-16,C0099,O005,Concretado,sintetico
V001164,2025-04-17,C0097,O005,Concretado,sintetico
V001165,2025-04-17,C0100,O005,Concretado,sintetico
V001166,2025-04-18,C0103,O005,Concretado,sintetico
V001167,2025-04-18,C0113,O005,Concretado,sintetico
V001168,2025-04-19,C0098,O005,Concretado,sintetico
V001169,2025-04-19,C0099,O005,Concretado,sintetico
V001170,2025-04-20,C0097,O005,Concretado,sintetico
V001171,2025-04-20,C0102,O005,Concretado,sintetico
V001172,2025-04-21,C0098,O005,Concretado,sintetico
V001173,2025-04-23,C0099,O005,Concretado,sintetico
V001174,2025-04-23,C0100,O005,Concretado,sintetico
V001175,2025-04-26,C0098,O005,Concretado,sintetico
V001176,2025-04-26,C0102,O005,Concretado,sintetico
V001177,2025-05-02,C0098,O005,Concretado,sintetico
V001178,2025-05-07,C0097,O005,Concretado,sintetico
V001179,2025-05-07,C0105,O005,Concretado,sintetico
V001180,2025-05-08,C0097,O005,Concretado,sintetico
V001181,2025-05-08,C0103,O005,Concretado,sintetico
V001182,2025-05-11,C0101,O005,Concretado,sintetico
V001183,2025-05-11,C0106,O005,Concretado,sintetico
V001184,2025-05-15,C0098,O005,Concretado,sintetico
V001185,2025-05-15,C0104,O005,Concretado,sintetico
V001186,2025-05-18,C0098,O005,Concretado,sintetico
V001187,2025-05-18,C0109,O005,Concretado,sintetico
V001188,2025-05-19,C0097,O005,Concretado,sintetico
V001189,2025-05-19,C0107,O005,Concretado,sintetico
V001190,2025-05-24,C0100,O005,Concretado,sintetico
V001191,2025-05-24,C0109,O005,Concretado,sintetico
V001192,2025-05-25,C0098,O005,Concretado,sintetico
V001193,2025-05-25,C0114,O005,Concretado,sintetico
V001194,2025-05-26,C0097,O005,Concretado,sintetico
V001195,2025-05-27,C0098,O005,Concretado,sintetico
V001196,2025-05-27,C0099,O005,Concretado,sintetico
V001197,2025-05-28,C0102,O005,Concretado,sintetico
V001198,2025-05-28,C0118,O005,Concretado,sintetico
V001199,2025-06-01,C0099,O005,Concretado,sintetico
V001200,2025-06-01,C0116,O005,Concretado,sintetico
V001201,2025-06-03,C0097,O005,Concretado,sintetico
V001202,2025-06-03,C0099,O005,Concretado,sintetico
V001203,2025-06-06,C0098,O005,Concretado,sintetico
V001204,2025-06-06,C0100,O005,Concretado,sintetico
V001205,2025-06-08,C0100,O005,Concretado,sintetico
V001206,2025-06-08,C0120,O005,Concretado,sintetico
V001207,2025-06-10,C0102,O005,Concretado,sintetico
V001208,2025-06-10,C0114,O005,Concretado,sintetico
V001209,2025-06-11,C0099,O005,Concretado,sintetico
V001210,2025-06-11,C0105,O005,Concretado,sintetico
V001211,2025-06-20,C0106,O005,Concretado,sintetico
V001212,2025-06-20,C0114,O005,Concretado,sintetico
V001213,2025-06-21,C0097,O005,Concretado,sintetico
V001214,2025-06-21,C0100,O005,Concretado,sintetico
V001215,2025-06-22,C0097,O005,Concretado,sintetico
V001216,2025-06-22,C0114,O005,Concretado,sintetico
V001217,2025-06-23,C0098,O005,Concretado,sintetico
V001218,2025-06-23,C0100,O005,Concretado,sintetico
V001219,2025-06-27,C0097,O005,Concretado,sintetico
V001220,2025-06-27,C0100,O005,Concretado,sintetico
V001221,2025-06-29,C0099,O005,Concretado,sintetico
V001222,2025-06-29,C0115,O005,Concretado,sintetico
V001223,2025-07-02,C0100,O005,Concretado,sintetico
V001224,2025-07-02,C0103,O005,Concretado,sintetico
V001225,2025-07-04,C0100,O005,Concretado,sintetico
V001226,2025-07-04,C0107,O005,Concretado,sintetico
V001227,2025-07-06,C0098,O005,Concretado,sintetico
V001228,2025-07-10,C0097,O005,Concretado,sintetico
V001229,2025-07-10,C0100,O005,Concretado,sintetico
V001230,2025-07-12,C0099,O005,Concretado,sintetico
V001231,2025-07-12,C0117,O005,Concretado,sintetico
V001232,2025-07-18,C0098,O005,Concretado,sintetico
V001233,2025-07-18,C0100,O005,Concretado,sintetico
V001234,2025-07-19,C0097,O005,Concretado,sintetico
V001235,2025-07-19,C0099,O005,Concretado,sintetico
V001236,2025-07-21,C0098,O005,Concretado,sintetico
V001237,2025-07-21,C0100,O005,Concretado,sintetico
V001238,2025-07-22,C0098,O005,Concretado,sintetico
V001239,2025-07-22,C0111,O005,Concretado,sintetico
V001240,2025-07-24,C0097,O005,Concretado,sintetico
V001241,2025-07-24,C0099,O005,Concretado,sintetico
V001242,2025-07-25,C0099,O005,Concretado,sintetico
V001243,2025-07-25,C0100,O005,Concretado,sintetico
V001244,2025-07-29,C0099,O005,Concretado,sintetico
V001245,2025-07-29,C0109,O005,Concretado,sintetico
V001246,2025-08-01,C0099,O005,Concretado,sintetico
V001247,2025-08-01,C0100,O005,Concretado,sintetico
V001248,2025-08-04,C0100,O005,Concretado,sintetico
V001249,2025-08-04,C0106,O005,Concretado,sintetico
V001250,2025-08-14,C0097,O005,Concretado,sintetico
V001251,2025-08-14,C0109,O005,Concretado,sintetico
V001252,2025-08-15,C0099,O005,Concretado,sintetico
V001253,2025-08-15,C0111,O005,Concretado,sintetico
V001254,2025-08-16,C0099,O005,Concretado,sintetico
V001255,2025-08-16,C0115,O005,Concretado,sintetico
V001256,2025-08-18,C0098,O005,Concretado,sintetico
V001257,2025-08-18,C0117,O005,Concretado,sintetico
V001258,2025-08-20,C0099,O005,Concretado,sintetico
V001259,2025-08-20,C0100,O005,Concretado,sintetico
V001260,2025-08-21,C0098,O005,Concretado,sintetico
V001261,2025-08-21,C0105,O005,Concretado,sintetico
V001262,2025-08-22,C0097,O005,Concretado,sintetico
V001263,2025-08-22,C0118,O005,Concretado,sintetico
V001264,2025-08-24,C0098,O005,Concretado,sintetico
V001265,2025-08-24,C0103,O005,Concretado,sintetico
V001266,2025-08-27,C0099,O005,Concretado,sintetico
V001267,2025-08-27,C0106,O005,Concretado,sintetico
V001268,2025-08-28,C0100,O005,Concretado,sintetico
V001269,2025-08-28,C0109,O005,Concretado,sintetico
V001270,2025-09-01,C0100,O005,Concretado,sintetico
V001271,2025-09-01,C0117,O005,Concretado,sintetico
V001272,2025-09-04,C0105,O005,Concretado,sintetico
V001273,2025-09-04,C0108,O005,Concretado,sintetico
V001274,2025-09-06,C0099,O005,Concretado,sintetico
V001275,2025-09-07,C0098,O005,Concretado,sintetico
V001276,2025-09-07,C0099,O005,Concretado,sintetico
V001277,2025-09-08,C0097,O005,Concretado,sintetico
V001278,2025-09-08,C0098,O005,Concretado,sintetico
V001279,2025-09-13,C0100,O005,Concretado,sintetico
V001280,2025-09-13,C0101,O005,Concretado,sintetico
V001281,2025-09-15,C0097,O005,Concretado,sintetico
V001282,2025-09-15,C0103,O005,Concretado,sintetico
V001283,2025-09-22,C0100,O005,Concretado,sintetico
V001284,2025-09-26,C0098,O005,Concretado,sintetico
V001285,2025-09-27,C0098,O005,Concretado,sintetico
V001286,2025-09-27,C0106,O005,Concretado,sintetico
V001287,2025-09-28,C0097,O005,Concretado,sintetico
V001288,2025-09-28,C0098,O005,Concretado,sintetico
V001289,2025-09-30,C0098,O005,Concretado,sintetico
V001290,2025-09-30,C0118,O005,Concretado,sintetico
V001291,2025-10-04,C0098,O005,Concretado,sintetico
V001292,2025-10-04,C0099,O005,Concretado,sintetico
V001293,2025-10-07,C0100,O005,Concretado,sintetico
V001294,2025-10-07,C0111,O005,Concretado,sintetico
V001295,2025-10-08,C0097,O005,Concretado,sintetico
V001296,2025-10-08,C0115,O005,Concretado,sintetico
V001297,2025-10-12,C0098,O005,Concretado,sintetico
V001298,2025-10-12,C0099,O005,Concretado,sintetico
V001299,2025-10-13,C0098,O005,Concretado,sintetico
V001300,2025-10-13,C0100,O005,Concretado,sintetico
V001301,2025-10-16,C0114,O005,Concretado,sintetico
V001302,2025-10-16,C0120,O005,Concretado,sintetico
V001303,2025-10-21,C0099,O005,Concretado,sintetico
V001304,2025-10-23,C0105,O005,Concretado,sintetico
V001305,2025-10-23,C0109,O005,Concretado,sintetico
V001306,2025-10-26,C0098,O005,Concretado,sintetico
V001307,2025-10-26,C0111,O005,Concretado,sintetico
V001308,2025-10-27,C0097,O005,Concretado,sintetico
V001309,2025-10-27,C0108,O005,Concretado,sintetico
V001310,2025-10-29,C0097,O005,Concretado,sintetico
V001311,2025-10-29,C0098,O005,Concretado,sintetico
V001312,2025-10-31,C0098,O005,Concretado,sintetico
V001313,2025-10-31,C0108,O005,Concretado,sintetico
V001314,2025-11-05,C0100,O005,Concretado,sintetico
V001315,2025-11-05,C0111,O005,Concretado,sintetico
V001316,2025-11-07,C0097,O005,Concretado,sintetico
V001317,2025-11-07,C0114,O005,Concretado,sintetico
V001318,2025-11-09,C0097,O005,Concretado,sintetico
V001319,2025-11-09,C0120,O005,Concretado,sintetico
V001320,2025-11-13,C0099,O005,Concretado,sintetico
V001321,2025-11-13,C0114,O005,Concretado,sintetico
V001322,2025-11-15,C0099,O005,Concretado,sintetico
V001323,2025-11-15,C0109,O005,Concretado,sintetico
V001324,2025-11-17,C0098,O005,Concretado,sintetico
V001325,2025-11-17,C0111,O005,Concretado,sintetico
V001326,2025-11-18,C0099,O005,Concretado,sintetico
V001327,2025-11-18,C0100,O005,Concretado,sintetico
V001328,2025-11-21,C0097,O005,Concretado,sintetico
V001329,2025-11-21,C0120,O005,Concretado,sintetico
V001330,2025-11-22,C0100,O005,Concretado,sintetico
V001331,2025-11-22,C0112,O005,Concretado,sintetico
V001332,2025-11-23,C0098,O005,Concretado,sintetico
V001333,2025-11-23,C0100,O005,Concretado,sintetico
V001334,2025-11-26,C0098,O005,Concretado,sintetico
V001335,2025-11-26,C0100,O005,Concretado,sintetico
V001336,2025-11-29,C0098,O005,Concretado,sintetico
V001337,2025-11-29,C0100,O005,Concretado,sintetico
V001338,2025-12-03,C0104,O005,Concretado,sintetico
V001339,2025-12-03,C0118,O005,Concretado,sintetico
V001340,2025-12-04,C0106,O005,Concretado,sintetico
V001341,2025-12-04,C0113,O005,Concretado,sintetico
V001342,2025-12-08,C0099,O005,Concretado,sintetico
V001343,2025-12-08,C0119,O005,Concretado,sintetico
V001344,2025-12-09,C0099,O005,Concretado,sintetico
V001345,2025-12-12,C0099,O005,Concretado,sintetico
V001346,2025-12-14,C0110,O005,Concretado,sintetico
V001347,2025-12-14,C0113,O005,Concretado,sintetico
V001348,2025-12-15,C0097,O005,Concretado,sintetico
V001349,2025-12-15,C0103,O005,Concretado,sintetico
V001350,2025-12-16,C0099,O005,Concretado,sintetico
V001351,2025-12-23,C0097,O005,Concretado,sintetico
V001352,2025-12-23,C0114,O005,Concretado,sintetico
V001353,2025-12-26,C0102,O005,Concretado,sintetico
V001354,2025-12-26,C0118,O005,Concretado,sintetico
V001355,2025-12-27,C0099,O005,Concretado,sintetico
V001356,2025-12-27,C0100,O005,Concretado,sintetico
V001357,2025-12-29,C0097,O005,Concretado,sintetico
V001358,2025-12-29,C0100,O005,Concretado,sintetico
V001359,2025-01-07,C0122,O006,Concretado,sintetico
V001360,2025-01-07,C0130,O006,Concretado,sintetico
V001361,2025-01-10,C0121,O006,Concretado,sintetico
V001362,2025-01-10,C0127,O006,Concretado,sintetico
V001363,2025-01-11,C0123,O006,Concretado,sintetico
V001364,2025-01-11,C0126,O006,Concretado,sintetico
V001365,2025-01-16,C0124,O006,Concretado,sintetico
V001366,2025-01-16,C0134,O006,Concretado,sintetico
V001367,2025-01-20,C0123,O006,Concretado,sintetico
V001368,2025-01-20,C0124,O006,Concretado,sintetico
V001369,2025-01-25,C0129,O006,Concretado,sintetico
V001370,2025-01-25,C0132,O006,Concretado,sintetico
V001371,2025-01-26,C0121,O006,Concretado,sintetico
V001372,2025-01-26,C0124,O006,Concretado,sintetico
V001373,2025-01-27,C0122,O006,Concretado,sintetico
V001374,2025-01-27,C0140,O006,Concretado,sintetico
V001375,2025-01-28,C0128,O006,Concretado,sintetico
V001376,2025-01-28,C0134,O006,Concretado,sintetico
V001377,2025-01-29,C0137,O006,Concretado,sintetico
V001378,2025-01-29,C0140,O006,Concretado,sintetico
V001379,2025-01-30,C0121,O006,Concretado,sintetico
V001380,2025-01-30,C0122,O006,Concretado,sintetico
V001381,2025-01-31,C0123,O006,Concretado,sintetico
V001382,2025-01-31,C0130,O006,Concretado,sintetico
V001383,2025-02-02,C0123,O006,Concretado,sintetico
V001384,2025-02-02,C0124,O006,Concretado,sintetico
V001385,2025-02-05,C0123,O006,Concretado,sintetico
V001386,2025-02-05,C0124,O006,Concretado,sintetico
V001387,2025-02-06,C0121,O006,Concretado,sintetico
V001388,2025-02-06,C0125,O006,Concretado,sintetico
V001389,2025-02-09,C0121,O006,Concretado,sintetico
V001390,2025-02-09,C0122,O006,Concretado,sintetico
V001391,2025-02-10,C0121,O006,Concretado,sintetico
V001392,2025-02-11,C0121,O006,Concretado,sintetico
V001393,2025-02-11,C0122,O006,Concretado,sintetico
V001394,2025-02-13,C0121,O006,Concretado,sintetico
V001395,2025-02-13,C0125,O006,Concretado,sintetico
V001396,2025-02-14,C0122,O006,Concretado,sintetico
V001397,2025-02-14,C0124,O006,Concretado,sintetico
V001398,2025-02-17,C0124,O006,Concretado,sintetico
V001399,2025-02-22,C0122,O006,Concretado,sintetico
V001400,2025-02-22,C0123,O006,Concretado,sintetico
V001401,2025-02-23,C0121,O006,Concretado,sintetico
V001402,2025-02-23,C0123,O006,Concretado,sintetico
V001403,2025-02-28,C0125,O006,Concretado,sintetico
V001404,2025-02-28,C0133,O006,Concretado,sintetico
V001405,2025-03-02,C0122,O006,Concretado,sintetico
V001406,2025-03-02,C0132,O006,Concretado,sintetico
V001407,2025-03-03,C0124,O006,Concretado,sintetico
V001408,2025-03-04,C0123,O006,Concretado,sintetico
V001409,2025-03-04,C0129,O006,Concretado,sintetico
V001410,2025-03-07,C0123,O006,Concretado,sintetico
V001411,2025-03-07,C0124,O006,Concretado,sintetico
V001412,2025-03-10,C0124,O006,Concretado,sintetico
V001413,2025-03-10,C0137,O006,Concretado,sintetico
V001414,2025-03-13,C0123,O006,Concretado,sintetico
V001415,2025-03-13,C0142,O006,Concretado,sintetico
V001416,2025-03-15,C0132,O006,Concretado,sintetico
V001417,2025-03-15,C0136,O006,Concretado,sintetico
V001418,2025-03-16,C0124,O006,Concretado,sintetico
V001419,2025-03-16,C0128,O006,Concretado,sintetico
V001420,2025-03-23,C0123,O006,Concretado,sintetico
V001421,2025-03-23,C0124,O006,Concretado,sintetico
V001422,2025-03-26,C0135,O006,Concretado,sintetico
V001423,2025-03-26,C0136,O006,Concretado,sintetico
V001424,2025-03-29,C0121,O006,Concretado,sintetico
V001425,2025-03-29,C0123,O006,Concretado,sintetico
V001426,2025-03-30,C0123,O006,Concretado,sintetico
V001427,2025-03-30,C0134,O006,Concretado,sintetico
V001428,2025-04-02,C0124,O006,Concretado,sintetico
V001429,2025-04-02,C0134,O006,Concretado,sintetico
V001430,2025-04-03,C0122,O006,Concretado,sintetico
V001431,2025-04-03,C0123,O006,Concretado,sintetico
V001432,2025-04-08,C0122,O006,Concretado,sintetico
V001433,2025-04-08,C0136,O006,Concretado,sintetico
V001434,2025-04-16,C0121,O006,Concretado,sintetico
V001435,2025-04-16,C0130,O006,Concretado,sintetico
V001436,2025-04-17,C0124,O006,Concretado,sintetico
V001437,2025-04-17,C0132,O006,Concretado,sintetico
V001438,2025-04-20,C0121,O006,Concretado,sintetico
V001439,2025-04-21,C0121,O006,Concretado,sintetico
V001440,2025-04-21,C0122,O006,Concretado,sintetico
V001441,2025-04-22,C0124,O006,Concretado,sintetico
V001442,2025-04-23,C0123,O006,Concretado,sintetico
V001443,2025-04-23,C0132,O006,Concretado,sintetico
V001444,2025-04-24,C0122,O006,Concretado,sintetico
V001445,2025-04-28,C0121,O006,Concretado,sintetico
V001446,2025-04-28,C0123,O006,Concretado,sintetico
V001447,2025-04-29,C0124,O006,Concretado,sintetico
V001448,2025-05-02,C0123,O006,Concretado,sintetico
V001449,2025-05-02,C0143,O006,Concretado,sintetico
V001450,2025-05-03,C0129,O006,Concretado,sintetico
V001451,2025-05-03,C0130,O006,Concretado,sintetico
V001452,2025-05-04,C0122,O006,Concretado,sintetico
V001453,2025-05-04,C0144,O006,Concretado,sintetico
V001454,2025-05-07,C0121,O006,Concretado,sintetico
V001455,2025-05-07,C0124,O006,Concretado,sintetico
V001456,2025-05-08,C0122,O006,Concretado,sintetico
V001457,2025-05-08,C0142,O006,Concretado,sintetico
V001458,2025-05-14,C0124,O006,Concretado,sintetico
V001459,2025-05-14,C0139,O006,Concretado,sintetico
V001460,2025-05-16,C0121,O006,Concretado,sintetico
V001461,2025-05-16,C0122,O006,Concretado,sintetico
V001462,2025-05-18,C0137,O006,Concretado,sintetico
V001463,2025-05-18,C0143,O006,Concretado,sintetico
V001464,2025-05-19,C0121,O006,Concretado,sintetico
V001465,2025-05-19,C0134,O006,Concretado,sintetico
V001466,2025-05-24,C0133,O006,Concretado,sintetico
V001467,2025-05-24,C0139,O006,Concretado,sintetico
V001468,2025-05-27,C0124,O006,Concretado,sintetico
V001469,2025-05-30,C0123,O006,Concretado,sintetico
V001470,2025-05-30,C0126,O006,Concretado,sintetico
V001471,2025-06-02,C0121,O006,Concretado,sintetico
V001472,2025-06-02,C0124,O006,Concretado,sintetico
V001473,2025-06-04,C0123,O006,Concretado,sintetico
V001474,2025-06-04,C0124,O006,Concretado,sintetico
V001475,2025-06-05,C0122,O006,Concretado,sintetico
V001476,2025-06-05,C0135,O006,Concretado,sintetico
V001477,2025-06-07,C0123,O006,Concretado,sintetico
V001478,2025-06-07,C0136,O006,Concretado,sintetico
V001479,2025-06-08,C0122,O006,Concretado,sintetico
V001480,2025-06-08,C0135,O006,Concretado,sintetico
V001481,2025-06-10,C0121,O006,Concretado,sintetico
V001482,2025-06-10,C0122,O006,Concretado,sintetico
V001483,2025-06-11,C0121,O006,Concretado,sintetico
V001484,2025-06-11,C0132,O006,Concretado,sintetico
V001485,2025-06-12,C0122,O006,Concretado,sintetico
V001486,2025-06-12,C0123,O006,Concretado,sintetico
V001487,2025-06-14,C0122,O006,Concretado,sintetico
V001488,2025-06-14,C0144,O006,Concretado,sintetico
V001489,2025-06-19,C0129,O006,Concretado,sintetico
V001490,2025-06-19,C0133,O006,Concretado,sintetico
V001491,2025-06-22,C0124,O006,Concretado,sintetico
V001492,2025-06-22,C0125,O006,Concretado,sintetico
V001493,2025-06-28,C0121,O006,Concretado,sintetico
V001494,2025-06-28,C0124,O006,Concretado,sintetico
V001495,2025-07-01,C0121,O006,Concretado,sintetico
V001496,2025-07-01,C0132,O006,Concretado,sintetico
V001497,2025-07-03,C0121,O006,Concretado,sintetico
V001498,2025-07-03,C0122,O006,Concretado,sintetico
V001499,2025-07-08,C0123,O006,Concretado,sintetico
V001500,2025-07-08,C0128,O006,Concretado,sintetico
V001501,2025-07-11,C0121,O006,Concretado,sintetico
V001502,2025-07-15,C0121,O006,Concretado,sintetico
V001503,2025-07-15,C0140,O006,Concretado,sintetico
V001504,2025-07-18,C0121,O006,Concretado,sintetico
V001505,2025-07-19,C0122,O006,Concretado,sintetico
V001506,2025-07-19,C0128,O006,Concretado,sintetico
V001507,2025-07-22,C0124,O006,Concretado,sintetico
V001508,2025-07-22,C0140,O006,Concretado,sintetico
V001509,2025-07-27,C0121,O006,Concretado,sintetico
V001510,2025-07-27,C0122,O006,Concretado,sintetico
V001511,2025-07-28,C0124,O006,Concretado,sintetico
V001512,2025-07-28,C0140,O006,Concretado,sintetico
V001513,2025-07-29,C0122,O006,Concretado,sintetico
V001514,2025-07-29,C0123,O006,Concretado,sintetico
V001515,2025-07-31,C0123,O006,Concretado,sintetico
V001516,2025-07-31,C0144,O006,Concretado,sintetico
V001517,2025-08-01,C0123,O006,Concretado,sintetico
V001518,2025-08-01,C0126,O006,Concretado,sintetico
V001519,2025-08-04,C0121,O006,Concretado,sintetico
V001520,2025-08-04,C0130,O006,Concretado,sintetico
V001521,2025-08-06,C0121,O006,Concretado,sintetico
V001522,2025-08-06,C0124,O006,Concretado,sintetico
V001523,2025-08-08,C0123,O006,Concretado,sintetico
V001524,2025-08-08,C0129,O006,Concretado,sintetico
V001525,2025-08-10,C0124,O006,Concretado,sintetico
V001526,2025-08-10,C0130,O006,Concretado,sintetico
V001527,2025-08-13,C0121,O006,Concretado,sintetico
V001528,2025-08-13,C0122,O006,Concretado,sintetico
V001529,2025-08-14,C0121,O006,Concretado,sintetico
V001530,2025-08-14,C0140,O006,Concretado,sintetico
V001531,2025-08-23,C0121,O006,Concretado,sintetico
V001532,2025-08-23,C0122,O006,Concretado,sintetico
V001533,2025-08-24,C0123,O006,Concretado,sintetico
V001534,2025-08-24,C0144,O006,Concretado,sintetico
V001535,2025-08-25,C0121,O006,Concretado,sintetico
V001536,2025-08-25,C0122,O006,Concretado,sintetico
V001537,2025-08-28,C0121,O006,Concretado,sintetico
V001538,2025-08-28,C0129,O006,Concretado,sintetico
V001539,2025-08-30,C0138,O006,Concretado,sintetico
V001540,2025-08-30,C0140,O006,Concretado,sintetico
V001541,2025-09-02,C0121,O006,Concretado,sintetico
V001542,2025-09-02,C0123,O006,Concretado,sintetico
V001543,2025-09-03,C0121,O006,Concretado,sintetico
V001544,2025-09-03,C0135,O006,Concretado,sintetico
V001545,2025-09-04,C0123,O006,Concretado,sintetico
V001546,2025-09-05,C0124,O006,Concretado,sintetico
V001547,2025-09-05,C0125,O006,Concretado,sintetico
V001548,2025-09-09,C0123,O006,Concretado,sintetico
V001549,2025-09-09,C0124,O006,Concretado,sintetico
V001550,2025-09-12,C0124,O006,Concretado,sintetico
V001551,2025-09-12,C0136,O006,Concretado,sintetico
V001552,2025-09-13,C0122,O006,Concretado,sintetico
V001553,2025-09-13,C0140,O006,Concretado,sintetico
V001554,2025-09-22,C0122,O006,Concretado,sintetico
V001555,2025-09-22,C0138,O006,Concretado,sintetico
V001556,2025-09-25,C0122,O006,Concretado,sintetico
V001557,2025-09-27,C0121,O006,Concretado,sintetico
V001558,2025-09-27,C0124,O006,Concretado,sintetico
V001559,2025-09-29,C0121,O006,Concretado,sintetico
V001560,2025-09-29,C0124,O006,Concretado,sintetico
V001561,2025-09-30,C0121,O006,Concretado,sintetico
V001562,2025-09-30,C0123,O006,Concretado,sintetico
V001563,2025-10-01,C0124,O006,Concretado,sintetico
V001564,2025-10-01,C0141,O006,Concretado,sintetico
V001565,2025-10-03,C0123,O006,Concretado,sintetico
V001566,2025-10-06,C0124,O006,Concretado,sintetico
V001567,2025-10-06,C0141,O006,Concretado,sintetico
V001568,2025-10-07,C0121,O006,Concretado,sintetico
V001569,2025-10-07,C0131,O006,Concretado,sintetico
V001570,2025-10-09,C0124,O006,Concretado,sintetico
V001571,2025-10-09,C0132,O006,Concretado,sintetico
V001572,2025-10-10,C0123,O006,Concretado,sintetico
V001573,2025-10-10,C0134,O006,Concretado,sintetico
V001574,2025-10-11,C0123,O006,Concretado,sintetico
V001575,2025-10-11,C0126,O006,Concretado,sintetico
V001576,2025-10-12,C0121,O006,Concretado,sintetico
V001577,2025-10-12,C0136,O006,Concretado,sintetico
V001578,2025-10-16,C0121,O006,Concretado,sintetico
V001579,2025-10-16,C0123,O006,Concretado,sintetico
V001580,2025-10-19,C0126,O006,Concretado,sintetico
V001581,2025-10-19,C0139,O006,Concretado,sintetico
V001582,2025-10-20,C0133,O006,Concretado,sintetico
V001583,2025-10-20,C0140,O006,Concretado,sintetico
V001584,2025-10-21,C0126,O006,Concretado,sintetico
V001585,2025-10-21,C0128,O006,Concretado,sintetico
V001586,2025-11-01,C0121,O006,Concretado,sintetico
V001587,2025-11-01,C0122,O006,Concretado,sintetico
V001588,2025-11-02,C0122,O006,Concretado,sintetico
V001589,2025-11-02,C0124,O006,Concretado,sintetico
V001590,2025-11-03,C0122,O006,Concretado,sintetico
V001591,2025-11-03,C0142,O006,Concretado,sintetico
V001592,2025-11-05,C0121,O006,Concretado,sintetico
V001593,2025-11-05,C0130,O006,Concretado,sintetico
V001594,2025-11-07,C0125,O006,Concretado,sintetico
V001595,2025-11-07,C0128,O006,Concretado,sintetico
V001596,2025-11-11,C0122,O006,Concretado,sintetico
V001597,2025-11-11,C0126,O006,Concretado,sintetico
V001598,2025-11-12,C0121,O006,Concretado,sintetico
V001599,2025-11-12,C0123,O006,Concretado,sintetico
V001600,2025-11-14,C0122,O006,Concretado,sintetico
V001601,2025-11-14,C0124,O006,Concretado,sintetico
V001602,2025-11-16,C0122,O006,Concretado,sintetico
V001603,2025-11-16,C0125,O006,Concretado,sintetico
V001604,2025-11-22,C0124,O006,Concretado,sintetico
V001605,2025-11-22,C0126,O006,Concretado,sintetico
V001606,2025-11-25,C0122,O006,Concretado,sintetico
V001607,2025-11-25,C0124,O006,Concretado,sintetico
V001608,2025-11-28,C0133,O006,Concretado,sintetico
V001609,2025-11-28,C0141,O006,Concretado,sintetico
V001610,2025-12-04,C0124,O006,Concretado,sintetico
V001611,2025-12-04,C0131,O006,Concretado,sintetico
V001612,2025-12-05,C0122,O006,Concretado,sintetico
V001613,2025-12-13,C0121,O006,Concretado,sintetico
V001614,2025-12-13,C0122,O006,Concretado,sintetico
V001615,2025-12-19,C0122,O006,Concretado,sintetico
V001616,2025-12-19,C0125,O006,Concretado,sintetico
V001617,2025-12-21,C0123,O006,Concretado,sintetico
V001618,2025-12-21,C0138,O006,Concretado,sintetico
V001619,2025-12-22,C0121,O006,Concretado,sintetico
V001620,2025-12-22,C0140,O006,Concretado,sintetico
V001621,2025-12-24,C0123,O006,Concretado,sintetico
V001622,2025-12-24,C0126,O006,Concretado,sintetico
V001623,2025-12-26,C0124,O006,Concretado,sintetico
V001624,2025-12-26,C0140,O006,Concretado,sintetico
V001625,2025-12-27,C0122,O006,Concretado,sintetico
V001626,2025-12-27,C0131,O006,Concretado,sintetico
V001627,2025-12-29,C0124,O006,Concretado,sintetico
V001628,2025-12-29,C0140,O006,Concretado,sintetico
V001629,2025-12-30,C0122,O006,Concretado,sintetico
V001630,2025-12-30,C0131,O006,Concretado,sintetico
V001631,2025-12-31,C0133,O006,Concretado,sintetico
V001632,2025-12-31,C0138,O006,Concretado,sintetico
V001633,2025-01-02,C0147,O007,Concretado,sintetico
V001634,2025-01-05,C0146,O007,Concretado,sintetico
V001635,2025-01-07,C0145,O007,Concretado,sintetico
V001636,2025-01-08,C0146,O007,Concretado,sintetico
V001637,2025-01-08,C0154,O007,Concretado,sintetico
V001638,2025-01-11,C0147,O007,Concretado,sintetico
V001639,2025-01-11,C0163,O007,Concretado,sintetico
V001640,2025-01-14,C0147,O007,Concretado,sintetico
V001641,2025-01-14,C0158,O007,Concretado,sintetico
V001642,2025-01-18,C0145,O007,Concretado,sintetico
V001643,2025-01-18,C0168,O007,Concretado,sintetico
V001644,2025-01-20,C0145,O007,Concretado,sintetico
V001645,2025-01-20,C0156,O007,Concretado,sintetico
V001646,2025-01-21,C0146,O007,Concretado,sintetico
V001647,2025-01-21,C0148,O007,Concretado,sintetico
V001648,2025-01-25,C0145,O007,Concretado,sintetico
V001649,2025-01-28,C0148,O007,Concretado,sintetico
V001650,2025-01-28,C0166,O007,Concretado,sintetico
V001651,2025-01-30,C0146,O007,Concretado,sintetico
V001652,2025-01-30,C0148,O007,Concretado,sintetico
V001653,2025-02-02,C0146,O007,Concretado,sintetico
V001654,2025-02-02,C0148,O007,Concretado,sintetico
V001655,2025-02-03,C0146,O007,Concretado,sintetico
V001656,2025-02-06,C0151,O007,Concretado,sintetico
V001657,2025-02-06,C0155,O007,Concretado,sintetico
V001658,2025-02-08,C0145,O007,Concretado,sintetico
V001659,2025-02-08,C0146,O007,Concretado,sintetico
V001660,2025-02-09,C0146,O007,Concretado,sintetico
V001661,2025-02-09,C0150,O007,Concretado,sintetico
V001662,2025-02-13,C0147,O007,Concretado,sintetico
V001663,2025-02-13,C0162,O007,Concretado,sintetico
V001664,2025-02-15,C0147,O007,Concretado,sintetico
V001665,2025-02-15,C0148,O007,Concretado,sintetico
V001666,2025-02-17,C0146,O007,Concretado,sintetico
V001667,2025-02-17,C0154,O007,Concretado,sintetico
V001668,2025-02-23,C0146,O007,Concretado,sintetico
V001669,2025-02-23,C0147,O007,Concretado,sintetico
V001670,2025-02-26,C0153,O007,Concretado,sintetico
V001671,2025-02-26,C0158,O007,Concretado,sintetico
V001672,2025-02-27,C0156,O007,Concretado,sintetico
V001673,2025-02-27,C0165,O007,Concretado,sintetico
V001674,2025-02-28,C0148,O007,Concretado,sintetico
V001675,2025-02-28,C0150,O007,Concretado,sintetico
V001676,2025-03-04,C0147,O007,Concretado,sintetico
V001677,2025-03-04,C0164,O007,Concretado,sintetico
V001678,2025-03-05,C0146,O007,Concretado,sintetico
V001679,2025-03-05,C0147,O007,Concretado,sintetico
V001680,2025-03-07,C0146,O007,Concretado,sintetico
V001681,2025-03-07,C0147,O007,Concretado,sintetico
V001682,2025-03-10,C0147,O007,Concretado,sintetico
V001683,2025-03-10,C0150,O007,Concretado,sintetico
V001684,2025-03-13,C0145,O007,Concretado,sintetico
V001685,2025-03-13,C0147,O007,Concretado,sintetico
V001686,2025-03-17,C0146,O007,Concretado,sintetico
V001687,2025-03-17,C0147,O007,Concretado,sintetico
V001688,2025-03-18,C0146,O007,Concretado,sintetico
V001689,2025-03-18,C0150,O007,Concretado,sintetico
V001690,2025-03-19,C0148,O007,Concretado,sintetico
V001691,2025-03-19,C0162,O007,Concretado,sintetico
V001692,2025-03-21,C0146,O007,Concretado,sintetico
V001693,2025-03-21,C0147,O007,Concretado,sintetico
V001694,2025-03-25,C0146,O007,Concretado,sintetico
V001695,2025-03-25,C0153,O007,Concretado,sintetico
V001696,2025-03-28,C0146,O007,Concretado,sintetico
V001697,2025-03-28,C0147,O007,Concretado,sintetico
V001698,2025-03-30,C0145,O007,Concretado,sintetico
V001699,2025-03-30,C0148,O007,Concretado,sintetico
V001700,2025-04-02,C0146,O007,Concretado,sintetico
V001701,2025-04-02,C0147,O007,Concretado,sintetico
V001702,2025-04-03,C0157,O007,Concretado,sintetico
V001703,2025-04-03,C0159,O007,Concretado,sintetico
V001704,2025-04-06,C0148,O007,Concretado,sintetico
V001705,2025-04-07,C0145,O007,Concretado,sintetico
V001706,2025-04-07,C0158,O007,Concretado,sintetico
V001707,2025-04-13,C0145,O007,Concretado,sintetico
V001708,2025-04-13,C0152,O007,Concretado,sintetico
V001709,2025-04-16,C0147,O007,Concretado,sintetico
V001710,2025-04-16,C0150,O007,Concretado,sintetico
V001711,2025-04-19,C0147,O007,Concretado,sintetico
V001712,2025-04-19,C0154,O007,Concretado,sintetico
V001713,2025-04-22,C0146,O007,Concretado,sintetico
V001714,2025-04-23,C0147,O007,Concretado,sintetico
V001715,2025-04-23,C0154,O007,Concretado,sintetico
V001716,2025-04-26,C0145,O007,Concretado,sintetico
V001717,2025-04-26,C0148,O007,Concretado,sintetico
V001718,2025-04-28,C0147,O007,Concretado,sintetico
V001719,2025-04-28,C0148,O007,Concretado,sintetico
V001720,2025-04-29,C0146,O007,Concretado,sintetico
V001721,2025-04-29,C0151,O007,Concretado,sintetico
V001722,2025-05-02,C0147,O007,Concretado,sintetico
V001723,2025-05-02,C0157,O007,Concretado,sintetico
V001724,2025-05-07,C0148,O007,Concretado,sintetico
V001725,2025-05-08,C0145,O007,Concretado,sintetico
V001726,2025-05-08,C0148,O007,Concretado,sintetico
V001727,2025-05-10,C0146,O007,Concretado,sintetico
V001728,2025-05-10,C0167,O007,Concretado,sintetico
V001729,2025-05-15,C0148,O007,Concretado,sintetico
V001730,2025-05-15,C0166,O007,Concretado,sintetico
V001731,2025-05-18,C0145,O007,Concretado,sintetico
V001732,2025-05-18,C0164,O007,Concretado,sintetico
V001733,2025-05-22,C0158,O007,Concretado,sintetico
V001734,2025-05-22,C0164,O007,Concretado,sintetico
V001735,2025-05-23,C0147,O007,Concretado,sintetico
V001736,2025-05-23,C0161,O007,Concretado,sintetico
V001737,2025-05-25,C0146,O007,Concretado,sintetico
V001738,2025-05-25,C0161,O007,Concretado,sintetico
V001739,2025-05-26,C0147,O007,Concretado,sintetico
V001740,2025-05-27,C0148,O007,Concretado,sintetico
V001741,2025-05-27,C0152,O007,Concretado,sintetico
V001742,2025-05-31,C0151,O007,Concretado,sintetico
V001743,2025-05-31,C0163,O007,Concretado,sintetico
V001744,2025-06-01,C0149,O007,Concretado,sintetico
V001745,2025-06-01,C0151,O007,Concretado,sintetico
V001746,2025-06-04,C0146,O007,Concretado,sintetico
V001747,2025-06-04,C0148,O007,Concretado,sintetico
V001748,2025-06-09,C0145,O007,Concretado,sintetico
V001749,2025-06-09,C0148,O007,Concretado,sintetico
V001750,2025-06-10,C0153,O007,Concretado,sintetico
V001751,2025-06-10,C0154,O007,Concretado,sintetico
V001752,2025-06-11,C0148,O007,Concretado,sintetico
V001753,2025-06-11,C0167,O007,Concretado,sintetico
V001754,2025-06-12,C0149,O007,Concretado,sintetico
V001755,2025-06-12,C0158,O007,Concretado,sintetico
V001756,2025-06-14,C0148,O007,Concretado,sintetico
V001757,2025-06-14,C0162,O007,Concretado,sintetico
V001758,2025-06-16,C0148,O007,Concretado,sintetico
V001759,2025-06-20,C0149,O007,Concretado,sintetico
V001760,2025-06-20,C0155,O007,Concretado,sintetico
V001761,2025-06-25,C0148,O007,Concretado,sintetico
V001762,2025-06-25,C0166,O007,Concretado,sintetico
V001763,2025-06-28,C0146,O007,Concretado,sintetico
V001764,2025-06-28,C0148,O007,Concretado,sintetico
V001765,2025-06-30,C0145,O007,Concretado,sintetico
V001766,2025-06-30,C0163,O007,Concretado,sintetico
V001767,2025-07-01,C0146,O007,Concretado,sintetico
V001768,2025-07-01,C0147,O007,Concretado,sintetico
V001769,2025-07-06,C0147,O007,Concretado,sintetico
V001770,2025-07-06,C0163,O007,Concretado,sintetico
V001771,2025-07-07,C0147,O007,Concretado,sintetico
V001772,2025-07-07,C0148,O007,Concretado,sintetico
V001773,2025-07-10,C0146,O007,Concretado,sintetico
V001774,2025-07-10,C0160,O007,Concretado,sintetico
V001775,2025-07-13,C0160,O007,Concretado,sintetico
V001776,2025-07-13,C0167,O007,Concretado,sintetico
V001777,2025-07-15,C0146,O007,Concretado,sintetico
V001778,2025-07-15,C0159,O007,Concretado,sintetico
V001779,2025-07-17,C0146,O007,Concretado,sintetico
V001780,2025-07-17,C0159,O007,Concretado,sintetico
V001781,2025-07-18,C0148,O007,Concretado,sintetico
V001782,2025-07-18,C0154,O007,Concretado,sintetico
V001783,2025-07-19,C0145,O007,Concretado,sintetico
V001784,2025-07-19,C0146,O007,Concretado,sintetico
V001785,2025-07-22,C0145,O007,Concretado,sintetico
V001786,2025-07-22,C0147,O007,Concretado,sintetico
V001787,2025-07-27,C0146,O007,Concretado,sintetico
V001788,2025-07-27,C0156,O007,Concretado,sintetico
V001789,2025-07-28,C0147,O007,Concretado,sintetico
V001790,2025-07-28,C0154,O007,Concretado,sintetico
V001791,2025-08-01,C0146,O007,Concretado,sintetico
V001792,2025-08-03,C0148,O007,Concretado,sintetico
V001793,2025-08-03,C0167,O007,Concretado,sintetico
V001794,2025-08-06,C0147,O007,Concretado,sintetico
V001795,2025-08-06,C0153,O007,Concretado,sintetico
V001796,2025-08-10,C0145,O007,Concretado,sintetico
V001797,2025-08-10,C0162,O007,Concretado,sintetico
V001798,2025-08-13,C0147,O007,Concretado,sintetico
V001799,2025-08-13,C0153,O007,Concretado,sintetico
V001800,2025-08-17,C0145,O007,Concretado,sintetico
V001801,2025-08-17,C0146,O007,Concretado,sintetico
V001802,2025-08-20,C0146,O007,Concretado,sintetico
V001803,2025-08-20,C0148,O007,Concretado,sintetico
V001804,2025-08-21,C0148,O007,Concretado,sintetico
V001805,2025-08-21,C0164,O007,Concretado,sintetico
V001806,2025-08-23,C0145,O007,Concretado,sintetico
V001807,2025-08-23,C0164,O007,Concretado,sintetico
V001808,2025-08-26,C0154,O007,Concretado,sintetico
V001809,2025-08-26,C0161,O007,Concretado,sintetico
V001810,2025-08-27,C0146,O007,Concretado,sintetico
V001811,2025-08-31,C0148,O007,Concretado,sintetico
V001812,2025-08-31,C0166,O007,Concretado,sintetico
V001813,2025-09-05,C0146,O007,Concretado,sintetico
V001814,2025-09-05,C0155,O007,Concretado,sintetico
V001815,2025-09-08,C0155,O007,Concretado,sintetico
V001816,2025-09-08,C0160,O007,Concretado,sintetico
V001817,2025-09-09,C0146,O007,Concretado,sintetico
V001818,2025-09-09,C0162,O007,Concretado,sintetico
V001819,2025-09-12,C0159,O007,Concretado,sintetico
V001820,2025-09-12,C0161,O007,Concretado,sintetico
V001821,2025-09-13,C0147,O007,Concretado,sintetico
V001822,2025-09-13,C0150,O007,Concretado,sintetico
V001823,2025-09-15,C0145,O007,Concretado,sintetico
V001824,2025-09-15,C0148,O007,Concretado,sintetico
V001825,2025-09-19,C0146,O007,Concretado,sintetico
V001826,2025-09-19,C0147,O007,Concretado,sintetico
V001827,2025-09-20,C0145,O007,Concretado,sintetico
V001828,2025-09-20,C0152,O007,Concretado,sintetico
V001829,2025-09-25,C0152,O007,Concretado,sintetico
V001830,2025-09-25,C0153,O007,Concretado,sintetico
V001831,2025-09-27,C0147,O007,Concretado,sintetico
V001832,2025-09-27,C0148,O007,Concretado,sintetico
V001833,2025-09-28,C0145,O007,Concretado,sintetico
V001834,2025-09-28,C0148,O007,Concretado,sintetico
V001835,2025-09-30,C0145,O007,Concretado,sintetico
V001836,2025-09-30,C0153,O007,Concretado,sintetico
V001837,2025-10-01,C0147,O007,Concretado,sintetico
V001838,2025-10-01,C0157,O007,Concretado,sintetico
V001839,2025-10-03,C0155,O007,Concretado,sintetico
V001840,2025-10-03,C0156,O007,Concretado,sintetico
V001841,2025-10-05,C0146,O007,Concretado,sintetico
V001842,2025-10-05,C0157,O007,Concretado,sintetico
V001843,2025-10-07,C0147,O007,Concretado,sintetico
V001844,2025-10-07,C0163,O007,Concretado,sintetico
V001845,2025-10-15,C0146,O007,Concretado,sintetico
V001846,2025-10-15,C0151,O007,Concretado,sintetico
V001847,2025-10-18,C0148,O007,Concretado,sintetico
V001848,2025-10-18,C0166,O007,Concretado,sintetico
V001849,2025-10-20,C0147,O007,Concretado,sintetico
V001850,2025-10-20,C0153,O007,Concretado,sintetico
V001851,2025-10-24,C0145,O007,Concretado,sintetico
V001852,2025-10-24,C0162,O007,Concretado,sintetico
V001853,2025-10-27,C0148,O007,Concretado,sintetico
V001854,2025-10-27,C0161,O007,Concretado,sintetico
V001855,2025-10-29,C0145,O007,Concretado,sintetico
V001856,2025-10-29,C0155,O007,Concretado,sintetico
V001857,2025-10-30,C0146,O007,Concretado,sintetico
V001858,2025-10-30,C0157,O007,Concretado,sintetico
V001859,2025-10-31,C0146,O007,Concretado,sintetico
V001860,2025-10-31,C0147,O007,Concretado,sintetico
V001861,2025-11-05,C0146,O007,Concretado,sintetico
V001862,2025-11-05,C0165,O007,Concretado,sintetico
V001863,2025-11-07,C0147,O007,Concretado,sintetico
V001864,2025-11-07,C0165,O007,Concretado,sintetico
V001865,2025-11-08,C0145,O007,Concretado,sintetico
V001866,2025-11-08,C0167,O007,Concretado,sintetico
V001867,2025-11-11,C0145,O007,Concretado,sintetico
V001868,2025-11-11,C0148,O007,Concretado,sintetico
V001869,2025-11-12,C0145,O007,Concretado,sintetico
V001870,2025-11-12,C0151,O007,Concretado,sintetico
V001871,2025-11-18,C0147,O007,Concretado,sintetico
V001872,2025-11-18,C0166,O007,Concretado,sintetico
V001873,2025-11-20,C0147,O007,Concretado,sintetico
V001874,2025-11-20,C0154,O007,Concretado,sintetico
V001875,2025-11-21,C0146,O007,Concretado,sintetico
V001876,2025-11-21,C0149,O007,Concretado,sintetico
V001877,2025-11-26,C0145,O007,Concretado,sintetico
V001878,2025-11-26,C0146,O007,Concretado,sintetico
V001879,2025-11-27,C0148,O007,Concretado,sintetico
V001880,2025-11-27,C0154,O007,Concretado,sintetico
V001881,2025-11-28,C0146,O007,Concretado,sintetico
V001882,2025-11-28,C0166,O007,Concretado,sintetico
V001883,2025-11-29,C0148,O007,Concretado,sintetico
V001884,2025-12-01,C0145,O007,Concretado,sintetico
V001885,2025-12-01,C0148,O007,Concretado,sintetico
V001886,2025-12-02,C0156,O007,Concretado,sintetico
V001887,2025-12-02,C0159,O007,Concretado,sintetico
V001888,2025-12-07,C0151,O007,Concretado,sintetico
V001889,2025-12-07,C0152,O007,Concretado,sintetico
V001890,2025-12-09,C0148,O007,Concretado,sintetico
V001891,2025-12-09,C0160,O007,Concretado,sintetico
V001892,2025-12-12,C0148,O007,Concretado,sintetico
V001893,2025-12-12,C0160,O007,Concretado,sintetico
V001894,2025-12-13,C0145,O007,Concretado,sintetico
V001895,2025-12-13,C0150,O007,Concretado,sintetico
V001896,2025-12-17,C0156,O007,Concretado,sintetico
V001897,2025-12-17,C0158,O007,Concretado,sintetico
V001898,2025-12-20,C0153,O007,Concretado,sintetico
V001899,2025-12-20,C0156,O007,Concretado,sintetico
V001900,2025-12-25,C0152,O007,Concretado,sintetico
V001901,2025-12-25,C0160,O007,Concretado,sintetico
V001902,2025-12-26,C0146,O007,Concretado,sintetico
V001903,2025-12-26,C0168,O007,Concretado,sintetico
V001904,2025-12-27,C0145,O007,Concretado,sintetico
V001905,2025-12-27,C0146,O007,Concretado,sintetico
V001906,2025-12-29,C0148,O007,Concretado,sintetico
V001907,2025-12-29,C0164,O007,Concretado,sintetico
V001908,2025-01-04,C0170,O008,Concretado,sintetico
V001909,2025-01-04,C0175,O008,Concretado,sintetico
V001910,2025-01-07,C0182,O008,Concretado,sintetico
V001911,2025-01-07,C0187,O008,Concretado,sintetico
V001912,2025-01-09,C0171,O008,Concretado,sintetico
V001913,2025-01-09,C0181,O008,Concretado,sintetico
V001914,2025-01-10,C0170,O008,Concretado,sintetico
V001915,2025-01-10,C0172,O008,Concretado,sintetico
V001916,2025-01-14,C0172,O008,Concretado,sintetico
V001917,2025-01-16,C0172,O008,Concretado,sintetico
V001918,2025-01-17,C0169,O008,Concretado,sintetico
V001919,2025-01-17,C0179,O008,Concretado,sintetico
V001920,2025-01-20,C0170,O008,Concretado,sintetico
V001921,2025-01-20,C0173,O008,Concretado,sintetico
V001922,2025-01-23,C0169,O008,Concretado,sintetico
V001923,2025-01-23,C0172,O008,Concretado,sintetico
V001924,2025-01-24,C0176,O008,Concretado,sintetico
V001925,2025-01-24,C0188,O008,Concretado,sintetico
V001926,2025-01-25,C0172,O008,Concretado,sintetico
V001927,2025-01-25,C0185,O008,Concretado,sintetico
V001928,2025-01-27,C0169,O008,Concretado,sintetico
V001929,2025-01-27,C0188,O008,Concretado,sintetico
V001930,2025-02-02,C0178,O008,Concretado,sintetico
V001931,2025-02-02,C0180,O008,Concretado,sintetico
V001932,2025-02-04,C0171,O008,Concretado,sintetico
V001933,2025-02-04,C0182,O008,Concretado,sintetico
V001934,2025-02-07,C0170,O008,Concretado,sintetico
V001935,2025-02-07,C0176,O008,Concretado,sintetico
V001936,2025-02-09,C0171,O008,Concretado,sintetico
V001937,2025-02-10,C0171,O008,Concretado,sintetico
V001938,2025-02-10,C0172,O008,Concretado,sintetico
V001939,2025-02-13,C0171,O008,Concretado,sintetico
V001940,2025-02-13,C0174,O008,Concretado,sintetico
V001941,2025-02-14,C0170,O008,Concretado,sintetico
V001942,2025-02-14,C0178,O008,Concretado,sintetico
V001943,2025-02-15,C0171,O008,Concretado,sintetico
V001944,2025-02-15,C0172,O008,Concretado,sintetico
V001945,2025-02-16,C0169,O008,Concretado,sintetico
V001946,2025-02-16,C0171,O008,Concretado,sintetico
V001947,2025-02-22,C0169,O008,Concretado,sintetico
V001948,2025-02-22,C0181,O008,Concretado,sintetico
V001949,2025-02-25,C0170,O008,Concretado,sintetico
V001950,2025-02-25,C0190,O008,Concretado,sintetico
V001951,2025-02-26,C0175,O008,Concretado,sintetico
V001952,2025-02-26,C0183,O008,Concretado,sintetico
V001953,2025-03-02,C0172,O008,Concretado,sintetico
V001954,2025-03-03,C0169,O008,Concretado,sintetico
V001955,2025-03-03,C0172,O008,Concretado,sintetico
V001956,2025-03-04,C0169,O008,Concretado,sintetico
V001957,2025-03-04,C0187,O008,Concretado,sintetico
V001958,2025-03-08,C0170,O008,Concretado,sintetico
V001959,2025-03-08,C0171,O008,Concretado,sintetico
V001960,2025-03-12,C0169,O008,Concretado,sintetico
V001961,2025-03-12,C0185,O008,Concretado,sintetico
V001962,2025-03-17,C0169,O008,Concretado,sintetico
V001963,2025-03-17,C0171,O008,Concretado,sintetico
V001964,2025-03-18,C0170,O008,Concretado,sintetico
V001965,2025-03-18,C0182,O008,Concretado,sintetico
V001966,2025-03-20,C0171,O008,Concretado,sintetico
V001967,2025-03-20,C0186,O008,Concretado,sintetico
V001968,2025-03-25,C0172,O008,Concretado,sintetico
V001969,2025-03-25,C0186,O008,Concretado,sintetico
V001970,2025-03-29,C0183,O008,Concretado,sintetico
V001971,2025-03-29,C0186,O008,Concretado,sintetico
V001972,2025-03-30,C0169,O008,Concretado,sintetico
V001973,2025-03-30,C0172,O008,Concretado,sintetico
V001974,2025-03-31,C0169,O008,Concretado,sintetico
V001975,2025-03-31,C0186,O008,Concretado,sintetico
V001976,2025-04-01,C0170,O008,Concretado,sintetico
V001977,2025-04-01,C0172,O008,Concretado,sintetico
V001978,2025-04-05,C0171,O008,Concretado,sintetico
V001979,2025-04-05,C0172,O008,Concretado,sintetico
V001980,2025-04-08,C0178,O008,Concretado,sintetico
V001981,2025-04-08,C0187,O008,Concretado,sintetico
V001982,2025-04-13,C0169,O008,Concretado,sintetico
V001983,2025-04-13,C0180,O008,Concretado,sintetico
V001984,2025-04-15,C0170,O008,Concretado,sintetico
V001985,2025-04-15,C0172,O008,Concretado,sintetico
V001986,2025-04-19,C0170,O008,Concretado,sintetico
V001987,2025-04-19,C0178,O008,Concretado,sintetico
V001988,2025-04-21,C0177,O008,Concretado,sintetico
V001989,2025-04-21,C0185,O008,Concretado,sintetico
V001990,2025-04-22,C0189,O008,Concretado,sintetico
V001991,2025-04-24,C0182,O008,Concretado,sintetico
V001992,2025-04-24,C0192,O008,Concretado,sintetico
V001993,2025-04-26,C0170,O008,Concretado,sintetico
V001994,2025-04-26,C0172,O008,Concretado,sintetico
V001995,2025-04-28,C0170,O008,Concretado,sintetico
V001996,2025-04-28,C0190,O008,Concretado,sintetico
V001997,2025-04-29,C0172,O008,Concretado,sintetico
V001998,2025-04-29,C0175,O008,Concretado,sintetico
V001999,2025-05-01,C0170,O008,Concretado,sintetico
V002000,2025-05-01,C0186,O008,Concretado,sintetico
V002001,2025-05-03,C0170,O008,Concretado,sintetico
V002002,2025-05-03,C0173,O008,Concretado,sintetico
V002003,2025-05-04,C0172,O008,Concretado,sintetico
V002004,2025-05-04,C0180,O008,Concretado,sintetico
V002005,2025-05-05,C0170,O008,Concretado,sintetico
V002006,2025-05-06,C0174,O008,Concretado,sintetico
V002007,2025-05-06,C0182,O008,Concretado,sintetico
V002008,2025-05-08,C0171,O008,Concretado,sintetico
V002009,2025-05-08,C0177,O008,Concretado,sintetico
V002010,2025-05-10,C0171,O008,Concretado,sintetico
V002011,2025-05-10,C0180,O008,Concretado,sintetico
V002012,2025-05-13,C0170,O008,Concretado,sintetico
V002013,2025-05-13,C0173,O008,Concretado,sintetico
V002014,2025-05-15,C0171,O008,Concretado,sintetico
V002015,2025-05-18,C0169,O008,Concretado,sintetico
V002016,2025-05-29,C0170,O008,Concretado,sintetico
V002017,2025-05-29,C0179,O008,Concretado,sintetico
V002018,2025-05-30,C0169,O008,Concretado,sintetico
V002019,2025-05-30,C0171,O008,Concretado,sintetico
V002020,2025-06-03,C0186,O008,Concretado,sintetico
V002021,2025-06-03,C0192,O008,Concretado,sintetico
V002022,2025-06-09,C0170,O008,Concretado,sintetico
V002023,2025-06-09,C0192,O008,Concretado,sintetico
V002024,2025-06-10,C0173,O008,Concretado,sintetico
V002025,2025-06-10,C0184,O008,Concretado,sintetico
V002026,2025-06-11,C0170,O008,Concretado,sintetico
V002027,2025-06-11,C0172,O008,Concretado,sintetico
V002028,2025-06-12,C0169,O008,Concretado,sintetico
V002029,2025-06-12,C0176,O008,Concretado,sintetico
V002030,2025-06-15,C0172,O008,Concretado,sintetico
V002031,2025-06-15,C0185,O008,Concretado,sintetico
V002032,2025-06-16,C0170,O008,Concretado,sintetico
V002033,2025-06-16,C0177,O008,Concretado,sintetico
V002034,2025-06-20,C0169,O008,Concretado,sintetico
V002035,2025-06-20,C0176,O008,Concretado,sintetico
V002036,2025-06-21,C0172,O008,Concretado,sintetico
V002037,2025-06-23,C0170,O008,Concretado,sintetico
V002038,2025-06-23,C0175,O008,Concretado,sintetico
V002039,2025-06-24,C0170,O008,Concretado,sintetico
V002040,2025-06-29,C0170,O008,Concretado,sintetico
V002041,2025-06-29,C0172,O008,Concretado,sintetico
V002042,2025-07-02,C0170,O008,Concretado,sintetico
V002043,2025-07-02,C0189,O008,Concretado,sintetico
V002044,2025-07-05,C0171,O008,Concretado,sintetico
V002045,2025-07-08,C0171,O008,Concretado,sintetico
V002046,2025-07-08,C0172,O008,Concretado,sintetico
V002047,2025-07-10,C0169,O008,Concretado,sintetico
V002048,2025-07-10,C0174,O008,Concretado,sintetico
V002049,2025-07-14,C0170,O008,Concretado,sintetico
V002050,2025-07-14,C0177,O008,Concretado,sintetico
V002051,2025-07-15,C0169,O008,Concretado,sintetico
V002052,2025-07-15,C0185,O008,Concretado,sintetico
V002053,2025-07-16,C0169,O008,Concretado,sintetico
V002054,2025-07-16,C0172,O008,Concretado,sintetico
V002055,2025-07-20,C0169,O008,Concretado,sintetico
V002056,2025-07-20,C0172,O008,Concretado,sintetico
V002057,2025-07-21,C0170,O008,Concretado,sintetico
V002058,2025-07-21,C0190,O008,Concretado,sintetico
V002059,2025-07-25,C0169,O008,Concretado,sintetico
V002060,2025-07-25,C0170,O008,Concretado,sintetico
V002061,2025-07-27,C0171,O008,Concretado,sintetico
V002062,2025-07-27,C0185,O008,Concretado,sintetico
V002063,2025-07-31,C0173,O008,Concretado,sintetico
V002064,2025-07-31,C0188,O008,Concretado,sintetico
V002065,2025-08-02,C0169,O008,Concretado,sintetico
V002066,2025-08-02,C0192,O008,Concretado,sintetico
V002067,2025-08-03,C0172,O008,Concretado,sintetico
V002068,2025-08-03,C0185,O008,Concretado,sintetico
V002069,2025-08-05,C0171,O008,Concretado,sintetico
V002070,2025-08-05,C0178,O008,Concretado,sintetico
V002071,2025-08-07,C0169,O008,Concretado,sintetico
V002072,2025-08-07,C0172,O008,Concretado,sintetico
V002073,2025-08-08,C0170,O008,Concretado,sintetico
V002074,2025-08-12,C0169,O008,Concretado,sintetico
V002075,2025-08-12,C0171,O008,Concretado,sintetico
V002076,2025-08-17,C0169,O008,Concretado,sintetico
V002077,2025-08-17,C0173,O008,Concretado,sintetico
V002078,2025-08-23,C0183,O008,Concretado,sintetico
V002079,2025-08-23,C0187,O008,Concretado,sintetico
V002080,2025-08-26,C0169,O008,Concretado,sintetico
V002081,2025-08-26,C0176,O008,Concretado,sintetico
V002082,2025-08-27,C0172,O008,Concretado,sintetico
V002083,2025-08-27,C0177,O008,Concretado,sintetico
V002084,2025-08-28,C0171,O008,Concretado,sintetico
V002085,2025-08-28,C0183,O008,Concretado,sintetico
V002086,2025-08-31,C0172,O008,Concretado,sintetico
V002087,2025-08-31,C0173,O008,Concretado,sintetico
V002088,2025-09-01,C0171,O008,Concretado,sintetico
V002089,2025-09-01,C0174,O008,Concretado,sintetico
V002090,2025-09-04,C0171,O008,Concretado,sintetico
V002091,2025-09-04,C0185,O008,Concretado,sintetico
V002092,2025-09-05,C0169,O008,Concretado,sintetico
V002093,2025-09-05,C0170,O008,Concretado,sintetico
V002094,2025-09-11,C0171,O008,Concretado,sintetico
V002095,2025-09-11,C0172,O008,Concretado,sintetico
V002096,2025-09-12,C0171,O008,Concretado,sintetico
V002097,2025-09-12,C0184,O008,Concretado,sintetico
V002098,2025-09-16,C0169,O008,Concretado,sintetico
V002099,2025-09-16,C0172,O008,Concretado,sintetico
V002100,2025-09-17,C0169,O008,Concretado,sintetico
V002101,2025-09-17,C0172,O008,Concretado,sintetico
V002102,2025-09-18,C0171,O008,Concretado,sintetico
V002103,2025-09-18,C0192,O008,Concretado,sintetico
V002104,2025-09-20,C0179,O008,Concretado,sintetico
V002105,2025-09-20,C0190,O008,Concretado,sintetico
V002106,2025-09-21,C0170,O008,Concretado,sintetico
V002107,2025-09-21,C0171,O008,Concretado,sintetico
V002108,2025-09-22,C0170,O008,Concretado,sintetico
V002109,2025-09-22,C0171,O008,Concretado,sintetico
V002110,2025-09-30,C0169,O008,Concretado,sintetico
V002111,2025-09-30,C0182,O008,Concretado,sintetico
V002112,2025-10-01,C0169,O008,Concretado,sintetico
V002113,2025-10-01,C0170,O008,Concretado,sintetico
V002114,2025-10-02,C0169,O008,Concretado,sintetico
V002115,2025-10-02,C0182,O008,Concretado,sintetico
V002116,2025-10-03,C0172,O008,Concretado,sintetico
V002117,2025-10-03,C0189,O008,Concretado,sintetico
V002118,2025-10-18,C0172,O008,Concretado,sintetico
V002119,2025-10-20,C0171,O008,Concretado,sintetico
V002120,2025-10-20,C0185,O008,Concretado,sintetico
V002121,2025-10-21,C0169,O008,Concretado,sintetico
V002122,2025-10-21,C0191,O008,Concretado,sintetico
V002123,2025-10-22,C0170,O008,Concretado,sintetico
V002124,2025-10-22,C0192,O008,Concretado,sintetico
V002125,2025-10-24,C0171,O008,Concretado,sintetico
V002126,2025-10-24,C0184,O008,Concretado,sintetico
V002127,2025-10-26,C0169,O008,Concretado,sintetico
V002128,2025-10-26,C0172,O008,Concretado,sintetico
V002129,2025-10-28,C0169,O008,Concretado,sintetico
V002130,2025-10-30,C0172,O008,Concretado,sintetico
V002131,2025-10-30,C0179,O008,Concretado,sintetico
V002132,2025-10-31,C0169,O008,Concretado,sintetico
V002133,2025-10-31,C0171,O008,Concretado,sintetico
V002134,2025-11-01,C0170,O008,Concretado,sintetico
V002135,2025-11-01,C0176,O008,Concretado,sintetico
V002136,2025-11-06,C0179,O008,Concretado,sintetico
V002137,2025-11-06,C0183,O008,Concretado,sintetico
V002138,2025-11-07,C0170,O008,Concretado,sintetico
V002139,2025-11-07,C0190,O008,Concretado,sintetico
V002140,2025-11-08,C0172,O008,Concretado,sintetico
V002141,2025-11-08,C0189,O008,Concretado,sintetico
V002142,2025-11-11,C0171,O008,Concretado,sintetico
V002143,2025-11-11,C0175,O008,Concretado,sintetico
V002144,2025-11-13,C0173,O008,Concretado,sintetico
V002145,2025-11-13,C0183,O008,Concretado,sintetico
V002146,2025-11-17,C0172,O008,Concretado,sintetico
V002147,2025-11-17,C0183,O008,Concretado,sintetico
V002148,2025-11-20,C0169,O008,Concretado,sintetico
V002149,2025-11-20,C0186,O008,Concretado,sintetico
V002150,2025-11-21,C0170,O008,Concretado,sintetico
V002151,2025-11-21,C0187,O008,Concretado,sintetico
V002152,2025-11-22,C0169,O008,Concretado,sintetico
V002153,2025-11-23,C0171,O008,Concretado,sintetico
V002154,2025-11-27,C0169,O008,Concretado,sintetico
V002155,2025-11-27,C0172,O008,Concretado,sintetico
V002156,2025-12-02,C0170,O008,Concretado,sintetico
V002157,2025-12-02,C0192,O008,Concretado,sintetico
V002158,2025-12-05,C0170,O008,Concretado,sintetico
V002159,2025-12-05,C0178,O008,Concretado,sintetico
V002160,2025-12-07,C0169,O008,Concretado,sintetico
V002161,2025-12-07,C0170,O008,Concretado,sintetico
V002162,2025-12-09,C0172,O008,Concretado,sintetico
V002163,2025-12-12,C0172,O008,Concretado,sintetico
V002164,2025-12-12,C0189,O008,Concretado,sintetico
V002165,2025-12-13,C0173,O008,Concretado,sintetico
V002166,2025-12-13,C0184,O008,Concretado,sintetico
V002167,2025-12-14,C0170,O008,Concretado,sintetico
V002168,2025-12-14,C0187,O008,Concretado,sintetico
V002169,2025-12-17,C0170,O008,Concretado,sintetico
V002170,2025-12-17,C0172,O008,Concretado,sintetico
V002171,2025-12-21,C0170,O008,Concretado,sintetico
V002172,2025-12-21,C0175,O008,Concretado,sintetico
V002173,2025-12-23,C0170,O008,Concretado,sintetico
V002174,2025-12-23,C0178,O008,Concretado,sintetico
V002175,2025-12-27,C0173,O008,Concretado,sintetico
V002176,2025-12-27,C0181,O008,Concretado,sintetico
V002177,2025-12-29,C0170,O008,Concretado,sintetico
V002178,2025-12-29,C0188,O008,Concretado,sintetico
V002179,2025-01-01,C0193,O009,Concretado,sintetico
V002180,2025-01-01,C0195,O009,Concretado,sintetico
V002181,2025-01-04,C0195,O009,Concretado,sintetico
V002182,2025-01-04,C0216,O009,Concretado,sintetico
V002183,2025-01-07,C0194,O009,Concretado,sintetico
V002184,2025-01-07,C0216,O009,Concretado,sintetico
V002185,2025-01-12,C0201,O009,Concretado,sintetico
V002186,2025-01-12,C0204,O009,Concretado,sintetico
V002187,2025-01-15,C0195,O009,Concretado,sintetico
V002188,2025-01-15,C0206,O009,Concretado,sintetico
V002189,2025-01-20,C0194,O009,Concretado,sintetico
V002190,2025-01-20,C0209,O009,Concretado,sintetico
V002191,2025-01-21,C0193,O009,Concretado,sintetico
V002192,2025-01-21,C0209,O009,Concretado,sintetico
V002193,2025-01-23,C0209,O009,Concretado,sintetico
V002194,2025-01-23,C0211,O009,Concretado,sintetico
V002195,2025-01-24,C0196,O009,Concretado,sintetico
V002196,2025-01-26,C0208,O009,Concretado,sintetico
V002197,2025-01-26,C0212,O009,Concretado,sintetico
V002198,2025-01-27,C0193,O009,Concretado,sintetico
V002199,2025-01-27,C0195,O009,Concretado,sintetico
V002200,2025-01-29,C0210,O009,Concretado,sintetico
V002201,2025-01-29,C0216,O009,Concretado,sintetico
V002202,2025-02-02,C0194,O009,Concretado,sintetico
V002203,2025-02-02,C0214,O009,Concretado,sintetico
V002204,2025-02-05,C0193,O009,Concretado,sintetico
V002205,2025-02-05,C0195,O009,Concretado,sintetico
V002206,2025-02-08,C0193,O009,Concretado,sintetico
V002207,2025-02-10,C0193,O009,Concretado,sintetico
V002208,2025-02-10,C0206,O009,Concretado,sintetico
V002209,2025-02-13,C0195,O009,Concretado,sintetico
V002210,2025-02-13,C0213,O009,Concretado,sintetico
V002211,2025-02-14,C0196,O009,Concretado,sintetico
V002212,2025-02-15,C0196,O009,Concretado,sintetico
V002213,2025-02-15,C0203,O009,Concretado,sintetico
V002214,2025-02-18,C0194,O009,Concretado,sintetico
V002215,2025-02-18,C0209,O009,Concretado,sintetico
V002216,2025-02-22,C0195,O009,Concretado,sintetico
V002217,2025-02-23,C0196,O009,Concretado,sintetico
V002218,2025-02-23,C0197,O009,Concretado,sintetico
V002219,2025-02-25,C0195,O009,Concretado,sintetico
V002220,2025-02-25,C0212,O009,Concretado,sintetico
V002221,2025-02-26,C0194,O009,Concretado,sintetico
V002222,2025-02-26,C0195,O009,Concretado,sintetico
V002223,2025-03-03,C0194,O009,Concretado,sintetico
V002224,2025-03-03,C0212,O009,Concretado,sintetico
V002225,2025-03-09,C0203,O009,Concretado,sintetico
V002226,2025-03-09,C0214,O009,Concretado,sintetico
V002227,2025-03-11,C0193,O009,Concretado,sintetico
V002228,2025-03-13,C0194,O009,Concretado,sintetico
V002229,2025-03-13,C0210,O009,Concretado,sintetico
V002230,2025-03-16,C0193,O009,Concretado,sintetico
V002231,2025-03-16,C0194,O009,Concretado,sintetico
V002232,2025-03-17,C0193,O009,Concretado,sintetico
V002233,2025-03-17,C0195,O009,Concretado,sintetico
V002234,2025-03-21,C0195,O009,Concretado,sintetico
V002235,2025-03-21,C0204,O009,Concretado,sintetico
V002236,2025-03-23,C0197,O009,Concretado,sintetico
V002237,2025-03-23,C0216,O009,Concretado,sintetico
V002238,2025-03-24,C0194,O009,Concretado,sintetico
V002239,2025-03-24,C0195,O009,Concretado,sintetico
V002240,2025-03-27,C0194,O009,Concretado,sintetico
V002241,2025-03-27,C0213,O009,Concretado,sintetico
V002242,2025-03-29,C0193,O009,Concretado,sintetico
V002243,2025-03-29,C0194,O009,Concretado,sintetico
V002244,2025-03-31,C0193,O009,Concretado,sintetico
V002245,2025-03-31,C0213,O009,Concretado,sintetico
V002246,2025-04-02,C0193,O009,Concretado,sintetico
V002247,2025-04-02,C0207,O009,Concretado,sintetico
V002248,2025-04-04,C0195,O009,Concretado,sintetico
V002249,2025-04-04,C0201,O009,Concretado,sintetico
V002250,2025-04-07,C0193,O009,Concretado,sintetico
V002251,2025-04-07,C0204,O009,Concretado,sintetico
V002252,2025-04-08,C0194,O009,Concretado,sintetico
V002253,2025-04-08,C0195,O009,Concretado,sintetico
V002254,2025-04-09,C0196,O009,Concretado,sintetico
V002255,2025-04-09,C0216,O009,Concretado,sintetico
V002256,2025-04-10,C0196,O009,Concretado,sintetico
V002257,2025-04-10,C0211,O009,Concretado,sintetico
V002258,2025-04-15,C0196,O009,Concretado,sintetico
V002259,2025-04-15,C0205,O009,Concretado,sintetico
V002260,2025-04-18,C0193,O009,Concretado,sintetico
V002261,2025-04-18,C0195,O009,Concretado,sintetico
V002262,2025-04-19,C0197,O009,Concretado,sintetico
V002263,2025-04-19,C0207,O009,Concretado,sintetico
V002264,2025-04-20,C0193,O009,Concretado,sintetico
V002265,2025-04-20,C0199,O009,Concretado,sintetico
V002266,2025-04-28,C0193,O009,Concretado,sintetico
V002267,2025-04-28,C0196,O009,Concretado,sintetico
V002268,2025-04-30,C0196,O009,Concretado,sintetico
V002269,2025-04-30,C0214,O009,Concretado,sintetico
V002270,2025-05-02,C0193,O009,Concretado,sintetico
V002271,2025-05-03,C0193,O009,Concretado,sintetico
V002272,2025-05-03,C0214,O009,Concretado,sintetico
V002273,2025-05-05,C0193,O009,Concretado,sintetico
V002274,2025-05-05,C0198,O009,Concretado,sintetico
V002275,2025-05-07,C0194,O009,Concretado,sintetico
V002276,2025-05-07,C0212,O009,Concretado,sintetico
V002277,2025-05-11,C0193,O009,Concretado,sintetico
V002278,2025-05-11,C0196,O009,Concretado,sintetico
V002279,2025-05-12,C0195,O009,Concretado,sintetico
V002280,2025-05-12,C0196,O009,Concretado,sintetico
V002281,2025-05-13,C0193,O009,Concretado,sintetico
V002282,2025-05-13,C0194,O009,Concretado,sintetico
V002283,2025-05-20,C0196,O009,Concretado,sintetico
V002284,2025-05-20,C0208,O009,Concretado,sintetico
V002285,2025-05-26,C0193,O009,Concretado,sintetico
V002286,2025-05-26,C0194,O009,Concretado,sintetico
V002287,2025-05-27,C0194,O009,Concretado,sintetico
V002288,2025-05-27,C0199,O009,Concretado,sintetico
V002289,2025-05-28,C0196,O009,Concretado,sintetico
V002290,2025-05-28,C0215,O009,Concretado,sintetico
V002291,2025-05-29,C0194,O009,Concretado,sintetico
V002292,2025-05-29,C0212,O009,Concretado,sintetico
V002293,2025-06-05,C0195,O009,Concretado,sintetico
V002294,2025-06-05,C0197,O009,Concretado,sintetico
V002295,2025-06-06,C0193,O009,Concretado,sintetico
V002296,2025-06-06,C0194,O009,Concretado,sintetico
V002297,2025-06-07,C0196,O009,Concretado,sintetico
V002298,2025-06-09,C0193,O009,Concretado,sintetico
V002299,2025-06-09,C0198,O009,Concretado,sintetico
V002300,2025-06-13,C0193,O009,Concretado,sintetico
V002301,2025-06-13,C0195,O009,Concretado,sintetico
V002302,2025-06-15,C0195,O009,Concretado,sintetico
V002303,2025-06-15,C0207,O009,Concretado,sintetico
V002304,2025-06-20,C0194,O009,Concretado,sintetico
V002305,2025-06-20,C0196,O009,Concretado,sintetico
V002306,2025-06-21,C0194,O009,Concretado,sintetico
V002307,2025-06-21,C0196,O009,Concretado,sintetico
V002308,2025-06-24,C0197,O009,Concretado,sintetico
V002309,2025-06-24,C0200,O009,Concretado,sintetico
V002310,2025-06-26,C0194,O009,Concretado,sintetico
V002311,2025-06-26,C0214,O009,Concretado,sintetico
V002312,2025-06-28,C0196,O009,Concretado,sintetico
V002313,2025-06-28,C0205,O009,Concretado,sintetico
V002314,2025-06-30,C0196,O009,Concretado,sintetico
V002315,2025-06-30,C0202,O009,Concretado,sintetico
V002316,2025-07-01,C0193,O009,Concretado,sintetico
V002317,2025-07-01,C0195,O009,Concretado,sintetico
V002318,2025-07-03,C0201,O009,Concretado,sintetico
V002319,2025-07-03,C0207,O009,Concretado,sintetico
V002320,2025-07-05,C0195,O009,Concretado,sintetico
V002321,2025-07-05,C0196,O009,Concretado,sintetico
V002322,2025-07-09,C0199,O009,Concretado,sintetico
V002323,2025-07-09,C0205,O009,Concretado,sintetico
V002324,2025-07-10,C0196,O009,Concretado,sintetico
V002325,2025-07-10,C0200,O009,Concretado,sintetico
V002326,2025-07-14,C0193,O009,Concretado,sintetico
V002327,2025-07-14,C0196,O009,Concretado,sintetico
V002328,2025-07-18,C0194,O009,Concretado,sintetico
V002329,2025-07-18,C0197,O009,Concretado,sintetico
V002330,2025-07-23,C0193,O009,Concretado,sintetico
V002331,2025-07-23,C0195,O009,Concretado,sintetico
V002332,2025-07-25,C0203,O009,Concretado,sintetico
V002333,2025-07-25,C0212,O009,Concretado,sintetico
V002334,2025-07-28,C0214,O009,Concretado,sintetico
V002335,2025-07-28,C0216,O009,Concretado,sintetico
V002336,2025-07-29,C0194,O009,Concretado,sintetico
V002337,2025-07-29,C0215,O009,Concretado,sintetico
V002338,2025-07-30,C0195,O009,Concretado,sintetico
V002339,2025-08-01,C0196,O009,Concretado,sintetico
V002340,2025-08-01,C0201,O009,Concretado,sintetico
V002341,2025-08-02,C0196,O009,Concretado,sintetico
V002342,2025-08-02,C0208,O009,Concretado,sintetico
V002343,2025-08-04,C0193,O009,Concretado,sintetico
V002344,2025-08-04,C0194,O009,Concretado,sintetico
V002345,2025-08-05,C0194,O009,Concretado,sintetico
V002346,2025-08-05,C0211,O009,Concretado,sintetico
V002347,2025-08-06,C0193,O009,Concretado,sintetico
V002348,2025-08-07,C0195,O009,Concretado,sintetico
V002349,2025-08-07,C0214,O009,Concretado,sintetico
V002350,2025-08-16,C0193,O009,Concretado,sintetico
V002351,2025-08-16,C0195,O009,Concretado,sintetico
V002352,2025-08-17,C0194,O009,Concretado,sintetico
V002353,2025-08-17,C0210,O009,Concretado,sintetico
V002354,2025-08-19,C0194,O009,Concretado,sintetico
V002355,2025-08-19,C0210,O009,Concretado,sintetico
V002356,2025-08-20,C0193,O009,Concretado,sintetico
V002357,2025-08-20,C0195,O009,Concretado,sintetico
V002358,2025-08-25,C0193,O009,Concretado,sintetico
V002359,2025-08-25,C0215,O009,Concretado,sintetico
V002360,2025-08-31,C0194,O009,Concretado,sintetico
V002361,2025-08-31,C0212,O009,Concretado,sintetico
V002362,2025-09-01,C0195,O009,Concretado,sintetico
V002363,2025-09-01,C0214,O009,Concretado,sintetico
V002364,2025-09-03,C0195,O009,Concretado,sintetico
V002365,2025-09-03,C0209,O009,Concretado,sintetico
V002366,2025-09-05,C0199,O009,Concretado,sintetico
V002367,2025-09-05,C0215,O009,Concretado,sintetico
V002368,2025-09-14,C0193,O009,Concretado,sintetico
V002369,2025-09-14,C0195,O009,Concretado,sintetico
V002370,2025-09-15,C0197,O009,Concretado,sintetico
V002371,2025-09-15,C0207,O009,Concretado,sintetico
V002372,2025-09-16,C0193,O009,Concretado,sintetico
V002373,2025-09-16,C0195,O009,Concretado,sintetico
V002374,2025-09-17,C0196,O009,Concretado,sintetico
V002375,2025-09-17,C0208,O009,Concretado,sintetico
V002376,2025-09-20,C0196,O009,Concretado,sintetico
V002377,2025-09-20,C0206,O009,Concretado,sintetico
V002378,2025-09-21,C0206,O009,Concretado,sintetico
V002379,2025-09-21,C0211,O009,Concretado,sintetico
V002380,2025-09-22,C0193,O009,Concretado,sintetico
V002381,2025-09-22,C0210,O009,Concretado,sintetico
V002382,2025-09-26,C0195,O009,Concretado,sintetico
V002383,2025-09-26,C0215,O009,Concretado,sintetico
V002384,2025-09-30,C0194,O009,Concretado,sintetico
V002385,2025-09-30,C0215,O009,Concretado,sintetico
V002386,2025-10-03,C0194,O009,Concretado,sintetico
V002387,2025-10-03,C0196,O009,Concretado,sintetico
V002388,2025-10-05,C0193,O009,Concretado,sintetico
V002389,2025-10-05,C0194,O009,Concretado,sintetico
V002390,2025-10-07,C0196,O009,Concretado,sintetico
V002391,2025-10-07,C0210,O009,Concretado,sintetico
V002392,2025-10-08,C0201,O009,Concretado,sintetico
V002393,2025-10-08,C0211,O009,Concretado,sintetico
V002394,2025-10-09,C0196,O009,Concretado,sintetico
V002395,2025-10-09,C0206,O009,Concretado,sintetico
V002396,2025-10-12,C0201,O009,Concretado,sintetico
V002397,2025-10-12,C0211,O009,Concretado,sintetico
V002398,2025-10-20,C0193,O009,Concretado,sintetico
V002399,2025-10-20,C0196,O009,Concretado,sintetico
V002400,2025-10-21,C0194,O009,Concretado,sintetico
V002401,2025-10-23,C0194,O009,Concretado,sintetico
V002402,2025-10-23,C0204,O009,Concretado,sintetico
V002403,2025-10-24,C0193,O009,Concretado,sintetico
V002404,2025-10-24,C0194,O009,Concretado,sintetico
V002405,2025-10-25,C0196,O009,Concretado,sintetico
V002406,2025-10-25,C0200,O009,Concretado,sintetico
V002407,2025-10-30,C0194,O009,Concretado,sintetico
V002408,2025-10-30,C0201,O009,Concretado,sintetico
V002409,2025-11-02,C0194,O009,Concretado,sintetico
V002410,2025-11-02,C0195,O009,Concretado,sintetico
V002411,2025-11-06,C0195,O009,Concretado,sintetico
V002412,2025-11-06,C0196,O009,Concretado,sintetico
V002413,2025-11-07,C0196,O009,Concretado,sintetico
V002414,2025-11-15,C0194,O009,Concretado,sintetico
V002415,2025-11-15,C0206,O009,Concretado,sintetico
V002416,2025-11-16,C0194,O009,Concretado,sintetico
V002417,2025-11-17,C0212,O009,Concretado,sintetico
V002418,2025-11-17,C0213,O009,Concretado,sintetico
V002419,2025-11-21,C0193,O009,Concretado,sintetico
V002420,2025-11-21,C0195,O009,Concretado,sintetico
V002421,2025-11-23,C0194,O009,Concretado,sintetico
V002422,2025-11-23,C0197,O009,Concretado,sintetico
V002423,2025-11-24,C0193,O009,Concretado,sintetico
V002424,2025-11-24,C0209,O009,Concretado,sintetico
V002425,2025-11-27,C0211,O009,Concretado,sintetico
V002426,2025-11-27,C0213,O009,Concretado,sintetico
V002427,2025-11-28,C0194,O009,Concretado,sintetico
V002428,2025-11-28,C0213,O009,Concretado,sintetico
V002429,2025-11-29,C0195,O009,Concretado,sintetico
V002430,2025-11-29,C0215,O009,Concretado,sintetico
V002431,2025-12-03,C0195,O009,Concretado,sintetico
V002432,2025-12-03,C0205,O009,Concretado,sintetico
V002433,2025-12-06,C0194,O009,Concretado,sintetico
V002434,2025-12-06,C0196,O009,Concretado,sintetico
V002435,2025-12-07,C0193,O009,Concretado,sintetico
V002436,2025-12-07,C0195,O009,Concretado,sintetico
V002437,2025-12-09,C0196,O009,Concretado,sintetico
V002438,2025-12-09,C0209,O009,Concretado,sintetico
V002439,2025-12-10,C0195,O009,Concretado,sintetico
V002440,2025-12-10,C0211,O009,Concretado,sintetico
V002441,2025-12-11,C0195,O009,Concretado,sintetico
V002442,2025-12-11,C0196,O009,Concretado,sintetico
V002443,2025-12-17,C0213,O009,Concretado,sintetico
V002444,2025-12-17,C0215,O009,Concretado,sintetico
V002445,2025-12-20,C0194,O009,Concretado,sintetico
V002446,2025-12-20,C0196,O009,Concretado,sintetico
V002447,2025-12-23,C0195,O009,Concretado,sintetico
V002448,2025-12-23,C0196,O009,Concretado,sintetico
V002449,2025-12-24,C0196,O009,Concretado,sintetico
V002450,2025-12-24,C0201,O009,Concretado,sintetico
V002451,2025-12-28,C0196,O009,Concretado,sintetico
V002452,2025-12-28,C0207,O009,Concretado,sintetico
V002453,2025-12-31,C0193,O009,Concretado,sintetico
V002454,2025-12-31,C0208,O009,Concretado,sintetico
V002455,2025-01-02,C0219,O010,Concretado,sintetico
V002456,2025-01-02,C0220,O010,Concretado,sintetico
V002457,2025-01-05,C0225,O010,Concretado,sintetico
V002458,2025-01-05,C0227,O010,Concretado,sintetico
V002459,2025-01-09,C0221,O010,Concretado,sintetico
V002460,2025-01-09,C0222,O010,Concretado,sintetico
V002461,2025-01-13,C0220,O010,Concretado,sintetico
V002462,2025-01-13,C0228,O010,Concretado,sintetico
V002463,2025-01-15,C0220,O010,Concretado,sintetico
V002464,2025-01-15,C0230,O010,Concretado,sintetico
V002465,2025-01-20,C0217,O010,Concretado,sintetico
V002466,2025-01-20,C0235,O010,Concretado,sintetico
V002467,2025-01-21,C0220,O010,Concretado,sintetico
V002468,2025-01-21,C0233,O010,Concretado,sintetico
V002469,2025-01-22,C0238,O010,Concretado,sintetico
V002470,2025-01-22,C0240,O010,Concretado,sintetico
V002471,2025-01-23,C0222,O010,Concretado,sintetico
V002472,2025-01-23,C0235,O010,Concretado,sintetico
V002473,2025-01-25,C0218,O010,Concretado,sintetico
V002474,2025-01-25,C0228,O010,Concretado,sintetico
V002475,2025-01-27,C0217,O010,Concretado,sintetico
V002476,2025-01-27,C0240,O010,Concretado,sintetico
V002477,2025-01-31,C0220,O010,Concretado,sintetico
V002478,2025-01-31,C0232,O010,Concretado,sintetico
V002479,2025-02-01,C0217,O010,Concretado,sintetico
V002480,2025-02-01,C0219,O010,Concretado,sintetico
V002481,2025-02-02,C0218,O010,Concretado,sintetico
V002482,2025-02-02,C0220,O010,Concretado,sintetico
V002483,2025-02-03,C0217,O010,Concretado,sintetico
V002484,2025-02-03,C0235,O010,Concretado,sintetico
V002485,2025-02-04,C0220,O010,Concretado,sintetico
V002486,2025-02-04,C0239,O010,Concretado,sintetico
V002487,2025-02-07,C0218,O010,Concretado,sintetico
V002488,2025-02-07,C0230,O010,Concretado,sintetico
V002489,2025-02-11,C0219,O010,Concretado,sintetico
V002490,2025-02-11,C0229,O010,Concretado,sintetico
V002491,2025-02-18,C0218,O010,Concretado,sintetico
V002492,2025-02-18,C0220,O010,Concretado,sintetico
V002493,2025-02-20,C0218,O010,Concretado,sintetico
V002494,2025-02-20,C0219,O010,Concretado,sintetico
V002495,2025-02-22,C0218,O010,Concretado,sintetico
V002496,2025-02-22,C0220,O010,Concretado,sintetico
V002497,2025-02-23,C0218,O010,Concretado,sintetico
V002498,2025-02-23,C0229,O010,Concretado,sintetico
V002499,2025-02-24,C0217,O010,Concretado,sintetico
V002500,2025-02-24,C0228,O010,Concretado,sintetico
V002501,2025-02-27,C0218,O010,Concretado,sintetico
V002502,2025-02-27,C0219,O010,Concretado,sintetico
V002503,2025-03-02,C0218,O010,Concretado,sintetico
V002504,2025-03-02,C0233,O010,Concretado,sintetico
V002505,2025-03-03,C0217,O010,Concretado,sintetico
V002506,2025-03-03,C0218,O010,Concretado,sintetico
V002507,2025-03-04,C0220,O010,Concretado,sintetico
V002508,2025-03-04,C0221,O010,Concretado,sintetico
V002509,2025-03-06,C0222,O010,Concretado,sintetico
V002510,2025-03-06,C0227,O010,Concretado,sintetico
V002511,2025-03-09,C0218,O010,Concretado,sintetico
V002512,2025-03-09,C0233,O010,Concretado,sintetico
V002513,2025-03-11,C0218,O010,Concretado,sintetico
V002514,2025-03-11,C0219,O010,Concretado,sintetico
V002515,2025-03-14,C0218,O010,Concretado,sintetico
V002516,2025-03-14,C0237,O010,Concretado,sintetico
V002517,2025-03-17,C0217,O010,Concretado,sintetico
V002518,2025-03-17,C0219,O010,Concretado,sintetico
V002519,2025-03-19,C0217,O010,Concretado,sintetico
V002520,2025-03-19,C0224,O010,Concretado,sintetico
V002521,2025-03-25,C0217,O010,Concretado,sintetico
V002522,2025-03-25,C0220,O010,Concretado,sintetico
V002523,2025-03-27,C0217,O010,Concretado,sintetico
V002524,2025-03-27,C0220,O010,Concretado,sintetico
V002525,2025-03-31,C0218,O010,Concretado,sintetico
V002526,2025-04-01,C0219,O010,Concretado,sintetico
V002527,2025-04-01,C0238,O010,Concretado,sintetico
V002528,2025-04-04,C0218,O010,Concretado,sintetico
V002529,2025-04-04,C0230,O010,Concretado,sintetico
V002530,2025-04-08,C0217,O010,Concretado,sintetico
V002531,2025-04-08,C0219,O010,Concretado,sintetico
V002532,2025-04-12,C0217,O010,Concretado,sintetico
V002533,2025-04-12,C0229,O010,Concretado,sintetico
V002534,2025-04-14,C0217,O010,Concretado,sintetico
V002535,2025-04-14,C0218,O010,Concretado,sintetico
V002536,2025-04-15,C0218,O010,Concretado,sintetico
V002537,2025-04-15,C0219,O010,Concretado,sintetico
V002538,2025-04-17,C0218,O010,Concretado,sintetico
V002539,2025-04-17,C0220,O010,Concretado,sintetico
V002540,2025-04-19,C0218,O010,Concretado,sintetico
V002541,2025-04-19,C0219,O010,Concretado,sintetico
V002542,2025-04-24,C0218,O010,Concretado,sintetico
V002543,2025-04-24,C0219,O010,Concretado,sintetico
V002544,2025-04-25,C0218,O010,Concretado,sintetico
V002545,2025-04-25,C0225,O010,Concretado,sintetico
V002546,2025-04-29,C0238,O010,Concretado,sintetico
V002547,2025-04-30,C0220,O010,Concretado,sintetico
V002548,2025-04-30,C0228,O010,Concretado,sintetico
V002549,2025-05-02,C0219,O010,Concretado,sintetico
V002550,2025-05-04,C0218,O010,Concretado,sintetico
V002551,2025-05-04,C0232,O010,Concretado,sintetico
V002552,2025-05-09,C0219,O010,Concretado,sintetico
V002553,2025-05-09,C0222,O010,Concretado,sintetico
V002554,2025-05-11,C0217,O010,Concretado,sintetico
V002555,2025-05-11,C0237,O010,Concretado,sintetico
V002556,2025-05-12,C0219,O010,Concretado,sintetico
V002557,2025-05-12,C0220,O010,Concretado,sintetico
V002558,2025-05-13,C0217,O010,Concretado,sintetico
V002559,2025-05-17,C0219,O010,Concretado,sintetico
V002560,2025-05-17,C0220,O010,Concretado,sintetico
V002561,2025-05-18,C0218,O010,Concretado,sintetico
V002562,2025-05-18,C0237,O010,Concretado,sintetico
V002563,2025-05-23,C0218,O010,Concretado,sintetico
V002564,2025-05-23,C0219,O010,Concretado,sintetico
V002565,2025-05-24,C0217,O010,Concretado,sintetico
V002566,2025-05-24,C0239,O010,Concretado,sintetico
V002567,2025-05-25,C0217,O010,Concretado,sintetico
V002568,2025-05-25,C0227,O010,Concretado,sintetico
V002569,2025-05-28,C0219,O010,Concretado,sintetico
V002570,2025-05-28,C0221,O010,Concretado,sintetico
V002571,2025-06-02,C0220,O010,Concretado,sintetico
V002572,2025-06-02,C0231,O010,Concretado,sintetico
V002573,2025-06-04,C0220,O010,Concretado,sintetico
V002574,2025-06-04,C0223,O010,Concretado,sintetico
V002575,2025-06-05,C0223,O010,Concretado,sintetico
V002576,2025-06-05,C0228,O010,Concretado,sintetico
V002577,2025-06-09,C0231,O010,Concretado,sintetico
V002578,2025-06-09,C0240,O010,Concretado,sintetico
V002579,2025-06-12,C0217,O010,Concretado,sintetico
V002580,2025-06-12,C0230,O010,Concretado,sintetico
V002581,2025-06-13,C0218,O010,Concretado,sintetico
V002582,2025-06-13,C0220,O010,Concretado,sintetico
V002583,2025-06-14,C0217,O010,Concretado,sintetico
V002584,2025-06-14,C0236,O010,Concretado,sintetico
V002585,2025-06-19,C0217,O010,Concretado,sintetico
V002586,2025-06-19,C0220,O010,Concretado,sintetico
V002587,2025-06-20,C0217,O010,Concretado,sintetico
V002588,2025-06-20,C0230,O010,Concretado,sintetico
V002589,2025-06-25,C0218,O010,Concretado,sintetico
V002590,2025-06-25,C0221,O010,Concretado,sintetico
V002591,2025-06-27,C0217,O010,Concretado,sintetico
V002592,2025-06-27,C0218,O010,Concretado,sintetico
V002593,2025-06-30,C0218,O010,Concretado,sintetico
V002594,2025-06-30,C0233,O010,Concretado,sintetico
V002595,2025-07-01,C0219,O010,Concretado,sintetico
V002596,2025-07-02,C0230,O010,Concretado,sintetico
V002597,2025-07-06,C0217,O010,Concretado,sintetico
V002598,2025-07-09,C0224,O010,Concretado,sintetico
V002599,2025-07-09,C0227,O010,Concretado,sintetico
V002600,2025-07-12,C0219,O010,Concretado,sintetico
V002601,2025-07-12,C0223,O010,Concretado,sintetico
V002602,2025-07-18,C0220,O010,Concretado,sintetico
V002603,2025-07-18,C0226,O010,Concretado,sintetico
V002604,2025-07-21,C0217,O010,Concretado,sintetico
V002605,2025-07-22,C0224,O010,Concretado,sintetico
V002606,2025-07-22,C0234,O010,Concretado,sintetico
V002607,2025-07-26,C0219,O010,Concretado,sintetico
V002608,2025-07-26,C0220,O010,Concretado,sintetico
V002609,2025-07-29,C0217,O010,Concretado,sintetico
V002610,2025-07-30,C0219,O010,Concretado,sintetico
V002611,2025-07-30,C0225,O010,Concretado,sintetico
V002612,2025-07-31,C0219,O010,Concretado,sintetico
V002613,2025-07-31,C0220,O010,Concretado,sintetico
V002614,2025-08-01,C0218,O010,Concretado,sintetico
V002615,2025-08-01,C0238,O010,Concretado,sintetico
V002616,2025-08-04,C0219,O010,Concretado,sintetico
V002617,2025-08-04,C0220,O010,Concretado,sintetico
V002618,2025-08-05,C0217,O010,Concretado,sintetico
V002619,2025-08-05,C0219,O010,Concretado,sintetico
V002620,2025-08-08,C0222,O010,Concretado,sintetico
V002621,2025-08-08,C0229,O010,Concretado,sintetico
V002622,2025-08-09,C0219,O010,Concretado,sintetico
V002623,2025-08-09,C0228,O010,Concretado,sintetico
V002624,2025-08-19,C0219,O010,Concretado,sintetico
V002625,2025-08-19,C0220,O010,Concretado,sintetico
V002626,2025-08-20,C0217,O010,Concretado,sintetico
V002627,2025-08-20,C0235,O010,Concretado,sintetico
V002628,2025-08-22,C0219,O010,Concretado,sintetico
V002629,2025-08-22,C0220,O010,Concretado,sintetico
V002630,2025-08-23,C0217,O010,Concretado,sintetico
V002631,2025-08-23,C0220,O010,Concretado,sintetico
V002632,2025-08-24,C0235,O010,Concretado,sintetico
V002633,2025-08-24,C0236,O010,Concretado,sintetico
V002634,2025-08-30,C0217,O010,Concretado,sintetico
V002635,2025-08-30,C0222,O010,Concretado,sintetico
V002636,2025-08-31,C0226,O010,Concretado,sintetico
V002637,2025-09-03,C0218,O010,Concretado,sintetico
V002638,2025-09-03,C0219,O010,Concretado,sintetico
V002639,2025-09-04,C0218,O010,Concretado,sintetico
V002640,2025-09-04,C0220,O010,Concretado,sintetico
V002641,2025-09-05,C0230,O010,Concretado,sintetico
V002642,2025-09-05,C0240,O010,Concretado,sintetico
V002643,2025-09-10,C0218,O010,Concretado,sintetico
V002644,2025-09-10,C0220,O010,Concretado,sintetico
V002645,2025-09-11,C0225,O010,Concretado,sintetico
V002646,2025-09-11,C0232,O010,Concretado,sintetico
V002647,2025-09-13,C0230,O010,Concretado,sintetico
V002648,2025-09-13,C0231,O010,Concretado,sintetico
V002649,2025-09-14,C0218,O010,Concretado,sintetico
V002650,2025-09-14,C0219,O010,Concretado,sintetico
V002651,2025-09-15,C0219,O010,Concretado,sintetico
V002652,2025-09-15,C0223,O010,Concretado,sintetico
V002653,2025-09-17,C0220,O010,Concretado,sintetico
V002654,2025-09-17,C0223,O010,Concretado,sintetico
V002655,2025-09-19,C0218,O010,Concretado,sintetico
V002656,2025-09-19,C0219,O010,Concretado,sintetico
V002657,2025-09-21,C0230,O010,Concretado,sintetico
V002658,2025-09-21,C0236,O010,Concretado,sintetico
V002659,2025-09-27,C0218,O010,Concretado,sintetico
V002660,2025-09-27,C0230,O010,Concretado,sintetico
V002661,2025-10-04,C0217,O010,Concretado,sintetico
V002662,2025-10-05,C0217,O010,Concretado,sintetico
V002663,2025-10-05,C0238,O010,Concretado,sintetico
V002664,2025-10-07,C0224,O010,Concretado,sintetico
V002665,2025-10-07,C0229,O010,Concretado,sintetico
V002666,2025-10-10,C0217,O010,Concretado,sintetico
V002667,2025-10-10,C0239,O010,Concretado,sintetico
V002668,2025-10-11,C0217,O010,Concretado,sintetico
V002669,2025-10-11,C0223,O010,Concretado,sintetico
V002670,2025-10-13,C0231,O010,Concretado,sintetico
V002671,2025-10-13,C0240,O010,Concretado,sintetico
V002672,2025-10-14,C0219,O010,Concretado,sintetico
V002673,2025-10-14,C0220,O010,Concretado,sintetico
V002674,2025-10-15,C0219,O010,Concretado,sintetico
V002675,2025-10-15,C0220,O010,Concretado,sintetico
V002676,2025-10-18,C0217,O010,Concretado,sintetico
V002677,2025-10-18,C0239,O010,Concretado,sintetico
V002678,2025-10-20,C0220,O010,Concretado,sintetico
V002679,2025-10-21,C0219,O010,Concretado,sintetico
V002680,2025-10-21,C0228,O010,Concretado,sintetico
V002681,2025-10-25,C0219,O010,Concretado,sintetico
V002682,2025-10-25,C0240,O010,Concretado,sintetico
V002683,2025-11-02,C0219,O010,Concretado,sintetico
V002684,2025-11-02,C0220,O010,Concretado,sintetico
V002685,2025-11-03,C0219,O010,Concretado,sintetico
V002686,2025-11-03,C0224,O010,Concretado,sintetico
V002687,2025-11-09,C0218,O010,Concretado,sintetico
V002688,2025-11-09,C0234,O010,Concretado,sintetico
V002689,2025-11-10,C0220,O010,Concretado,sintetico
V002690,2025-11-10,C0235,O010,Concretado,sintetico
V002691,2025-11-13,C0220,O010,Concretado,sintetico
V002692,2025-11-13,C0224,O010,Concretado,sintetico
V002693,2025-11-17,C0219,O010,Concretado,sintetico
V002694,2025-11-18,C0218,O010,Concretado,sintetico
V002695,2025-11-18,C0219,O010,Concretado,sintetico
V002696,2025-11-19,C0217,O010,Concretado,sintetico
V002697,2025-11-19,C0220,O010,Concretado,sintetico
V002698,2025-11-21,C0218,O010,Concretado,sintetico
V002699,2025-11-24,C0220,O010,Concretado,sintetico
V002700,2025-11-24,C0234,O010,Concretado,sintetico
V002701,2025-11-25,C0217,O010,Concretado,sintetico
V002702,2025-11-25,C0230,O010,Concretado,sintetico
V002703,2025-11-28,C0217,O010,Concretado,sintetico
V002704,2025-11-28,C0226,O010,Concretado,sintetico
V002705,2025-12-05,C0218,O010,Concretado,sintetico
V002706,2025-12-05,C0225,O010,Concretado,sintetico
V002707,2025-12-06,C0217,O010,Concretado,sintetico
V002708,2025-12-06,C0237,O010,Concretado,sintetico
V002709,2025-12-08,C0218,O010,Concretado,sintetico
V002710,2025-12-08,C0224,O010,Concretado,sintetico
V002711,2025-12-12,C0220,O010,Concretado,sintetico
V002712,2025-12-12,C0238,O010,Concretado,sintetico
V002713,2025-12-14,C0219,O010,Concretado,sintetico
V002714,2025-12-14,C0220,O010,Concretado,sintetico
V002715,2025-12-16,C0217,O010,Concretado,sintetico
V002716,2025-12-16,C0239,O010,Concretado,sintetico
V002717,2025-12-21,C0218,O010,Concretado,sintetico
V002718,2025-12-21,C0231,O010,Concretado,sintetico
V002719,2025-12-22,C0218,O010,Concretado,sintetico
V002720,2025-12-26,C0219,O010,Concretado,sintetico
V002721,2025-12-26,C0232,O010,Concretado,sintetico
V002722,2025-12-27,C0220,O010,Concretado,sintetico
V002723,2025-12-27,C0227,O010,Concretado,sintetico
V002724,2025-12-29,C0227,O010,Concretado,sintetico
V002725,2025-12-29,C0232,O010,Concretado,sintetico
V002726,2025-12-30,C0220,O010,Concretado,sintetico
V002727,2025-12-30,C0228,O010,Concretado,sintetico
V002728,2025-01-01,C0243,O011,Concretado,sintetico
V002729,2025-01-01,C0247,O011,Concretado,sintetico
V002730,2025-01-02,C0248,O011,Concretado,sintetico
V002731,2025-01-02,C0261,O011,Concretado,sintetico
V002732,2025-01-07,C0242,O011,Concretado,sintetico
V002733,2025-01-10,C0241,O011,Concretado,sintetico
V002734,2025-01-10,C0242,O011,Concretado,sintetico
V002735,2025-01-13,C0244,O011,Concretado,sintetico
V002736,2025-01-13,C0246,O011,Concretado,sintetico
V002737,2025-01-14,C0241,O011,Concretado,sintetico
V002738,2025-01-14,C0262,O011,Concretado,sintetico
V002739,2025-01-15,C0243,O011,Concretado,sintetico
V002740,2025-01-17,C0242,O011,Concretado,sintetico
V002741,2025-01-17,C0254,O011,Concretado,sintetico
V002742,2025-01-18,C0241,O011,Concretado,sintetico
V002743,2025-01-18,C0242,O011,Concretado,sintetico
V002744,2025-01-21,C0257,O011,Concretado,sintetico
V002745,2025-01-21,C0261,O011,Concretado,sintetico
V002746,2025-01-26,C0244,O011,Concretado,sintetico
V002747,2025-01-26,C0253,O011,Concretado,sintetico
V002748,2025-01-31,C0242,O011,Concretado,sintetico
V002749,2025-01-31,C0248,O011,Concretado,sintetico
V002750,2025-02-01,C0242,O011,Concretado,sintetico
V002751,2025-02-03,C0241,O011,Concretado,sintetico
V002752,2025-02-03,C0243,O011,Concretado,sintetico
V002753,2025-02-05,C0241,O011,Concretado,sintetico
V002754,2025-02-05,C0244,O011,Concretado,sintetico
V002755,2025-02-08,C0243,O011,Concretado,sintetico
V002756,2025-02-08,C0251,O011,Concretado,sintetico
V002757,2025-02-09,C0242,O011,Concretado,sintetico
V002758,2025-02-09,C0246,O011,Concretado,sintetico
V002759,2025-02-10,C0252,O011,Concretado,sintetico
V002760,2025-02-10,C0262,O011,Concretado,sintetico
V002761,2025-02-12,C0245,O011,Concretado,sintetico
V002762,2025-02-12,C0253,O011,Concretado,sintetico
V002763,2025-02-13,C0241,O011,Concretado,sintetico
V002764,2025-02-18,C0241,O011,Concretado,sintetico
V002765,2025-02-18,C0242,O011,Concretado,sintetico
V002766,2025-02-20,C0242,O011,Concretado,sintetico
V002767,2025-02-22,C0243,O011,Concretado,sintetico
V002768,2025-02-22,C0244,O011,Concretado,sintetico
V002769,2025-02-25,C0242,O011,Concretado,sintetico
V002770,2025-02-25,C0246,O011,Concretado,sintetico
V002771,2025-03-03,C0252,O011,Concretado,sintetico
V002772,2025-03-03,C0255,O011,Concretado,sintetico
V002773,2025-03-07,C0242,O011,Concretado,sintetico
V002774,2025-03-07,C0261,O011,Concretado,sintetico
V002775,2025-03-09,C0243,O011,Concretado,sintetico
V002776,2025-03-09,C0257,O011,Concretado,sintetico
V002777,2025-03-10,C0241,O011,Concretado,sintetico
V002778,2025-03-10,C0251,O011,Concretado,sintetico
V002779,2025-03-11,C0248,O011,Concretado,sintetico
V002780,2025-03-11,C0253,O011,Concretado,sintetico
V002781,2025-03-21,C0243,O011,Concretado,sintetico
V002782,2025-03-21,C0252,O011,Concretado,sintetico
V002783,2025-03-22,C0241,O011,Concretado,sintetico
V002784,2025-03-22,C0251,O011,Concretado,sintetico
V002785,2025-03-24,C0241,O011,Concretado,sintetico
V002786,2025-03-24,C0242,O011,Concretado,sintetico
V002787,2025-03-25,C0241,O011,Concretado,sintetico
V002788,2025-03-25,C0244,O011,Concretado,sintetico
V002789,2025-03-26,C0260,O011,Concretado,sintetico
V002790,2025-03-26,C0263,O011,Concretado,sintetico
V002791,2025-03-27,C0242,O011,Concretado,sintetico
V002792,2025-03-27,C0254,O011,Concretado,sintetico
V002793,2025-03-31,C0242,O011,Concretado,sintetico
V002794,2025-03-31,C0243,O011,Concretado,sintetico
V002795,2025-04-01,C0241,O011,Concretado,sintetico
V002796,2025-04-01,C0258,O011,Concretado,sintetico
V002797,2025-04-04,C0246,O011,Concretado,sintetico
V002798,2025-04-04,C0254,O011,Concretado,sintetico
V002799,2025-04-06,C0242,O011,Concretado,sintetico
V002800,2025-04-06,C0252,O011,Concretado,sintetico
V002801,2025-04-08,C0242,O011,Concretado,sintetico
V002802,2025-04-08,C0261,O011,Concretado,sintetico
V002803,2025-04-09,C0245,O011,Concretado,sintetico
V002804,2025-04-09,C0247,O011,Concretado,sintetico
V002805,2025-04-10,C0243,O011,Concretado,sintetico
V002806,2025-04-10,C0258,O011,Concretado,sintetico
V002807,2025-04-13,C0241,O011,Concretado,sintetico
V002808,2025-04-13,C0250,O011,Concretado,sintetico
V002809,2025-04-17,C0242,O011,Concretado,sintetico
V002810,2025-04-17,C0243,O011,Concretado,sintetico
V002811,2025-04-19,C0243,O011,Concretado,sintetico
V002812,2025-04-19,C0264,O011,Concretado,sintetico
V002813,2025-04-20,C0250,O011,Concretado,sintetico
V002814,2025-04-20,C0253,O011,Concretado,sintetico
V002815,2025-04-26,C0243,O011,Concretado,sintetico
V002816,2025-04-26,C0251,O011,Concretado,sintetico
V002817,2025-04-27,C0243,O011,Concretado,sintetico
V002818,2025-04-27,C0250,O011,Concretado,sintetico
V002819,2025-05-08,C0246,O011,Concretado,sintetico
V002820,2025-05-08,C0249,O011,Concretado,sintetico
V002821,2025-05-09,C0253,O011,Concretado,sintetico
V002822,2025-05-09,C0256,O011,Concretado,sintetico
V002823,2025-05-10,C0241,O011,Concretado,sintetico
V002824,2025-05-11,C0241,O011,Concretado,sintetico
V002825,2025-05-11,C0249,O011,Concretado,sintetico
V002826,2025-05-15,C0243,O011,Concretado,sintetico
V002827,2025-05-18,C0242,O011,Concretado,sintetico
V002828,2025-05-18,C0245,O011,Concretado,sintetico
V002829,2025-05-21,C0262,O011,Concretado,sintetico
V002830,2025-05-21,C0263,O011,Concretado,sintetico
V002831,2025-05-22,C0242,O011,Concretado,sintetico
V002832,2025-05-22,C0249,O011,Concretado,sintetico
V002833,2025-05-24,C0244,O011,Concretado,sintetico
V002834,2025-05-24,C0257,O011,Concretado,sintetico
V002835,2025-05-26,C0242,O011,Concretado,sintetico
V002836,2025-05-29,C0243,O011,Concretado,sintetico
V002837,2025-05-29,C0259,O011,Concretado,sintetico
V002838,2025-05-30,C0243,O011,Concretado,sintetico
V002839,2025-05-30,C0244,O011,Concretado,sintetico
V002840,2025-06-03,C0244,O011,Concretado,sintetico
V002841,2025-06-03,C0258,O011,Concretado,sintetico
V002842,2025-06-05,C0257,O011,Concretado,sintetico
V002843,2025-06-05,C0258,O011,Concretado,sintetico
V002844,2025-06-06,C0241,O011,Concretado,sintetico
V002845,2025-06-06,C0243,O011,Concretado,sintetico
V002846,2025-06-13,C0257,O011,Concretado,sintetico
V002847,2025-06-13,C0258,O011,Concretado,sintetico
V002848,2025-06-15,C0244,O011,Concretado,sintetico
V002849,2025-06-15,C0249,O011,Concretado,sintetico
V002850,2025-06-22,C0253,O011,Concretado,sintetico
V002851,2025-06-22,C0262,O011,Concretado,sintetico
V002852,2025-06-23,C0243,O011,Concretado,sintetico
V002853,2025-06-23,C0252,O011,Concretado,sintetico
V002854,2025-06-25,C0243,O011,Concretado,sintetico
V002855,2025-06-25,C0251,O011,Concretado,sintetico
V002856,2025-06-26,C0241,O011,Concretado,sintetico
V002857,2025-06-26,C0260,O011,Concretado,sintetico
V002858,2025-06-28,C0243,O011,Concretado,sintetico
V002859,2025-06-29,C0242,O011,Concretado,sintetico
V002860,2025-06-29,C0244,O011,Concretado,sintetico
V002861,2025-06-30,C0253,O011,Concretado,sintetico
V002862,2025-06-30,C0258,O011,Concretado,sintetico
V002863,2025-07-01,C0242,O011,Concretado,sintetico
V002864,2025-07-01,C0244,O011,Concretado,sintetico
V002865,2025-07-05,C0244,O011,Concretado,sintetico
V002866,2025-07-05,C0256,O011,Concretado,sintetico
V002867,2025-07-07,C0241,O011,Concretado,sintetico
V002868,2025-07-07,C0242,O011,Concretado,sintetico
V002869,2025-07-08,C0241,O011,Concretado,sintetico
V002870,2025-07-08,C0243,O011,Concretado,sintetico
V002871,2025-07-15,C0243,O011,Concretado,sintetico
V002872,2025-07-15,C0252,O011,Concretado,sintetico
V002873,2025-07-16,C0242,O011,Concretado,sintetico
V002874,2025-07-16,C0243,O011,Concretado,sintetico
V002875,2025-07-17,C0241,O011,Concretado,sintetico
V002876,2025-07-17,C0251,O011,Concretado,sintetico
V002877,2025-07-19,C0241,O011,Concretado,sintetico
V002878,2025-07-19,C0243,O011,Concretado,sintetico
V002879,2025-07-21,C0242,O011,Concretado,sintetico
V002880,2025-07-27,C0242,O011,Concretado,sintetico
V002881,2025-07-27,C0247,O011,Concretado,sintetico
V002882,2025-07-29,C0241,O011,Concretado,sintetico
V002883,2025-07-29,C0252,O011,Concretado,sintetico
V002884,2025-07-30,C0244,O011,Concretado,sintetico
V002885,2025-07-30,C0250,O011,Concretado,sintetico
V002886,2025-08-01,C0242,O011,Concretado,sintetico
V002887,2025-08-01,C0251,O011,Concretado,sintetico
V002888,2025-08-03,C0241,O011,Concretado,sintetico
V002889,2025-08-03,C0242,O011,Concretado,sintetico
V002890,2025-08-05,C0244,O011,Concretado,sintetico
V002891,2025-08-06,C0241,O011,Concretado,sintetico
V002892,2025-08-06,C0242,O011,Concretado,sintetico
V002893,2025-08-08,C0241,O011,Concretado,sintetico
V002894,2025-08-08,C0255,O011,Concretado,sintetico
V002895,2025-08-10,C0243,O011,Concretado,sintetico
V002896,2025-08-15,C0241,O011,Concretado,sintetico
V002897,2025-08-15,C0244,O011,Concretado,sintetico
V002898,2025-08-16,C0242,O011,Concretado,sintetico
V002899,2025-08-16,C0261,O011,Concretado,sintetico
V002900,2025-08-21,C0241,O011,Concretado,sintetico
V002901,2025-08-21,C0244,O011,Concretado,sintetico
V002902,2025-08-22,C0242,O011,Concretado,sintetico
V002903,2025-08-22,C0243,O011,Concretado,sintetico
V002904,2025-08-24,C0241,O011,Concretado,sintetico
V002905,2025-08-24,C0257,O011,Concretado,sintetico
V002906,2025-08-28,C0242,O011,Concretado,sintetico
V002907,2025-08-28,C0243,O011,Concretado,sintetico
V002908,2025-09-01,C0242,O011,Concretado,sintetico
V002909,2025-09-01,C0261,O011,Concretado,sintetico
V002910,2025-09-03,C0244,O011,Concretado,sintetico
V002911,2025-09-03,C0260,O011,Concretado,sintetico
V002912,2025-09-04,C0246,O011,Concretado,sintetico
V002913,2025-09-04,C0250,O011,Concretado,sintetico
V002914,2025-09-06,C0242,O011,Concretado,sintetico
V002915,2025-09-06,C0244,O011,Concretado,sintetico
V002916,2025-09-08,C0242,O011,Concretado,sintetico
V002917,2025-09-12,C0241,O011,Concretado,sintetico
V002918,2025-09-12,C0252,O011,Concretado,sintetico
V002919,2025-09-17,C0241,O011,Concretado,sintetico
V002920,2025-09-17,C0242,O011,Concretado,sintetico
V002921,2025-09-18,C0244,O011,Concretado,sintetico
V002922,2025-09-19,C0243,O011,Concretado,sintetico
V002923,2025-09-19,C0244,O011,Concretado,sintetico
V002924,2025-09-26,C0242,O011,Concretado,sintetico
V002925,2025-09-26,C0244,O011,Concretado,sintetico
V002926,2025-09-27,C0244,O011,Concretado,sintetico
V002927,2025-09-27,C0260,O011,Concretado,sintetico
V002928,2025-09-29,C0242,O011,Concretado,sintetico
V002929,2025-09-29,C0244,O011,Concretado,sintetico
V002930,2025-10-04,C0242,O011,Concretado,sintetico
V002931,2025-10-08,C0242,O011,Concretado,sintetico
V002932,2025-10-08,C0264,O011,Concretado,sintetico
V002933,2025-10-11,C0241,O011,Concretado,sintetico
V002934,2025-10-11,C0243,O011,Concretado,sintetico
V002935,2025-10-13,C0244,O011,Concretado,sintetico
V002936,2025-10-13,C0258,O011,Concretado,sintetico
V002937,2025-10-15,C0242,O011,Concretado,sintetico
V002938,2025-10-15,C0246,O011,Concretado,sintetico
V002939,2025-10-17,C0242,O011,Concretado,sintetico
V002940,2025-10-17,C0261,O011,Concretado,sintetico
V002941,2025-10-19,C0242,O011,Concretado,sintetico
V002942,2025-10-19,C0246,O011,Concretado,sintetico
V002943,2025-10-20,C0242,O011,Concretado,sintetico
V002944,2025-10-20,C0245,O011,Concretado,sintetico
V002945,2025-10-21,C0241,O011,Concretado,sintetico
V002946,2025-10-21,C0244,O011,Concretado,sintetico
V002947,2025-10-22,C0242,O011,Concretado,sintetico
V002948,2025-10-22,C0244,O011,Concretado,sintetico
V002949,2025-10-24,C0242,O011,Concretado,sintetico
V002950,2025-10-24,C0243,O011,Concretado,sintetico
V002951,2025-10-30,C0243,O011,Concretado,sintetico
V002952,2025-10-30,C0244,O011,Concretado,sintetico
V002953,2025-11-05,C0241,O011,Concretado,sintetico
V002954,2025-11-08,C0247,O011,Concretado,sintetico
V002955,2025-11-08,C0256,O011,Concretado,sintetico
V002956,2025-11-09,C0243,O011,Concretado,sintetico
V002957,2025-11-09,C0248,O011,Concretado,sintetico
V002958,2025-11-10,C0244,O011,Concretado,sintetico
V002959,2025-11-10,C0246,O011,Concretado,sintetico
V002960,2025-11-13,C0248,O011,Concretado,sintetico
V002961,2025-11-13,C0257,O011,Concretado,sintetico
V002962,2025-11-15,C0243,O011,Concretado,sintetico
V002963,2025-11-15,C0253,O011,Concretado,sintetico
V002964,2025-11-16,C0241,O011,Concretado,sintetico
V002965,2025-11-16,C0242,O011,Concretado,sintetico
V002966,2025-11-18,C0252,O011,Concretado,sintetico
V002967,2025-11-18,C0259,O011,Concretado,sintetico
V002968,2025-11-20,C0241,O011,Concretado,sintetico
V002969,2025-11-20,C0263,O011,Concretado,sintetico
V002970,2025-11-26,C0242,O011,Concretado,sintetico
V002971,2025-11-27,C0242,O011,Concretado,sintetico
V002972,2025-11-27,C0262,O011,Concretado,sintetico
V002973,2025-11-30,C0243,O011,Concretado,sintetico
V002974,2025-11-30,C0244,O011,Concretado,sintetico
V002975,2025-12-04,C0241,O011,Concretado,sintetico
V002976,2025-12-07,C0244,O011,Concretado,sintetico
V002977,2025-12-12,C0258,O011,Concretado,sintetico
V002978,2025-12-12,C0264,O011,Concretado,sintetico
V002979,2025-12-15,C0243,O011,Concretado,sintetico
V002980,2025-12-15,C0251,O011,Concretado,sintetico
V002981,2025-12-16,C0252,O011,Concretado,sintetico
V002982,2025-12-16,C0264,O011,Concretado,sintetico
V002983,2025-12-18,C0244,O011,Concretado,sintetico
V002984,2025-12-18,C0258,O011,Concretado,sintetico
V002985,2025-12-21,C0242,O011,Concretado,sintetico
V002986,2025-12-23,C0243,O011,Concretado,sintetico
V002987,2025-12-23,C0260,O011,Concretado,sintetico
V002988,2025-12-26,C0250,O011,Concretado,sintetico
V002989,2025-12-26,C0261,O011,Concretado,sintetico
V002990,2025-12-27,C0244,O011,Concretado,sintetico
V002991,2025-12-27,C0264,O011,Concretado,sintetico
V002992,2025-12-28,C0243,O011,Concretado,sintetico
V002993,2025-12-28,C0259,O011,Concretado,sintetico
V002994,2025-12-30,C0242,O011,Concretado,sintetico
V002995,2025-12-30,C0244,O011,Concretado,sintetico
V002996,2025-01-02,C0265,O012,Concretado,sintetico
V002997,2025-01-02,C0267,O012,Concretado,sintetico
V002998,2025-01-07,C0265,O012,Concretado,sintetico
V002999,2025-01-07,C0268,O012,Concretado,sintetico
V003000,2025-01-11,C0267,O012,Concretado,sintetico
V003001,2025-01-11,C0277,O012,Concretado,sintetico
V003002,2025-01-12,C0266,O012,Concretado,sintetico
V003003,2025-01-12,C0267,O012,Concretado,sintetico
V003004,2025-01-16,C0265,O012,Concretado,sintetico
V003005,2025-01-16,C0267,O012,Concretado,sintetico
V003006,2025-01-17,C0265,O012,Concretado,sintetico
V003007,2025-01-17,C0266,O012,Concretado,sintetico
V003008,2025-01-19,C0266,O012,Concretado,sintetico
V003009,2025-01-21,C0267,O012,Concretado,sintetico
V003010,2025-01-21,C0268,O012,Concretado,sintetico
V003011,2025-01-24,C0266,O012,Concretado,sintetico
V003012,2025-01-24,C0267,O012,Concretado,sintetico
V003013,2025-01-27,C0265,O012,Concretado,sintetico
V003014,2025-01-27,C0275,O012,Concretado,sintetico
V003015,2025-01-29,C0266,O012,Concretado,sintetico
V003016,2025-01-29,C0267,O012,Concretado,sintetico
V003017,2025-01-31,C0267,O012,Concretado,sintetico
V003018,2025-01-31,C0268,O012,Concretado,sintetico
V003019,2025-02-01,C0265,O012,Concretado,sintetico
V003020,2025-02-01,C0266,O012,Concretado,sintetico
V003021,2025-02-03,C0265,O012,Concretado,sintetico
V003022,2025-02-03,C0268,O012,Concretado,sintetico
V003023,2025-02-07,C0266,O012,Concretado,sintetico
V003024,2025-02-07,C0268,O012,Concretado,sintetico
V003025,2025-02-11,C0267,O012,Concretado,sintetico
V003026,2025-02-11,C0277,O012,Concretado,sintetico
V003027,2025-02-16,C0265,O012,Concretado,sintetico
V003028,2025-02-16,C0267,O012,Concretado,sintetico
V003029,2025-02-17,C0267,O012,Concretado,sintetico
V003030,2025-02-17,C0274,O012,Concretado,sintetico
V003031,2025-02-19,C0265,O012,Concretado,sintetico
V003032,2025-02-19,C0266,O012,Concretado,sintetico
V003033,2025-02-21,C0266,O012,Concretado,sintetico
V003034,2025-02-21,C0273,O012,Concretado,sintetico
V003035,2025-02-22,C0267,O012,Concretado,sintetico
V003036,2025-02-22,C0276,O012,Concretado,sintetico
V003037,2025-02-25,C0280,O012,Concretado,sintetico
V003038,2025-02-25,C0288,O012,Concretado,sintetico
V003039,2025-02-26,C0265,O012,Concretado,sintetico
V003040,2025-02-26,C0267,O012,Concretado,sintetico
V003041,2025-02-28,C0265,O012,Concretado,sintetico
V003042,2025-02-28,C0281,O012,Concretado,sintetico
V003043,2025-03-01,C0267,O012,Concretado,sintetico
V003044,2025-03-01,C0280,O012,Concretado,sintetico
V003045,2025-03-08,C0273,O012,Concretado,sintetico
V003046,2025-03-08,C0280,O012,Concretado,sintetico
V003047,2025-03-10,C0274,O012,Concretado,sintetico
V003048,2025-03-10,C0275,O012,Concretado,sintetico
V003049,2025-03-13,C0265,O012,Concretado,sintetico
V003050,2025-03-13,C0272,O012,Concretado,sintetico
V003051,2025-03-20,C0265,O012,Concretado,sintetico
V003052,2025-03-20,C0266,O012,Concretado,sintetico
V003053,2025-03-21,C0266,O012,Concretado,sintetico
V003054,2025-03-21,C0279,O012,Concretado,sintetico
V003055,2025-03-24,C0268,O012,Concretado,sintetico
V003056,2025-03-25,C0265,O012,Concretado,sintetico
V003057,2025-03-25,C0271,O012,Concretado,sintetico
V003058,2025-03-28,C0267,O012,Concretado,sintetico
V003059,2025-03-28,C0283,O012,Concretado,sintetico
V003060,2025-03-29,C0265,O012,Concretado,sintetico
V003061,2025-03-29,C0267,O012,Concretado,sintetico
V003062,2025-03-30,C0276,O012,Concretado,sintetico
V003063,2025-03-30,C0287,O012,Concretado,sintetico
V003064,2025-03-31,C0266,O012,Concretado,sintetico
V003065,2025-04-02,C0268,O012,Concretado,sintetico
V003066,2025-04-02,C0279,O012,Concretado,sintetico
V003067,2025-04-07,C0265,O012,Concretado,sintetico
V003068,2025-04-07,C0267,O012,Concretado,sintetico
V003069,2025-04-08,C0274,O012,Concretado,sintetico
V003070,2025-04-08,C0287,O012,Concretado,sintetico
V003071,2025-04-13,C0274,O012,Concretado,sintetico
V003072,2025-04-13,C0285,O012,Concretado,sintetico
V003073,2025-04-14,C0268,O012,Concretado,sintetico
V003074,2025-04-14,C0272,O012,Concretado,sintetico
V003075,2025-04-19,C0266,O012,Concretado,sintetico
V003076,2025-04-19,C0268,O012,Concretado,sintetico
V003077,2025-04-23,C0267,O012,Concretado,sintetico
V003078,2025-04-23,C0268,O012,Concretado,sintetico
V003079,2025-04-25,C0268,O012,Concretado,sintetico
V003080,2025-04-25,C0279,O012,Concretado,sintetico
V003081,2025-04-26,C0278,O012,Concretado,sintetico
V003082,2025-04-26,C0283,O012,Concretado,sintetico
V003083,2025-04-27,C0268,O012,Concretado,sintetico
V003084,2025-04-27,C0287,O012,Concretado,sintetico
V003085,2025-04-28,C0265,O012,Concretado,sintetico
V003086,2025-04-28,C0270,O012,Concretado,sintetico
V003087,2025-04-29,C0266,O012,Concretado,sintetico
V003088,2025-04-29,C0267,O012,Concretado,sintetico
V003089,2025-05-03,C0266,O012,Concretado,sintetico
V003090,2025-05-03,C0283,O012,Concretado,sintetico
V003091,2025-05-04,C0274,O012,Concretado,sintetico
V003092,2025-05-04,C0275,O012,Concretado,sintetico
V003093,2025-05-06,C0267,O012,Concretado,sintetico
V003094,2025-05-06,C0268,O012,Concretado,sintetico
V003095,2025-05-09,C0266,O012,Concretado,sintetico
V003096,2025-05-11,C0267,O012,Concretado,sintetico
V003097,2025-05-11,C0279,O012,Concretado,sintetico
V003098,2025-05-14,C0265,O012,Concretado,sintetico
V003099,2025-05-14,C0268,O012,Concretado,sintetico
V003100,2025-05-16,C0275,O012,Concretado,sintetico
V003101,2025-05-16,C0283,O012,Concretado,sintetico
V003102,2025-05-17,C0280,O012,Concretado,sintetico
V003103,2025-05-17,C0287,O012,Concretado,sintetico
V003104,2025-05-18,C0266,O012,Concretado,sintetico
V003105,2025-05-18,C0268,O012,Concretado,sintetico
V003106,2025-05-21,C0275,O012,Concretado,sintetico
V003107,2025-05-21,C0287,O012,Concretado,sintetico
V003108,2025-05-25,C0265,O012,Concretado,sintetico
V003109,2025-05-25,C0267,O012,Concretado,sintetico
V003110,2025-05-31,C0265,O012,Concretado,sintetico
V003111,2025-05-31,C0268,O012,Concretado,sintetico
V003112,2025-06-02,C0266,O012,Concretado,sintetico
V003113,2025-06-02,C0268,O012,Concretado,sintetico
V003114,2025-06-03,C0268,O012,Concretado,sintetico
V003115,2025-06-03,C0279,O012,Concretado,sintetico
V003116,2025-06-04,C0266,O012,Concretado,sintetico
V003117,2025-06-04,C0267,O012,Concretado,sintetico
V003118,2025-06-06,C0265,O012,Concretado,sintetico
V003119,2025-06-09,C0266,O012,Concretado,sintetico
V003120,2025-06-09,C0268,O012,Concretado,sintetico
V003121,2025-06-14,C0267,O012,Concretado,sintetico
V003122,2025-06-14,C0282,O012,Concretado,sintetico
V003123,2025-06-16,C0265,O012,Concretado,sintetico
V003124,2025-06-16,C0281,O012,Concretado,sintetico
V003125,2025-06-18,C0268,O012,Concretado,sintetico
V003126,2025-06-18,C0271,O012,Concretado,sintetico
V003127,2025-06-23,C0265,O012,Concretado,sintetico
V003128,2025-06-26,C0278,O012,Concretado,sintetico
V003129,2025-06-26,C0286,O012,Concretado,sintetico
V003130,2025-06-27,C0265,O012,Concretado,sintetico
V003131,2025-06-27,C0268,O012,Concretado,sintetico
V003132,2025-06-30,C0266,O012,Concretado,sintetico
V003133,2025-06-30,C0267,O012,Concretado,sintetico
V003134,2025-07-05,C0268,O012,Concretado,sintetico
V003135,2025-07-05,C0272,O012,Concretado,sintetico
V003136,2025-07-08,C0265,O012,Concretado,sintetico
V003137,2025-07-08,C0286,O012,Concretado,sintetico
V003138,2025-07-09,C0266,O012,Concretado,sintetico
V003139,2025-07-09,C0268,O012,Concretado,sintetico
V003140,2025-07-12,C0265,O012,Concretado,sintetico
V003141,2025-07-12,C0266,O012,Concretado,sintetico
V003142,2025-07-13,C0266,O012,Concretado,sintetico
V003143,2025-07-13,C0288,O012,Concretado,sintetico
V003144,2025-07-14,C0267,O012,Concretado,sintetico
V003145,2025-07-14,C0271,O012,Concretado,sintetico
V003146,2025-07-21,C0278,O012,Concretado,sintetico
V003147,2025-07-21,C0284,O012,Concretado,sintetico
V003148,2025-07-24,C0266,O012,Concretado,sintetico
V003149,2025-07-24,C0279,O012,Concretado,sintetico
V003150,2025-07-25,C0265,O012,Concretado,sintetico
V003151,2025-07-25,C0266,O012,Concretado,sintetico
V003152,2025-07-27,C0265,O012,Concretado,sintetico
V003153,2025-07-29,C0265,O012,Concretado,sintetico
V003154,2025-07-30,C0265,O012,Concretado,sintetico
V003155,2025-07-30,C0267,O012,Concretado,sintetico
V003156,2025-08-02,C0265,O012,Concretado,sintetico
V003157,2025-08-02,C0266,O012,Concretado,sintetico
V003158,2025-08-05,C0266,O012,Concretado,sintetico
V003159,2025-08-05,C0278,O012,Concretado,sintetico
V003160,2025-08-06,C0268,O012,Concretado,sintetico
V003161,2025-08-06,C0287,O012,Concretado,sintetico
V003162,2025-08-07,C0279,O012,Concretado,sintetico
V003163,2025-08-07,C0286,O012,Concretado,sintetico
V003164,2025-08-09,C0265,O012,Concretado,sintetico
V003165,2025-08-09,C0267,O012,Concretado,sintetico
V003166,2025-08-14,C0266,O012,Concretado,sintetico
V003167,2025-08-14,C0286,O012,Concretado,sintetico
V003168,2025-08-17,C0267,O012,Concretado,sintetico
V003169,2025-08-17,C0276,O012,Concretado,sintetico
V003170,2025-08-18,C0266,O012,Concretado,sintetico
V003171,2025-08-18,C0267,O012,Concretado,sintetico
V003172,2025-08-22,C0266,O012,Concretado,sintetico
V003173,2025-08-22,C0268,O012,Concretado,sintetico
V003174,2025-08-23,C0267,O012,Concretado,sintetico
V003175,2025-08-23,C0272,O012,Concretado,sintetico
V003176,2025-08-29,C0282,O012,Concretado,sintetico
V003177,2025-08-29,C0288,O012,Concretado,sintetico
V003178,2025-08-30,C0267,O012,Concretado,sintetico
V003179,2025-09-02,C0265,O012,Concretado,sintetico
V003180,2025-09-02,C0278,O012,Concretado,sintetico
V003181,2025-09-03,C0276,O012,Concretado,sintetico
V003182,2025-09-03,C0279,O012,Concretado,sintetico
V003183,2025-09-04,C0265,O012,Concretado,sintetico
V003184,2025-09-04,C0287,O012,Concretado,sintetico
V003185,2025-09-07,C0273,O012,Concretado,sintetico
V003186,2025-09-07,C0288,O012,Concretado,sintetico
V003187,2025-09-16,C0267,O012,Concretado,sintetico
V003188,2025-09-16,C0272,O012,Concretado,sintetico
V003189,2025-09-18,C0265,O012,Concretado,sintetico
V003190,2025-09-18,C0267,O012,Concretado,sintetico
V003191,2025-09-19,C0265,O012,Concretado,sintetico
V003192,2025-09-19,C0268,O012,Concretado,sintetico
V003193,2025-09-21,C0265,O012,Concretado,sintetico
V003194,2025-09-21,C0266,O012,Concretado,sintetico
V003195,2025-09-22,C0265,O012,Concretado,sintetico
V003196,2025-09-22,C0267,O012,Concretado,sintetico
V003197,2025-09-24,C0265,O012,Concretado,sintetico
V003198,2025-09-24,C0279,O012,Concretado,sintetico
V003199,2025-09-27,C0281,O012,Concretado,sintetico
V003200,2025-09-27,C0288,O012,Concretado,sintetico
V003201,2025-09-29,C0268,O012,Concretado,sintetico
V003202,2025-09-29,C0280,O012,Concretado,sintetico
V003203,2025-10-02,C0265,O012,Concretado,sintetico
V003204,2025-10-02,C0267,O012,Concretado,sintetico
V003205,2025-10-04,C0268,O012,Concretado,sintetico
V003206,2025-10-04,C0270,O012,Concretado,sintetico
V003207,2025-10-05,C0267,O012,Concretado,sintetico
V003208,2025-10-05,C0272,O012,Concretado,sintetico
V003209,2025-10-06,C0265,O012,Concretado,sintetico
V003210,2025-10-06,C0278,O012,Concretado,sintetico
V003211,2025-10-13,C0265,O012,Concretado,sintetico
V003212,2025-10-13,C0286,O012,Concretado,sintetico
V003213,2025-10-17,C0266,O012,Concretado,sintetico
V003214,2025-10-17,C0276,O012,Concretado,sintetico
V003215,2025-10-18,C0268,O012,Concretado,sintetico
V003216,2025-10-18,C0269,O012,Concretado,sintetico
V003217,2025-10-19,C0268,O012,Concretado,sintetico
V003218,2025-10-19,C0269,O012,Concretado,sintetico
V003219,2025-10-22,C0266,O012,Concretado,sintetico
V003220,2025-10-22,C0268,O012,Concretado,sintetico
V003221,2025-10-24,C0265,O012,Concretado,sintetico
V003222,2025-10-24,C0276,O012,Concretado,sintetico
V003223,2025-10-27,C0272,O012,Concretado,sintetico
V003224,2025-10-27,C0280,O012,Concretado,sintetico
V003225,2025-10-29,C0267,O012,Concretado,sintetico
V003226,2025-10-29,C0283,O012,Concretado,sintetico
V003227,2025-11-04,C0265,O012,Concretado,sintetico
V003228,2025-11-07,C0276,O012,Concretado,sintetico
V003229,2025-11-08,C0267,O012,Concretado,sintetico
V003230,2025-11-08,C0282,O012,Concretado,sintetico
V003231,2025-11-09,C0280,O012,Concretado,sintetico
V003232,2025-11-09,C0283,O012,Concretado,sintetico
V003233,2025-11-13,C0266,O012,Concretado,sintetico
V003234,2025-11-13,C0272,O012,Concretado,sintetico
V003235,2025-11-16,C0266,O012,Concretado,sintetico
V003236,2025-11-18,C0265,O012,Concretado,sintetico
V003237,2025-11-18,C0283,O012,Concretado,sintetico
V003238,2025-11-20,C0265,O012,Concretado,sintetico
V003239,2025-11-20,C0277,O012,Concretado,sintetico
V003240,2025-11-21,C0266,O012,Concretado,sintetico
V003241,2025-11-21,C0286,O012,Concretado,sintetico
V003242,2025-11-24,C0268,O012,Concretado,sintetico
V003243,2025-11-24,C0272,O012,Concretado,sintetico
V003244,2025-11-28,C0267,O012,Concretado,sintetico
V003245,2025-11-28,C0279,O012,Concretado,sintetico
V003246,2025-11-29,C0265,O012,Concretado,sintetico
V003247,2025-11-29,C0279,O012,Concretado,sintetico
V003248,2025-12-01,C0266,O012,Concretado,sintetico
V003249,2025-12-01,C0277,O012,Concretado,sintetico
V003250,2025-12-04,C0265,O012,Concretado,sintetico
V003251,2025-12-04,C0268,O012,Concretado,sintetico
V003252,2025-12-07,C0267,O012,Concretado,sintetico
V003253,2025-12-07,C0268,O012,Concretado,sintetico
V003254,2025-12-08,C0266,O012,Concretado,sintetico
V003255,2025-12-08,C0268,O012,Concretado,sintetico
V003256,2025-12-10,C0266,O012,Concretado,sintetico
V003257,2025-12-10,C0267,O012,Concretado,sintetico
V003258,2025-12-14,C0266,O012,Concretado,sintetico
V003259,2025-12-14,C0285,O012,Concretado,sintetico
V003260,2025-12-15,C0267,O012,Concretado,sintetico
V003261,2025-12-15,C0280,O012,Concretado,sintetico
V003262,2025-12-21,C0266,O012,Concretado,sintetico
V003263,2025-12-21,C0268,O012,Concretado,sintetico
V003264,2025-12-25,C0268,O012,Concretado,sintetico
V003265,2025-12-25,C0285,O012,Concretado,sintetico
V003266,2025-12-27,C0265,O012,Concretado,sintetico
V003267,2025-12-28,C0283,O012,Concretado,sintetico
V003268,2025-12-28,C0284,O012,Concretado,sintetico
V003269,2025-12-29,C0270,O012,Concretado,sintetico
V003270,2025-12-29,C0276,O012,Concretado,sintetico
V003271,2025-01-01,C0290,O013,Concretado,sintetico
V003272,2025-01-01,C0292,O013,Concretado,sintetico
V003273,2025-01-02,C0289,O013,Concretado,sintetico
V003274,2025-01-03,C0298,O013,Concretado,sintetico
V003275,2025-01-03,C0309,O013,Concretado,sintetico
V003276,2025-01-05,C0294,O013,Concretado,sintetico
V003277,2025-01-05,C0297,O013,Concretado,sintetico
V003278,2025-01-07,C0290,O013,Concretado,sintetico
V003279,2025-01-07,C0291,O013,Concretado,sintetico
V003280,2025-01-09,C0291,O013,Concretado,sintetico
V003281,2025-01-09,C0296,O013,Concretado,sintetico
V003282,2025-01-11,C0290,O013,Concretado,sintetico
V003283,2025-01-11,C0293,O013,Concretado,sintetico
V003284,2025-01-23,C0289,O013,Concretado,sintetico
V003285,2025-01-23,C0302,O013,Concretado,sintetico
V003286,2025-01-24,C0289,O013,Concretado,sintetico
V003287,2025-01-24,C0296,O013,Concretado,sintetico
V003288,2025-01-25,C0291,O013,Concretado,sintetico
V003289,2025-01-25,C0302,O013,Concretado,sintetico
V003290,2025-01-27,C0289,O013,Concretado,sintetico
V003291,2025-01-27,C0292,O013,Concretado,sintetico
V003292,2025-01-29,C0294,O013,Concretado,sintetico
V003293,2025-01-29,C0309,O013,Concretado,sintetico
V003294,2025-02-01,C0294,O013,Concretado,sintetico
V003295,2025-02-01,C0304,O013,Concretado,sintetico
V003296,2025-02-05,C0295,O013,Concretado,sintetico
V003297,2025-02-05,C0306,O013,Concretado,sintetico
V003298,2025-02-07,C0289,O013,Concretado,sintetico
V003299,2025-02-07,C0290,O013,Concretado,sintetico
V003300,2025-02-10,C0291,O013,Concretado,sintetico
V003301,2025-02-10,C0299,O013,Concretado,sintetico
V003302,2025-02-14,C0289,O013,Concretado,sintetico
V003303,2025-02-14,C0312,O013,Concretado,sintetico
V003304,2025-02-15,C0289,O013,Concretado,sintetico
V003305,2025-02-15,C0297,O013,Concretado,sintetico
V003306,2025-02-16,C0290,O013,Concretado,sintetico
V003307,2025-02-16,C0291,O013,Concretado,sintetico
V003308,2025-02-17,C0290,O013,Concretado,sintetico
V003309,2025-02-17,C0294,O013,Concretado,sintetico
V003310,2025-02-22,C0291,O013,Concretado,sintetico
V003311,2025-02-22,C0295,O013,Concretado,sintetico
V003312,2025-02-23,C0290,O013,Concretado,sintetico
V003313,2025-02-23,C0292,O013,Concretado,sintetico
V003314,2025-02-25,C0296,O013,Concretado,sintetico
V003315,2025-02-25,C0304,O013,Concretado,sintetico
V003316,2025-02-26,C0291,O013,Concretado,sintetico
V003317,2025-02-26,C0295,O013,Concretado,sintetico
V003318,2025-03-01,C0290,O013,Concretado,sintetico
V003319,2025-03-01,C0293,O013,Concretado,sintetico
V003320,2025-03-02,C0289,O013,Concretado,sintetico
V003321,2025-03-02,C0292,O013,Concretado,sintetico
V003322,2025-03-05,C0289,O013,Concretado,sintetico
V003323,2025-03-05,C0305,O013,Concretado,sintetico
V003324,2025-03-07,C0289,O013,Concretado,sintetico
V003325,2025-03-07,C0298,O013,Concretado,sintetico
V003326,2025-03-10,C0291,O013,Concretado,sintetico
V003327,2025-03-10,C0292,O013,Concretado,sintetico
V003328,2025-03-15,C0290,O013,Concretado,sintetico
V003329,2025-03-15,C0310,O013,Concretado,sintetico
V003330,2025-03-17,C0289,O013,Concretado,sintetico
V003331,2025-03-17,C0297,O013,Concretado,sintetico
V003332,2025-03-18,C0292,O013,Concretado,sintetico
V003333,2025-03-18,C0302,O013,Concretado,sintetico
V003334,2025-03-24,C0289,O013,Concretado,sintetico
V003335,2025-03-24,C0295,O013,Concretado,sintetico
V003336,2025-03-25,C0289,O013,Concretado,sintetico
V003337,2025-03-25,C0292,O013,Concretado,sintetico
V003338,2025-03-26,C0296,O013,Concretado,sintetico
V003339,2025-03-26,C0301,O013,Concretado,sintetico
V003340,2025-03-28,C0289,O013,Concretado,sintetico
V003341,2025-03-28,C0291,O013,Concretado,sintetico
V003342,2025-04-03,C0292,O013,Concretado,sintetico
V003343,2025-04-03,C0302,O013,Concretado,sintetico
V003344,2025-04-05,C0292,O013,Concretado,sintetico
V003345,2025-04-05,C0306,O013,Concretado,sintetico
V003346,2025-04-08,C0290,O013,Concretado,sintetico
V003347,2025-04-08,C0291,O013,Concretado,sintetico
V003348,2025-04-09,C0290,O013,Concretado,sintetico
V003349,2025-04-09,C0298,O013,Concretado,sintetico
V003350,2025-04-12,C0292,O013,Concretado,sintetico
V003351,2025-04-12,C0308,O013,Concretado,sintetico
V003352,2025-04-17,C0291,O013,Concretado,sintetico
V003353,2025-04-17,C0296,O013,Concretado,sintetico
V003354,2025-04-19,C0289,O013,Concretado,sintetico
V003355,2025-04-19,C0291,O013,Concretado,sintetico
V003356,2025-04-23,C0292,O013,Concretado,sintetico
V003357,2025-04-23,C0307,O013,Concretado,sintetico
V003358,2025-04-24,C0291,O013,Concretado,sintetico
V003359,2025-04-24,C0302,O013,Concretado,sintetico
V003360,2025-04-25,C0290,O013,Concretado,sintetico
V003361,2025-04-25,C0309,O013,Concretado,sintetico
V003362,2025-04-27,C0292,O013,Concretado,sintetico
V003363,2025-04-27,C0306,O013,Concretado,sintetico
V003364,2025-04-28,C0291,O013,Concretado,sintetico
V003365,2025-04-28,C0309,O013,Concretado,sintetico
V003366,2025-05-01,C0300,O013,Concretado,sintetico
V003367,2025-05-01,C0312,O013,Concretado,sintetico
V003368,2025-05-03,C0291,O013,Concretado,sintetico
V003369,2025-05-03,C0292,O013,Concretado,sintetico
V003370,2025-05-05,C0291,O013,Concretado,sintetico
V003371,2025-05-05,C0303,O013,Concretado,sintetico
V003372,2025-05-08,C0304,O013,Concretado,sintetico
V003373,2025-05-08,C0310,O013,Concretado,sintetico
V003374,2025-05-11,C0297,O013,Concretado,sintetico
V003375,2025-05-11,C0307,O013,Concretado,sintetico
V003376,2025-05-12,C0299,O013,Concretado,sintetico
V003377,2025-05-12,C0306,O013,Concretado,sintetico
V003378,2025-05-15,C0290,O013,Concretado,sintetico
V003379,2025-05-15,C0301,O013,Concretado,sintetico
V003380,2025-05-16,C0299,O013,Concretado,sintetico
V003381,2025-05-16,C0303,O013,Concretado,sintetico
V003382,2025-05-18,C0290,O013,Concretado,sintetico
V003383,2025-05-18,C0299,O013,Concretado,sintetico
V003384,2025-05-19,C0292,O013,Concretado,sintetico
V003385,2025-05-19,C0304,O013,Concretado,sintetico
V003386,2025-05-24,C0289,O013,Concretado,sintetico
V003387,2025-05-24,C0296,O013,Concretado,sintetico
V003388,2025-05-27,C0292,O013,Concretado,sintetico
V003389,2025-05-27,C0310,O013,Concretado,sintetico
V003390,2025-06-08,C0291,O013,Concretado,sintetico
V003391,2025-06-08,C0309,O013,Concretado,sintetico
V003392,2025-06-09,C0290,O013,Concretado,sintetico
V003393,2025-06-09,C0307,O013,Concretado,sintetico
V003394,2025-06-11,C0292,O013,Concretado,sintetico
V003395,2025-06-11,C0311,O013,Concretado,sintetico
V003396,2025-06-13,C0290,O013,Concretado,sintetico
V003397,2025-06-13,C0310,O013,Concretado,sintetico
V003398,2025-06-15,C0290,O013,Concretado,sintetico
V003399,2025-06-15,C0295,O013,Concretado,sintetico
V003400,2025-06-16,C0292,O013,Concretado,sintetico
V003401,2025-06-16,C0297,O013,Concretado,sintetico
V003402,2025-06-17,C0293,O013,Concretado,sintetico
V003403,2025-06-17,C0304,O013,Concretado,sintetico
V003404,2025-06-18,C0289,O013,Concretado,sintetico
V003405,2025-06-18,C0290,O013,Concretado,sintetico
V003406,2025-06-20,C0290,O013,Concretado,sintetico
V003407,2025-06-27,C0291,O013,Concretado,sintetico
V003408,2025-06-27,C0298,O013,Concretado,sintetico
V003409,2025-06-28,C0289,O013,Concretado,sintetico
V003410,2025-06-28,C0300,O013,Concretado,sintetico
V003411,2025-06-30,C0290,O013,Concretado,sintetico
V003412,2025-06-30,C0312,O013,Concretado,sintetico
V003413,2025-07-01,C0289,O013,Concretado,sintetico
V003414,2025-07-03,C0290,O013,Concretado,sintetico
V003415,2025-07-04,C0300,O013,Concretado,sintetico
V003416,2025-07-08,C0292,O013,Concretado,sintetico
V003417,2025-07-08,C0293,O013,Concretado,sintetico
V003418,2025-07-11,C0290,O013,Concretado,sintetico
V003419,2025-07-11,C0292,O013,Concretado,sintetico
V003420,2025-07-12,C0289,O013,Concretado,sintetico
V003421,2025-07-12,C0291,O013,Concretado,sintetico
V003422,2025-07-14,C0290,O013,Concretado,sintetico
V003423,2025-07-14,C0298,O013,Concretado,sintetico
V003424,2025-07-17,C0290,O013,Concretado,sintetico
V003425,2025-07-17,C0302,O013,Concretado,sintetico
V003426,2025-07-18,C0290,O013,Concretado,sintetico
V003427,2025-07-18,C0292,O013,Concretado,sintetico
V003428,2025-07-20,C0290,O013,Concretado,sintetico
V003429,2025-07-20,C0292,O013,Concretado,sintetico
V003430,2025-07-27,C0299,O013,Concretado,sintetico
V003431,2025-07-27,C0310,O013,Concretado,sintetico
V003432,2025-07-31,C0309,O013,Concretado,sintetico
V003433,2025-07-31,C0310,O013,Concretado,sintetico
V003434,2025-08-02,C0289,O013,Concretado,sintetico
V003435,2025-08-02,C0309,O013,Concretado,sintetico
V003436,2025-08-03,C0293,O013,Concretado,sintetico
V003437,2025-08-03,C0310,O013,Concretado,sintetico
V003438,2025-08-05,C0290,O013,Concretado,sintetico
V003439,2025-08-05,C0312,O013,Concretado,sintetico
V003440,2025-08-07,C0296,O013,Concretado,sintetico
V003441,2025-08-07,C0309,O013,Concretado,sintetico
V003442,2025-08-11,C0290,O013,Concretado,sintetico
V003443,2025-08-14,C0306,O013,Concretado,sintetico
V003444,2025-08-14,C0312,O013,Concretado,sintetico
V003445,2025-08-17,C0291,O013,Concretado,sintetico
V003446,2025-08-17,C0292,O013,Concretado,sintetico
V003447,2025-08-19,C0292,O013,Concretado,sintetico
V003448,2025-08-19,C0303,O013,Concretado,sintetico
V003449,2025-08-21,C0290,O013,Concretado,sintetico
V003450,2025-08-21,C0306,O013,Concretado,sintetico
V003451,2025-08-25,C0289,O013,Concretado,sintetico
V003452,2025-08-25,C0302,O013,Concretado,sintetico
V003453,2025-08-27,C0292,O013,Concretado,sintetico
V003454,2025-08-27,C0311,O013,Concretado,sintetico
V003455,2025-08-29,C0289,O013,Concretado,sintetico
V003456,2025-08-29,C0299,O013,Concretado,sintetico
V003457,2025-09-01,C0290,O013,Concretado,sintetico
V003458,2025-09-01,C0307,O013,Concretado,sintetico
V003459,2025-09-03,C0290,O013,Concretado,sintetico
V003460,2025-09-03,C0292,O013,Concretado,sintetico
V003461,2025-09-06,C0291,O013,Concretado,sintetico
V003462,2025-09-06,C0292,O013,Concretado,sintetico
V003463,2025-09-07,C0290,O013,Concretado,sintetico
V003464,2025-09-07,C0293,O013,Concretado,sintetico
V003465,2025-09-08,C0292,O013,Concretado,sintetico
V003466,2025-09-08,C0307,O013,Concretado,sintetico
V003467,2025-09-09,C0292,O013,Concretado,sintetico
V003468,2025-09-09,C0293,O013,Concretado,sintetico
V003469,2025-09-15,C0290,O013,Concretado,sintetico
V003470,2025-09-18,C0290,O013,Concretado,sintetico
V003471,2025-09-18,C0308,O013,Concretado,sintetico
V003472,2025-09-20,C0291,O013,Concretado,sintetico
V003473,2025-09-20,C0292,O013,Concretado,sintetico
V003474,2025-09-24,C0291,O013,Concretado,sintetico
V003475,2025-09-24,C0298,O013,Concretado,sintetico
V003476,2025-09-25,C0289,O013,Concretado,sintetico
V003477,2025-09-28,C0290,O013,Concretado,sintetico
V003478,2025-09-28,C0292,O013,Concretado,sintetico
V003479,2025-10-03,C0290,O013,Concretado,sintetico
V003480,2025-10-04,C0290,O013,Concretado,sintetico
V003481,2025-10-04,C0307,O013,Concretado,sintetico
V003482,2025-10-06,C0289,O013,Concretado,sintetico
V003483,2025-10-06,C0299,O013,Concretado,sintetico
V003484,2025-10-07,C0289,O013,Concretado,sintetico
V003485,2025-10-08,C0292,O013,Concretado,sintetico
V003486,2025-10-08,C0308,O013,Concretado,sintetico
V003487,2025-10-17,C0291,O013,Concretado,sintetico
V003488,2025-10-17,C0311,O013,Concretado,sintetico
V003489,2025-10-20,C0290,O013,Concretado,sintetico
V003490,2025-10-20,C0292,O013,Concretado,sintetico
V003491,2025-10-22,C0289,O013,Concretado,sintetico
V003492,2025-10-22,C0292,O013,Concretado,sintetico
V003493,2025-10-24,C0292,O013,Concretado,sintetico
V003494,2025-10-24,C0303,O013,Concretado,sintetico
V003495,2025-10-27,C0299,O013,Concretado,sintetico
V003496,2025-10-27,C0311,O013,Concretado,sintetico
V003497,2025-10-30,C0291,O013,Concretado,sintetico
V003498,2025-10-30,C0296,O013,Concretado,sintetico
V003499,2025-10-31,C0292,O013,Concretado,sintetico
V003500,2025-11-02,C0290,O013,Concretado,sintetico
V003501,2025-11-02,C0303,O013,Concretado,sintetico
V003502,2025-11-05,C0307,O013,Concretado,sintetico
V003503,2025-11-05,C0311,O013,Concretado,sintetico
V003504,2025-11-06,C0297,O013,Concretado,sintetico
V003505,2025-11-06,C0312,O013,Concretado,sintetico
V003506,2025-11-10,C0291,O013,Concretado,sintetico
V003507,2025-11-10,C0292,O013,Concretado,sintetico
V003508,2025-11-11,C0290,O013,Concretado,sintetico
V003509,2025-11-11,C0292,O013,Concretado,sintetico
V003510,2025-11-12,C0290,O013,Concretado,sintetico
V003511,2025-11-12,C0292,O013,Concretado,sintetico
V003512,2025-11-14,C0294,O013,Concretado,sintetico
V003513,2025-11-14,C0295,O013,Concretado,sintetico
V003514,2025-11-15,C0290,O013,Concretado,sintetico
V003515,2025-11-15,C0292,O013,Concretado,sintetico
V003516,2025-11-16,C0304,O013,Concretado,sintetico
V003517,2025-11-18,C0302,O013,Concretado,sintetico
V003518,2025-11-18,C0310,O013,Concretado,sintetico
V003519,2025-11-22,C0291,O013,Concretado,sintetico
V003520,2025-11-22,C0292,O013,Concretado,sintetico
V003521,2025-11-28,C0291,O013,Concretado,sintetico
V003522,2025-11-28,C0310,O013,Concretado,sintetico
V003523,2025-12-01,C0289,O013,Concretado,sintetico
V003524,2025-12-01,C0290,O013,Concretado,sintetico
V003525,2025-12-03,C0290,O013,Concretado,sintetico
V003526,2025-12-03,C0296,O013,Concretado,sintetico
V003527,2025-12-06,C0298,O013,Concretado,sintetico
V003528,2025-12-06,C0307,O013,Concretado,sintetico
V003529,2025-12-07,C0289,O013,Concretado,sintetico
V003530,2025-12-08,C0289,O013,Concretado,sintetico
V003531,2025-12-08,C0312,O013,Concretado,sintetico
V003532,2025-12-16,C0292,O013,Concretado,sintetico
V003533,2025-12-16,C0299,O013,Concretado,sintetico
V003534,2025-12-19,C0290,O013,Concretado,sintetico
V003535,2025-12-19,C0292,O013,Concretado,sintetico
V003536,2025-12-20,C0289,O013,Concretado,sintetico
V003537,2025-12-20,C0292,O013,Concretado,sintetico
V003538,2025-12-25,C0292,O013,Concretado,sintetico
V003539,2025-12-29,C0297,O013,Concretado,sintetico
V003540,2025-12-30,C0291,O013,Concretado,sintetico
V003541,2025-12-30,C0306,O013,Concretado,sintetico
V003542,2025-12-31,C0290,O013,Concretado,sintetico
V003543,2025-12-31,C0294,O013,Concretado,sintetico
V003544,2025-01-02,C0314,O014,Concretado,sintetico
V003545,2025-01-02,C0319,O014,Concretado,sintetico
V003546,2025-01-06,C0313,O014,Concretado,sintetico
V003547,2025-01-06,C0334,O014,Concretado,sintetico
V003548,2025-01-09,C0313,O014,Concretado,sintetico
V003549,2025-01-09,C0315,O014,Concretado,sintetico
V003550,2025-01-11,C0313,O014,Concretado,sintetico
V003551,2025-01-11,C0314,O014,Concretado,sintetico
V003552,2025-01-12,C0313,O014,Concretado,sintetico
V003553,2025-01-12,C0333,O014,Concretado,sintetico
V003554,2025-01-15,C0315,O014,Concretado,sintetico
V003555,2025-01-15,C0320,O014,Concretado,sintetico
V003556,2025-01-19,C0313,O014,Concretado,sintetico
V003557,2025-01-19,C0315,O014,Concretado,sintetico
V003558,2025-01-21,C0315,O014,Concretado,sintetico
V003559,2025-01-21,C0332,O014,Concretado,sintetico
V003560,2025-01-24,C0313,O014,Concretado,sintetico
V003561,2025-01-28,C0316,O014,Concretado,sintetico
V003562,2025-01-28,C0325,O014,Concretado,sintetico
V003563,2025-01-29,C0313,O014,Concretado,sintetico
V003564,2025-01-29,C0316,O014,Concretado,sintetico
V003565,2025-01-30,C0318,O014,Concretado,sintetico
V003566,2025-01-30,C0329,O014,Concretado,sintetico
V003567,2025-02-01,C0315,O014,Concretado,sintetico
V003568,2025-02-01,C0323,O014,Concretado,sintetico
V003569,2025-02-05,C0316,O014,Concretado,sintetico
V003570,2025-02-05,C0319,O014,Concretado,sintetico
V003571,2025-02-06,C0313,O014,Concretado,sintetico
V003572,2025-02-06,C0316,O014,Concretado,sintetico
V003573,2025-02-08,C0315,O014,Concretado,sintetico
V003574,2025-02-08,C0326,O014,Concretado,sintetico
V003575,2025-02-12,C0316,O014,Concretado,sintetico
V003576,2025-02-14,C0316,O014,Concretado,sintetico
V003577,2025-02-14,C0328,O014,Concretado,sintetico
V003578,2025-02-15,C0313,O014,Concretado,sintetico
V003579,2025-02-15,C0318,O014,Concretado,sintetico
V003580,2025-02-20,C0323,O014,Concretado,sintetico
V003581,2025-02-20,C0330,O014,Concretado,sintetico
V003582,2025-02-21,C0315,O014,Concretado,sintetico
V003583,2025-02-21,C0326,O014,Concretado,sintetico
V003584,2025-02-23,C0313,O014,Concretado,sintetico
V003585,2025-02-23,C0327,O014,Concretado,sintetico
V003586,2025-02-27,C0313,O014,Concretado,sintetico
V003587,2025-02-27,C0315,O014,Concretado,sintetico
V003588,2025-02-28,C0314,O014,Concretado,sintetico
V003589,2025-02-28,C0326,O014,Concretado,sintetico
V003590,2025-03-03,C0313,O014,Concretado,sintetico
V003591,2025-03-03,C0316,O014,Concretado,sintetico
V003592,2025-03-04,C0315,O014,Concretado,sintetico
V003593,2025-03-04,C0322,O014,Concretado,sintetico
V003594,2025-03-05,C0314,O014,Concretado,sintetico
V003595,2025-03-05,C0330,O014,Concretado,sintetico
V003596,2025-03-07,C0315,O014,Concretado,sintetico
V003597,2025-03-07,C0317,O014,Concretado,sintetico
V003598,2025-03-14,C0316,O014,Concretado,sintetico
V003599,2025-03-14,C0331,O014,Concretado,sintetico
V003600,2025-03-15,C0315,O014,Concretado,sintetico
V003601,2025-03-15,C0318,O014,Concretado,sintetico
V003602,2025-03-16,C0314,O014,Concretado,sintetico
V003603,2025-03-16,C0316,O014,Concretado,sintetico
V003604,2025-03-17,C0319,O014,Concretado,sintetico
V003605,2025-03-17,C0331,O014,Concretado,sintetico
V003606,2025-03-19,C0325,O014,Concretado,sintetico
V003607,2025-03-19,C0336,O014,Concretado,sintetico
V003608,2025-03-29,C0321,O014,Concretado,sintetico
V003609,2025-03-29,C0333,O014,Concretado,sintetico
V003610,2025-03-30,C0315,O014,Concretado,sintetico
V003611,2025-03-31,C0316,O014,Concretado,sintetico
V003612,2025-03-31,C0335,O014,Concretado,sintetico
V003613,2025-04-01,C0315,O014,Concretado,sintetico
V003614,2025-04-01,C0329,O014,Concretado,sintetico
V003615,2025-04-02,C0316,O014,Concretado,sintetico
V003616,2025-04-02,C0332,O014,Concretado,sintetico
V003617,2025-04-04,C0314,O014,Concretado,sintetico
V003618,2025-04-04,C0321,O014,Concretado,sintetico
V003619,2025-04-05,C0316,O014,Concretado,sintetico
V003620,2025-04-05,C0317,O014,Concretado,sintetico
V003621,2025-04-08,C0322,O014,Concretado,sintetico
V003622,2025-04-08,C0331,O014,Concretado,sintetico
V003623,2025-04-12,C0315,O014,Concretado,sintetico
V003624,2025-04-12,C0316,O014,Concretado,sintetico
V003625,2025-04-14,C0331,O014,Concretado,sintetico
V003626,2025-04-14,C0335,O014,Concretado,sintetico
V003627,2025-04-15,C0316,O014,Concretado,sintetico
V003628,2025-04-17,C0321,O014,Concretado,sintetico
V003629,2025-04-17,C0325,O014,Concretado,sintetico
V003630,2025-04-22,C0330,O014,Concretado,sintetico
V003631,2025-04-22,C0333,O014,Concretado,sintetico
V003632,2025-04-23,C0314,O014,Concretado,sintetico
V003633,2025-04-23,C0317,O014,Concretado,sintetico
V003634,2025-04-25,C0324,O014,Concretado,sintetico
V003635,2025-04-25,C0332,O014,Concretado,sintetico
V003636,2025-05-01,C0316,O014,Concretado,sintetico
V003637,2025-05-01,C0325,O014,Concretado,sintetico
V003638,2025-05-05,C0314,O014,Concretado,sintetico
V003639,2025-05-05,C0315,O014,Concretado,sintetico
V003640,2025-05-12,C0313,O014,Concretado,sintetico
V003641,2025-05-12,C0320,O014,Concretado,sintetico
V003642,2025-05-13,C0317,O014,Concretado,sintetico
V003643,2025-05-13,C0329,O014,Concretado,sintetico
V003644,2025-05-14,C0314,O014,Concretado,sintetico
V003645,2025-05-14,C0325,O014,Concretado,sintetico
V003646,2025-05-15,C0316,O014,Concretado,sintetico
V003647,2025-05-15,C0336,O014,Concretado,sintetico
V003648,2025-05-17,C0313,O014,Concretado,sintetico
V003649,2025-05-18,C0313,O014,Concretado,sintetico
V003650,2025-05-18,C0315,O014,Concretado,sintetico
V003651,2025-05-19,C0313,O014,Concretado,sintetico
V003652,2025-05-19,C0327,O014,Concretado,sintetico
V003653,2025-05-22,C0313,O014,Concretado,sintetico
V003654,2025-05-28,C0314,O014,Concretado,sintetico
V003655,2025-05-28,C0319,O014,Concretado,sintetico
V003656,2025-05-30,C0324,O014,Concretado,sintetico
V003657,2025-05-30,C0335,O014,Concretado,sintetico
V003658,2025-06-05,C0316,O014,Concretado,sintetico
V003659,2025-06-05,C0327,O014,Concretado,sintetico
V003660,2025-06-07,C0314,O014,Concretado,sintetico
V003661,2025-06-07,C0316,O014,Concretado,sintetico
V003662,2025-06-11,C0322,O014,Concretado,sintetico
V003663,2025-06-11,C0334,O014,Concretado,sintetico
V003664,2025-06-16,C0313,O014,Concretado,sintetico
V003665,2025-06-16,C0331,O014,Concretado,sintetico
V003666,2025-06-17,C0313,O014,Concretado,sintetico
V003667,2025-06-17,C0316,O014,Concretado,sintetico
V003668,2025-06-18,C0314,O014,Concretado,sintetico
V003669,2025-06-18,C0321,O014,Concretado,sintetico
V003670,2025-06-19,C0315,O014,Concretado,sintetico
V003671,2025-06-19,C0332,O014,Concretado,sintetico
V003672,2025-06-21,C0315,O014,Concretado,sintetico
V003673,2025-06-21,C0316,O014,Concretado,sintetico
V003674,2025-06-23,C0313,O014,Concretado,sintetico
V003675,2025-06-23,C0314,O014,Concretado,sintetico
V003676,2025-06-24,C0314,O014,Concretado,sintetico
V003677,2025-06-24,C0325,O014,Concretado,sintetico
V003678,2025-06-25,C0314,O014,Concretado,sintetico
V003679,2025-06-25,C0315,O014,Concretado,sintetico
V003680,2025-06-27,C0314,O014,Concretado,sintetico
V003681,2025-06-27,C0336,O014,Concretado,sintetico
V003682,2025-07-01,C0313,O014,Concretado,sintetico
V003683,2025-07-01,C0321,O014,Concretado,sintetico
V003684,2025-07-02,C0318,O014,Concretado,sintetico
V003685,2025-07-02,C0326,O014,Concretado,sintetico
V003686,2025-07-03,C0314,O014,Concretado,sintetico
V003687,2025-07-03,C0315,O014,Concretado,sintetico
V003688,2025-07-05,C0314,O014,Concretado,sintetico
V003689,2025-07-05,C0315,O014,Concretado,sintetico
V003690,2025-07-12,C0319,O014,Concretado,sintetico
V003691,2025-07-12,C0336,O014,Concretado,sintetico
V003692,2025-07-13,C0315,O014,Concretado,sintetico
V003693,2025-07-13,C0316,O014,Concretado,sintetico
V003694,2025-07-22,C0315,O014,Concretado,sintetico
V003695,2025-07-22,C0316,O014,Concretado,sintetico
V003696,2025-07-23,C0314,O014,Concretado,sintetico
V003697,2025-07-23,C0315,O014,Concretado,sintetico
V003698,2025-07-26,C0320,O014,Concretado,sintetico
V003699,2025-07-26,C0330,O014,Concretado,sintetico
V003700,2025-07-27,C0313,O014,Concretado,sintetico
V003701,2025-07-27,C0314,O014,Concretado,sintetico
V003702,2025-07-30,C0314,O014,Concretado,sintetico
V003703,2025-07-30,C0315,O014,Concretado,sintetico
V003704,2025-07-31,C0313,O014,Concretado,sintetico
V003705,2025-07-31,C0334,O014,Concretado,sintetico
V003706,2025-08-06,C0314,O014,Concretado,sintetico
V003707,2025-08-06,C0321,O014,Concretado,sintetico
V003708,2025-08-08,C0327,O014,Concretado,sintetico
V003709,2025-08-08,C0335,O014,Concretado,sintetico
V003710,2025-08-11,C0313,O014,Concretado,sintetico
V003711,2025-08-11,C0314,O014,Concretado,sintetico
V003712,2025-08-14,C0316,O014,Concretado,sintetico
V003713,2025-08-14,C0336,O014,Concretado,sintetico
V003714,2025-08-15,C0315,O014,Concretado,sintetico
V003715,2025-08-15,C0316,O014,Concretado,sintetico
V003716,2025-08-19,C0318,O014,Concretado,sintetico
V003717,2025-08-19,C0319,O014,Concretado,sintetico
V003718,2025-08-21,C0315,O014,Concretado,sintetico
V003719,2025-08-23,C0328,O014,Concretado,sintetico
V003720,2025-08-23,C0336,O014,Concretado,sintetico
V003721,2025-08-25,C0316,O014,Concretado,sintetico
V003722,2025-08-25,C0319,O014,Concretado,sintetico
V003723,2025-08-26,C0315,O014,Concretado,sintetico
V003724,2025-08-26,C0316,O014,Concretado,sintetico
V003725,2025-08-28,C0313,O014,Concretado,sintetico
V003726,2025-08-28,C0316,O014,Concretado,sintetico
V003727,2025-08-31,C0313,O014,Concretado,sintetico
V003728,2025-08-31,C0316,O014,Concretado,sintetico
V003729,2025-09-02,C0315,O014,Concretado,sintetico
V003730,2025-09-02,C0329,O014,Concretado,sintetico
V003731,2025-09-03,C0323,O014,Concretado,sintetico
V003732,2025-09-03,C0329,O014,Concretado,sintetico
V003733,2025-09-04,C0316,O014,Concretado,sintetico
V003734,2025-09-04,C0331,O014,Concretado,sintetico
V003735,2025-09-07,C0317,O014,Concretado,sintetico
V003736,2025-09-07,C0333,O014,Concretado,sintetico
V003737,2025-09-08,C0316,O014,Concretado,sintetico
V003738,2025-09-08,C0327,O014,Concretado,sintetico
V003739,2025-09-09,C0313,O014,Concretado,sintetico
V003740,2025-09-09,C0325,O014,Concretado,sintetico
V003741,2025-09-10,C0316,O014,Concretado,sintetico
V003742,2025-09-10,C0325,O014,Concretado,sintetico
V003743,2025-09-14,C0318,O014,Concretado,sintetico
V003744,2025-09-14,C0332,O014,Concretado,sintetico
V003745,2025-09-19,C0328,O014,Concretado,sintetico
V003746,2025-09-19,C0329,O014,Concretado,sintetico
V003747,2025-09-20,C0324,O014,Concretado,sintetico
V003748,2025-09-20,C0331,O014,Concretado,sintetico
V003749,2025-09-24,C0320,O014,Concretado,sintetico
V003750,2025-09-24,C0324,O014,Concretado,sintetico
V003751,2025-09-27,C0316,O014,Concretado,sintetico
V003752,2025-09-27,C0325,O014,Concretado,sintetico
V003753,2025-10-01,C0313,O014,Concretado,sintetico
V003754,2025-10-01,C0314,O014,Concretado,sintetico
V003755,2025-10-02,C0313,O014,Concretado,sintetico
V003756,2025-10-02,C0316,O014,Concretado,sintetico
V003757,2025-10-05,C0315,O014,Concretado,sintetico
V003758,2025-10-08,C0313,O014,Concretado,sintetico
V003759,2025-10-08,C0316,O014,Concretado,sintetico
V003760,2025-10-09,C0315,O014,Concretado,sintetico
V003761,2025-10-09,C0323,O014,Concretado,sintetico
V003762,2025-10-10,C0313,O014,Concretado,sintetico
V003763,2025-10-10,C0314,O014,Concretado,sintetico
V003764,2025-10-16,C0316,O014,Concretado,sintetico
V003765,2025-10-16,C0324,O014,Concretado,sintetico
V003766,2025-10-19,C0313,O014,Concretado,sintetico
V003767,2025-10-21,C0325,O014,Concretado,sintetico
V003768,2025-10-21,C0327,O014,Concretado,sintetico
V003769,2025-10-24,C0314,O014,Concretado,sintetico
V003770,2025-10-24,C0315,O014,Concretado,sintetico
V003771,2025-10-27,C0314,O014,Concretado,sintetico
V003772,2025-10-27,C0329,O014,Concretado,sintetico
V003773,2025-10-29,C0316,O014,Concretado,sintetico
V003774,2025-10-29,C0333,O014,Concretado,sintetico
V003775,2025-11-01,C0313,O014,Concretado,sintetico
V003776,2025-11-01,C0316,O014,Concretado,sintetico
V003777,2025-11-04,C0315,O014,Concretado,sintetico
V003778,2025-11-04,C0316,O014,Concretado,sintetico
V003779,2025-11-06,C0313,O014,Concretado,sintetico
V003780,2025-11-06,C0315,O014,Concretado,sintetico
V003781,2025-11-08,C0316,O014,Concretado,sintetico
V003782,2025-11-10,C0313,O014,Concretado,sintetico
V003783,2025-11-10,C0317,O014,Concretado,sintetico
V003784,2025-11-13,C0313,O014,Concretado,sintetico
V003785,2025-11-13,C0320,O014,Concretado,sintetico
V003786,2025-11-18,C0315,O014,Concretado,sintetico
V003787,2025-11-18,C0327,O014,Concretado,sintetico
V003788,2025-11-19,C0314,O014,Concretado,sintetico
V003789,2025-11-19,C0317,O014,Concretado,sintetico
V003790,2025-11-20,C0313,O014,Concretado,sintetico
V003791,2025-11-20,C0314,O014,Concretado,sintetico
V003792,2025-11-26,C0318,O014,Concretado,sintetico
V003793,2025-11-26,C0328,O014,Concretado,sintetico
V003794,2025-11-27,C0313,O014,Concretado,sintetico
V003795,2025-11-27,C0316,O014,Concretado,sintetico
V003796,2025-11-30,C0315,O014,Concretado,sintetico
V003797,2025-11-30,C0334,O014,Concretado,sintetico
V003798,2025-12-02,C0314,O014,Concretado,sintetico
V003799,2025-12-02,C0316,O014,Concretado,sintetico
V003800,2025-12-05,C0313,O014,Concretado,sintetico
V003801,2025-12-05,C0315,O014,Concretado,sintetico
V003802,2025-12-06,C0315,O014,Concretado,sintetico
V003803,2025-12-07,C0330,O014,Concretado,sintetico
V003804,2025-12-07,C0334,O014,Concretado,sintetico
V003805,2025-12-08,C0325,O014,Concretado,sintetico
V003806,2025-12-08,C0334,O014,Concretado,sintetico
V003807,2025-12-10,C0314,O014,Concretado,sintetico
V003808,2025-12-10,C0316,O014,Concretado,sintetico
V003809,2025-12-11,C0316,O014,Concretado,sintetico
V003810,2025-12-14,C0316,O014,Concretado,sintetico
V003811,2025-12-16,C0321,O014,Concretado,sintetico
V003812,2025-12-16,C0327,O014,Concretado,sintetico
V003813,2025-12-22,C0313,O014,Concretado,sintetico
V003814,2025-12-22,C0319,O014,Concretado,sintetico
V003815,2025-12-23,C0314,O014,Concretado,sintetico
V003816,2025-12-30,C0316,O014,Concretado,sintetico
V003817,2025-12-30,C0318,O014,Concretado,sintetico
V003818,2025-01-01,C0337,O015,Concretado,sintetico
V003819,2025-01-01,C0340,O015,Concretado,sintetico
V003820,2025-01-03,C0338,O015,Concretado,sintetico
V003821,2025-01-03,C0340,O015,Concretado,sintetico
V003822,2025-01-07,C0350,O015,Concretado,sintetico
V003823,2025-01-07,C0352,O015,Concretado,sintetico
V003824,2025-01-11,C0337,O015,Concretado,sintetico
V003825,2025-01-11,C0350,O015,Concretado,sintetico
V003826,2025-01-13,C0337,O015,Concretado,sintetico
V003827,2025-01-13,C0341,O015,Concretado,sintetico
V003828,2025-01-17,C0340,O015,Concretado,sintetico
V003829,2025-01-17,C0360,O015,Concretado,sintetico
V003830,2025-01-18,C0348,O015,Concretado,sintetico
V003831,2025-01-18,C0352,O015,Concretado,sintetico
V003832,2025-01-19,C0337,O015,Concretado,sintetico
V003833,2025-01-19,C0357,O015,Concretado,sintetico
V003834,2025-01-25,C0338,O015,Concretado,sintetico
V003835,2025-01-25,C0345,O015,Concretado,sintetico
V003836,2025-01-26,C0339,O015,Concretado,sintetico
V003837,2025-01-26,C0348,O015,Concretado,sintetico
V003838,2025-01-28,C0337,O015,Concretado,sintetico
V003839,2025-01-28,C0339,O015,Concretado,sintetico
V003840,2025-01-30,C0352,O015,Concretado,sintetico
V003841,2025-01-30,C0354,O015,Concretado,sintetico
V003842,2025-02-01,C0350,O015,Concretado,sintetico
V003843,2025-02-03,C0347,O015,Concretado,sintetico
V003844,2025-02-03,C0359,O015,Concretado,sintetico
V003845,2025-02-06,C0339,O015,Concretado,sintetico
V003846,2025-02-06,C0340,O015,Concretado,sintetico
V003847,2025-02-08,C0337,O015,Concretado,sintetico
V003848,2025-02-08,C0340,O015,Concretado,sintetico
V003849,2025-02-12,C0337,O015,Concretado,sintetico
V003850,2025-02-12,C0341,O015,Concretado,sintetico
V003851,2025-02-14,C0339,O015,Concretado,sintetico
V003852,2025-02-14,C0357,O015,Concretado,sintetico
V003853,2025-02-16,C0340,O015,Concretado,sintetico
V003854,2025-02-16,C0354,O015,Concretado,sintetico
V003855,2025-02-17,C0339,O015,Concretado,sintetico
V003856,2025-02-17,C0353,O015,Concretado,sintetico
V003857,2025-02-19,C0338,O015,Concretado,sintetico
V003858,2025-02-19,C0339,O015,Concretado,sintetico
V003859,2025-02-21,C0346,O015,Concretado,sintetico
V003860,2025-02-21,C0350,O015,Concretado,sintetico
V003861,2025-02-22,C0339,O015,Concretado,sintetico
V003862,2025-02-22,C0343,O015,Concretado,sintetico
V003863,2025-02-23,C0339,O015,Concretado,sintetico
V003864,2025-02-23,C0340,O015,Concretado,sintetico
V003865,2025-03-01,C0338,O015,Concretado,sintetico
V003866,2025-03-01,C0354,O015,Concretado,sintetico
V003867,2025-03-06,C0338,O015,Concretado,sintetico
V003868,2025-03-06,C0339,O015,Concretado,sintetico
V003869,2025-03-07,C0338,O015,Concretado,sintetico
V003870,2025-03-11,C0338,O015,Concretado,sintetico
V003871,2025-03-11,C0339,O015,Concretado,sintetico
V003872,2025-03-15,C0341,O015,Concretado,sintetico
V003873,2025-03-15,C0353,O015,Concretado,sintetico
V003874,2025-03-18,C0339,O015,Concretado,sintetico
V003875,2025-03-18,C0351,O015,Concretado,sintetico
V003876,2025-03-19,C0338,O015,Concretado,sintetico
V003877,2025-03-19,C0339,O015,Concretado,sintetico
V003878,2025-03-23,C0337,O015,Concretado,sintetico
V003879,2025-03-23,C0343,O015,Concretado,sintetico
V003880,2025-03-24,C0338,O015,Concretado,sintetico
V003881,2025-03-24,C0339,O015,Concretado,sintetico
V003882,2025-03-26,C0338,O015,Concretado,sintetico
V003883,2025-03-27,C0340,O015,Concretado,sintetico
V003884,2025-03-27,C0354,O015,Concretado,sintetico
V003885,2025-03-28,C0339,O015,Concretado,sintetico
V003886,2025-03-28,C0341,O015,Concretado,sintetico
V003887,2025-04-06,C0337,O015,Concretado,sintetico
V003888,2025-04-06,C0339,O015,Concretado,sintetico
V003889,2025-04-07,C0338,O015,Concretado,sintetico
V003890,2025-04-07,C0352,O015,Concretado,sintetico
V003891,2025-04-11,C0337,O015,Concretado,sintetico
V003892,2025-04-11,C0340,O015,Concretado,sintetico
V003893,2025-04-15,C0339,O015,Concretado,sintetico
V003894,2025-04-15,C0346,O015,Concretado,sintetico
V003895,2025-04-18,C0338,O015,Concretado,sintetico
V003896,2025-04-19,C0340,O015,Concretado,sintetico
V003897,2025-04-22,C0342,O015,Concretado,sintetico
V003898,2025-04-22,C0345,O015,Concretado,sintetico
V003899,2025-04-23,C0338,O015,Concretado,sintetico
V003900,2025-04-23,C0350,O015,Concretado,sintetico
V003901,2025-04-24,C0340,O015,Concretado,sintetico
V003902,2025-04-24,C0341,O015,Concretado,sintetico
V003903,2025-04-26,C0339,O015,Concretado,sintetico
V003904,2025-04-26,C0356,O015,Concretado,sintetico
V003905,2025-04-27,C0339,O015,Concretado,sintetico
V003906,2025-04-28,C0340,O015,Concretado,sintetico
V003907,2025-04-28,C0347,O015,Concretado,sintetico
V003908,2025-05-01,C0337,O015,Concretado,sintetico
V003909,2025-05-01,C0351,O015,Concretado,sintetico
V003910,2025-05-03,C0339,O015,Concretado,sintetico
V003911,2025-05-03,C0348,O015,Concretado,sintetico
V003912,2025-05-05,C0340,O015,Concretado,sintetico
V003913,2025-05-05,C0344,O015,Concretado,sintetico
V003914,2025-05-09,C0337,O015,Concretado,sintetico
V003915,2025-05-09,C0339,O015,Concretado,sintetico
V003916,2025-05-11,C0338,O015,Concretado,sintetico
V003917,2025-05-11,C0342,O015,Concretado,sintetico
V003918,2025-05-12,C0343,O015,Concretado,sintetico
V003919,2025-05-12,C0350,O015,Concretado,sintetico
V003920,2025-05-14,C0337,O015,Concretado,sintetico
V003921,2025-05-14,C0339,O015,Concretado,sintetico
V003922,2025-05-16,C0338,O015,Concretado,sintetico
V003923,2025-05-16,C0342,O015,Concretado,sintetico
V003924,2025-05-17,C0339,O015,Concretado,sintetico
V003925,2025-05-17,C0342,O015,Concretado,sintetico
V003926,2025-05-26,C0338,O015,Concretado,sintetico
V003927,2025-05-26,C0345,O015,Concretado,sintetico
V003928,2025-05-28,C0340,O015,Concretado,sintetico
V003929,2025-05-28,C0354,O015,Concretado,sintetico
V003930,2025-05-29,C0338,O015,Concretado,sintetico
V003931,2025-05-29,C0349,O015,Concretado,sintetico
V003932,2025-06-01,C0337,O015,Concretado,sintetico
V003933,2025-06-05,C0337,O015,Concretado,sintetico
V003934,2025-06-05,C0338,O015,Concretado,sintetico
V003935,2025-06-09,C0340,O015,Concretado,sintetico
V003936,2025-06-11,C0338,O015,Concretado,sintetico
V003937,2025-06-11,C0340,O015,Concretado,sintetico
V003938,2025-06-16,C0348,O015,Concretado,sintetico
V003939,2025-06-16,C0349,O015,Concretado,sintetico
V003940,2025-06-20,C0337,O015,Concretado,sintetico
V003941,2025-06-20,C0338,O015,Concretado,sintetico
V003942,2025-06-21,C0340,O015,Concretado,sintetico
V003943,2025-06-21,C0347,O015,Concretado,sintetico
V003944,2025-06-24,C0352,O015,Concretado,sintetico
V003945,2025-06-24,C0359,O015,Concretado,sintetico
V003946,2025-06-25,C0358,O015,Concretado,sintetico
V003947,2025-06-25,C0360,O015,Concretado,sintetico
V003948,2025-06-27,C0338,O015,Concretado,sintetico
V003949,2025-06-27,C0339,O015,Concretado,sintetico
V003950,2025-06-28,C0339,O015,Concretado,sintetico
V003951,2025-06-28,C0340,O015,Concretado,sintetico
V003952,2025-06-29,C0338,O015,Concretado,sintetico
V003953,2025-07-01,C0339,O015,Concretado,sintetico
V003954,2025-07-01,C0340,O015,Concretado,sintetico
V003955,2025-07-03,C0340,O015,Concretado,sintetico
V003956,2025-07-03,C0355,O015,Concretado,sintetico
V003957,2025-07-04,C0340,O015,Concretado,sintetico
V003958,2025-07-04,C0357,O015,Concretado,sintetico
V003959,2025-07-06,C0338,O015,Concretado,sintetico
V003960,2025-07-06,C0340,O015,Concretado,sintetico
V003961,2025-07-11,C0337,O015,Concretado,sintetico
V003962,2025-07-11,C0339,O015,Concretado,sintetico
V003963,2025-07-12,C0337,O015,Concretado,sintetico
V003964,2025-07-12,C0339,O015,Concretado,sintetico
V003965,2025-07-14,C0340,O015,Concretado,sintetico
V003966,2025-07-19,C0338,O015,Concretado,sintetico
V003967,2025-07-19,C0340,O015,Concretado,sintetico
V003968,2025-07-20,C0337,O015,Concretado,sintetico
V003969,2025-07-20,C0338,O015,Concretado,sintetico
V003970,2025-07-21,C0338,O015,Concretado,sintetico
V003971,2025-07-21,C0339,O015,Concretado,sintetico
V003972,2025-07-22,C0342,O015,Concretado,sintetico
V003973,2025-07-22,C0348,O015,Concretado,sintetico
V003974,2025-07-25,C0338,O015,Concretado,sintetico
V003975,2025-07-25,C0339,O015,Concretado,sintetico
V003976,2025-08-02,C0338,O015,Concretado,sintetico
V003977,2025-08-02,C0345,O015,Concretado,sintetico
V003978,2025-08-04,C0338,O015,Concretado,sintetico
V003979,2025-08-04,C0339,O015,Concretado,sintetico
V003980,2025-08-06,C0339,O015,Concretado,sintetico
V003981,2025-08-06,C0356,O015,Concretado,sintetico
V003982,2025-08-12,C0340,O015,Concretado,sintetico
V003983,2025-08-13,C0337,O015,Concretado,sintetico
V003984,2025-08-13,C0338,O015,Concretado,sintetico
V003985,2025-08-14,C0340,O015,Concretado,sintetico
V003986,2025-08-14,C0344,O015,Concretado,sintetico
V003987,2025-08-18,C0337,O015,Concretado,sintetico
V003988,2025-08-18,C0357,O015,Concretado,sintetico
V003989,2025-08-19,C0337,O015,Concretado,sintetico
V003990,2025-08-19,C0350,O015,Concretado,sintetico
V003991,2025-08-20,C0352,O015,Concretado,sintetico
V003992,2025-08-20,C0355,O015,Concretado,sintetico
V003993,2025-08-23,C0339,O015,Concretado,sintetico
V003994,2025-08-23,C0341,O015,Concretado,sintetico
V003995,2025-08-26,C0348,O015,Concretado,sintetico
V003996,2025-08-26,C0349,O015,Concretado,sintetico
V003997,2025-08-29,C0340,O015,Concretado,sintetico
V003998,2025-08-29,C0357,O015,Concretado,sintetico
V003999,2025-09-02,C0337,O015,Concretado,sintetico
V004000,2025-09-02,C0340,O015,Concretado,sintetico
V004001,2025-09-08,C0337,O015,Concretado,sintetico
V004002,2025-09-08,C0339,O015,Concretado,sintetico
V004003,2025-09-12,C0338,O015,Concretado,sintetico
V004004,2025-09-12,C0339,O015,Concretado,sintetico
V004005,2025-09-16,C0338,O015,Concretado,sintetico
V004006,2025-09-16,C0340,O015,Concretado,sintetico
V004007,2025-09-17,C0339,O015,Concretado,sintetico
V004008,2025-09-17,C0341,O015,Concretado,sintetico
V004009,2025-09-19,C0338,O015,Concretado,sintetico
V004010,2025-09-20,C0339,O015,Concretado,sintetico
V004011,2025-09-20,C0340,O015,Concretado,sintetico
V004012,2025-09-21,C0339,O015,Concretado,sintetico
V004013,2025-09-21,C0350,O015,Concretado,sintetico
V004014,2025-09-26,C0344,O015,Concretado,sintetico
V004015,2025-09-26,C0356,O015,Concretado,sintetico
V004016,2025-09-27,C0338,O015,Concretado,sintetico
V004017,2025-09-27,C0339,O015,Concretado,sintetico
V004018,2025-09-29,C0339,O015,Concretado,sintetico
V004019,2025-09-29,C0356,O015,Concretado,sintetico
V004020,2025-09-30,C0340,O015,Concretado,sintetico
V004021,2025-09-30,C0341,O015,Concretado,sintetico
V004022,2025-10-01,C0337,O015,Concretado,sintetico
V004023,2025-10-01,C0360,O015,Concretado,sintetico
V004024,2025-10-04,C0337,O015,Concretado,sintetico
V004025,2025-10-04,C0340,O015,Concretado,sintetico
V004026,2025-10-05,C0344,O015,Concretado,sintetico
V004027,2025-10-05,C0360,O015,Concretado,sintetico
V004028,2025-10-06,C0338,O015,Concretado,sintetico
V004029,2025-10-06,C0343,O015,Concretado,sintetico
V004030,2025-10-07,C0339,O015,Concretado,sintetico
V004031,2025-10-07,C0340,O015,Concretado,sintetico
V004032,2025-10-10,C0337,O015,Concretado,sintetico
V004033,2025-10-10,C0346,O015,Concretado,sintetico
V004034,2025-10-12,C0339,O015,Concretado,sintetico
V004035,2025-10-12,C0349,O015,Concretado,sintetico
V004036,2025-10-16,C0338,O015,Concretado,sintetico
V004037,2025-10-16,C0354,O015,Concretado,sintetico
V004038,2025-10-20,C0337,O015,Concretado,sintetico
V004039,2025-10-20,C0339,O015,Concretado,sintetico
V004040,2025-10-21,C0337,O015,Concretado,sintetico
V004041,2025-10-21,C0338,O015,Concretado,sintetico
V004042,2025-10-23,C0342,O015,Concretado,sintetico
V004043,2025-10-23,C0350,O015,Concretado,sintetico
V004044,2025-10-30,C0339,O015,Concretado,sintetico
V004045,2025-10-30,C0360,O015,Concretado,sintetico
V004046,2025-11-04,C0338,O015,Concretado,sintetico
V004047,2025-11-04,C0342,O015,Concretado,sintetico
V004048,2025-11-06,C0338,O015,Concretado,sintetico
V004049,2025-11-06,C0344,O015,Concretado,sintetico
V004050,2025-11-07,C0351,O015,Concretado,sintetico
V004051,2025-11-07,C0356,O015,Concretado,sintetico
V004052,2025-11-08,C0337,O015,Concretado,sintetico
V004053,2025-11-08,C0346,O015,Concretado,sintetico
V004054,2025-11-11,C0337,O015,Concretado,sintetico
V004055,2025-11-11,C0338,O015,Concretado,sintetico
V004056,2025-11-13,C0337,O015,Concretado,sintetico
V004057,2025-11-13,C0350,O015,Concretado,sintetico
V004058,2025-11-14,C0339,O015,Concretado,sintetico
V004059,2025-11-14,C0340,O015,Concretado,sintetico
V004060,2025-11-15,C0337,O015,Concretado,sintetico
V004061,2025-11-15,C0339,O015,Concretado,sintetico
V004062,2025-11-17,C0339,O015,Concretado,sintetico
V004063,2025-11-17,C0340,O015,Concretado,sintetico
V004064,2025-11-20,C0347,O015,Concretado,sintetico
V004065,2025-11-20,C0356,O015,Concretado,sintetico
V004066,2025-11-29,C0338,O015,Concretado,sintetico
V004067,2025-11-29,C0340,O015,Concretado,sintetico
V004068,2025-11-30,C0337,O015,Concretado,sintetico
V004069,2025-11-30,C0347,O015,Concretado,sintetico
V004070,2025-12-02,C0338,O015,Concretado,sintetico
V004071,2025-12-02,C0353,O015,Concretado,sintetico
V004072,2025-12-05,C0337,O015,Concretado,sintetico
V004073,2025-12-05,C0339,O015,Concretado,sintetico
V004074,2025-12-07,C0337,O015,Concretado,sintetico
V004075,2025-12-07,C0338,O015,Concretado,sintetico
V004076,2025-12-09,C0339,O015,Concretado,sintetico
V004077,2025-12-10,C0339,O015,Concretado,sintetico
V004078,2025-12-10,C0341,O015,Concretado,sintetico
V004079,2025-12-12,C0339,O015,Concretado,sintetico
V004080,2025-12-12,C0340,O015,Concretado,sintetico
V004081,2025-12-14,C0337,O015,Concretado,sintetico
V004082,2025-12-14,C0346,O015,Concretado,sintetico
V004083,2025-12-22,C0337,O015,Concretado,sintetico
V004084,2025-12-22,C0344,O015,Concretado,sintetico
V004085,2025-12-25,C0340,O015,Concretado,sintetico
V004086,2025-12-25,C0359,O015,Concretado,sintetico
V004087,2025-12-26,C0338,O015,Concretado,sintetico
V004088,2025-12-26,C0350,O015,Concretado,sintetico
V004089,2025-12-28,C0339,O015,Concretado,sintetico
V004090,2025-12-28,C0340,O015,Concretado,sintetico
V004091,2025-12-29,C0339,O015,Concretado,sintetico
V004092,2025-12-29,C0350,O015,Concretado,sintetico
V004093,2025-01-02,C0361,O016,Concretado,sintetico
V004094,2025-01-02,C0363,O016,Concretado,sintetico
V004095,2025-01-04,C0376,O016,Concretado,sintetico
V004096,2025-01-04,C0381,O016,Concretado,sintetico
V004097,2025-01-06,C0362,O016,Concretado,sintetico
V004098,2025-01-06,C0380,O016,Concretado,sintetico
V004099,2025-01-08,C0365,O016,Concretado,sintetico
V004100,2025-01-08,C0381,O016,Concretado,sintetico
V004101,2025-01-10,C0362,O016,Concretado,sintetico
V004102,2025-01-10,C0363,O016,Concretado,sintetico
V004103,2025-01-11,C0362,O016,Concretado,sintetico
V004104,2025-01-11,C0371,O016,Concretado,sintetico
V004105,2025-01-13,C0363,O016,Concretado,sintetico
V004106,2025-01-13,C0364,O016,Concretado,sintetico
V004107,2025-01-14,C0361,O016,Concretado,sintetico
V004108,2025-01-14,C0363,O016,Concretado,sintetico
V004109,2025-01-16,C0362,O016,Concretado,sintetico
V004110,2025-01-16,C0364,O016,Concretado,sintetico
V004111,2025-01-17,C0366,O016,Concretado,sintetico
V004112,2025-01-17,C0375,O016,Concretado,sintetico
V004113,2025-01-25,C0361,O016,Concretado,sintetico
V004114,2025-01-25,C0374,O016,Concretado,sintetico
V004115,2025-01-30,C0361,O016,Concretado,sintetico
V004116,2025-01-30,C0371,O016,Concretado,sintetico
V004117,2025-02-01,C0362,O016,Concretado,sintetico
V004118,2025-02-01,C0364,O016,Concretado,sintetico
V004119,2025-02-03,C0379,O016,Concretado,sintetico
V004120,2025-02-03,C0383,O016,Concretado,sintetico
V004121,2025-02-08,C0361,O016,Concretado,sintetico
V004122,2025-02-08,C0384,O016,Concretado,sintetico
V004123,2025-02-09,C0364,O016,Concretado,sintetico
V004124,2025-02-11,C0363,O016,Concretado,sintetico
V004125,2025-02-11,C0373,O016,Concretado,sintetico
V004126,2025-02-13,C0364,O016,Concretado,sintetico
V004127,2025-02-13,C0371,O016,Concretado,sintetico
V004128,2025-02-15,C0361,O016,Concretado,sintetico
V004129,2025-02-15,C0362,O016,Concretado,sintetico
V004130,2025-02-17,C0362,O016,Concretado,sintetico
V004131,2025-02-20,C0365,O016,Concretado,sintetico
V004132,2025-02-20,C0383,O016,Concretado,sintetico
V004133,2025-02-21,C0364,O016,Concretado,sintetico
V004134,2025-02-21,C0368,O016,Concretado,sintetico
V004135,2025-02-22,C0361,O016,Concretado,sintetico
V004136,2025-02-22,C0364,O016,Concretado,sintetico
V004137,2025-02-26,C0361,O016,Concretado,sintetico
V004138,2025-02-26,C0363,O016,Concretado,sintetico
V004139,2025-03-06,C0361,O016,Concretado,sintetico
V004140,2025-03-06,C0383,O016,Concretado,sintetico
V004141,2025-03-09,C0364,O016,Concretado,sintetico
V004142,2025-03-09,C0382,O016,Concretado,sintetico
V004143,2025-03-11,C0365,O016,Concretado,sintetico
V004144,2025-03-11,C0370,O016,Concretado,sintetico
V004145,2025-03-12,C0362,O016,Concretado,sintetico
V004146,2025-03-12,C0363,O016,Concretado,sintetico
V004147,2025-03-16,C0363,O016,Concretado,sintetico
V004148,2025-03-16,C0366,O016,Concretado,sintetico
V004149,2025-03-17,C0361,O016,Concretado,sintetico
V004150,2025-03-17,C0364,O016,Concretado,sintetico
V004151,2025-03-21,C0363,O016,Concretado,sintetico
V004152,2025-03-21,C0376,O016,Concretado,sintetico
V004153,2025-03-22,C0362,O016,Concretado,sintetico
V004154,2025-03-22,C0364,O016,Concretado,sintetico
V004155,2025-03-23,C0361,O016,Concretado,sintetico
V004156,2025-03-23,C0381,O016,Concretado,sintetico
V004157,2025-03-25,C0363,O016,Concretado,sintetico
V004158,2025-03-25,C0366,O016,Concretado,sintetico
V004159,2025-03-28,C0361,O016,Concretado,sintetico
V004160,2025-03-28,C0370,O016,Concretado,sintetico
V004161,2025-03-29,C0364,O016,Concretado,sintetico
V004162,2025-03-29,C0384,O016,Concretado,sintetico
V004163,2025-04-01,C0363,O016,Concretado,sintetico
V004164,2025-04-01,C0365,O016,Concretado,sintetico
V004165,2025-04-03,C0361,O016,Concretado,sintetico
V004166,2025-04-03,C0384,O016,Concretado,sintetico
V004167,2025-04-04,C0371,O016,Concretado,sintetico
V004168,2025-04-04,C0381,O016,Concretado,sintetico
V004169,2025-04-12,C0363,O016,Concretado,sintetico
V004170,2025-04-12,C0365,O016,Concretado,sintetico
V004171,2025-04-15,C0373,O016,Concretado,sintetico
V004172,2025-04-15,C0379,O016,Concretado,sintetico
V004173,2025-04-16,C0361,O016,Concretado,sintetico
V004174,2025-04-16,C0376,O016,Concretado,sintetico
V004175,2025-04-17,C0374,O016,Concretado,sintetico
V004176,2025-04-17,C0384,O016,Concretado,sintetico
V004177,2025-04-20,C0364,O016,Concretado,sintetico
V004178,2025-04-23,C0378,O016,Concretado,sintetico
V004179,2025-04-23,C0381,O016,Concretado,sintetico
V004180,2025-04-24,C0361,O016,Concretado,sintetico
V004181,2025-04-24,C0374,O016,Concretado,sintetico
V004182,2025-04-27,C0362,O016,Concretado,sintetico
V004183,2025-04-27,C0370,O016,Concretado,sintetico
V004184,2025-04-29,C0364,O016,Concretado,sintetico
V004185,2025-05-03,C0365,O016,Concretado,sintetico
V004186,2025-05-03,C0368,O016,Concretado,sintetico
V004187,2025-05-04,C0361,O016,Concretado,sintetico
V004188,2025-05-04,C0363,O016,Concretado,sintetico
V004189,2025-05-05,C0363,O016,Concretado,sintetico
V004190,2025-05-05,C0378,O016,Concretado,sintetico
V004191,2025-05-06,C0362,O016,Concretado,sintetico
V004192,2025-05-06,C0370,O016,Concretado,sintetico
V004193,2025-05-07,C0364,O016,Concretado,sintetico
V004194,2025-05-07,C0367,O016,Concretado,sintetico
V004195,2025-05-09,C0361,O016,Concretado,sintetico
V004196,2025-05-09,C0364,O016,Concretado,sintetico
V004197,2025-05-10,C0363,O016,Concretado,sintetico
V004198,2025-05-10,C0370,O016,Concretado,sintetico
V004199,2025-05-13,C0362,O016,Concretado,sintetico
V004200,2025-05-13,C0365,O016,Concretado,sintetico
V004201,2025-05-26,C0361,O016,Concretado,sintetico
V004202,2025-05-26,C0364,O016,Concretado,sintetico
V004203,2025-05-29,C0364,O016,Concretado,sintetico
V004204,2025-05-30,C0362,O016,Concretado,sintetico
V004205,2025-05-30,C0364,O016,Concretado,sintetico
V004206,2025-05-31,C0363,O016,Concretado,sintetico
V004207,2025-06-05,C0361,O016,Concretado,sintetico
V004208,2025-06-05,C0380,O016,Concretado,sintetico
V004209,2025-06-06,C0361,O016,Concretado,sintetico
V004210,2025-06-07,C0361,O016,Concretado,sintetico
V004211,2025-06-07,C0363,O016,Concretado,sintetico
V004212,2025-06-08,C0363,O016,Concretado,sintetico
V004213,2025-06-08,C0370,O016,Concretado,sintetico
V004214,2025-06-11,C0361,O016,Concretado,sintetico
V004215,2025-06-11,C0384,O016,Concretado,sintetico
V004216,2025-06-13,C0362,O016,Concretado,sintetico
V004217,2025-06-13,C0365,O016,Concretado,sintetico
V004218,2025-06-14,C0362,O016,Concretado,sintetico
V004219,2025-06-14,C0372,O016,Concretado,sintetico
V004220,2025-06-15,C0363,O016,Concretado,sintetico
V004221,2025-06-15,C0376,O016,Concretado,sintetico
V004222,2025-06-16,C0364,O016,Concretado,sintetico
V004223,2025-06-16,C0376,O016,Concretado,sintetico
V004224,2025-06-18,C0361,O016,Concretado,sintetico
V004225,2025-06-18,C0381,O016,Concretado,sintetico
V004226,2025-06-21,C0364,O016,Concretado,sintetico
V004227,2025-06-21,C0380,O016,Concretado,sintetico
V004228,2025-06-23,C0362,O016,Concretado,sintetico
V004229,2025-06-23,C0380,O016,Concretado,sintetico
V004230,2025-07-02,C0363,O016,Concretado,sintetico
V004231,2025-07-02,C0376,O016,Concretado,sintetico
V004232,2025-07-03,C0363,O016,Concretado,sintetico
V004233,2025-07-03,C0378,O016,Concretado,sintetico
V004234,2025-07-07,C0362,O016,Concretado,sintetico
V004235,2025-07-07,C0363,O016,Concretado,sintetico
V004236,2025-07-12,C0361,O016,Concretado,sintetico
V004237,2025-07-12,C0362,O016,Concretado,sintetico
V004238,2025-07-14,C0361,O016,Concretado,sintetico
V004239,2025-07-14,C0362,O016,Concretado,sintetico
V004240,2025-07-16,C0363,O016,Concretado,sintetico
V004241,2025-07-16,C0373,O016,Concretado,sintetico
V004242,2025-07-19,C0363,O016,Concretado,sintetico
V004243,2025-07-19,C0366,O016,Concretado,sintetico
V004244,2025-07-20,C0361,O016,Concretado,sintetico
V004245,2025-07-20,C0362,O016,Concretado,sintetico
V004246,2025-07-22,C0363,O016,Concretado,sintetico
V004247,2025-07-22,C0376,O016,Concretado,sintetico
V004248,2025-07-23,C0361,O016,Concretado,sintetico
V004249,2025-07-23,C0367,O016,Concretado,sintetico
V004250,2025-07-26,C0361,O016,Concretado,sintetico
V004251,2025-07-26,C0363,O016,Concretado,sintetico
V004252,2025-07-29,C0361,O016,Concretado,sintetico
V004253,2025-07-29,C0363,O016,Concretado,sintetico
V004254,2025-08-01,C0363,O016,Concretado,sintetico
V004255,2025-08-01,C0375,O016,Concretado,sintetico
V004256,2025-08-04,C0363,O016,Concretado,sintetico
V004257,2025-08-04,C0364,O016,Concretado,sintetico
V004258,2025-08-05,C0362,O016,Concretado,sintetico
V004259,2025-08-05,C0364,O016,Concretado,sintetico
V004260,2025-08-06,C0371,O016,Concretado,sintetico
V004261,2025-08-06,C0376,O016,Concretado,sintetico
V004262,2025-08-07,C0361,O016,Concretado,sintetico
V004263,2025-08-07,C0382,O016,Concretado,sintetico
V004264,2025-08-13,C0361,O016,Concretado,sintetico
V004265,2025-08-13,C0362,O016,Concretado,sintetico
V004266,2025-08-14,C0372,O016,Concretado,sintetico
V004267,2025-08-14,C0377,O016,Concretado,sintetico
V004268,2025-08-16,C0363,O016,Concretado,sintetico
V004269,2025-08-18,C0361,O016,Concretado,sintetico
V004270,2025-08-18,C0372,O016,Concretado,sintetico
V004271,2025-08-28,C0362,O016,Concretado,sintetico
V004272,2025-08-28,C0369,O016,Concretado,sintetico
V004273,2025-08-29,C0381,O016,Concretado,sintetico
V004274,2025-08-29,C0382,O016,Concretado,sintetico
V004275,2025-08-31,C0363,O016,Concretado,sintetico
V004276,2025-09-03,C0361,O016,Concretado,sintetico
V004277,2025-09-03,C0364,O016,Concretado,sintetico
V004278,2025-09-05,C0364,O016,Concretado,sintetico
V004279,2025-09-05,C0384,O016,Concretado,sintetico
V004280,2025-09-07,C0362,O016,Concretado,sintetico
V004281,2025-09-07,C0366,O016,Concretado,sintetico
V004282,2025-09-09,C0362,O016,Concretado,sintetico
V004283,2025-09-09,C0369,O016,Concretado,sintetico
V004284,2025-09-14,C0362,O016,Concretado,sintetico
V004285,2025-09-14,C0370,O016,Concretado,sintetico
V004286,2025-09-18,C0361,O016,Concretado,sintetico
V004287,2025-09-18,C0365,O016,Concretado,sintetico
V004288,2025-09-19,C0361,O016,Concretado,sintetico
V004289,2025-09-19,C0362,O016,Concretado,sintetico
V004290,2025-09-20,C0361,O016,Concretado,sintetico
V004291,2025-09-20,C0363,O016,Concretado,sintetico
V004292,2025-09-23,C0366,O016,Concretado,sintetico
V004293,2025-09-23,C0377,O016,Concretado,sintetico
V004294,2025-09-24,C0362,O016,Concretado,sintetico
V004295,2025-09-24,C0369,O016,Concretado,sintetico
V004296,2025-09-26,C0372,O016,Concretado,sintetico
V004297,2025-09-26,C0380,O016,Concretado,sintetico
V004298,2025-09-27,C0362,O016,Concretado,sintetico
V004299,2025-10-03,C0363,O016,Concretado,sintetico
V004300,2025-10-03,C0381,O016,Concretado,sintetico
V004301,2025-10-05,C0362,O016,Concretado,sintetico
V004302,2025-10-05,C0364,O016,Concretado,sintetico
V004303,2025-10-09,C0364,O016,Concretado,sintetico
V004304,2025-10-09,C0372,O016,Concretado,sintetico
V004305,2025-10-11,C0363,O016,Concretado,sintetico
V004306,2025-10-11,C0364,O016,Concretado,sintetico
V004307,2025-10-14,C0363,O016,Concretado,sintetico
V004308,2025-10-14,C0377,O016,Concretado,sintetico
V004309,2025-10-17,C0364,O016,Concretado,sintetico
V004310,2025-10-17,C0367,O016,Concretado,sintetico
V004311,2025-10-18,C0362,O016,Concretado,sintetico
V004312,2025-10-18,C0367,O016,Concretado,sintetico
V004313,2025-10-21,C0364,O016,Concretado,sintetico
V004314,2025-10-21,C0369,O016,Concretado,sintetico
V004315,2025-10-24,C0363,O016,Concretado,sintetico
V004316,2025-10-24,C0376,O016,Concretado,sintetico
V004317,2025-10-26,C0361,O016,Concretado,sintetico
V004318,2025-10-26,C0363,O016,Concretado,sintetico
V004319,2025-10-28,C0362,O016,Concretado,sintetico
V004320,2025-10-28,C0369,O016,Concretado,sintetico
V004321,2025-10-29,C0362,O016,Concretado,sintetico
V004322,2025-10-29,C0374,O016,Concretado,sintetico
V004323,2025-11-01,C0364,O016,Concretado,sintetico
V004324,2025-11-03,C0367,O016,Concretado,sintetico
V004325,2025-11-03,C0382,O016,Concretado,sintetico
V004326,2025-11-06,C0364,O016,Concretado,sintetico
V004327,2025-11-06,C0371,O016,Concretado,sintetico
V004328,2025-11-07,C0361,O016,Concretado,sintetico
V004329,2025-11-07,C0374,O016,Concretado,sintetico
V004330,2025-11-08,C0362,O016,Concretado,sintetico
V004331,2025-11-08,C0364,O016,Concretado,sintetico
V004332,2025-11-14,C0361,O016,Concretado,sintetico
V004333,2025-11-14,C0384,O016,Concretado,sintetico
V004334,2025-11-16,C0363,O016,Concretado,sintetico
V004335,2025-11-16,C0382,O016,Concretado,sintetico
V004336,2025-11-17,C0361,O016,Concretado,sintetico
V004337,2025-11-17,C0363,O016,Concretado,sintetico
V004338,2025-11-18,C0363,O016,Concretado,sintetico
V004339,2025-11-18,C0378,O016,Concretado,sintetico
V004340,2025-11-22,C0364,O016,Concretado,sintetico
V004341,2025-11-22,C0376,O016,Concretado,sintetico
V004342,2025-11-24,C0364,O016,Concretado,sintetico
V004343,2025-11-24,C0375,O016,Concretado,sintetico
V004344,2025-11-27,C0362,O016,Concretado,sintetico
V004345,2025-11-27,C0370,O016,Concretado,sintetico
V004346,2025-12-01,C0365,O016,Concretado,sintetico
V004347,2025-12-01,C0368,O016,Concretado,sintetico
V004348,2025-12-03,C0361,O016,Concretado,sintetico
V004349,2025-12-03,C0376,O016,Concretado,sintetico
V004350,2025-12-08,C0368,O016,Concretado,sintetico
V004351,2025-12-08,C0378,O016,Concretado,sintetico
V004352,2025-12-09,C0363,O016,Concretado,sintetico
V004353,2025-12-09,C0382,O016,Concretado,sintetico
V004354,2025-12-10,C0361,O016,Concretado,sintetico
V004355,2025-12-10,C0363,O016,Concretado,sintetico
V004356,2025-12-12,C0370,O016,Concretado,sintetico
V004357,2025-12-12,C0371,O016,Concretado,sintetico
V004358,2025-12-15,C0361,O016,Concretado,sintetico
V004359,2025-12-19,C0362,O016,Concretado,sintetico
V004360,2025-12-19,C0364,O016,Concretado,sintetico
V004361,2025-12-20,C0363,O016,Concretado,sintetico
V004362,2025-12-20,C0367,O016,Concretado,sintetico
V004363,2025-12-22,C0361,O016,Concretado,sintetico
V004364,2025-12-22,C0374,O016,Concretado,sintetico
V004365,2025-12-26,C0362,O016,Concretado,sintetico
V004366,2025-12-26,C0372,O016,Concretado,sintetico
V004367,2025-12-27,C0363,O016,Concretado,sintetico
V004368,2025-12-27,C0365,O016,Concretado,sintetico
V004369,2025-01-04,C0386,O017,Concretado,sintetico
V004370,2025-01-04,C0387,O017,Concretado,sintetico
V004371,2025-01-06,C0390,O017,Concretado,sintetico
V004372,2025-01-06,C0394,O017,Concretado,sintetico
V004373,2025-01-08,C0388,O017,Concretado,sintetico
V004374,2025-01-08,C0401,O017,Concretado,sintetico
V004375,2025-01-09,C0393,O017,Concretado,sintetico
V004376,2025-01-09,C0400,O017,Concretado,sintetico
V004377,2025-01-10,C0385,O017,Concretado,sintetico
V004378,2025-01-10,C0386,O017,Concretado,sintetico
V004379,2025-01-15,C0385,O017,Concretado,sintetico
V004380,2025-01-15,C0405,O017,Concretado,sintetico
V004381,2025-01-17,C0389,O017,Concretado,sintetico
V004382,2025-01-17,C0404,O017,Concretado,sintetico
V004383,2025-01-20,C0385,O017,Concretado,sintetico
V004384,2025-01-20,C0398,O017,Concretado,sintetico
V004385,2025-01-21,C0387,O017,Concretado,sintetico
V004386,2025-01-21,C0405,O017,Concretado,sintetico
V004387,2025-01-23,C0386,O017,Concretado,sintetico
V004388,2025-01-23,C0407,O017,Concretado,sintetico
V004389,2025-01-24,C0385,O017,Concretado,sintetico
V004390,2025-01-24,C0398,O017,Concretado,sintetico
V004391,2025-01-26,C0385,O017,Concretado,sintetico
V004392,2025-01-26,C0387,O017,Concretado,sintetico
V004393,2025-02-06,C0385,O017,Concretado,sintetico
V004394,2025-02-06,C0388,O017,Concretado,sintetico
V004395,2025-02-12,C0388,O017,Concretado,sintetico
V004396,2025-02-12,C0405,O017,Concretado,sintetico
V004397,2025-02-14,C0386,O017,Concretado,sintetico
V004398,2025-02-14,C0387,O017,Concretado,sintetico
V004399,2025-02-16,C0385,O017,Concretado,sintetico
V004400,2025-02-16,C0388,O017,Concretado,sintetico
V004401,2025-02-20,C0385,O017,Concretado,sintetico
V004402,2025-02-20,C0407,O017,Concretado,sintetico
V004403,2025-02-21,C0385,O017,Concretado,sintetico
V004404,2025-02-21,C0397,O017,Concretado,sintetico
V004405,2025-02-22,C0386,O017,Concretado,sintetico
V004406,2025-02-22,C0403,O017,Concretado,sintetico
V004407,2025-02-24,C0385,O017,Concretado,sintetico
V004408,2025-02-24,C0387,O017,Concretado,sintetico
V004409,2025-02-25,C0387,O017,Concretado,sintetico
V004410,2025-02-25,C0406,O017,Concretado,sintetico
V004411,2025-02-26,C0390,O017,Concretado,sintetico
V004412,2025-02-26,C0407,O017,Concretado,sintetico
V004413,2025-02-27,C0385,O017,Concretado,sintetico
V004414,2025-02-27,C0387,O017,Concretado,sintetico
V004415,2025-02-28,C0387,O017,Concretado,sintetico
V004416,2025-02-28,C0388,O017,Concretado,sintetico
V004417,2025-03-01,C0404,O017,Concretado,sintetico
V004418,2025-03-01,C0405,O017,Concretado,sintetico
V004419,2025-03-03,C0385,O017,Concretado,sintetico
V004420,2025-03-03,C0404,O017,Concretado,sintetico
V004421,2025-03-04,C0388,O017,Concretado,sintetico
V004422,2025-03-04,C0408,O017,Concretado,sintetico
V004423,2025-03-10,C0386,O017,Concretado,sintetico
V004424,2025-03-10,C0390,O017,Concretado,sintetico
V004425,2025-03-12,C0386,O017,Concretado,sintetico
V004426,2025-03-12,C0397,O017,Concretado,sintetico
V004427,2025-03-13,C0387,O017,Concretado,sintetico
V004428,2025-03-13,C0406,O017,Concretado,sintetico
V004429,2025-03-14,C0389,O017,Concretado,sintetico
V004430,2025-03-14,C0394,O017,Concretado,sintetico
V004431,2025-03-19,C0386,O017,Concretado,sintetico
V004432,2025-03-19,C0399,O017,Concretado,sintetico
V004433,2025-03-25,C0386,O017,Concretado,sintetico
V004434,2025-03-25,C0404,O017,Concretado,sintetico
V004435,2025-03-26,C0388,O017,Concretado,sintetico
V004436,2025-03-26,C0407,O017,Concretado,sintetico
V004437,2025-03-27,C0400,O017,Concretado,sintetico
V004438,2025-03-27,C0403,O017,Concretado,sintetico
V004439,2025-03-29,C0385,O017,Concretado,sintetico
V004440,2025-03-29,C0393,O017,Concretado,sintetico
V004441,2025-04-01,C0388,O017,Concretado,sintetico
V004442,2025-04-02,C0385,O017,Concretado,sintetico
V004443,2025-04-02,C0396,O017,Concretado,sintetico
V004444,2025-04-08,C0387,O017,Concretado,sintetico
V004445,2025-04-08,C0388,O017,Concretado,sintetico
V004446,2025-04-09,C0388,O017,Concretado,sintetico
V004447,2025-04-09,C0405,O017,Concretado,sintetico
V004448,2025-04-10,C0386,O017,Concretado,sintetico
V004449,2025-04-10,C0387,O017,Concretado,sintetico
V004450,2025-04-11,C0385,O017,Concretado,sintetico
V004451,2025-04-11,C0388,O017,Concretado,sintetico
V004452,2025-04-12,C0386,O017,Concretado,sintetico
V004453,2025-04-18,C0386,O017,Concretado,sintetico
V004454,2025-04-18,C0388,O017,Concretado,sintetico
V004455,2025-04-20,C0385,O017,Concretado,sintetico
V004456,2025-04-20,C0393,O017,Concretado,sintetico
V004457,2025-04-21,C0387,O017,Concretado,sintetico
V004458,2025-04-21,C0403,O017,Concretado,sintetico
V004459,2025-04-25,C0386,O017,Concretado,sintetico
V004460,2025-04-25,C0388,O017,Concretado,sintetico
V004461,2025-04-28,C0386,O017,Concretado,sintetico
V004462,2025-05-03,C0388,O017,Concretado,sintetico
V004463,2025-05-03,C0404,O017,Concretado,sintetico
V004464,2025-05-05,C0385,O017,Concretado,sintetico
V004465,2025-05-05,C0386,O017,Concretado,sintetico
V004466,2025-05-07,C0388,O017,Concretado,sintetico
V004467,2025-05-07,C0392,O017,Concretado,sintetico
V004468,2025-05-10,C0385,O017,Concretado,sintetico
V004469,2025-05-10,C0389,O017,Concretado,sintetico
V004470,2025-05-12,C0387,O017,Concretado,sintetico
V004471,2025-05-13,C0386,O017,Concretado,sintetico
V004472,2025-05-13,C0398,O017,Concretado,sintetico
V004473,2025-05-16,C0385,O017,Concretado,sintetico
V004474,2025-05-16,C0386,O017,Concretado,sintetico
V004475,2025-05-19,C0386,O017,Concretado,sintetico
V004476,2025-05-19,C0390,O017,Concretado,sintetico
V004477,2025-05-22,C0388,O017,Concretado,sintetico
V004478,2025-05-22,C0403,O017,Concretado,sintetico
V004479,2025-05-25,C0387,O017,Concretado,sintetico
V004480,2025-05-25,C0388,O017,Concretado,sintetico
V004481,2025-05-27,C0394,O017,Concretado,sintetico
V004482,2025-05-31,C0402,O017,Concretado,sintetico
V004483,2025-06-03,C0387,O017,Concretado,sintetico
V004484,2025-06-03,C0389,O017,Concretado,sintetico
V004485,2025-06-05,C0385,O017,Concretado,sintetico
V004486,2025-06-05,C0394,O017,Concretado,sintetico
V004487,2025-06-06,C0400,O017,Concretado,sintetico
V004488,2025-06-06,C0408,O017,Concretado,sintetico
V004489,2025-06-08,C0385,O017,Concretado,sintetico
V004490,2025-06-08,C0396,O017,Concretado,sintetico
V004491,2025-06-10,C0385,O017,Concretado,sintetico
V004492,2025-06-10,C0388,O017,Concretado,sintetico
V004493,2025-06-13,C0385,O017,Concretado,sintetico
V004494,2025-06-13,C0387,O017,Concretado,sintetico
V004495,2025-06-18,C0386,O017,Concretado,sintetico
V004496,2025-06-18,C0405,O017,Concretado,sintetico
V004497,2025-06-19,C0385,O017,Concretado,sintetico
V004498,2025-06-19,C0399,O017,Concretado,sintetico
V004499,2025-06-20,C0386,O017,Concretado,sintetico
V004500,2025-06-20,C0387,O017,Concretado,sintetico
V004501,2025-06-24,C0387,O017,Concretado,sintetico
V004502,2025-06-24,C0395,O017,Concretado,sintetico
V004503,2025-06-28,C0385,O017,Concretado,sintetico
V004504,2025-06-28,C0387,O017,Concretado,sintetico
V004505,2025-06-29,C0386,O017,Concretado,sintetico
V004506,2025-06-29,C0387,O017,Concretado,sintetico
V004507,2025-07-02,C0386,O017,Concretado,sintetico
V004508,2025-07-02,C0400,O017,Concretado,sintetico
V004509,2025-07-06,C0388,O017,Concretado,sintetico
V004510,2025-07-12,C0385,O017,Concretado,sintetico
V004511,2025-07-12,C0387,O017,Concretado,sintetico
V004512,2025-07-14,C0387,O017,Concretado,sintetico
V004513,2025-07-14,C0390,O017,Concretado,sintetico
V004514,2025-07-15,C0396,O017,Concretado,sintetico
V004515,2025-07-15,C0406,O017,Concretado,sintetico
V004516,2025-07-20,C0393,O017,Concretado,sintetico
V004517,2025-07-20,C0403,O017,Concretado,sintetico
V004518,2025-07-21,C0385,O017,Concretado,sintetico
V004519,2025-07-21,C0389,O017,Concretado,sintetico
V004520,2025-07-23,C0386,O017,Concretado,sintetico
V004521,2025-07-25,C0387,O017,Concretado,sintetico
V004522,2025-07-25,C0399,O017,Concretado,sintetico
V004523,2025-07-27,C0390,O017,Concretado,sintetico
V004524,2025-07-27,C0398,O017,Concretado,sintetico
V004525,2025-07-28,C0385,O017,Concretado,sintetico
V004526,2025-07-30,C0385,O017,Concretado,sintetico
V004527,2025-07-30,C0388,O017,Concretado,sintetico
V004528,2025-08-01,C0387,O017,Concretado,sintetico
V004529,2025-08-01,C0408,O017,Concretado,sintetico
V004530,2025-08-03,C0388,O017,Concretado,sintetico
V004531,2025-08-03,C0400,O017,Concretado,sintetico
V004532,2025-08-04,C0385,O017,Concretado,sintetico
V004533,2025-08-04,C0399,O017,Concretado,sintetico
V004534,2025-08-08,C0387,O017,Concretado,sintetico
V004535,2025-08-08,C0388,O017,Concretado,sintetico
V004536,2025-08-09,C0385,O017,Concretado,sintetico
V004537,2025-08-09,C0390,O017,Concretado,sintetico
V004538,2025-08-10,C0386,O017,Concretado,sintetico
V004539,2025-08-10,C0408,O017,Concretado,sintetico
V004540,2025-08-11,C0385,O017,Concretado,sintetico
V004541,2025-08-11,C0386,O017,Concretado,sintetico
V004542,2025-08-12,C0390,O017,Concretado,sintetico
V004543,2025-08-12,C0405,O017,Concretado,sintetico
V004544,2025-08-14,C0386,O017,Concretado,sintetico
V004545,2025-08-14,C0392,O017,Concretado,sintetico
V004546,2025-08-19,C0386,O017,Concretado,sintetico
V004547,2025-08-19,C0401,O017,Concretado,sintetico
V004548,2025-08-21,C0387,O017,Concretado,sintetico
V004549,2025-08-21,C0405,O017,Concretado,sintetico
V004550,2025-08-31,C0386,O017,Concretado,sintetico
V004551,2025-08-31,C0395,O017,Concretado,sintetico
V004552,2025-09-02,C0387,O017,Concretado,sintetico
V004553,2025-09-02,C0400,O017,Concretado,sintetico
V004554,2025-09-04,C0387,O017,Concretado,sintetico
V004555,2025-09-04,C0399,O017,Concretado,sintetico
V004556,2025-09-05,C0385,O017,Concretado,sintetico
V004557,2025-09-05,C0393,O017,Concretado,sintetico
V004558,2025-09-06,C0385,O017,Concretado,sintetico
V004559,2025-09-06,C0387,O017,Concretado,sintetico
V004560,2025-09-07,C0391,O017,Concretado,sintetico
V004561,2025-09-07,C0394,O017,Concretado,sintetico
V004562,2025-09-08,C0385,O017,Concretado,sintetico
V004563,2025-09-08,C0386,O017,Concretado,sintetico
V004564,2025-09-09,C0388,O017,Concretado,sintetico
V004565,2025-09-09,C0394,O017,Concretado,sintetico
V004566,2025-09-12,C0386,O017,Concretado,sintetico
V004567,2025-09-12,C0388,O017,Concretado,sintetico
V004568,2025-09-13,C0385,O017,Concretado,sintetico
V004569,2025-09-13,C0387,O017,Concretado,sintetico
V004570,2025-09-18,C0388,O017,Concretado,sintetico
V004571,2025-09-18,C0399,O017,Concretado,sintetico
V004572,2025-09-19,C0386,O017,Concretado,sintetico
V004573,2025-09-19,C0407,O017,Concretado,sintetico
V004574,2025-09-24,C0386,O017,Concretado,sintetico
V004575,2025-09-24,C0401,O017,Concretado,sintetico
V004576,2025-10-08,C0393,O017,Concretado,sintetico
V004577,2025-10-08,C0394,O017,Concretado,sintetico
V004578,2025-10-09,C0392,O017,Concretado,sintetico
V004579,2025-10-09,C0393,O017,Concretado,sintetico
V004580,2025-10-14,C0402,O017,Concretado,sintetico
V004581,2025-10-14,C0407,O017,Concretado,sintetico
V004582,2025-10-16,C0387,O017,Concretado,sintetico
V004583,2025-10-16,C0399,O017,Concretado,sintetico
V004584,2025-10-19,C0403,O017,Concretado,sintetico
V004585,2025-10-20,C0387,O017,Concretado,sintetico
V004586,2025-10-22,C0386,O017,Concretado,sintetico
V004587,2025-10-22,C0387,O017,Concretado,sintetico
V004588,2025-10-24,C0395,O017,Concretado,sintetico
V004589,2025-10-24,C0400,O017,Concretado,sintetico
V004590,2025-10-27,C0388,O017,Concretado,sintetico
V004591,2025-10-27,C0392,O017,Concretado,sintetico
V004592,2025-10-28,C0388,O017,Concretado,sintetico
V004593,2025-10-28,C0403,O017,Concretado,sintetico
V004594,2025-10-29,C0388,O017,Concretado,sintetico
V004595,2025-10-30,C0385,O017,Concretado,sintetico
V004596,2025-11-01,C0386,O017,Concretado,sintetico
V004597,2025-11-01,C0387,O017,Concretado,sintetico
V004598,2025-11-05,C0389,O017,Concretado,sintetico
V004599,2025-11-05,C0393,O017,Concretado,sintetico
V004600,2025-11-11,C0387,O017,Concretado,sintetico
V004601,2025-11-11,C0392,O017,Concretado,sintetico
V004602,2025-11-14,C0385,O017,Concretado,sintetico
V004603,2025-11-14,C0399,O017,Concretado,sintetico
V004604,2025-11-15,C0386,O017,Concretado,sintetico
V004605,2025-11-15,C0388,O017,Concretado,sintetico
V004606,2025-11-17,C0402,O017,Concretado,sintetico
V004607,2025-11-18,C0388,O017,Concretado,sintetico
V004608,2025-11-18,C0389,O017,Concretado,sintetico
V004609,2025-11-20,C0388,O017,Concretado,sintetico
V004610,2025-11-20,C0390,O017,Concretado,sintetico
V004611,2025-11-22,C0388,O017,Concretado,sintetico
V004612,2025-11-22,C0399,O017,Concretado,sintetico
V004613,2025-11-23,C0385,O017,Concretado,sintetico
V004614,2025-11-23,C0402,O017,Concretado,sintetico
V004615,2025-11-26,C0388,O017,Concretado,sintetico
V004616,2025-11-26,C0392,O017,Concretado,sintetico
V004617,2025-11-30,C0395,O017,Concretado,sintetico
V004618,2025-11-30,C0405,O017,Concretado,sintetico
V004619,2025-12-05,C0385,O017,Concretado,sintetico
V004620,2025-12-06,C0389,O017,Concretado,sintetico
V004621,2025-12-08,C0386,O017,Concretado,sintetico
V004622,2025-12-08,C0388,O017,Concretado,sintetico
V004623,2025-12-11,C0386,O017,Concretado,sintetico
V004624,2025-12-11,C0388,O017,Concretado,sintetico
V004625,2025-12-12,C0388,O017,Concretado,sintetico
V004626,2025-12-12,C0391,O017,Concretado,sintetico
V004627,2025-12-15,C0385,O017,Concretado,sintetico
V004628,2025-12-15,C0387,O017,Concretado,sintetico
V004629,2025-12-16,C0387,O017,Concretado,sintetico
V004630,2025-12-16,C0388,O017,Concretado,sintetico
V004631,2025-12-17,C0386,O017,Concretado,sintetico
V004632,2025-12-17,C0406,O017,Concretado,sintetico
V004633,2025-12-22,C0385,O017,Concretado,sintetico
V004634,2025-12-22,C0386,O017,Concretado,sintetico
V004635,2025-12-26,C0402,O017,Concretado,sintetico
V004636,2025-12-26,C0403,O017,Concretado,sintetico
V004637,2025-12-28,C0404,O017,Concretado,sintetico
V004638,2025-12-28,C0407,O017,Concretado,sintetico
V004639,2025-12-30,C0385,O017,Concretado,sintetico
V004640,2025-01-01,C0411,O018,Concretado,sintetico
V004641,2025-01-01,C0425,O018,Concretado,sintetico
V004642,2025-01-07,C0410,O018,Concretado,sintetico
V004643,2025-01-07,C0416,O018,Concretado,sintetico
V004644,2025-01-13,C0409,O018,Concretado,sintetico
V004645,2025-01-13,C0411,O018,Concretado,sintetico
V004646,2025-01-16,C0410,O018,Concretado,sintetico
V004647,2025-01-17,C0409,O018,Concretado,sintetico
V004648,2025-01-17,C0420,O018,Concretado,sintetico
V004649,2025-01-19,C0411,O018,Concretado,sintetico
V004650,2025-01-21,C0409,O018,Concretado,sintetico
V004651,2025-01-23,C0415,O018,Concretado,sintetico
V004652,2025-01-23,C0425,O018,Concretado,sintetico
V004653,2025-01-26,C0411,O018,Concretado,sintetico
V004654,2025-01-26,C0425,O018,Concretado,sintetico
V004655,2025-01-27,C0411,O018,Concretado,sintetico
V004656,2025-01-27,C0412,O018,Concretado,sintetico
V004657,2025-01-29,C0412,O018,Concretado,sintetico
V004658,2025-01-29,C0417,O018,Concretado,sintetico
V004659,2025-01-30,C0414,O018,Concretado,sintetico
V004660,2025-01-30,C0426,O018,Concretado,sintetico
V004661,2025-02-03,C0411,O018,Concretado,sintetico
V004662,2025-02-03,C0427,O018,Concretado,sintetico
V004663,2025-02-04,C0410,O018,Concretado,sintetico
V004664,2025-02-04,C0412,O018,Concretado,sintetico
V004665,2025-02-08,C0412,O018,Concretado,sintetico
V004666,2025-02-08,C0413,O018,Concretado,sintetico
V004667,2025-02-09,C0410,O018,Concretado,sintetico
V004668,2025-02-09,C0417,O018,Concretado,sintetico
V004669,2025-02-11,C0409,O018,Concretado,sintetico
V004670,2025-02-11,C0411,O018,Concretado,sintetico
V004671,2025-02-12,C0411,O018,Concretado,sintetico
V004672,2025-02-12,C0412,O018,Concretado,sintetico
V004673,2025-02-13,C0410,O018,Concretado,sintetico
V004674,2025-02-13,C0411,O018,Concretado,sintetico
V004675,2025-02-14,C0411,O018,Concretado,sintetico
V004676,2025-02-14,C0412,O018,Concretado,sintetico
V004677,2025-02-18,C0412,O018,Concretado,sintetico
V004678,2025-02-18,C0432,O018,Concretado,sintetico
V004679,2025-02-25,C0410,O018,Concretado,sintetico
V004680,2025-02-25,C0422,O018,Concretado,sintetico
V004681,2025-02-27,C0412,O018,Concretado,sintetico
V004682,2025-02-27,C0428,O018,Concretado,sintetico
V004683,2025-02-28,C0413,O018,Concretado,sintetico
V004684,2025-02-28,C0422,O018,Concretado,sintetico
V004685,2025-03-02,C0411,O018,Concretado,sintetico
V004686,2025-03-02,C0412,O018,Concretado,sintetico
V004687,2025-03-03,C0417,O018,Concretado,sintetico
V004688,2025-03-03,C0419,O018,Concretado,sintetico
V004689,2025-03-06,C0411,O018,Concretado,sintetico
V004690,2025-03-06,C0417,O018,Concretado,sintetico
V004691,2025-03-09,C0421,O018,Concretado,sintetico
V004692,2025-03-14,C0409,O018,Concretado,sintetico
V004693,2025-03-14,C0426,O018,Concretado,sintetico
V004694,2025-03-15,C0409,O018,Concretado,sintetico
V004695,2025-03-15,C0429,O018,Concretado,sintetico
V004696,2025-03-18,C0409,O018,Concretado,sintetico
V004697,2025-03-18,C0411,O018,Concretado,sintetico
V004698,2025-03-19,C0410,O018,Concretado,sintetico
V004699,2025-03-19,C0418,O018,Concretado,sintetico
V004700,2025-03-20,C0410,O018,Concretado,sintetico
V004701,2025-03-20,C0425,O018,Concretado,sintetico
V004702,2025-03-23,C0423,O018,Concretado,sintetico
V004703,2025-03-23,C0430,O018,Concretado,sintetico
V004704,2025-03-30,C0414,O018,Concretado,sintetico
V004705,2025-03-30,C0431,O018,Concretado,sintetico
V004706,2025-03-31,C0410,O018,Concretado,sintetico
V004707,2025-04-01,C0411,O018,Concretado,sintetico
V004708,2025-04-01,C0417,O018,Concretado,sintetico
V004709,2025-04-03,C0409,O018,Concretado,sintetico
V004710,2025-04-03,C0412,O018,Concretado,sintetico
V004711,2025-04-14,C0412,O018,Concretado,sintetico
V004712,2025-04-14,C0416,O018,Concretado,sintetico
V004713,2025-04-16,C0412,O018,Concretado,sintetico
V004714,2025-04-16,C0432,O018,Concretado,sintetico
V004715,2025-04-18,C0409,O018,Concretado,sintetico
V004716,2025-04-19,C0417,O018,Concretado,sintetico
V004717,2025-04-19,C0418,O018,Concretado,sintetico
V004718,2025-04-20,C0410,O018,Concretado,sintetico
V004719,2025-04-20,C0412,O018,Concretado,sintetico
V004720,2025-04-22,C0413,O018,Concretado,sintetico
V004721,2025-04-22,C0430,O018,Concretado,sintetico
V004722,2025-04-23,C0412,O018,Concretado,sintetico
V004723,2025-04-23,C0425,O018,Concretado,sintetico
V004724,2025-04-24,C0409,O018,Concretado,sintetico
V004725,2025-04-24,C0423,O018,Concretado,sintetico
V004726,2025-04-25,C0414,O018,Concretado,sintetico
V004727,2025-04-25,C0424,O018,Concretado,sintetico
V004728,2025-04-30,C0411,O018,Concretado,sintetico
V004729,2025-04-30,C0418,O018,Concretado,sintetico
V004730,2025-05-06,C0412,O018,Concretado,sintetico
V004731,2025-05-06,C0413,O018,Concretado,sintetico
V004732,2025-05-10,C0412,O018,Concretado,sintetico
V004733,2025-05-10,C0427,O018,Concretado,sintetico
V004734,2025-05-12,C0410,O018,Concretado,sintetico
V004735,2025-05-12,C0418,O018,Concretado,sintetico
V004736,2025-05-13,C0421,O018,Concretado,sintetico
V004737,2025-05-13,C0431,O018,Concretado,sintetico
V004738,2025-05-14,C0409,O018,Concretado,sintetico
V004739,2025-05-14,C0431,O018,Concretado,sintetico
V004740,2025-05-16,C0411,O018,Concretado,sintetico
V004741,2025-05-16,C0412,O018,Concretado,sintetico
V004742,2025-05-17,C0411,O018,Concretado,sintetico
V004743,2025-05-17,C0418,O018,Concretado,sintetico
V004744,2025-05-19,C0411,O018,Concretado,sintetico
V004745,2025-05-19,C0421,O018,Concretado,sintetico
V004746,2025-05-20,C0409,O018,Concretado,sintetico
V004747,2025-05-20,C0410,O018,Concretado,sintetico
V004748,2025-05-29,C0412,O018,Concretado,sintetico
V004749,2025-05-29,C0416,O018,Concretado,sintetico
V004750,2025-05-30,C0410,O018,Concretado,sintetico
V004751,2025-05-30,C0422,O018,Concretado,sintetico
V004752,2025-05-31,C0411,O018,Concretado,sintetico
V004753,2025-05-31,C0412,O018,Concretado,sintetico
V004754,2025-06-04,C0411,O018,Concretado,sintetico
V004755,2025-06-04,C0429,O018,Concretado,sintetico
V004756,2025-06-05,C0411,O018,Concretado,sintetico
V004757,2025-06-05,C0412,O018,Concretado,sintetico
V004758,2025-06-07,C0411,O018,Concretado,sintetico
V004759,2025-06-07,C0413,O018,Concretado,sintetico
V004760,2025-06-12,C0419,O018,Concretado,sintetico
V004761,2025-06-12,C0426,O018,Concretado,sintetico
V004762,2025-06-20,C0410,O018,Concretado,sintetico
V004763,2025-06-20,C0412,O018,Concretado,sintetico
V004764,2025-06-21,C0412,O018,Concretado,sintetico
V004765,2025-06-21,C0427,O018,Concretado,sintetico
V004766,2025-06-23,C0409,O018,Concretado,sintetico
V004767,2025-06-23,C0410,O018,Concretado,sintetico
V004768,2025-06-24,C0409,O018,Concretado,sintetico
V004769,2025-06-24,C0410,O018,Concretado,sintetico
V004770,2025-06-25,C0415,O018,Concretado,sintetico
V004771,2025-06-25,C0419,O018,Concretado,sintetico
V004772,2025-06-26,C0409,O018,Concretado,sintetico
V004773,2025-06-26,C0413,O018,Concretado,sintetico
V004774,2025-06-28,C0413,O018,Concretado,sintetico
V004775,2025-06-28,C0423,O018,Concretado,sintetico
V004776,2025-06-29,C0410,O018,Concretado,sintetico
V004777,2025-06-29,C0424,O018,Concretado,sintetico
V004778,2025-07-03,C0409,O018,Concretado,sintetico
V004779,2025-07-03,C0411,O018,Concretado,sintetico
V004780,2025-07-06,C0409,O018,Concretado,sintetico
V004781,2025-07-06,C0428,O018,Concretado,sintetico
V004782,2025-07-09,C0410,O018,Concretado,sintetico
V004783,2025-07-09,C0412,O018,Concretado,sintetico
V004784,2025-07-10,C0409,O018,Concretado,sintetico
V004785,2025-07-10,C0426,O018,Concretado,sintetico
V004786,2025-07-12,C0417,O018,Concretado,sintetico
V004787,2025-07-12,C0429,O018,Concretado,sintetico
V004788,2025-07-14,C0410,O018,Concretado,sintetico
V004789,2025-07-14,C0411,O018,Concretado,sintetico
V004790,2025-07-16,C0412,O018,Concretado,sintetico
V004791,2025-07-17,C0411,O018,Concretado,sintetico
V004792,2025-07-24,C0415,O018,Concretado,sintetico
V004793,2025-07-24,C0424,O018,Concretado,sintetico
V004794,2025-07-26,C0412,O018,Concretado,sintetico
V004795,2025-07-26,C0426,O018,Concretado,sintetico
V004796,2025-07-30,C0410,O018,Concretado,sintetico
V004797,2025-07-30,C0412,O018,Concretado,sintetico
V004798,2025-07-31,C0411,O018,Concretado,sintetico
V004799,2025-07-31,C0412,O018,Concretado,sintetico
V004800,2025-08-04,C0410,O018,Concretado,sintetico
V004801,2025-08-04,C0411,O018,Concretado,sintetico
V004802,2025-08-05,C0409,O018,Concretado,sintetico
V004803,2025-08-05,C0411,O018,Concretado,sintetico
V004804,2025-08-08,C0411,O018,Concretado,sintetico
V004805,2025-08-08,C0417,O018,Concretado,sintetico
V004806,2025-08-09,C0409,O018,Concretado,sintetico
V004807,2025-08-09,C0411,O018,Concretado,sintetico
V004808,2025-08-14,C0411,O018,Concretado,sintetico
V004809,2025-08-14,C0413,O018,Concretado,sintetico
V004810,2025-08-15,C0412,O018,Concretado,sintetico
V004811,2025-08-15,C0417,O018,Concretado,sintetico
V004812,2025-08-17,C0409,O018,Concretado,sintetico
V004813,2025-08-17,C0412,O018,Concretado,sintetico
V004814,2025-08-18,C0410,O018,Concretado,sintetico
V004815,2025-08-21,C0410,O018,Concretado,sintetico
V004816,2025-08-21,C0411,O018,Concretado,sintetico
V004817,2025-08-24,C0412,O018,Concretado,sintetico
V004818,2025-08-25,C0410,O018,Concretado,sintetico
V004819,2025-08-26,C0409,O018,Concretado,sintetico
V004820,2025-08-26,C0410,O018,Concretado,sintetico
V004821,2025-09-02,C0411,O018,Concretado,sintetico
V004822,2025-09-03,C0412,O018,Concretado,sintetico
V004823,2025-09-03,C0421,O018,Concretado,sintetico
V004824,2025-09-05,C0410,O018,Concretado,sintetico
V004825,2025-09-05,C0421,O018,Concretado,sintetico
V004826,2025-09-10,C0411,O018,Concretado,sintetico
V004827,2025-09-10,C0430,O018,Concretado,sintetico
V004828,2025-09-11,C0412,O018,Concretado,sintetico
V004829,2025-09-11,C0422,O018,Concretado,sintetico
V004830,2025-09-14,C0419,O018,Concretado,sintetico
V004831,2025-09-14,C0427,O018,Concretado,sintetico
V004832,2025-09-22,C0410,O018,Concretado,sintetico
V004833,2025-09-22,C0425,O018,Concretado,sintetico
V004834,2025-09-23,C0412,O018,Concretado,sintetico
V004835,2025-09-23,C0428,O018,Concretado,sintetico
V004836,2025-09-24,C0409,O018,Concretado,sintetico
V004837,2025-09-24,C0430,O018,Concretado,sintetico
V004838,2025-09-26,C0411,O018,Concretado,sintetico
V004839,2025-09-26,C0423,O018,Concretado,sintetico
V004840,2025-09-29,C0409,O018,Concretado,sintetico
V004841,2025-09-29,C0410,O018,Concretado,sintetico
V004842,2025-09-30,C0411,O018,Concretado,sintetico
V004843,2025-09-30,C0422,O018,Concretado,sintetico
V004844,2025-10-02,C0409,O018,Concretado,sintetico
V004845,2025-10-03,C0409,O018,Concretado,sintetico
V004846,2025-10-03,C0412,O018,Concretado,sintetico
V004847,2025-10-05,C0409,O018,Concretado,sintetico
V004848,2025-10-05,C0410,O018,Concretado,sintetico
V004849,2025-10-06,C0412,O018,Concretado,sintetico
V004850,2025-10-06,C0417,O018,Concretado,sintetico
V004851,2025-10-07,C0409,O018,Concretado,sintetico
V004852,2025-10-07,C0412,O018,Concretado,sintetico
V004853,2025-10-08,C0411,O018,Concretado,sintetico
V004854,2025-10-08,C0412,O018,Concretado,sintetico
V004855,2025-10-14,C0411,O018,Concretado,sintetico
V004856,2025-10-16,C0409,O018,Concretado,sintetico
V004857,2025-10-16,C0412,O018,Concretado,sintetico
V004858,2025-10-18,C0412,O018,Concretado,sintetico
V004859,2025-10-18,C0415,O018,Concretado,sintetico
V004860,2025-10-21,C0412,O018,Concretado,sintetico
V004861,2025-10-21,C0431,O018,Concretado,sintetico
V004862,2025-10-23,C0422,O018,Concretado,sintetico
V004863,2025-10-23,C0429,O018,Concretado,sintetico
V004864,2025-10-30,C0409,O018,Concretado,sintetico
V004865,2025-10-30,C0410,O018,Concretado,sintetico
V004866,2025-11-01,C0411,O018,Concretado,sintetico
V004867,2025-11-01,C0425,O018,Concretado,sintetico
V004868,2025-11-02,C0410,O018,Concretado,sintetico
V004869,2025-11-04,C0409,O018,Concretado,sintetico
V004870,2025-11-04,C0410,O018,Concretado,sintetico
V004871,2025-11-05,C0412,O018,Concretado,sintetico
V004872,2025-11-05,C0413,O018,Concretado,sintetico
V004873,2025-11-06,C0409,O018,Concretado,sintetico
V004874,2025-11-06,C0425,O018,Concretado,sintetico
V004875,2025-11-07,C0410,O018,Concretado,sintetico
V004876,2025-11-07,C0418,O018,Concretado,sintetico
V004877,2025-11-08,C0412,O018,Concretado,sintetico
V004878,2025-11-10,C0409,O018,Concretado,sintetico
V004879,2025-11-10,C0412,O018,Concretado,sintetico
V004880,2025-11-14,C0412,O018,Concretado,sintetico
V004881,2025-11-14,C0430,O018,Concretado,sintetico
V004882,2025-11-17,C0410,O018,Concretado,sintetico
V004883,2025-11-17,C0412,O018,Concretado,sintetico
V004884,2025-11-19,C0416,O018,Concretado,sintetico
V004885,2025-11-19,C0424,O018,Concretado,sintetico
V004886,2025-11-23,C0410,O018,Concretado,sintetico
V004887,2025-11-23,C0412,O018,Concretado,sintetico
V004888,2025-12-01,C0409,O018,Concretado,sintetico
V004889,2025-12-01,C0413,O018,Concretado,sintetico
V004890,2025-12-05,C0410,O018,Concretado,sintetico
V004891,2025-12-05,C0412,O018,Concretado,sintetico
V004892,2025-12-07,C0410,O018,Concretado,sintetico
V004893,2025-12-07,C0431,O018,Concretado,sintetico
V004894,2025-12-09,C0409,O018,Concretado,sintetico
V004895,2025-12-09,C0417,O018,Concretado,sintetico
V004896,2025-12-10,C0422,O018,Concretado,sintetico
V004897,2025-12-13,C0411,O018,Concretado,sintetico
V004898,2025-12-13,C0412,O018,Concretado,sintetico
V004899,2025-12-14,C0409,O018,Concretado,sintetico
V004900,2025-12-14,C0410,O018,Concretado,sintetico
V004901,2025-12-17,C0411,O018,Concretado,sintetico
V004902,2025-12-20,C0409,O018,Concretado,sintetico
V004903,2025-12-20,C0429,O018,Concretado,sintetico
V004904,2025-12-25,C0423,O018,Concretado,sintetico
V004905,2025-12-25,C0429,O018,Concretado,sintetico
V004906,2025-12-26,C0409,O018,Concretado,sintetico
V004907,2025-12-26,C0413,O018,Concretado,sintetico
V004908,2025-12-30,C0412,O018,Concretado,sintetico
V004909,2025-12-30,C0415,O018,Concretado,sintetico
